 --- modulename: s988653796, funcname: <module>
s988653796.py(3): import sys
s988653796.py(25): def main():
s988653796.py(71): if __name__ == "__main__":
s988653796.py(72):     main()
 --- modulename: s988653796, funcname: main
s988653796.py(26):     mod = 1000000007                # 10^9+7
s988653796.py(27):     inf = float('inf')              # sys.float_info.max = 1.79...e+308
s988653796.py(28):     inf = 2 ** 64 - 1               # (for fast JIT compile in PyPy) 1.84...e+19
s988653796.py(29):     sys.setrecursionlimit(10**6)    # 1000 -> 1000000
s988653796.py(30):     def input(): return sys.stdin.readline().rstrip()
s988653796.py(31):     def ii():    return int(input())
s988653796.py(32):     def mi():    return map(int, input().split())
s988653796.py(33):     def mi_0():  return map(lambda x: int(x)-1, input().split())
s988653796.py(34):     def lmi():   return list(map(int, input().split()))
s988653796.py(35):     def lmi_0(): return list(map(lambda x: int(x)-1, input().split()))
s988653796.py(36):     def li():    return list(input())
s988653796.py(39):     n, t = mi()
 --- modulename: s988653796, funcname: mi
s988653796.py(32):     def mi():    return map(int, input().split())
 --- modulename: s988653796, funcname: input
s988653796.py(30):     def input(): return sys.stdin.readline().rstrip()
 --- modulename: codecs, funcname: getstate
codecs.py(333):         return (self.buffer, 0)
 --- modulename: codecs, funcname: decode
codecs.py(321):         data = self.buffer + input
codecs.py(322):         (result, consumed) = self._buffer_decode(data, self.errors, final)
codecs.py(324):         self.buffer = data[consumed:]
codecs.py(325):         return result
s988653796.py(40):     eating_cost = [None]    # 1-index
s988653796.py(41):     energy = [None]    # 1-index
s988653796.py(42):     for _ in range(n):
s988653796.py(43):         a, b = mi()
 --- modulename: s988653796, funcname: mi
s988653796.py(32):     def mi():    return map(int, input().split())
 --- modulename: s988653796, funcname: input
s988653796.py(30):     def input(): return sys.stdin.readline().rstrip()
s988653796.py(44):         eating_cost.append(a)
s988653796.py(45):         energy.append(b)
s988653796.py(42):     for _ in range(n):
s988653796.py(43):         a, b = mi()
 --- modulename: s988653796, funcname: mi
s988653796.py(32):     def mi():    return map(int, input().split())
 --- modulename: s988653796, funcname: input
s988653796.py(30):     def input(): return sys.stdin.readline().rstrip()
s988653796.py(44):         eating_cost.append(a)
s988653796.py(45):         energy.append(b)
s988653796.py(42):     for _ in range(n):
s988653796.py(48):     dp_cost_unitl_i = [[0] * (n + 2) for _ in range(t)]
 --- modulename: s988653796, funcname: <listcomp>
s988653796.py(48):     dp_cost_unitl_i = [[0] * (n + 2) for _ in range(t)]
s988653796.py(48):     dp_cost_unitl_i = [[0] * (n + 2) for _ in range(t)]
s988653796.py(48):     dp_cost_unitl_i = [[0] * (n + 2) for _ in range(t)]
s988653796.py(48):     dp_cost_unitl_i = [[0] * (n + 2) for _ in range(t)]
s988653796.py(48):     dp_cost_unitl_i = [[0] * (n + 2) for _ in range(t)]
s988653796.py(48):     dp_cost_unitl_i = [[0] * (n + 2) for _ in range(t)]
s988653796.py(48):     dp_cost_unitl_i = [[0] * (n + 2) for _ in range(t)]
s988653796.py(48):     dp_cost_unitl_i = [[0] * (n + 2) for _ in range(t)]
s988653796.py(48):     dp_cost_unitl_i = [[0] * (n + 2) for _ in range(t)]
s988653796.py(48):     dp_cost_unitl_i = [[0] * (n + 2) for _ in range(t)]
s988653796.py(48):     dp_cost_unitl_i = [[0] * (n + 2) for _ in range(t)]
s988653796.py(48):     dp_cost_unitl_i = [[0] * (n + 2) for _ in range(t)]
s988653796.py(48):     dp_cost_unitl_i = [[0] * (n + 2) for _ in range(t)]
s988653796.py(48):     dp_cost_unitl_i = [[0] * (n + 2) for _ in range(t)]
s988653796.py(48):     dp_cost_unitl_i = [[0] * (n + 2) for _ in range(t)]
s988653796.py(48):     dp_cost_unitl_i = [[0] * (n + 2) for _ in range(t)]
s988653796.py(48):     dp_cost_unitl_i = [[0] * (n + 2) for _ in range(t)]
s988653796.py(48):     dp_cost_unitl_i = [[0] * (n + 2) for _ in range(t)]
s988653796.py(48):     dp_cost_unitl_i = [[0] * (n + 2) for _ in range(t)]
s988653796.py(48):     dp_cost_unitl_i = [[0] * (n + 2) for _ in range(t)]
s988653796.py(48):     dp_cost_unitl_i = [[0] * (n + 2) for _ in range(t)]
s988653796.py(48):     dp_cost_unitl_i = [[0] * (n + 2) for _ in range(t)]
s988653796.py(48):     dp_cost_unitl_i = [[0] * (n + 2) for _ in range(t)]
s988653796.py(48):     dp_cost_unitl_i = [[0] * (n + 2) for _ in range(t)]
s988653796.py(48):     dp_cost_unitl_i = [[0] * (n + 2) for _ in range(t)]
s988653796.py(48):     dp_cost_unitl_i = [[0] * (n + 2) for _ in range(t)]
s988653796.py(48):     dp_cost_unitl_i = [[0] * (n + 2) for _ in range(t)]
s988653796.py(48):     dp_cost_unitl_i = [[0] * (n + 2) for _ in range(t)]
s988653796.py(48):     dp_cost_unitl_i = [[0] * (n + 2) for _ in range(t)]
s988653796.py(48):     dp_cost_unitl_i = [[0] * (n + 2) for _ in range(t)]
s988653796.py(48):     dp_cost_unitl_i = [[0] * (n + 2) for _ in range(t)]
s988653796.py(48):     dp_cost_unitl_i = [[0] * (n + 2) for _ in range(t)]
s988653796.py(48):     dp_cost_unitl_i = [[0] * (n + 2) for _ in range(t)]
s988653796.py(48):     dp_cost_unitl_i = [[0] * (n + 2) for _ in range(t)]
s988653796.py(48):     dp_cost_unitl_i = [[0] * (n + 2) for _ in range(t)]
s988653796.py(48):     dp_cost_unitl_i = [[0] * (n + 2) for _ in range(t)]
s988653796.py(48):     dp_cost_unitl_i = [[0] * (n + 2) for _ in range(t)]
s988653796.py(48):     dp_cost_unitl_i = [[0] * (n + 2) for _ in range(t)]
s988653796.py(48):     dp_cost_unitl_i = [[0] * (n + 2) for _ in range(t)]
s988653796.py(48):     dp_cost_unitl_i = [[0] * (n + 2) for _ in range(t)]
s988653796.py(48):     dp_cost_unitl_i = [[0] * (n + 2) for _ in range(t)]
s988653796.py(48):     dp_cost_unitl_i = [[0] * (n + 2) for _ in range(t)]
s988653796.py(48):     dp_cost_unitl_i = [[0] * (n + 2) for _ in range(t)]
s988653796.py(48):     dp_cost_unitl_i = [[0] * (n + 2) for _ in range(t)]
s988653796.py(48):     dp_cost_unitl_i = [[0] * (n + 2) for _ in range(t)]
s988653796.py(48):     dp_cost_unitl_i = [[0] * (n + 2) for _ in range(t)]
s988653796.py(48):     dp_cost_unitl_i = [[0] * (n + 2) for _ in range(t)]
s988653796.py(48):     dp_cost_unitl_i = [[0] * (n + 2) for _ in range(t)]
s988653796.py(48):     dp_cost_unitl_i = [[0] * (n + 2) for _ in range(t)]
s988653796.py(48):     dp_cost_unitl_i = [[0] * (n + 2) for _ in range(t)]
s988653796.py(48):     dp_cost_unitl_i = [[0] * (n + 2) for _ in range(t)]
s988653796.py(48):     dp_cost_unitl_i = [[0] * (n + 2) for _ in range(t)]
s988653796.py(48):     dp_cost_unitl_i = [[0] * (n + 2) for _ in range(t)]
s988653796.py(48):     dp_cost_unitl_i = [[0] * (n + 2) for _ in range(t)]
s988653796.py(48):     dp_cost_unitl_i = [[0] * (n + 2) for _ in range(t)]
s988653796.py(48):     dp_cost_unitl_i = [[0] * (n + 2) for _ in range(t)]
s988653796.py(48):     dp_cost_unitl_i = [[0] * (n + 2) for _ in range(t)]
s988653796.py(48):     dp_cost_unitl_i = [[0] * (n + 2) for _ in range(t)]
s988653796.py(48):     dp_cost_unitl_i = [[0] * (n + 2) for _ in range(t)]
s988653796.py(48):     dp_cost_unitl_i = [[0] * (n + 2) for _ in range(t)]
s988653796.py(48):     dp_cost_unitl_i = [[0] * (n + 2) for _ in range(t)]
s988653796.py(49):     for time_cost in range(1, t):
s988653796.py(50):         for i in range(1, n + 1):
s988653796.py(51):             tmp = energy[i] + dp_cost_unitl_i[time_cost - eating_cost[i]][i - 1] if time_cost - eating_cost[i] >= 0 else 0
s988653796.py(52):             dp_cost_unitl_i[time_cost][i] = max(dp_cost_unitl_i[time_cost][i - 1], tmp)
s988653796.py(50):         for i in range(1, n + 1):
s988653796.py(51):             tmp = energy[i] + dp_cost_unitl_i[time_cost - eating_cost[i]][i - 1] if time_cost - eating_cost[i] >= 0 else 0
s988653796.py(52):             dp_cost_unitl_i[time_cost][i] = max(dp_cost_unitl_i[time_cost][i - 1], tmp)
s988653796.py(50):         for i in range(1, n + 1):
s988653796.py(49):     for time_cost in range(1, t):
s988653796.py(50):         for i in range(1, n + 1):
s988653796.py(51):             tmp = energy[i] + dp_cost_unitl_i[time_cost - eating_cost[i]][i - 1] if time_cost - eating_cost[i] >= 0 else 0
s988653796.py(52):             dp_cost_unitl_i[time_cost][i] = max(dp_cost_unitl_i[time_cost][i - 1], tmp)
s988653796.py(50):         for i in range(1, n + 1):
s988653796.py(51):             tmp = energy[i] + dp_cost_unitl_i[time_cost - eating_cost[i]][i - 1] if time_cost - eating_cost[i] >= 0 else 0
s988653796.py(52):             dp_cost_unitl_i[time_cost][i] = max(dp_cost_unitl_i[time_cost][i - 1], tmp)
s988653796.py(50):         for i in range(1, n + 1):
s988653796.py(49):     for time_cost in range(1, t):
s988653796.py(50):         for i in range(1, n + 1):
s988653796.py(51):             tmp = energy[i] + dp_cost_unitl_i[time_cost - eating_cost[i]][i - 1] if time_cost - eating_cost[i] >= 0 else 0
s988653796.py(52):             dp_cost_unitl_i[time_cost][i] = max(dp_cost_unitl_i[time_cost][i - 1], tmp)
s988653796.py(50):         for i in range(1, n + 1):
s988653796.py(51):             tmp = energy[i] + dp_cost_unitl_i[time_cost - eating_cost[i]][i - 1] if time_cost - eating_cost[i] >= 0 else 0
s988653796.py(52):             dp_cost_unitl_i[time_cost][i] = max(dp_cost_unitl_i[time_cost][i - 1], tmp)
s988653796.py(50):         for i in range(1, n + 1):
s988653796.py(49):     for time_cost in range(1, t):
s988653796.py(50):         for i in range(1, n + 1):
s988653796.py(51):             tmp = energy[i] + dp_cost_unitl_i[time_cost - eating_cost[i]][i - 1] if time_cost - eating_cost[i] >= 0 else 0
s988653796.py(52):             dp_cost_unitl_i[time_cost][i] = max(dp_cost_unitl_i[time_cost][i - 1], tmp)
s988653796.py(50):         for i in range(1, n + 1):
s988653796.py(51):             tmp = energy[i] + dp_cost_unitl_i[time_cost - eating_cost[i]][i - 1] if time_cost - eating_cost[i] >= 0 else 0
s988653796.py(52):             dp_cost_unitl_i[time_cost][i] = max(dp_cost_unitl_i[time_cost][i - 1], tmp)
s988653796.py(50):         for i in range(1, n + 1):
s988653796.py(49):     for time_cost in range(1, t):
s988653796.py(50):         for i in range(1, n + 1):
s988653796.py(51):             tmp = energy[i] + dp_cost_unitl_i[time_cost - eating_cost[i]][i - 1] if time_cost - eating_cost[i] >= 0 else 0
s988653796.py(52):             dp_cost_unitl_i[time_cost][i] = max(dp_cost_unitl_i[time_cost][i - 1], tmp)
s988653796.py(50):         for i in range(1, n + 1):
s988653796.py(51):             tmp = energy[i] + dp_cost_unitl_i[time_cost - eating_cost[i]][i - 1] if time_cost - eating_cost[i] >= 0 else 0
s988653796.py(52):             dp_cost_unitl_i[time_cost][i] = max(dp_cost_unitl_i[time_cost][i - 1], tmp)
s988653796.py(50):         for i in range(1, n + 1):
s988653796.py(49):     for time_cost in range(1, t):
s988653796.py(50):         for i in range(1, n + 1):
s988653796.py(51):             tmp = energy[i] + dp_cost_unitl_i[time_cost - eating_cost[i]][i - 1] if time_cost - eating_cost[i] >= 0 else 0
s988653796.py(52):             dp_cost_unitl_i[time_cost][i] = max(dp_cost_unitl_i[time_cost][i - 1], tmp)
s988653796.py(50):         for i in range(1, n + 1):
s988653796.py(51):             tmp = energy[i] + dp_cost_unitl_i[time_cost - eating_cost[i]][i - 1] if time_cost - eating_cost[i] >= 0 else 0
s988653796.py(52):             dp_cost_unitl_i[time_cost][i] = max(dp_cost_unitl_i[time_cost][i - 1], tmp)
s988653796.py(50):         for i in range(1, n + 1):
s988653796.py(49):     for time_cost in range(1, t):
s988653796.py(50):         for i in range(1, n + 1):
s988653796.py(51):             tmp = energy[i] + dp_cost_unitl_i[time_cost - eating_cost[i]][i - 1] if time_cost - eating_cost[i] >= 0 else 0
s988653796.py(52):             dp_cost_unitl_i[time_cost][i] = max(dp_cost_unitl_i[time_cost][i - 1], tmp)
s988653796.py(50):         for i in range(1, n + 1):
s988653796.py(51):             tmp = energy[i] + dp_cost_unitl_i[time_cost - eating_cost[i]][i - 1] if time_cost - eating_cost[i] >= 0 else 0
s988653796.py(52):             dp_cost_unitl_i[time_cost][i] = max(dp_cost_unitl_i[time_cost][i - 1], tmp)
s988653796.py(50):         for i in range(1, n + 1):
s988653796.py(49):     for time_cost in range(1, t):
s988653796.py(50):         for i in range(1, n + 1):
s988653796.py(51):             tmp = energy[i] + dp_cost_unitl_i[time_cost - eating_cost[i]][i - 1] if time_cost - eating_cost[i] >= 0 else 0
s988653796.py(52):             dp_cost_unitl_i[time_cost][i] = max(dp_cost_unitl_i[time_cost][i - 1], tmp)
s988653796.py(50):         for i in range(1, n + 1):
s988653796.py(51):             tmp = energy[i] + dp_cost_unitl_i[time_cost - eating_cost[i]][i - 1] if time_cost - eating_cost[i] >= 0 else 0
s988653796.py(52):             dp_cost_unitl_i[time_cost][i] = max(dp_cost_unitl_i[time_cost][i - 1], tmp)
s988653796.py(50):         for i in range(1, n + 1):
s988653796.py(49):     for time_cost in range(1, t):
s988653796.py(50):         for i in range(1, n + 1):
s988653796.py(51):             tmp = energy[i] + dp_cost_unitl_i[time_cost - eating_cost[i]][i - 1] if time_cost - eating_cost[i] >= 0 else 0
s988653796.py(52):             dp_cost_unitl_i[time_cost][i] = max(dp_cost_unitl_i[time_cost][i - 1], tmp)
s988653796.py(50):         for i in range(1, n + 1):
s988653796.py(51):             tmp = energy[i] + dp_cost_unitl_i[time_cost - eating_cost[i]][i - 1] if time_cost - eating_cost[i] >= 0 else 0
s988653796.py(52):             dp_cost_unitl_i[time_cost][i] = max(dp_cost_unitl_i[time_cost][i - 1], tmp)
s988653796.py(50):         for i in range(1, n + 1):
s988653796.py(49):     for time_cost in range(1, t):
s988653796.py(50):         for i in range(1, n + 1):
s988653796.py(51):             tmp = energy[i] + dp_cost_unitl_i[time_cost - eating_cost[i]][i - 1] if time_cost - eating_cost[i] >= 0 else 0
s988653796.py(52):             dp_cost_unitl_i[time_cost][i] = max(dp_cost_unitl_i[time_cost][i - 1], tmp)
s988653796.py(50):         for i in range(1, n + 1):
s988653796.py(51):             tmp = energy[i] + dp_cost_unitl_i[time_cost - eating_cost[i]][i - 1] if time_cost - eating_cost[i] >= 0 else 0
s988653796.py(52):             dp_cost_unitl_i[time_cost][i] = max(dp_cost_unitl_i[time_cost][i - 1], tmp)
s988653796.py(50):         for i in range(1, n + 1):
s988653796.py(49):     for time_cost in range(1, t):
s988653796.py(50):         for i in range(1, n + 1):
s988653796.py(51):             tmp = energy[i] + dp_cost_unitl_i[time_cost - eating_cost[i]][i - 1] if time_cost - eating_cost[i] >= 0 else 0
s988653796.py(52):             dp_cost_unitl_i[time_cost][i] = max(dp_cost_unitl_i[time_cost][i - 1], tmp)
s988653796.py(50):         for i in range(1, n + 1):
s988653796.py(51):             tmp = energy[i] + dp_cost_unitl_i[time_cost - eating_cost[i]][i - 1] if time_cost - eating_cost[i] >= 0 else 0
s988653796.py(52):             dp_cost_unitl_i[time_cost][i] = max(dp_cost_unitl_i[time_cost][i - 1], tmp)
s988653796.py(50):         for i in range(1, n + 1):
s988653796.py(49):     for time_cost in range(1, t):
s988653796.py(50):         for i in range(1, n + 1):
s988653796.py(51):             tmp = energy[i] + dp_cost_unitl_i[time_cost - eating_cost[i]][i - 1] if time_cost - eating_cost[i] >= 0 else 0
s988653796.py(52):             dp_cost_unitl_i[time_cost][i] = max(dp_cost_unitl_i[time_cost][i - 1], tmp)
s988653796.py(50):         for i in range(1, n + 1):
s988653796.py(51):             tmp = energy[i] + dp_cost_unitl_i[time_cost - eating_cost[i]][i - 1] if time_cost - eating_cost[i] >= 0 else 0
s988653796.py(52):             dp_cost_unitl_i[time_cost][i] = max(dp_cost_unitl_i[time_cost][i - 1], tmp)
s988653796.py(50):         for i in range(1, n + 1):
s988653796.py(49):     for time_cost in range(1, t):
s988653796.py(50):         for i in range(1, n + 1):
s988653796.py(51):             tmp = energy[i] + dp_cost_unitl_i[time_cost - eating_cost[i]][i - 1] if time_cost - eating_cost[i] >= 0 else 0
s988653796.py(52):             dp_cost_unitl_i[time_cost][i] = max(dp_cost_unitl_i[time_cost][i - 1], tmp)
s988653796.py(50):         for i in range(1, n + 1):
s988653796.py(51):             tmp = energy[i] + dp_cost_unitl_i[time_cost - eating_cost[i]][i - 1] if time_cost - eating_cost[i] >= 0 else 0
s988653796.py(52):             dp_cost_unitl_i[time_cost][i] = max(dp_cost_unitl_i[time_cost][i - 1], tmp)
s988653796.py(50):         for i in range(1, n + 1):
s988653796.py(49):     for time_cost in range(1, t):
s988653796.py(50):         for i in range(1, n + 1):
s988653796.py(51):             tmp = energy[i] + dp_cost_unitl_i[time_cost - eating_cost[i]][i - 1] if time_cost - eating_cost[i] >= 0 else 0
s988653796.py(52):             dp_cost_unitl_i[time_cost][i] = max(dp_cost_unitl_i[time_cost][i - 1], tmp)
s988653796.py(50):         for i in range(1, n + 1):
s988653796.py(51):             tmp = energy[i] + dp_cost_unitl_i[time_cost - eating_cost[i]][i - 1] if time_cost - eating_cost[i] >= 0 else 0
s988653796.py(52):             dp_cost_unitl_i[time_cost][i] = max(dp_cost_unitl_i[time_cost][i - 1], tmp)
s988653796.py(50):         for i in range(1, n + 1):
s988653796.py(49):     for time_cost in range(1, t):
s988653796.py(50):         for i in range(1, n + 1):
s988653796.py(51):             tmp = energy[i] + dp_cost_unitl_i[time_cost - eating_cost[i]][i - 1] if time_cost - eating_cost[i] >= 0 else 0
s988653796.py(52):             dp_cost_unitl_i[time_cost][i] = max(dp_cost_unitl_i[time_cost][i - 1], tmp)
s988653796.py(50):         for i in range(1, n + 1):
s988653796.py(51):             tmp = energy[i] + dp_cost_unitl_i[time_cost - eating_cost[i]][i - 1] if time_cost - eating_cost[i] >= 0 else 0
s988653796.py(52):             dp_cost_unitl_i[time_cost][i] = max(dp_cost_unitl_i[time_cost][i - 1], tmp)
s988653796.py(50):         for i in range(1, n + 1):
s988653796.py(49):     for time_cost in range(1, t):
s988653796.py(50):         for i in range(1, n + 1):
s988653796.py(51):             tmp = energy[i] + dp_cost_unitl_i[time_cost - eating_cost[i]][i - 1] if time_cost - eating_cost[i] >= 0 else 0
s988653796.py(52):             dp_cost_unitl_i[time_cost][i] = max(dp_cost_unitl_i[time_cost][i - 1], tmp)
s988653796.py(50):         for i in range(1, n + 1):
s988653796.py(51):             tmp = energy[i] + dp_cost_unitl_i[time_cost - eating_cost[i]][i - 1] if time_cost - eating_cost[i] >= 0 else 0
s988653796.py(52):             dp_cost_unitl_i[time_cost][i] = max(dp_cost_unitl_i[time_cost][i - 1], tmp)
s988653796.py(50):         for i in range(1, n + 1):
s988653796.py(49):     for time_cost in range(1, t):
s988653796.py(50):         for i in range(1, n + 1):
s988653796.py(51):             tmp = energy[i] + dp_cost_unitl_i[time_cost - eating_cost[i]][i - 1] if time_cost - eating_cost[i] >= 0 else 0
s988653796.py(52):             dp_cost_unitl_i[time_cost][i] = max(dp_cost_unitl_i[time_cost][i - 1], tmp)
s988653796.py(50):         for i in range(1, n + 1):
s988653796.py(51):             tmp = energy[i] + dp_cost_unitl_i[time_cost - eating_cost[i]][i - 1] if time_cost - eating_cost[i] >= 0 else 0
s988653796.py(52):             dp_cost_unitl_i[time_cost][i] = max(dp_cost_unitl_i[time_cost][i - 1], tmp)
s988653796.py(50):         for i in range(1, n + 1):
s988653796.py(49):     for time_cost in range(1, t):
s988653796.py(50):         for i in range(1, n + 1):
s988653796.py(51):             tmp = energy[i] + dp_cost_unitl_i[time_cost - eating_cost[i]][i - 1] if time_cost - eating_cost[i] >= 0 else 0
s988653796.py(52):             dp_cost_unitl_i[time_cost][i] = max(dp_cost_unitl_i[time_cost][i - 1], tmp)
s988653796.py(50):         for i in range(1, n + 1):
s988653796.py(51):             tmp = energy[i] + dp_cost_unitl_i[time_cost - eating_cost[i]][i - 1] if time_cost - eating_cost[i] >= 0 else 0
s988653796.py(52):             dp_cost_unitl_i[time_cost][i] = max(dp_cost_unitl_i[time_cost][i - 1], tmp)
s988653796.py(50):         for i in range(1, n + 1):
s988653796.py(49):     for time_cost in range(1, t):
s988653796.py(50):         for i in range(1, n + 1):
s988653796.py(51):             tmp = energy[i] + dp_cost_unitl_i[time_cost - eating_cost[i]][i - 1] if time_cost - eating_cost[i] >= 0 else 0
s988653796.py(52):             dp_cost_unitl_i[time_cost][i] = max(dp_cost_unitl_i[time_cost][i - 1], tmp)
s988653796.py(50):         for i in range(1, n + 1):
s988653796.py(51):             tmp = energy[i] + dp_cost_unitl_i[time_cost - eating_cost[i]][i - 1] if time_cost - eating_cost[i] >= 0 else 0
s988653796.py(52):             dp_cost_unitl_i[time_cost][i] = max(dp_cost_unitl_i[time_cost][i - 1], tmp)
s988653796.py(50):         for i in range(1, n + 1):
s988653796.py(49):     for time_cost in range(1, t):
s988653796.py(50):         for i in range(1, n + 1):
s988653796.py(51):             tmp = energy[i] + dp_cost_unitl_i[time_cost - eating_cost[i]][i - 1] if time_cost - eating_cost[i] >= 0 else 0
s988653796.py(52):             dp_cost_unitl_i[time_cost][i] = max(dp_cost_unitl_i[time_cost][i - 1], tmp)
s988653796.py(50):         for i in range(1, n + 1):
s988653796.py(51):             tmp = energy[i] + dp_cost_unitl_i[time_cost - eating_cost[i]][i - 1] if time_cost - eating_cost[i] >= 0 else 0
s988653796.py(52):             dp_cost_unitl_i[time_cost][i] = max(dp_cost_unitl_i[time_cost][i - 1], tmp)
s988653796.py(50):         for i in range(1, n + 1):
s988653796.py(49):     for time_cost in range(1, t):
s988653796.py(50):         for i in range(1, n + 1):
s988653796.py(51):             tmp = energy[i] + dp_cost_unitl_i[time_cost - eating_cost[i]][i - 1] if time_cost - eating_cost[i] >= 0 else 0
s988653796.py(52):             dp_cost_unitl_i[time_cost][i] = max(dp_cost_unitl_i[time_cost][i - 1], tmp)
s988653796.py(50):         for i in range(1, n + 1):
s988653796.py(51):             tmp = energy[i] + dp_cost_unitl_i[time_cost - eating_cost[i]][i - 1] if time_cost - eating_cost[i] >= 0 else 0
s988653796.py(52):             dp_cost_unitl_i[time_cost][i] = max(dp_cost_unitl_i[time_cost][i - 1], tmp)
s988653796.py(50):         for i in range(1, n + 1):
s988653796.py(49):     for time_cost in range(1, t):
s988653796.py(50):         for i in range(1, n + 1):
s988653796.py(51):             tmp = energy[i] + dp_cost_unitl_i[time_cost - eating_cost[i]][i - 1] if time_cost - eating_cost[i] >= 0 else 0
s988653796.py(52):             dp_cost_unitl_i[time_cost][i] = max(dp_cost_unitl_i[time_cost][i - 1], tmp)
s988653796.py(50):         for i in range(1, n + 1):
s988653796.py(51):             tmp = energy[i] + dp_cost_unitl_i[time_cost - eating_cost[i]][i - 1] if time_cost - eating_cost[i] >= 0 else 0
s988653796.py(52):             dp_cost_unitl_i[time_cost][i] = max(dp_cost_unitl_i[time_cost][i - 1], tmp)
s988653796.py(50):         for i in range(1, n + 1):
s988653796.py(49):     for time_cost in range(1, t):
s988653796.py(50):         for i in range(1, n + 1):
s988653796.py(51):             tmp = energy[i] + dp_cost_unitl_i[time_cost - eating_cost[i]][i - 1] if time_cost - eating_cost[i] >= 0 else 0
s988653796.py(52):             dp_cost_unitl_i[time_cost][i] = max(dp_cost_unitl_i[time_cost][i - 1], tmp)
s988653796.py(50):         for i in range(1, n + 1):
s988653796.py(51):             tmp = energy[i] + dp_cost_unitl_i[time_cost - eating_cost[i]][i - 1] if time_cost - eating_cost[i] >= 0 else 0
s988653796.py(52):             dp_cost_unitl_i[time_cost][i] = max(dp_cost_unitl_i[time_cost][i - 1], tmp)
s988653796.py(50):         for i in range(1, n + 1):
s988653796.py(49):     for time_cost in range(1, t):
s988653796.py(50):         for i in range(1, n + 1):
s988653796.py(51):             tmp = energy[i] + dp_cost_unitl_i[time_cost - eating_cost[i]][i - 1] if time_cost - eating_cost[i] >= 0 else 0
s988653796.py(52):             dp_cost_unitl_i[time_cost][i] = max(dp_cost_unitl_i[time_cost][i - 1], tmp)
s988653796.py(50):         for i in range(1, n + 1):
s988653796.py(51):             tmp = energy[i] + dp_cost_unitl_i[time_cost - eating_cost[i]][i - 1] if time_cost - eating_cost[i] >= 0 else 0
s988653796.py(52):             dp_cost_unitl_i[time_cost][i] = max(dp_cost_unitl_i[time_cost][i - 1], tmp)
s988653796.py(50):         for i in range(1, n + 1):
s988653796.py(49):     for time_cost in range(1, t):
s988653796.py(50):         for i in range(1, n + 1):
s988653796.py(51):             tmp = energy[i] + dp_cost_unitl_i[time_cost - eating_cost[i]][i - 1] if time_cost - eating_cost[i] >= 0 else 0
s988653796.py(52):             dp_cost_unitl_i[time_cost][i] = max(dp_cost_unitl_i[time_cost][i - 1], tmp)
s988653796.py(50):         for i in range(1, n + 1):
s988653796.py(51):             tmp = energy[i] + dp_cost_unitl_i[time_cost - eating_cost[i]][i - 1] if time_cost - eating_cost[i] >= 0 else 0
s988653796.py(52):             dp_cost_unitl_i[time_cost][i] = max(dp_cost_unitl_i[time_cost][i - 1], tmp)
s988653796.py(50):         for i in range(1, n + 1):
s988653796.py(49):     for time_cost in range(1, t):
s988653796.py(50):         for i in range(1, n + 1):
s988653796.py(51):             tmp = energy[i] + dp_cost_unitl_i[time_cost - eating_cost[i]][i - 1] if time_cost - eating_cost[i] >= 0 else 0
s988653796.py(52):             dp_cost_unitl_i[time_cost][i] = max(dp_cost_unitl_i[time_cost][i - 1], tmp)
s988653796.py(50):         for i in range(1, n + 1):
s988653796.py(51):             tmp = energy[i] + dp_cost_unitl_i[time_cost - eating_cost[i]][i - 1] if time_cost - eating_cost[i] >= 0 else 0
s988653796.py(52):             dp_cost_unitl_i[time_cost][i] = max(dp_cost_unitl_i[time_cost][i - 1], tmp)
s988653796.py(50):         for i in range(1, n + 1):
s988653796.py(49):     for time_cost in range(1, t):
s988653796.py(50):         for i in range(1, n + 1):
s988653796.py(51):             tmp = energy[i] + dp_cost_unitl_i[time_cost - eating_cost[i]][i - 1] if time_cost - eating_cost[i] >= 0 else 0
s988653796.py(52):             dp_cost_unitl_i[time_cost][i] = max(dp_cost_unitl_i[time_cost][i - 1], tmp)
s988653796.py(50):         for i in range(1, n + 1):
s988653796.py(51):             tmp = energy[i] + dp_cost_unitl_i[time_cost - eating_cost[i]][i - 1] if time_cost - eating_cost[i] >= 0 else 0
s988653796.py(52):             dp_cost_unitl_i[time_cost][i] = max(dp_cost_unitl_i[time_cost][i - 1], tmp)
s988653796.py(50):         for i in range(1, n + 1):
s988653796.py(49):     for time_cost in range(1, t):
s988653796.py(50):         for i in range(1, n + 1):
s988653796.py(51):             tmp = energy[i] + dp_cost_unitl_i[time_cost - eating_cost[i]][i - 1] if time_cost - eating_cost[i] >= 0 else 0
s988653796.py(52):             dp_cost_unitl_i[time_cost][i] = max(dp_cost_unitl_i[time_cost][i - 1], tmp)
s988653796.py(50):         for i in range(1, n + 1):
s988653796.py(51):             tmp = energy[i] + dp_cost_unitl_i[time_cost - eating_cost[i]][i - 1] if time_cost - eating_cost[i] >= 0 else 0
s988653796.py(52):             dp_cost_unitl_i[time_cost][i] = max(dp_cost_unitl_i[time_cost][i - 1], tmp)
s988653796.py(50):         for i in range(1, n + 1):
s988653796.py(49):     for time_cost in range(1, t):
s988653796.py(50):         for i in range(1, n + 1):
s988653796.py(51):             tmp = energy[i] + dp_cost_unitl_i[time_cost - eating_cost[i]][i - 1] if time_cost - eating_cost[i] >= 0 else 0
s988653796.py(52):             dp_cost_unitl_i[time_cost][i] = max(dp_cost_unitl_i[time_cost][i - 1], tmp)
s988653796.py(50):         for i in range(1, n + 1):
s988653796.py(51):             tmp = energy[i] + dp_cost_unitl_i[time_cost - eating_cost[i]][i - 1] if time_cost - eating_cost[i] >= 0 else 0
s988653796.py(52):             dp_cost_unitl_i[time_cost][i] = max(dp_cost_unitl_i[time_cost][i - 1], tmp)
s988653796.py(50):         for i in range(1, n + 1):
s988653796.py(49):     for time_cost in range(1, t):
s988653796.py(50):         for i in range(1, n + 1):
s988653796.py(51):             tmp = energy[i] + dp_cost_unitl_i[time_cost - eating_cost[i]][i - 1] if time_cost - eating_cost[i] >= 0 else 0
s988653796.py(52):             dp_cost_unitl_i[time_cost][i] = max(dp_cost_unitl_i[time_cost][i - 1], tmp)
s988653796.py(50):         for i in range(1, n + 1):
s988653796.py(51):             tmp = energy[i] + dp_cost_unitl_i[time_cost - eating_cost[i]][i - 1] if time_cost - eating_cost[i] >= 0 else 0
s988653796.py(52):             dp_cost_unitl_i[time_cost][i] = max(dp_cost_unitl_i[time_cost][i - 1], tmp)
s988653796.py(50):         for i in range(1, n + 1):
s988653796.py(49):     for time_cost in range(1, t):
s988653796.py(50):         for i in range(1, n + 1):
s988653796.py(51):             tmp = energy[i] + dp_cost_unitl_i[time_cost - eating_cost[i]][i - 1] if time_cost - eating_cost[i] >= 0 else 0
s988653796.py(52):             dp_cost_unitl_i[time_cost][i] = max(dp_cost_unitl_i[time_cost][i - 1], tmp)
s988653796.py(50):         for i in range(1, n + 1):
s988653796.py(51):             tmp = energy[i] + dp_cost_unitl_i[time_cost - eating_cost[i]][i - 1] if time_cost - eating_cost[i] >= 0 else 0
s988653796.py(52):             dp_cost_unitl_i[time_cost][i] = max(dp_cost_unitl_i[time_cost][i - 1], tmp)
s988653796.py(50):         for i in range(1, n + 1):
s988653796.py(49):     for time_cost in range(1, t):
s988653796.py(50):         for i in range(1, n + 1):
s988653796.py(51):             tmp = energy[i] + dp_cost_unitl_i[time_cost - eating_cost[i]][i - 1] if time_cost - eating_cost[i] >= 0 else 0
s988653796.py(52):             dp_cost_unitl_i[time_cost][i] = max(dp_cost_unitl_i[time_cost][i - 1], tmp)
s988653796.py(50):         for i in range(1, n + 1):
s988653796.py(51):             tmp = energy[i] + dp_cost_unitl_i[time_cost - eating_cost[i]][i - 1] if time_cost - eating_cost[i] >= 0 else 0
s988653796.py(52):             dp_cost_unitl_i[time_cost][i] = max(dp_cost_unitl_i[time_cost][i - 1], tmp)
s988653796.py(50):         for i in range(1, n + 1):
s988653796.py(49):     for time_cost in range(1, t):
s988653796.py(50):         for i in range(1, n + 1):
s988653796.py(51):             tmp = energy[i] + dp_cost_unitl_i[time_cost - eating_cost[i]][i - 1] if time_cost - eating_cost[i] >= 0 else 0
s988653796.py(52):             dp_cost_unitl_i[time_cost][i] = max(dp_cost_unitl_i[time_cost][i - 1], tmp)
s988653796.py(50):         for i in range(1, n + 1):
s988653796.py(51):             tmp = energy[i] + dp_cost_unitl_i[time_cost - eating_cost[i]][i - 1] if time_cost - eating_cost[i] >= 0 else 0
s988653796.py(52):             dp_cost_unitl_i[time_cost][i] = max(dp_cost_unitl_i[time_cost][i - 1], tmp)
s988653796.py(50):         for i in range(1, n + 1):
s988653796.py(49):     for time_cost in range(1, t):
s988653796.py(50):         for i in range(1, n + 1):
s988653796.py(51):             tmp = energy[i] + dp_cost_unitl_i[time_cost - eating_cost[i]][i - 1] if time_cost - eating_cost[i] >= 0 else 0
s988653796.py(52):             dp_cost_unitl_i[time_cost][i] = max(dp_cost_unitl_i[time_cost][i - 1], tmp)
s988653796.py(50):         for i in range(1, n + 1):
s988653796.py(51):             tmp = energy[i] + dp_cost_unitl_i[time_cost - eating_cost[i]][i - 1] if time_cost - eating_cost[i] >= 0 else 0
s988653796.py(52):             dp_cost_unitl_i[time_cost][i] = max(dp_cost_unitl_i[time_cost][i - 1], tmp)
s988653796.py(50):         for i in range(1, n + 1):
s988653796.py(49):     for time_cost in range(1, t):
s988653796.py(50):         for i in range(1, n + 1):
s988653796.py(51):             tmp = energy[i] + dp_cost_unitl_i[time_cost - eating_cost[i]][i - 1] if time_cost - eating_cost[i] >= 0 else 0
s988653796.py(52):             dp_cost_unitl_i[time_cost][i] = max(dp_cost_unitl_i[time_cost][i - 1], tmp)
s988653796.py(50):         for i in range(1, n + 1):
s988653796.py(51):             tmp = energy[i] + dp_cost_unitl_i[time_cost - eating_cost[i]][i - 1] if time_cost - eating_cost[i] >= 0 else 0
s988653796.py(52):             dp_cost_unitl_i[time_cost][i] = max(dp_cost_unitl_i[time_cost][i - 1], tmp)
s988653796.py(50):         for i in range(1, n + 1):
s988653796.py(49):     for time_cost in range(1, t):
s988653796.py(50):         for i in range(1, n + 1):
s988653796.py(51):             tmp = energy[i] + dp_cost_unitl_i[time_cost - eating_cost[i]][i - 1] if time_cost - eating_cost[i] >= 0 else 0
s988653796.py(52):             dp_cost_unitl_i[time_cost][i] = max(dp_cost_unitl_i[time_cost][i - 1], tmp)
s988653796.py(50):         for i in range(1, n + 1):
s988653796.py(51):             tmp = energy[i] + dp_cost_unitl_i[time_cost - eating_cost[i]][i - 1] if time_cost - eating_cost[i] >= 0 else 0
s988653796.py(52):             dp_cost_unitl_i[time_cost][i] = max(dp_cost_unitl_i[time_cost][i - 1], tmp)
s988653796.py(50):         for i in range(1, n + 1):
s988653796.py(49):     for time_cost in range(1, t):
s988653796.py(50):         for i in range(1, n + 1):
s988653796.py(51):             tmp = energy[i] + dp_cost_unitl_i[time_cost - eating_cost[i]][i - 1] if time_cost - eating_cost[i] >= 0 else 0
s988653796.py(52):             dp_cost_unitl_i[time_cost][i] = max(dp_cost_unitl_i[time_cost][i - 1], tmp)
s988653796.py(50):         for i in range(1, n + 1):
s988653796.py(51):             tmp = energy[i] + dp_cost_unitl_i[time_cost - eating_cost[i]][i - 1] if time_cost - eating_cost[i] >= 0 else 0
s988653796.py(52):             dp_cost_unitl_i[time_cost][i] = max(dp_cost_unitl_i[time_cost][i - 1], tmp)
s988653796.py(50):         for i in range(1, n + 1):
s988653796.py(49):     for time_cost in range(1, t):
s988653796.py(50):         for i in range(1, n + 1):
s988653796.py(51):             tmp = energy[i] + dp_cost_unitl_i[time_cost - eating_cost[i]][i - 1] if time_cost - eating_cost[i] >= 0 else 0
s988653796.py(52):             dp_cost_unitl_i[time_cost][i] = max(dp_cost_unitl_i[time_cost][i - 1], tmp)
s988653796.py(50):         for i in range(1, n + 1):
s988653796.py(51):             tmp = energy[i] + dp_cost_unitl_i[time_cost - eating_cost[i]][i - 1] if time_cost - eating_cost[i] >= 0 else 0
s988653796.py(52):             dp_cost_unitl_i[time_cost][i] = max(dp_cost_unitl_i[time_cost][i - 1], tmp)
s988653796.py(50):         for i in range(1, n + 1):
s988653796.py(49):     for time_cost in range(1, t):
s988653796.py(50):         for i in range(1, n + 1):
s988653796.py(51):             tmp = energy[i] + dp_cost_unitl_i[time_cost - eating_cost[i]][i - 1] if time_cost - eating_cost[i] >= 0 else 0
s988653796.py(52):             dp_cost_unitl_i[time_cost][i] = max(dp_cost_unitl_i[time_cost][i - 1], tmp)
s988653796.py(50):         for i in range(1, n + 1):
s988653796.py(51):             tmp = energy[i] + dp_cost_unitl_i[time_cost - eating_cost[i]][i - 1] if time_cost - eating_cost[i] >= 0 else 0
s988653796.py(52):             dp_cost_unitl_i[time_cost][i] = max(dp_cost_unitl_i[time_cost][i - 1], tmp)
s988653796.py(50):         for i in range(1, n + 1):
s988653796.py(49):     for time_cost in range(1, t):
s988653796.py(50):         for i in range(1, n + 1):
s988653796.py(51):             tmp = energy[i] + dp_cost_unitl_i[time_cost - eating_cost[i]][i - 1] if time_cost - eating_cost[i] >= 0 else 0
s988653796.py(52):             dp_cost_unitl_i[time_cost][i] = max(dp_cost_unitl_i[time_cost][i - 1], tmp)
s988653796.py(50):         for i in range(1, n + 1):
s988653796.py(51):             tmp = energy[i] + dp_cost_unitl_i[time_cost - eating_cost[i]][i - 1] if time_cost - eating_cost[i] >= 0 else 0
s988653796.py(52):             dp_cost_unitl_i[time_cost][i] = max(dp_cost_unitl_i[time_cost][i - 1], tmp)
s988653796.py(50):         for i in range(1, n + 1):
s988653796.py(49):     for time_cost in range(1, t):
s988653796.py(50):         for i in range(1, n + 1):
s988653796.py(51):             tmp = energy[i] + dp_cost_unitl_i[time_cost - eating_cost[i]][i - 1] if time_cost - eating_cost[i] >= 0 else 0
s988653796.py(52):             dp_cost_unitl_i[time_cost][i] = max(dp_cost_unitl_i[time_cost][i - 1], tmp)
s988653796.py(50):         for i in range(1, n + 1):
s988653796.py(51):             tmp = energy[i] + dp_cost_unitl_i[time_cost - eating_cost[i]][i - 1] if time_cost - eating_cost[i] >= 0 else 0
s988653796.py(52):             dp_cost_unitl_i[time_cost][i] = max(dp_cost_unitl_i[time_cost][i - 1], tmp)
s988653796.py(50):         for i in range(1, n + 1):
s988653796.py(49):     for time_cost in range(1, t):
s988653796.py(50):         for i in range(1, n + 1):
s988653796.py(51):             tmp = energy[i] + dp_cost_unitl_i[time_cost - eating_cost[i]][i - 1] if time_cost - eating_cost[i] >= 0 else 0
s988653796.py(52):             dp_cost_unitl_i[time_cost][i] = max(dp_cost_unitl_i[time_cost][i - 1], tmp)
s988653796.py(50):         for i in range(1, n + 1):
s988653796.py(51):             tmp = energy[i] + dp_cost_unitl_i[time_cost - eating_cost[i]][i - 1] if time_cost - eating_cost[i] >= 0 else 0
s988653796.py(52):             dp_cost_unitl_i[time_cost][i] = max(dp_cost_unitl_i[time_cost][i - 1], tmp)
s988653796.py(50):         for i in range(1, n + 1):
s988653796.py(49):     for time_cost in range(1, t):
s988653796.py(50):         for i in range(1, n + 1):
s988653796.py(51):             tmp = energy[i] + dp_cost_unitl_i[time_cost - eating_cost[i]][i - 1] if time_cost - eating_cost[i] >= 0 else 0
s988653796.py(52):             dp_cost_unitl_i[time_cost][i] = max(dp_cost_unitl_i[time_cost][i - 1], tmp)
s988653796.py(50):         for i in range(1, n + 1):
s988653796.py(51):             tmp = energy[i] + dp_cost_unitl_i[time_cost - eating_cost[i]][i - 1] if time_cost - eating_cost[i] >= 0 else 0
s988653796.py(52):             dp_cost_unitl_i[time_cost][i] = max(dp_cost_unitl_i[time_cost][i - 1], tmp)
s988653796.py(50):         for i in range(1, n + 1):
s988653796.py(49):     for time_cost in range(1, t):
s988653796.py(50):         for i in range(1, n + 1):
s988653796.py(51):             tmp = energy[i] + dp_cost_unitl_i[time_cost - eating_cost[i]][i - 1] if time_cost - eating_cost[i] >= 0 else 0
s988653796.py(52):             dp_cost_unitl_i[time_cost][i] = max(dp_cost_unitl_i[time_cost][i - 1], tmp)
s988653796.py(50):         for i in range(1, n + 1):
s988653796.py(51):             tmp = energy[i] + dp_cost_unitl_i[time_cost - eating_cost[i]][i - 1] if time_cost - eating_cost[i] >= 0 else 0
s988653796.py(52):             dp_cost_unitl_i[time_cost][i] = max(dp_cost_unitl_i[time_cost][i - 1], tmp)
s988653796.py(50):         for i in range(1, n + 1):
s988653796.py(49):     for time_cost in range(1, t):
s988653796.py(50):         for i in range(1, n + 1):
s988653796.py(51):             tmp = energy[i] + dp_cost_unitl_i[time_cost - eating_cost[i]][i - 1] if time_cost - eating_cost[i] >= 0 else 0
s988653796.py(52):             dp_cost_unitl_i[time_cost][i] = max(dp_cost_unitl_i[time_cost][i - 1], tmp)
s988653796.py(50):         for i in range(1, n + 1):
s988653796.py(51):             tmp = energy[i] + dp_cost_unitl_i[time_cost - eating_cost[i]][i - 1] if time_cost - eating_cost[i] >= 0 else 0
s988653796.py(52):             dp_cost_unitl_i[time_cost][i] = max(dp_cost_unitl_i[time_cost][i - 1], tmp)
s988653796.py(50):         for i in range(1, n + 1):
s988653796.py(49):     for time_cost in range(1, t):
s988653796.py(50):         for i in range(1, n + 1):
s988653796.py(51):             tmp = energy[i] + dp_cost_unitl_i[time_cost - eating_cost[i]][i - 1] if time_cost - eating_cost[i] >= 0 else 0
s988653796.py(52):             dp_cost_unitl_i[time_cost][i] = max(dp_cost_unitl_i[time_cost][i - 1], tmp)
s988653796.py(50):         for i in range(1, n + 1):
s988653796.py(51):             tmp = energy[i] + dp_cost_unitl_i[time_cost - eating_cost[i]][i - 1] if time_cost - eating_cost[i] >= 0 else 0
s988653796.py(52):             dp_cost_unitl_i[time_cost][i] = max(dp_cost_unitl_i[time_cost][i - 1], tmp)
s988653796.py(50):         for i in range(1, n + 1):
s988653796.py(49):     for time_cost in range(1, t):
s988653796.py(50):         for i in range(1, n + 1):
s988653796.py(51):             tmp = energy[i] + dp_cost_unitl_i[time_cost - eating_cost[i]][i - 1] if time_cost - eating_cost[i] >= 0 else 0
s988653796.py(52):             dp_cost_unitl_i[time_cost][i] = max(dp_cost_unitl_i[time_cost][i - 1], tmp)
s988653796.py(50):         for i in range(1, n + 1):
s988653796.py(51):             tmp = energy[i] + dp_cost_unitl_i[time_cost - eating_cost[i]][i - 1] if time_cost - eating_cost[i] >= 0 else 0
s988653796.py(52):             dp_cost_unitl_i[time_cost][i] = max(dp_cost_unitl_i[time_cost][i - 1], tmp)
s988653796.py(50):         for i in range(1, n + 1):
s988653796.py(49):     for time_cost in range(1, t):
s988653796.py(50):         for i in range(1, n + 1):
s988653796.py(51):             tmp = energy[i] + dp_cost_unitl_i[time_cost - eating_cost[i]][i - 1] if time_cost - eating_cost[i] >= 0 else 0
s988653796.py(52):             dp_cost_unitl_i[time_cost][i] = max(dp_cost_unitl_i[time_cost][i - 1], tmp)
s988653796.py(50):         for i in range(1, n + 1):
s988653796.py(51):             tmp = energy[i] + dp_cost_unitl_i[time_cost - eating_cost[i]][i - 1] if time_cost - eating_cost[i] >= 0 else 0
s988653796.py(52):             dp_cost_unitl_i[time_cost][i] = max(dp_cost_unitl_i[time_cost][i - 1], tmp)
s988653796.py(50):         for i in range(1, n + 1):
s988653796.py(49):     for time_cost in range(1, t):
s988653796.py(50):         for i in range(1, n + 1):
s988653796.py(51):             tmp = energy[i] + dp_cost_unitl_i[time_cost - eating_cost[i]][i - 1] if time_cost - eating_cost[i] >= 0 else 0
s988653796.py(52):             dp_cost_unitl_i[time_cost][i] = max(dp_cost_unitl_i[time_cost][i - 1], tmp)
s988653796.py(50):         for i in range(1, n + 1):
s988653796.py(51):             tmp = energy[i] + dp_cost_unitl_i[time_cost - eating_cost[i]][i - 1] if time_cost - eating_cost[i] >= 0 else 0
s988653796.py(52):             dp_cost_unitl_i[time_cost][i] = max(dp_cost_unitl_i[time_cost][i - 1], tmp)
s988653796.py(50):         for i in range(1, n + 1):
s988653796.py(49):     for time_cost in range(1, t):
s988653796.py(50):         for i in range(1, n + 1):
s988653796.py(51):             tmp = energy[i] + dp_cost_unitl_i[time_cost - eating_cost[i]][i - 1] if time_cost - eating_cost[i] >= 0 else 0
s988653796.py(52):             dp_cost_unitl_i[time_cost][i] = max(dp_cost_unitl_i[time_cost][i - 1], tmp)
s988653796.py(50):         for i in range(1, n + 1):
s988653796.py(51):             tmp = energy[i] + dp_cost_unitl_i[time_cost - eating_cost[i]][i - 1] if time_cost - eating_cost[i] >= 0 else 0
s988653796.py(52):             dp_cost_unitl_i[time_cost][i] = max(dp_cost_unitl_i[time_cost][i - 1], tmp)
s988653796.py(50):         for i in range(1, n + 1):
s988653796.py(49):     for time_cost in range(1, t):
s988653796.py(50):         for i in range(1, n + 1):
s988653796.py(51):             tmp = energy[i] + dp_cost_unitl_i[time_cost - eating_cost[i]][i - 1] if time_cost - eating_cost[i] >= 0 else 0
s988653796.py(52):             dp_cost_unitl_i[time_cost][i] = max(dp_cost_unitl_i[time_cost][i - 1], tmp)
s988653796.py(50):         for i in range(1, n + 1):
s988653796.py(51):             tmp = energy[i] + dp_cost_unitl_i[time_cost - eating_cost[i]][i - 1] if time_cost - eating_cost[i] >= 0 else 0
s988653796.py(52):             dp_cost_unitl_i[time_cost][i] = max(dp_cost_unitl_i[time_cost][i - 1], tmp)
s988653796.py(50):         for i in range(1, n + 1):
s988653796.py(49):     for time_cost in range(1, t):
s988653796.py(50):         for i in range(1, n + 1):
s988653796.py(51):             tmp = energy[i] + dp_cost_unitl_i[time_cost - eating_cost[i]][i - 1] if time_cost - eating_cost[i] >= 0 else 0
s988653796.py(52):             dp_cost_unitl_i[time_cost][i] = max(dp_cost_unitl_i[time_cost][i - 1], tmp)
s988653796.py(50):         for i in range(1, n + 1):
s988653796.py(51):             tmp = energy[i] + dp_cost_unitl_i[time_cost - eating_cost[i]][i - 1] if time_cost - eating_cost[i] >= 0 else 0
s988653796.py(52):             dp_cost_unitl_i[time_cost][i] = max(dp_cost_unitl_i[time_cost][i - 1], tmp)
s988653796.py(50):         for i in range(1, n + 1):
s988653796.py(49):     for time_cost in range(1, t):
s988653796.py(50):         for i in range(1, n + 1):
s988653796.py(51):             tmp = energy[i] + dp_cost_unitl_i[time_cost - eating_cost[i]][i - 1] if time_cost - eating_cost[i] >= 0 else 0
s988653796.py(52):             dp_cost_unitl_i[time_cost][i] = max(dp_cost_unitl_i[time_cost][i - 1], tmp)
s988653796.py(50):         for i in range(1, n + 1):
s988653796.py(51):             tmp = energy[i] + dp_cost_unitl_i[time_cost - eating_cost[i]][i - 1] if time_cost - eating_cost[i] >= 0 else 0
s988653796.py(52):             dp_cost_unitl_i[time_cost][i] = max(dp_cost_unitl_i[time_cost][i - 1], tmp)
s988653796.py(50):         for i in range(1, n + 1):
s988653796.py(49):     for time_cost in range(1, t):
s988653796.py(50):         for i in range(1, n + 1):
s988653796.py(51):             tmp = energy[i] + dp_cost_unitl_i[time_cost - eating_cost[i]][i - 1] if time_cost - eating_cost[i] >= 0 else 0
s988653796.py(52):             dp_cost_unitl_i[time_cost][i] = max(dp_cost_unitl_i[time_cost][i - 1], tmp)
s988653796.py(50):         for i in range(1, n + 1):
s988653796.py(51):             tmp = energy[i] + dp_cost_unitl_i[time_cost - eating_cost[i]][i - 1] if time_cost - eating_cost[i] >= 0 else 0
s988653796.py(52):             dp_cost_unitl_i[time_cost][i] = max(dp_cost_unitl_i[time_cost][i - 1], tmp)
s988653796.py(50):         for i in range(1, n + 1):
s988653796.py(49):     for time_cost in range(1, t):
s988653796.py(50):         for i in range(1, n + 1):
s988653796.py(51):             tmp = energy[i] + dp_cost_unitl_i[time_cost - eating_cost[i]][i - 1] if time_cost - eating_cost[i] >= 0 else 0
s988653796.py(52):             dp_cost_unitl_i[time_cost][i] = max(dp_cost_unitl_i[time_cost][i - 1], tmp)
s988653796.py(50):         for i in range(1, n + 1):
s988653796.py(51):             tmp = energy[i] + dp_cost_unitl_i[time_cost - eating_cost[i]][i - 1] if time_cost - eating_cost[i] >= 0 else 0
s988653796.py(52):             dp_cost_unitl_i[time_cost][i] = max(dp_cost_unitl_i[time_cost][i - 1], tmp)
s988653796.py(50):         for i in range(1, n + 1):
s988653796.py(49):     for time_cost in range(1, t):
s988653796.py(50):         for i in range(1, n + 1):
s988653796.py(51):             tmp = energy[i] + dp_cost_unitl_i[time_cost - eating_cost[i]][i - 1] if time_cost - eating_cost[i] >= 0 else 0
s988653796.py(52):             dp_cost_unitl_i[time_cost][i] = max(dp_cost_unitl_i[time_cost][i - 1], tmp)
s988653796.py(50):         for i in range(1, n + 1):
s988653796.py(51):             tmp = energy[i] + dp_cost_unitl_i[time_cost - eating_cost[i]][i - 1] if time_cost - eating_cost[i] >= 0 else 0
s988653796.py(52):             dp_cost_unitl_i[time_cost][i] = max(dp_cost_unitl_i[time_cost][i - 1], tmp)
s988653796.py(50):         for i in range(1, n + 1):
s988653796.py(49):     for time_cost in range(1, t):
s988653796.py(50):         for i in range(1, n + 1):
s988653796.py(51):             tmp = energy[i] + dp_cost_unitl_i[time_cost - eating_cost[i]][i - 1] if time_cost - eating_cost[i] >= 0 else 0
s988653796.py(52):             dp_cost_unitl_i[time_cost][i] = max(dp_cost_unitl_i[time_cost][i - 1], tmp)
s988653796.py(50):         for i in range(1, n + 1):
s988653796.py(51):             tmp = energy[i] + dp_cost_unitl_i[time_cost - eating_cost[i]][i - 1] if time_cost - eating_cost[i] >= 0 else 0
s988653796.py(52):             dp_cost_unitl_i[time_cost][i] = max(dp_cost_unitl_i[time_cost][i - 1], tmp)
s988653796.py(50):         for i in range(1, n + 1):
s988653796.py(49):     for time_cost in range(1, t):
s988653796.py(50):         for i in range(1, n + 1):
s988653796.py(51):             tmp = energy[i] + dp_cost_unitl_i[time_cost - eating_cost[i]][i - 1] if time_cost - eating_cost[i] >= 0 else 0
s988653796.py(52):             dp_cost_unitl_i[time_cost][i] = max(dp_cost_unitl_i[time_cost][i - 1], tmp)
s988653796.py(50):         for i in range(1, n + 1):
s988653796.py(51):             tmp = energy[i] + dp_cost_unitl_i[time_cost - eating_cost[i]][i - 1] if time_cost - eating_cost[i] >= 0 else 0
s988653796.py(52):             dp_cost_unitl_i[time_cost][i] = max(dp_cost_unitl_i[time_cost][i - 1], tmp)
s988653796.py(50):         for i in range(1, n + 1):
s988653796.py(49):     for time_cost in range(1, t):
s988653796.py(50):         for i in range(1, n + 1):
s988653796.py(51):             tmp = energy[i] + dp_cost_unitl_i[time_cost - eating_cost[i]][i - 1] if time_cost - eating_cost[i] >= 0 else 0
s988653796.py(52):             dp_cost_unitl_i[time_cost][i] = max(dp_cost_unitl_i[time_cost][i - 1], tmp)
s988653796.py(50):         for i in range(1, n + 1):
s988653796.py(51):             tmp = energy[i] + dp_cost_unitl_i[time_cost - eating_cost[i]][i - 1] if time_cost - eating_cost[i] >= 0 else 0
s988653796.py(52):             dp_cost_unitl_i[time_cost][i] = max(dp_cost_unitl_i[time_cost][i - 1], tmp)
s988653796.py(50):         for i in range(1, n + 1):
s988653796.py(49):     for time_cost in range(1, t):
s988653796.py(54):     dp_cost_from_i = [[0] * (n + 2) for _ in range(t)]
 --- modulename: s988653796, funcname: <listcomp>
s988653796.py(54):     dp_cost_from_i = [[0] * (n + 2) for _ in range(t)]
s988653796.py(54):     dp_cost_from_i = [[0] * (n + 2) for _ in range(t)]
s988653796.py(54):     dp_cost_from_i = [[0] * (n + 2) for _ in range(t)]
s988653796.py(54):     dp_cost_from_i = [[0] * (n + 2) for _ in range(t)]
s988653796.py(54):     dp_cost_from_i = [[0] * (n + 2) for _ in range(t)]
s988653796.py(54):     dp_cost_from_i = [[0] * (n + 2) for _ in range(t)]
s988653796.py(54):     dp_cost_from_i = [[0] * (n + 2) for _ in range(t)]
s988653796.py(54):     dp_cost_from_i = [[0] * (n + 2) for _ in range(t)]
s988653796.py(54):     dp_cost_from_i = [[0] * (n + 2) for _ in range(t)]
s988653796.py(54):     dp_cost_from_i = [[0] * (n + 2) for _ in range(t)]
s988653796.py(54):     dp_cost_from_i = [[0] * (n + 2) for _ in range(t)]
s988653796.py(54):     dp_cost_from_i = [[0] * (n + 2) for _ in range(t)]
s988653796.py(54):     dp_cost_from_i = [[0] * (n + 2) for _ in range(t)]
s988653796.py(54):     dp_cost_from_i = [[0] * (n + 2) for _ in range(t)]
s988653796.py(54):     dp_cost_from_i = [[0] * (n + 2) for _ in range(t)]
s988653796.py(54):     dp_cost_from_i = [[0] * (n + 2) for _ in range(t)]
s988653796.py(54):     dp_cost_from_i = [[0] * (n + 2) for _ in range(t)]
s988653796.py(54):     dp_cost_from_i = [[0] * (n + 2) for _ in range(t)]
s988653796.py(54):     dp_cost_from_i = [[0] * (n + 2) for _ in range(t)]
s988653796.py(54):     dp_cost_from_i = [[0] * (n + 2) for _ in range(t)]
s988653796.py(54):     dp_cost_from_i = [[0] * (n + 2) for _ in range(t)]
s988653796.py(54):     dp_cost_from_i = [[0] * (n + 2) for _ in range(t)]
s988653796.py(54):     dp_cost_from_i = [[0] * (n + 2) for _ in range(t)]
s988653796.py(54):     dp_cost_from_i = [[0] * (n + 2) for _ in range(t)]
s988653796.py(54):     dp_cost_from_i = [[0] * (n + 2) for _ in range(t)]
s988653796.py(54):     dp_cost_from_i = [[0] * (n + 2) for _ in range(t)]
s988653796.py(54):     dp_cost_from_i = [[0] * (n + 2) for _ in range(t)]
s988653796.py(54):     dp_cost_from_i = [[0] * (n + 2) for _ in range(t)]
s988653796.py(54):     dp_cost_from_i = [[0] * (n + 2) for _ in range(t)]
s988653796.py(54):     dp_cost_from_i = [[0] * (n + 2) for _ in range(t)]
s988653796.py(54):     dp_cost_from_i = [[0] * (n + 2) for _ in range(t)]
s988653796.py(54):     dp_cost_from_i = [[0] * (n + 2) for _ in range(t)]
s988653796.py(54):     dp_cost_from_i = [[0] * (n + 2) for _ in range(t)]
s988653796.py(54):     dp_cost_from_i = [[0] * (n + 2) for _ in range(t)]
s988653796.py(54):     dp_cost_from_i = [[0] * (n + 2) for _ in range(t)]
s988653796.py(54):     dp_cost_from_i = [[0] * (n + 2) for _ in range(t)]
s988653796.py(54):     dp_cost_from_i = [[0] * (n + 2) for _ in range(t)]
s988653796.py(54):     dp_cost_from_i = [[0] * (n + 2) for _ in range(t)]
s988653796.py(54):     dp_cost_from_i = [[0] * (n + 2) for _ in range(t)]
s988653796.py(54):     dp_cost_from_i = [[0] * (n + 2) for _ in range(t)]
s988653796.py(54):     dp_cost_from_i = [[0] * (n + 2) for _ in range(t)]
s988653796.py(54):     dp_cost_from_i = [[0] * (n + 2) for _ in range(t)]
s988653796.py(54):     dp_cost_from_i = [[0] * (n + 2) for _ in range(t)]
s988653796.py(54):     dp_cost_from_i = [[0] * (n + 2) for _ in range(t)]
s988653796.py(54):     dp_cost_from_i = [[0] * (n + 2) for _ in range(t)]
s988653796.py(54):     dp_cost_from_i = [[0] * (n + 2) for _ in range(t)]
s988653796.py(54):     dp_cost_from_i = [[0] * (n + 2) for _ in range(t)]
s988653796.py(54):     dp_cost_from_i = [[0] * (n + 2) for _ in range(t)]
s988653796.py(54):     dp_cost_from_i = [[0] * (n + 2) for _ in range(t)]
s988653796.py(54):     dp_cost_from_i = [[0] * (n + 2) for _ in range(t)]
s988653796.py(54):     dp_cost_from_i = [[0] * (n + 2) for _ in range(t)]
s988653796.py(54):     dp_cost_from_i = [[0] * (n + 2) for _ in range(t)]
s988653796.py(54):     dp_cost_from_i = [[0] * (n + 2) for _ in range(t)]
s988653796.py(54):     dp_cost_from_i = [[0] * (n + 2) for _ in range(t)]
s988653796.py(54):     dp_cost_from_i = [[0] * (n + 2) for _ in range(t)]
s988653796.py(54):     dp_cost_from_i = [[0] * (n + 2) for _ in range(t)]
s988653796.py(54):     dp_cost_from_i = [[0] * (n + 2) for _ in range(t)]
s988653796.py(54):     dp_cost_from_i = [[0] * (n + 2) for _ in range(t)]
s988653796.py(54):     dp_cost_from_i = [[0] * (n + 2) for _ in range(t)]
s988653796.py(54):     dp_cost_from_i = [[0] * (n + 2) for _ in range(t)]
s988653796.py(54):     dp_cost_from_i = [[0] * (n + 2) for _ in range(t)]
s988653796.py(55):     for time_cost in range(1, t):
s988653796.py(56):         for i in range(n, 0, -1):
s988653796.py(57):             tmp = energy[i] + dp_cost_from_i[time_cost - eating_cost[i]][i + 1] if time_cost - eating_cost[i] >= 0 else 0
s988653796.py(58):             dp_cost_from_i[time_cost][i] = max(dp_cost_from_i[time_cost][i + 1], tmp)
s988653796.py(56):         for i in range(n, 0, -1):
s988653796.py(57):             tmp = energy[i] + dp_cost_from_i[time_cost - eating_cost[i]][i + 1] if time_cost - eating_cost[i] >= 0 else 0
s988653796.py(58):             dp_cost_from_i[time_cost][i] = max(dp_cost_from_i[time_cost][i + 1], tmp)
s988653796.py(56):         for i in range(n, 0, -1):
s988653796.py(55):     for time_cost in range(1, t):
s988653796.py(56):         for i in range(n, 0, -1):
s988653796.py(57):             tmp = energy[i] + dp_cost_from_i[time_cost - eating_cost[i]][i + 1] if time_cost - eating_cost[i] >= 0 else 0
s988653796.py(58):             dp_cost_from_i[time_cost][i] = max(dp_cost_from_i[time_cost][i + 1], tmp)
s988653796.py(56):         for i in range(n, 0, -1):
s988653796.py(57):             tmp = energy[i] + dp_cost_from_i[time_cost - eating_cost[i]][i + 1] if time_cost - eating_cost[i] >= 0 else 0
s988653796.py(58):             dp_cost_from_i[time_cost][i] = max(dp_cost_from_i[time_cost][i + 1], tmp)
s988653796.py(56):         for i in range(n, 0, -1):
s988653796.py(55):     for time_cost in range(1, t):
s988653796.py(56):         for i in range(n, 0, -1):
s988653796.py(57):             tmp = energy[i] + dp_cost_from_i[time_cost - eating_cost[i]][i + 1] if time_cost - eating_cost[i] >= 0 else 0
s988653796.py(58):             dp_cost_from_i[time_cost][i] = max(dp_cost_from_i[time_cost][i + 1], tmp)
s988653796.py(56):         for i in range(n, 0, -1):
s988653796.py(57):             tmp = energy[i] + dp_cost_from_i[time_cost - eating_cost[i]][i + 1] if time_cost - eating_cost[i] >= 0 else 0
s988653796.py(58):             dp_cost_from_i[time_cost][i] = max(dp_cost_from_i[time_cost][i + 1], tmp)
s988653796.py(56):         for i in range(n, 0, -1):
s988653796.py(55):     for time_cost in range(1, t):
s988653796.py(56):         for i in range(n, 0, -1):
s988653796.py(57):             tmp = energy[i] + dp_cost_from_i[time_cost - eating_cost[i]][i + 1] if time_cost - eating_cost[i] >= 0 else 0
s988653796.py(58):             dp_cost_from_i[time_cost][i] = max(dp_cost_from_i[time_cost][i + 1], tmp)
s988653796.py(56):         for i in range(n, 0, -1):
s988653796.py(57):             tmp = energy[i] + dp_cost_from_i[time_cost - eating_cost[i]][i + 1] if time_cost - eating_cost[i] >= 0 else 0
s988653796.py(58):             dp_cost_from_i[time_cost][i] = max(dp_cost_from_i[time_cost][i + 1], tmp)
s988653796.py(56):         for i in range(n, 0, -1):
s988653796.py(55):     for time_cost in range(1, t):
s988653796.py(56):         for i in range(n, 0, -1):
s988653796.py(57):             tmp = energy[i] + dp_cost_from_i[time_cost - eating_cost[i]][i + 1] if time_cost - eating_cost[i] >= 0 else 0
s988653796.py(58):             dp_cost_from_i[time_cost][i] = max(dp_cost_from_i[time_cost][i + 1], tmp)
s988653796.py(56):         for i in range(n, 0, -1):
s988653796.py(57):             tmp = energy[i] + dp_cost_from_i[time_cost - eating_cost[i]][i + 1] if time_cost - eating_cost[i] >= 0 else 0
s988653796.py(58):             dp_cost_from_i[time_cost][i] = max(dp_cost_from_i[time_cost][i + 1], tmp)
s988653796.py(56):         for i in range(n, 0, -1):
s988653796.py(55):     for time_cost in range(1, t):
s988653796.py(56):         for i in range(n, 0, -1):
s988653796.py(57):             tmp = energy[i] + dp_cost_from_i[time_cost - eating_cost[i]][i + 1] if time_cost - eating_cost[i] >= 0 else 0
s988653796.py(58):             dp_cost_from_i[time_cost][i] = max(dp_cost_from_i[time_cost][i + 1], tmp)
s988653796.py(56):         for i in range(n, 0, -1):
s988653796.py(57):             tmp = energy[i] + dp_cost_from_i[time_cost - eating_cost[i]][i + 1] if time_cost - eating_cost[i] >= 0 else 0
s988653796.py(58):             dp_cost_from_i[time_cost][i] = max(dp_cost_from_i[time_cost][i + 1], tmp)
s988653796.py(56):         for i in range(n, 0, -1):
s988653796.py(55):     for time_cost in range(1, t):
s988653796.py(56):         for i in range(n, 0, -1):
s988653796.py(57):             tmp = energy[i] + dp_cost_from_i[time_cost - eating_cost[i]][i + 1] if time_cost - eating_cost[i] >= 0 else 0
s988653796.py(58):             dp_cost_from_i[time_cost][i] = max(dp_cost_from_i[time_cost][i + 1], tmp)
s988653796.py(56):         for i in range(n, 0, -1):
s988653796.py(57):             tmp = energy[i] + dp_cost_from_i[time_cost - eating_cost[i]][i + 1] if time_cost - eating_cost[i] >= 0 else 0
s988653796.py(58):             dp_cost_from_i[time_cost][i] = max(dp_cost_from_i[time_cost][i + 1], tmp)
s988653796.py(56):         for i in range(n, 0, -1):
s988653796.py(55):     for time_cost in range(1, t):
s988653796.py(56):         for i in range(n, 0, -1):
s988653796.py(57):             tmp = energy[i] + dp_cost_from_i[time_cost - eating_cost[i]][i + 1] if time_cost - eating_cost[i] >= 0 else 0
s988653796.py(58):             dp_cost_from_i[time_cost][i] = max(dp_cost_from_i[time_cost][i + 1], tmp)
s988653796.py(56):         for i in range(n, 0, -1):
s988653796.py(57):             tmp = energy[i] + dp_cost_from_i[time_cost - eating_cost[i]][i + 1] if time_cost - eating_cost[i] >= 0 else 0
s988653796.py(58):             dp_cost_from_i[time_cost][i] = max(dp_cost_from_i[time_cost][i + 1], tmp)
s988653796.py(56):         for i in range(n, 0, -1):
s988653796.py(55):     for time_cost in range(1, t):
s988653796.py(56):         for i in range(n, 0, -1):
s988653796.py(57):             tmp = energy[i] + dp_cost_from_i[time_cost - eating_cost[i]][i + 1] if time_cost - eating_cost[i] >= 0 else 0
s988653796.py(58):             dp_cost_from_i[time_cost][i] = max(dp_cost_from_i[time_cost][i + 1], tmp)
s988653796.py(56):         for i in range(n, 0, -1):
s988653796.py(57):             tmp = energy[i] + dp_cost_from_i[time_cost - eating_cost[i]][i + 1] if time_cost - eating_cost[i] >= 0 else 0
s988653796.py(58):             dp_cost_from_i[time_cost][i] = max(dp_cost_from_i[time_cost][i + 1], tmp)
s988653796.py(56):         for i in range(n, 0, -1):
s988653796.py(55):     for time_cost in range(1, t):
s988653796.py(56):         for i in range(n, 0, -1):
s988653796.py(57):             tmp = energy[i] + dp_cost_from_i[time_cost - eating_cost[i]][i + 1] if time_cost - eating_cost[i] >= 0 else 0
s988653796.py(58):             dp_cost_from_i[time_cost][i] = max(dp_cost_from_i[time_cost][i + 1], tmp)
s988653796.py(56):         for i in range(n, 0, -1):
s988653796.py(57):             tmp = energy[i] + dp_cost_from_i[time_cost - eating_cost[i]][i + 1] if time_cost - eating_cost[i] >= 0 else 0
s988653796.py(58):             dp_cost_from_i[time_cost][i] = max(dp_cost_from_i[time_cost][i + 1], tmp)
s988653796.py(56):         for i in range(n, 0, -1):
s988653796.py(55):     for time_cost in range(1, t):
s988653796.py(56):         for i in range(n, 0, -1):
s988653796.py(57):             tmp = energy[i] + dp_cost_from_i[time_cost - eating_cost[i]][i + 1] if time_cost - eating_cost[i] >= 0 else 0
s988653796.py(58):             dp_cost_from_i[time_cost][i] = max(dp_cost_from_i[time_cost][i + 1], tmp)
s988653796.py(56):         for i in range(n, 0, -1):
s988653796.py(57):             tmp = energy[i] + dp_cost_from_i[time_cost - eating_cost[i]][i + 1] if time_cost - eating_cost[i] >= 0 else 0
s988653796.py(58):             dp_cost_from_i[time_cost][i] = max(dp_cost_from_i[time_cost][i + 1], tmp)
s988653796.py(56):         for i in range(n, 0, -1):
s988653796.py(55):     for time_cost in range(1, t):
s988653796.py(56):         for i in range(n, 0, -1):
s988653796.py(57):             tmp = energy[i] + dp_cost_from_i[time_cost - eating_cost[i]][i + 1] if time_cost - eating_cost[i] >= 0 else 0
s988653796.py(58):             dp_cost_from_i[time_cost][i] = max(dp_cost_from_i[time_cost][i + 1], tmp)
s988653796.py(56):         for i in range(n, 0, -1):
s988653796.py(57):             tmp = energy[i] + dp_cost_from_i[time_cost - eating_cost[i]][i + 1] if time_cost - eating_cost[i] >= 0 else 0
s988653796.py(58):             dp_cost_from_i[time_cost][i] = max(dp_cost_from_i[time_cost][i + 1], tmp)
s988653796.py(56):         for i in range(n, 0, -1):
s988653796.py(55):     for time_cost in range(1, t):
s988653796.py(56):         for i in range(n, 0, -1):
s988653796.py(57):             tmp = energy[i] + dp_cost_from_i[time_cost - eating_cost[i]][i + 1] if time_cost - eating_cost[i] >= 0 else 0
s988653796.py(58):             dp_cost_from_i[time_cost][i] = max(dp_cost_from_i[time_cost][i + 1], tmp)
s988653796.py(56):         for i in range(n, 0, -1):
s988653796.py(57):             tmp = energy[i] + dp_cost_from_i[time_cost - eating_cost[i]][i + 1] if time_cost - eating_cost[i] >= 0 else 0
s988653796.py(58):             dp_cost_from_i[time_cost][i] = max(dp_cost_from_i[time_cost][i + 1], tmp)
s988653796.py(56):         for i in range(n, 0, -1):
s988653796.py(55):     for time_cost in range(1, t):
s988653796.py(56):         for i in range(n, 0, -1):
s988653796.py(57):             tmp = energy[i] + dp_cost_from_i[time_cost - eating_cost[i]][i + 1] if time_cost - eating_cost[i] >= 0 else 0
s988653796.py(58):             dp_cost_from_i[time_cost][i] = max(dp_cost_from_i[time_cost][i + 1], tmp)
s988653796.py(56):         for i in range(n, 0, -1):
s988653796.py(57):             tmp = energy[i] + dp_cost_from_i[time_cost - eating_cost[i]][i + 1] if time_cost - eating_cost[i] >= 0 else 0
s988653796.py(58):             dp_cost_from_i[time_cost][i] = max(dp_cost_from_i[time_cost][i + 1], tmp)
s988653796.py(56):         for i in range(n, 0, -1):
s988653796.py(55):     for time_cost in range(1, t):
s988653796.py(56):         for i in range(n, 0, -1):
s988653796.py(57):             tmp = energy[i] + dp_cost_from_i[time_cost - eating_cost[i]][i + 1] if time_cost - eating_cost[i] >= 0 else 0
s988653796.py(58):             dp_cost_from_i[time_cost][i] = max(dp_cost_from_i[time_cost][i + 1], tmp)
s988653796.py(56):         for i in range(n, 0, -1):
s988653796.py(57):             tmp = energy[i] + dp_cost_from_i[time_cost - eating_cost[i]][i + 1] if time_cost - eating_cost[i] >= 0 else 0
s988653796.py(58):             dp_cost_from_i[time_cost][i] = max(dp_cost_from_i[time_cost][i + 1], tmp)
s988653796.py(56):         for i in range(n, 0, -1):
s988653796.py(55):     for time_cost in range(1, t):
s988653796.py(56):         for i in range(n, 0, -1):
s988653796.py(57):             tmp = energy[i] + dp_cost_from_i[time_cost - eating_cost[i]][i + 1] if time_cost - eating_cost[i] >= 0 else 0
s988653796.py(58):             dp_cost_from_i[time_cost][i] = max(dp_cost_from_i[time_cost][i + 1], tmp)
s988653796.py(56):         for i in range(n, 0, -1):
s988653796.py(57):             tmp = energy[i] + dp_cost_from_i[time_cost - eating_cost[i]][i + 1] if time_cost - eating_cost[i] >= 0 else 0
s988653796.py(58):             dp_cost_from_i[time_cost][i] = max(dp_cost_from_i[time_cost][i + 1], tmp)
s988653796.py(56):         for i in range(n, 0, -1):
s988653796.py(55):     for time_cost in range(1, t):
s988653796.py(56):         for i in range(n, 0, -1):
s988653796.py(57):             tmp = energy[i] + dp_cost_from_i[time_cost - eating_cost[i]][i + 1] if time_cost - eating_cost[i] >= 0 else 0
s988653796.py(58):             dp_cost_from_i[time_cost][i] = max(dp_cost_from_i[time_cost][i + 1], tmp)
s988653796.py(56):         for i in range(n, 0, -1):
s988653796.py(57):             tmp = energy[i] + dp_cost_from_i[time_cost - eating_cost[i]][i + 1] if time_cost - eating_cost[i] >= 0 else 0
s988653796.py(58):             dp_cost_from_i[time_cost][i] = max(dp_cost_from_i[time_cost][i + 1], tmp)
s988653796.py(56):         for i in range(n, 0, -1):
s988653796.py(55):     for time_cost in range(1, t):
s988653796.py(56):         for i in range(n, 0, -1):
s988653796.py(57):             tmp = energy[i] + dp_cost_from_i[time_cost - eating_cost[i]][i + 1] if time_cost - eating_cost[i] >= 0 else 0
s988653796.py(58):             dp_cost_from_i[time_cost][i] = max(dp_cost_from_i[time_cost][i + 1], tmp)
s988653796.py(56):         for i in range(n, 0, -1):
s988653796.py(57):             tmp = energy[i] + dp_cost_from_i[time_cost - eating_cost[i]][i + 1] if time_cost - eating_cost[i] >= 0 else 0
s988653796.py(58):             dp_cost_from_i[time_cost][i] = max(dp_cost_from_i[time_cost][i + 1], tmp)
s988653796.py(56):         for i in range(n, 0, -1):
s988653796.py(55):     for time_cost in range(1, t):
s988653796.py(56):         for i in range(n, 0, -1):
s988653796.py(57):             tmp = energy[i] + dp_cost_from_i[time_cost - eating_cost[i]][i + 1] if time_cost - eating_cost[i] >= 0 else 0
s988653796.py(58):             dp_cost_from_i[time_cost][i] = max(dp_cost_from_i[time_cost][i + 1], tmp)
s988653796.py(56):         for i in range(n, 0, -1):
s988653796.py(57):             tmp = energy[i] + dp_cost_from_i[time_cost - eating_cost[i]][i + 1] if time_cost - eating_cost[i] >= 0 else 0
s988653796.py(58):             dp_cost_from_i[time_cost][i] = max(dp_cost_from_i[time_cost][i + 1], tmp)
s988653796.py(56):         for i in range(n, 0, -1):
s988653796.py(55):     for time_cost in range(1, t):
s988653796.py(56):         for i in range(n, 0, -1):
s988653796.py(57):             tmp = energy[i] + dp_cost_from_i[time_cost - eating_cost[i]][i + 1] if time_cost - eating_cost[i] >= 0 else 0
s988653796.py(58):             dp_cost_from_i[time_cost][i] = max(dp_cost_from_i[time_cost][i + 1], tmp)
s988653796.py(56):         for i in range(n, 0, -1):
s988653796.py(57):             tmp = energy[i] + dp_cost_from_i[time_cost - eating_cost[i]][i + 1] if time_cost - eating_cost[i] >= 0 else 0
s988653796.py(58):             dp_cost_from_i[time_cost][i] = max(dp_cost_from_i[time_cost][i + 1], tmp)
s988653796.py(56):         for i in range(n, 0, -1):
s988653796.py(55):     for time_cost in range(1, t):
s988653796.py(56):         for i in range(n, 0, -1):
s988653796.py(57):             tmp = energy[i] + dp_cost_from_i[time_cost - eating_cost[i]][i + 1] if time_cost - eating_cost[i] >= 0 else 0
s988653796.py(58):             dp_cost_from_i[time_cost][i] = max(dp_cost_from_i[time_cost][i + 1], tmp)
s988653796.py(56):         for i in range(n, 0, -1):
s988653796.py(57):             tmp = energy[i] + dp_cost_from_i[time_cost - eating_cost[i]][i + 1] if time_cost - eating_cost[i] >= 0 else 0
s988653796.py(58):             dp_cost_from_i[time_cost][i] = max(dp_cost_from_i[time_cost][i + 1], tmp)
s988653796.py(56):         for i in range(n, 0, -1):
s988653796.py(55):     for time_cost in range(1, t):
s988653796.py(56):         for i in range(n, 0, -1):
s988653796.py(57):             tmp = energy[i] + dp_cost_from_i[time_cost - eating_cost[i]][i + 1] if time_cost - eating_cost[i] >= 0 else 0
s988653796.py(58):             dp_cost_from_i[time_cost][i] = max(dp_cost_from_i[time_cost][i + 1], tmp)
s988653796.py(56):         for i in range(n, 0, -1):
s988653796.py(57):             tmp = energy[i] + dp_cost_from_i[time_cost - eating_cost[i]][i + 1] if time_cost - eating_cost[i] >= 0 else 0
s988653796.py(58):             dp_cost_from_i[time_cost][i] = max(dp_cost_from_i[time_cost][i + 1], tmp)
s988653796.py(56):         for i in range(n, 0, -1):
s988653796.py(55):     for time_cost in range(1, t):
s988653796.py(56):         for i in range(n, 0, -1):
s988653796.py(57):             tmp = energy[i] + dp_cost_from_i[time_cost - eating_cost[i]][i + 1] if time_cost - eating_cost[i] >= 0 else 0
s988653796.py(58):             dp_cost_from_i[time_cost][i] = max(dp_cost_from_i[time_cost][i + 1], tmp)
s988653796.py(56):         for i in range(n, 0, -1):
s988653796.py(57):             tmp = energy[i] + dp_cost_from_i[time_cost - eating_cost[i]][i + 1] if time_cost - eating_cost[i] >= 0 else 0
s988653796.py(58):             dp_cost_from_i[time_cost][i] = max(dp_cost_from_i[time_cost][i + 1], tmp)
s988653796.py(56):         for i in range(n, 0, -1):
s988653796.py(55):     for time_cost in range(1, t):
s988653796.py(56):         for i in range(n, 0, -1):
s988653796.py(57):             tmp = energy[i] + dp_cost_from_i[time_cost - eating_cost[i]][i + 1] if time_cost - eating_cost[i] >= 0 else 0
s988653796.py(58):             dp_cost_from_i[time_cost][i] = max(dp_cost_from_i[time_cost][i + 1], tmp)
s988653796.py(56):         for i in range(n, 0, -1):
s988653796.py(57):             tmp = energy[i] + dp_cost_from_i[time_cost - eating_cost[i]][i + 1] if time_cost - eating_cost[i] >= 0 else 0
s988653796.py(58):             dp_cost_from_i[time_cost][i] = max(dp_cost_from_i[time_cost][i + 1], tmp)
s988653796.py(56):         for i in range(n, 0, -1):
s988653796.py(55):     for time_cost in range(1, t):
s988653796.py(56):         for i in range(n, 0, -1):
s988653796.py(57):             tmp = energy[i] + dp_cost_from_i[time_cost - eating_cost[i]][i + 1] if time_cost - eating_cost[i] >= 0 else 0
s988653796.py(58):             dp_cost_from_i[time_cost][i] = max(dp_cost_from_i[time_cost][i + 1], tmp)
s988653796.py(56):         for i in range(n, 0, -1):
s988653796.py(57):             tmp = energy[i] + dp_cost_from_i[time_cost - eating_cost[i]][i + 1] if time_cost - eating_cost[i] >= 0 else 0
s988653796.py(58):             dp_cost_from_i[time_cost][i] = max(dp_cost_from_i[time_cost][i + 1], tmp)
s988653796.py(56):         for i in range(n, 0, -1):
s988653796.py(55):     for time_cost in range(1, t):
s988653796.py(56):         for i in range(n, 0, -1):
s988653796.py(57):             tmp = energy[i] + dp_cost_from_i[time_cost - eating_cost[i]][i + 1] if time_cost - eating_cost[i] >= 0 else 0
s988653796.py(58):             dp_cost_from_i[time_cost][i] = max(dp_cost_from_i[time_cost][i + 1], tmp)
s988653796.py(56):         for i in range(n, 0, -1):
s988653796.py(57):             tmp = energy[i] + dp_cost_from_i[time_cost - eating_cost[i]][i + 1] if time_cost - eating_cost[i] >= 0 else 0
s988653796.py(58):             dp_cost_from_i[time_cost][i] = max(dp_cost_from_i[time_cost][i + 1], tmp)
s988653796.py(56):         for i in range(n, 0, -1):
s988653796.py(55):     for time_cost in range(1, t):
s988653796.py(56):         for i in range(n, 0, -1):
s988653796.py(57):             tmp = energy[i] + dp_cost_from_i[time_cost - eating_cost[i]][i + 1] if time_cost - eating_cost[i] >= 0 else 0
s988653796.py(58):             dp_cost_from_i[time_cost][i] = max(dp_cost_from_i[time_cost][i + 1], tmp)
s988653796.py(56):         for i in range(n, 0, -1):
s988653796.py(57):             tmp = energy[i] + dp_cost_from_i[time_cost - eating_cost[i]][i + 1] if time_cost - eating_cost[i] >= 0 else 0
s988653796.py(58):             dp_cost_from_i[time_cost][i] = max(dp_cost_from_i[time_cost][i + 1], tmp)
s988653796.py(56):         for i in range(n, 0, -1):
s988653796.py(55):     for time_cost in range(1, t):
s988653796.py(56):         for i in range(n, 0, -1):
s988653796.py(57):             tmp = energy[i] + dp_cost_from_i[time_cost - eating_cost[i]][i + 1] if time_cost - eating_cost[i] >= 0 else 0
s988653796.py(58):             dp_cost_from_i[time_cost][i] = max(dp_cost_from_i[time_cost][i + 1], tmp)
s988653796.py(56):         for i in range(n, 0, -1):
s988653796.py(57):             tmp = energy[i] + dp_cost_from_i[time_cost - eating_cost[i]][i + 1] if time_cost - eating_cost[i] >= 0 else 0
s988653796.py(58):             dp_cost_from_i[time_cost][i] = max(dp_cost_from_i[time_cost][i + 1], tmp)
s988653796.py(56):         for i in range(n, 0, -1):
s988653796.py(55):     for time_cost in range(1, t):
s988653796.py(56):         for i in range(n, 0, -1):
s988653796.py(57):             tmp = energy[i] + dp_cost_from_i[time_cost - eating_cost[i]][i + 1] if time_cost - eating_cost[i] >= 0 else 0
s988653796.py(58):             dp_cost_from_i[time_cost][i] = max(dp_cost_from_i[time_cost][i + 1], tmp)
s988653796.py(56):         for i in range(n, 0, -1):
s988653796.py(57):             tmp = energy[i] + dp_cost_from_i[time_cost - eating_cost[i]][i + 1] if time_cost - eating_cost[i] >= 0 else 0
s988653796.py(58):             dp_cost_from_i[time_cost][i] = max(dp_cost_from_i[time_cost][i + 1], tmp)
s988653796.py(56):         for i in range(n, 0, -1):
s988653796.py(55):     for time_cost in range(1, t):
s988653796.py(56):         for i in range(n, 0, -1):
s988653796.py(57):             tmp = energy[i] + dp_cost_from_i[time_cost - eating_cost[i]][i + 1] if time_cost - eating_cost[i] >= 0 else 0
s988653796.py(58):             dp_cost_from_i[time_cost][i] = max(dp_cost_from_i[time_cost][i + 1], tmp)
s988653796.py(56):         for i in range(n, 0, -1):
s988653796.py(57):             tmp = energy[i] + dp_cost_from_i[time_cost - eating_cost[i]][i + 1] if time_cost - eating_cost[i] >= 0 else 0
s988653796.py(58):             dp_cost_from_i[time_cost][i] = max(dp_cost_from_i[time_cost][i + 1], tmp)
s988653796.py(56):         for i in range(n, 0, -1):
s988653796.py(55):     for time_cost in range(1, t):
s988653796.py(56):         for i in range(n, 0, -1):
s988653796.py(57):             tmp = energy[i] + dp_cost_from_i[time_cost - eating_cost[i]][i + 1] if time_cost - eating_cost[i] >= 0 else 0
s988653796.py(58):             dp_cost_from_i[time_cost][i] = max(dp_cost_from_i[time_cost][i + 1], tmp)
s988653796.py(56):         for i in range(n, 0, -1):
s988653796.py(57):             tmp = energy[i] + dp_cost_from_i[time_cost - eating_cost[i]][i + 1] if time_cost - eating_cost[i] >= 0 else 0
s988653796.py(58):             dp_cost_from_i[time_cost][i] = max(dp_cost_from_i[time_cost][i + 1], tmp)
s988653796.py(56):         for i in range(n, 0, -1):
s988653796.py(55):     for time_cost in range(1, t):
s988653796.py(56):         for i in range(n, 0, -1):
s988653796.py(57):             tmp = energy[i] + dp_cost_from_i[time_cost - eating_cost[i]][i + 1] if time_cost - eating_cost[i] >= 0 else 0
s988653796.py(58):             dp_cost_from_i[time_cost][i] = max(dp_cost_from_i[time_cost][i + 1], tmp)
s988653796.py(56):         for i in range(n, 0, -1):
s988653796.py(57):             tmp = energy[i] + dp_cost_from_i[time_cost - eating_cost[i]][i + 1] if time_cost - eating_cost[i] >= 0 else 0
s988653796.py(58):             dp_cost_from_i[time_cost][i] = max(dp_cost_from_i[time_cost][i + 1], tmp)
s988653796.py(56):         for i in range(n, 0, -1):
s988653796.py(55):     for time_cost in range(1, t):
s988653796.py(56):         for i in range(n, 0, -1):
s988653796.py(57):             tmp = energy[i] + dp_cost_from_i[time_cost - eating_cost[i]][i + 1] if time_cost - eating_cost[i] >= 0 else 0
s988653796.py(58):             dp_cost_from_i[time_cost][i] = max(dp_cost_from_i[time_cost][i + 1], tmp)
s988653796.py(56):         for i in range(n, 0, -1):
s988653796.py(57):             tmp = energy[i] + dp_cost_from_i[time_cost - eating_cost[i]][i + 1] if time_cost - eating_cost[i] >= 0 else 0
s988653796.py(58):             dp_cost_from_i[time_cost][i] = max(dp_cost_from_i[time_cost][i + 1], tmp)
s988653796.py(56):         for i in range(n, 0, -1):
s988653796.py(55):     for time_cost in range(1, t):
s988653796.py(56):         for i in range(n, 0, -1):
s988653796.py(57):             tmp = energy[i] + dp_cost_from_i[time_cost - eating_cost[i]][i + 1] if time_cost - eating_cost[i] >= 0 else 0
s988653796.py(58):             dp_cost_from_i[time_cost][i] = max(dp_cost_from_i[time_cost][i + 1], tmp)
s988653796.py(56):         for i in range(n, 0, -1):
s988653796.py(57):             tmp = energy[i] + dp_cost_from_i[time_cost - eating_cost[i]][i + 1] if time_cost - eating_cost[i] >= 0 else 0
s988653796.py(58):             dp_cost_from_i[time_cost][i] = max(dp_cost_from_i[time_cost][i + 1], tmp)
s988653796.py(56):         for i in range(n, 0, -1):
s988653796.py(55):     for time_cost in range(1, t):
s988653796.py(56):         for i in range(n, 0, -1):
s988653796.py(57):             tmp = energy[i] + dp_cost_from_i[time_cost - eating_cost[i]][i + 1] if time_cost - eating_cost[i] >= 0 else 0
s988653796.py(58):             dp_cost_from_i[time_cost][i] = max(dp_cost_from_i[time_cost][i + 1], tmp)
s988653796.py(56):         for i in range(n, 0, -1):
s988653796.py(57):             tmp = energy[i] + dp_cost_from_i[time_cost - eating_cost[i]][i + 1] if time_cost - eating_cost[i] >= 0 else 0
s988653796.py(58):             dp_cost_from_i[time_cost][i] = max(dp_cost_from_i[time_cost][i + 1], tmp)
s988653796.py(56):         for i in range(n, 0, -1):
s988653796.py(55):     for time_cost in range(1, t):
s988653796.py(56):         for i in range(n, 0, -1):
s988653796.py(57):             tmp = energy[i] + dp_cost_from_i[time_cost - eating_cost[i]][i + 1] if time_cost - eating_cost[i] >= 0 else 0
s988653796.py(58):             dp_cost_from_i[time_cost][i] = max(dp_cost_from_i[time_cost][i + 1], tmp)
s988653796.py(56):         for i in range(n, 0, -1):
s988653796.py(57):             tmp = energy[i] + dp_cost_from_i[time_cost - eating_cost[i]][i + 1] if time_cost - eating_cost[i] >= 0 else 0
s988653796.py(58):             dp_cost_from_i[time_cost][i] = max(dp_cost_from_i[time_cost][i + 1], tmp)
s988653796.py(56):         for i in range(n, 0, -1):
s988653796.py(55):     for time_cost in range(1, t):
s988653796.py(56):         for i in range(n, 0, -1):
s988653796.py(57):             tmp = energy[i] + dp_cost_from_i[time_cost - eating_cost[i]][i + 1] if time_cost - eating_cost[i] >= 0 else 0
s988653796.py(58):             dp_cost_from_i[time_cost][i] = max(dp_cost_from_i[time_cost][i + 1], tmp)
s988653796.py(56):         for i in range(n, 0, -1):
s988653796.py(57):             tmp = energy[i] + dp_cost_from_i[time_cost - eating_cost[i]][i + 1] if time_cost - eating_cost[i] >= 0 else 0
s988653796.py(58):             dp_cost_from_i[time_cost][i] = max(dp_cost_from_i[time_cost][i + 1], tmp)
s988653796.py(56):         for i in range(n, 0, -1):
s988653796.py(55):     for time_cost in range(1, t):
s988653796.py(56):         for i in range(n, 0, -1):
s988653796.py(57):             tmp = energy[i] + dp_cost_from_i[time_cost - eating_cost[i]][i + 1] if time_cost - eating_cost[i] >= 0 else 0
s988653796.py(58):             dp_cost_from_i[time_cost][i] = max(dp_cost_from_i[time_cost][i + 1], tmp)
s988653796.py(56):         for i in range(n, 0, -1):
s988653796.py(57):             tmp = energy[i] + dp_cost_from_i[time_cost - eating_cost[i]][i + 1] if time_cost - eating_cost[i] >= 0 else 0
s988653796.py(58):             dp_cost_from_i[time_cost][i] = max(dp_cost_from_i[time_cost][i + 1], tmp)
s988653796.py(56):         for i in range(n, 0, -1):
s988653796.py(55):     for time_cost in range(1, t):
s988653796.py(56):         for i in range(n, 0, -1):
s988653796.py(57):             tmp = energy[i] + dp_cost_from_i[time_cost - eating_cost[i]][i + 1] if time_cost - eating_cost[i] >= 0 else 0
s988653796.py(58):             dp_cost_from_i[time_cost][i] = max(dp_cost_from_i[time_cost][i + 1], tmp)
s988653796.py(56):         for i in range(n, 0, -1):
s988653796.py(57):             tmp = energy[i] + dp_cost_from_i[time_cost - eating_cost[i]][i + 1] if time_cost - eating_cost[i] >= 0 else 0
s988653796.py(58):             dp_cost_from_i[time_cost][i] = max(dp_cost_from_i[time_cost][i + 1], tmp)
s988653796.py(56):         for i in range(n, 0, -1):
s988653796.py(55):     for time_cost in range(1, t):
s988653796.py(56):         for i in range(n, 0, -1):
s988653796.py(57):             tmp = energy[i] + dp_cost_from_i[time_cost - eating_cost[i]][i + 1] if time_cost - eating_cost[i] >= 0 else 0
s988653796.py(58):             dp_cost_from_i[time_cost][i] = max(dp_cost_from_i[time_cost][i + 1], tmp)
s988653796.py(56):         for i in range(n, 0, -1):
s988653796.py(57):             tmp = energy[i] + dp_cost_from_i[time_cost - eating_cost[i]][i + 1] if time_cost - eating_cost[i] >= 0 else 0
s988653796.py(58):             dp_cost_from_i[time_cost][i] = max(dp_cost_from_i[time_cost][i + 1], tmp)
s988653796.py(56):         for i in range(n, 0, -1):
s988653796.py(55):     for time_cost in range(1, t):
s988653796.py(56):         for i in range(n, 0, -1):
s988653796.py(57):             tmp = energy[i] + dp_cost_from_i[time_cost - eating_cost[i]][i + 1] if time_cost - eating_cost[i] >= 0 else 0
s988653796.py(58):             dp_cost_from_i[time_cost][i] = max(dp_cost_from_i[time_cost][i + 1], tmp)
s988653796.py(56):         for i in range(n, 0, -1):
s988653796.py(57):             tmp = energy[i] + dp_cost_from_i[time_cost - eating_cost[i]][i + 1] if time_cost - eating_cost[i] >= 0 else 0
s988653796.py(58):             dp_cost_from_i[time_cost][i] = max(dp_cost_from_i[time_cost][i + 1], tmp)
s988653796.py(56):         for i in range(n, 0, -1):
s988653796.py(55):     for time_cost in range(1, t):
s988653796.py(56):         for i in range(n, 0, -1):
s988653796.py(57):             tmp = energy[i] + dp_cost_from_i[time_cost - eating_cost[i]][i + 1] if time_cost - eating_cost[i] >= 0 else 0
s988653796.py(58):             dp_cost_from_i[time_cost][i] = max(dp_cost_from_i[time_cost][i + 1], tmp)
s988653796.py(56):         for i in range(n, 0, -1):
s988653796.py(57):             tmp = energy[i] + dp_cost_from_i[time_cost - eating_cost[i]][i + 1] if time_cost - eating_cost[i] >= 0 else 0
s988653796.py(58):             dp_cost_from_i[time_cost][i] = max(dp_cost_from_i[time_cost][i + 1], tmp)
s988653796.py(56):         for i in range(n, 0, -1):
s988653796.py(55):     for time_cost in range(1, t):
s988653796.py(56):         for i in range(n, 0, -1):
s988653796.py(57):             tmp = energy[i] + dp_cost_from_i[time_cost - eating_cost[i]][i + 1] if time_cost - eating_cost[i] >= 0 else 0
s988653796.py(58):             dp_cost_from_i[time_cost][i] = max(dp_cost_from_i[time_cost][i + 1], tmp)
s988653796.py(56):         for i in range(n, 0, -1):
s988653796.py(57):             tmp = energy[i] + dp_cost_from_i[time_cost - eating_cost[i]][i + 1] if time_cost - eating_cost[i] >= 0 else 0
s988653796.py(58):             dp_cost_from_i[time_cost][i] = max(dp_cost_from_i[time_cost][i + 1], tmp)
s988653796.py(56):         for i in range(n, 0, -1):
s988653796.py(55):     for time_cost in range(1, t):
s988653796.py(56):         for i in range(n, 0, -1):
s988653796.py(57):             tmp = energy[i] + dp_cost_from_i[time_cost - eating_cost[i]][i + 1] if time_cost - eating_cost[i] >= 0 else 0
s988653796.py(58):             dp_cost_from_i[time_cost][i] = max(dp_cost_from_i[time_cost][i + 1], tmp)
s988653796.py(56):         for i in range(n, 0, -1):
s988653796.py(57):             tmp = energy[i] + dp_cost_from_i[time_cost - eating_cost[i]][i + 1] if time_cost - eating_cost[i] >= 0 else 0
s988653796.py(58):             dp_cost_from_i[time_cost][i] = max(dp_cost_from_i[time_cost][i + 1], tmp)
s988653796.py(56):         for i in range(n, 0, -1):
s988653796.py(55):     for time_cost in range(1, t):
s988653796.py(56):         for i in range(n, 0, -1):
s988653796.py(57):             tmp = energy[i] + dp_cost_from_i[time_cost - eating_cost[i]][i + 1] if time_cost - eating_cost[i] >= 0 else 0
s988653796.py(58):             dp_cost_from_i[time_cost][i] = max(dp_cost_from_i[time_cost][i + 1], tmp)
s988653796.py(56):         for i in range(n, 0, -1):
s988653796.py(57):             tmp = energy[i] + dp_cost_from_i[time_cost - eating_cost[i]][i + 1] if time_cost - eating_cost[i] >= 0 else 0
s988653796.py(58):             dp_cost_from_i[time_cost][i] = max(dp_cost_from_i[time_cost][i + 1], tmp)
s988653796.py(56):         for i in range(n, 0, -1):
s988653796.py(55):     for time_cost in range(1, t):
s988653796.py(56):         for i in range(n, 0, -1):
s988653796.py(57):             tmp = energy[i] + dp_cost_from_i[time_cost - eating_cost[i]][i + 1] if time_cost - eating_cost[i] >= 0 else 0
s988653796.py(58):             dp_cost_from_i[time_cost][i] = max(dp_cost_from_i[time_cost][i + 1], tmp)
s988653796.py(56):         for i in range(n, 0, -1):
s988653796.py(57):             tmp = energy[i] + dp_cost_from_i[time_cost - eating_cost[i]][i + 1] if time_cost - eating_cost[i] >= 0 else 0
s988653796.py(58):             dp_cost_from_i[time_cost][i] = max(dp_cost_from_i[time_cost][i + 1], tmp)
s988653796.py(56):         for i in range(n, 0, -1):
s988653796.py(55):     for time_cost in range(1, t):
s988653796.py(56):         for i in range(n, 0, -1):
s988653796.py(57):             tmp = energy[i] + dp_cost_from_i[time_cost - eating_cost[i]][i + 1] if time_cost - eating_cost[i] >= 0 else 0
s988653796.py(58):             dp_cost_from_i[time_cost][i] = max(dp_cost_from_i[time_cost][i + 1], tmp)
s988653796.py(56):         for i in range(n, 0, -1):
s988653796.py(57):             tmp = energy[i] + dp_cost_from_i[time_cost - eating_cost[i]][i + 1] if time_cost - eating_cost[i] >= 0 else 0
s988653796.py(58):             dp_cost_from_i[time_cost][i] = max(dp_cost_from_i[time_cost][i + 1], tmp)
s988653796.py(56):         for i in range(n, 0, -1):
s988653796.py(55):     for time_cost in range(1, t):
s988653796.py(56):         for i in range(n, 0, -1):
s988653796.py(57):             tmp = energy[i] + dp_cost_from_i[time_cost - eating_cost[i]][i + 1] if time_cost - eating_cost[i] >= 0 else 0
s988653796.py(58):             dp_cost_from_i[time_cost][i] = max(dp_cost_from_i[time_cost][i + 1], tmp)
s988653796.py(56):         for i in range(n, 0, -1):
s988653796.py(57):             tmp = energy[i] + dp_cost_from_i[time_cost - eating_cost[i]][i + 1] if time_cost - eating_cost[i] >= 0 else 0
s988653796.py(58):             dp_cost_from_i[time_cost][i] = max(dp_cost_from_i[time_cost][i + 1], tmp)
s988653796.py(56):         for i in range(n, 0, -1):
s988653796.py(55):     for time_cost in range(1, t):
s988653796.py(56):         for i in range(n, 0, -1):
s988653796.py(57):             tmp = energy[i] + dp_cost_from_i[time_cost - eating_cost[i]][i + 1] if time_cost - eating_cost[i] >= 0 else 0
s988653796.py(58):             dp_cost_from_i[time_cost][i] = max(dp_cost_from_i[time_cost][i + 1], tmp)
s988653796.py(56):         for i in range(n, 0, -1):
s988653796.py(57):             tmp = energy[i] + dp_cost_from_i[time_cost - eating_cost[i]][i + 1] if time_cost - eating_cost[i] >= 0 else 0
s988653796.py(58):             dp_cost_from_i[time_cost][i] = max(dp_cost_from_i[time_cost][i + 1], tmp)
s988653796.py(56):         for i in range(n, 0, -1):
s988653796.py(55):     for time_cost in range(1, t):
s988653796.py(56):         for i in range(n, 0, -1):
s988653796.py(57):             tmp = energy[i] + dp_cost_from_i[time_cost - eating_cost[i]][i + 1] if time_cost - eating_cost[i] >= 0 else 0
s988653796.py(58):             dp_cost_from_i[time_cost][i] = max(dp_cost_from_i[time_cost][i + 1], tmp)
s988653796.py(56):         for i in range(n, 0, -1):
s988653796.py(57):             tmp = energy[i] + dp_cost_from_i[time_cost - eating_cost[i]][i + 1] if time_cost - eating_cost[i] >= 0 else 0
s988653796.py(58):             dp_cost_from_i[time_cost][i] = max(dp_cost_from_i[time_cost][i + 1], tmp)
s988653796.py(56):         for i in range(n, 0, -1):
s988653796.py(55):     for time_cost in range(1, t):
s988653796.py(56):         for i in range(n, 0, -1):
s988653796.py(57):             tmp = energy[i] + dp_cost_from_i[time_cost - eating_cost[i]][i + 1] if time_cost - eating_cost[i] >= 0 else 0
s988653796.py(58):             dp_cost_from_i[time_cost][i] = max(dp_cost_from_i[time_cost][i + 1], tmp)
s988653796.py(56):         for i in range(n, 0, -1):
s988653796.py(57):             tmp = energy[i] + dp_cost_from_i[time_cost - eating_cost[i]][i + 1] if time_cost - eating_cost[i] >= 0 else 0
s988653796.py(58):             dp_cost_from_i[time_cost][i] = max(dp_cost_from_i[time_cost][i + 1], tmp)
s988653796.py(56):         for i in range(n, 0, -1):
s988653796.py(55):     for time_cost in range(1, t):
s988653796.py(56):         for i in range(n, 0, -1):
s988653796.py(57):             tmp = energy[i] + dp_cost_from_i[time_cost - eating_cost[i]][i + 1] if time_cost - eating_cost[i] >= 0 else 0
s988653796.py(58):             dp_cost_from_i[time_cost][i] = max(dp_cost_from_i[time_cost][i + 1], tmp)
s988653796.py(56):         for i in range(n, 0, -1):
s988653796.py(57):             tmp = energy[i] + dp_cost_from_i[time_cost - eating_cost[i]][i + 1] if time_cost - eating_cost[i] >= 0 else 0
s988653796.py(58):             dp_cost_from_i[time_cost][i] = max(dp_cost_from_i[time_cost][i + 1], tmp)
s988653796.py(56):         for i in range(n, 0, -1):
s988653796.py(55):     for time_cost in range(1, t):
s988653796.py(56):         for i in range(n, 0, -1):
s988653796.py(57):             tmp = energy[i] + dp_cost_from_i[time_cost - eating_cost[i]][i + 1] if time_cost - eating_cost[i] >= 0 else 0
s988653796.py(58):             dp_cost_from_i[time_cost][i] = max(dp_cost_from_i[time_cost][i + 1], tmp)
s988653796.py(56):         for i in range(n, 0, -1):
s988653796.py(57):             tmp = energy[i] + dp_cost_from_i[time_cost - eating_cost[i]][i + 1] if time_cost - eating_cost[i] >= 0 else 0
s988653796.py(58):             dp_cost_from_i[time_cost][i] = max(dp_cost_from_i[time_cost][i + 1], tmp)
s988653796.py(56):         for i in range(n, 0, -1):
s988653796.py(55):     for time_cost in range(1, t):
s988653796.py(56):         for i in range(n, 0, -1):
s988653796.py(57):             tmp = energy[i] + dp_cost_from_i[time_cost - eating_cost[i]][i + 1] if time_cost - eating_cost[i] >= 0 else 0
s988653796.py(58):             dp_cost_from_i[time_cost][i] = max(dp_cost_from_i[time_cost][i + 1], tmp)
s988653796.py(56):         for i in range(n, 0, -1):
s988653796.py(57):             tmp = energy[i] + dp_cost_from_i[time_cost - eating_cost[i]][i + 1] if time_cost - eating_cost[i] >= 0 else 0
s988653796.py(58):             dp_cost_from_i[time_cost][i] = max(dp_cost_from_i[time_cost][i + 1], tmp)
s988653796.py(56):         for i in range(n, 0, -1):
s988653796.py(55):     for time_cost in range(1, t):
s988653796.py(56):         for i in range(n, 0, -1):
s988653796.py(57):             tmp = energy[i] + dp_cost_from_i[time_cost - eating_cost[i]][i + 1] if time_cost - eating_cost[i] >= 0 else 0
s988653796.py(58):             dp_cost_from_i[time_cost][i] = max(dp_cost_from_i[time_cost][i + 1], tmp)
s988653796.py(56):         for i in range(n, 0, -1):
s988653796.py(57):             tmp = energy[i] + dp_cost_from_i[time_cost - eating_cost[i]][i + 1] if time_cost - eating_cost[i] >= 0 else 0
s988653796.py(58):             dp_cost_from_i[time_cost][i] = max(dp_cost_from_i[time_cost][i + 1], tmp)
s988653796.py(56):         for i in range(n, 0, -1):
s988653796.py(55):     for time_cost in range(1, t):
s988653796.py(56):         for i in range(n, 0, -1):
s988653796.py(57):             tmp = energy[i] + dp_cost_from_i[time_cost - eating_cost[i]][i + 1] if time_cost - eating_cost[i] >= 0 else 0
s988653796.py(58):             dp_cost_from_i[time_cost][i] = max(dp_cost_from_i[time_cost][i + 1], tmp)
s988653796.py(56):         for i in range(n, 0, -1):
s988653796.py(57):             tmp = energy[i] + dp_cost_from_i[time_cost - eating_cost[i]][i + 1] if time_cost - eating_cost[i] >= 0 else 0
s988653796.py(58):             dp_cost_from_i[time_cost][i] = max(dp_cost_from_i[time_cost][i + 1], tmp)
s988653796.py(56):         for i in range(n, 0, -1):
s988653796.py(55):     for time_cost in range(1, t):
s988653796.py(56):         for i in range(n, 0, -1):
s988653796.py(57):             tmp = energy[i] + dp_cost_from_i[time_cost - eating_cost[i]][i + 1] if time_cost - eating_cost[i] >= 0 else 0
s988653796.py(58):             dp_cost_from_i[time_cost][i] = max(dp_cost_from_i[time_cost][i + 1], tmp)
s988653796.py(56):         for i in range(n, 0, -1):
s988653796.py(57):             tmp = energy[i] + dp_cost_from_i[time_cost - eating_cost[i]][i + 1] if time_cost - eating_cost[i] >= 0 else 0
s988653796.py(58):             dp_cost_from_i[time_cost][i] = max(dp_cost_from_i[time_cost][i + 1], tmp)
s988653796.py(56):         for i in range(n, 0, -1):
s988653796.py(55):     for time_cost in range(1, t):
s988653796.py(56):         for i in range(n, 0, -1):
s988653796.py(57):             tmp = energy[i] + dp_cost_from_i[time_cost - eating_cost[i]][i + 1] if time_cost - eating_cost[i] >= 0 else 0
s988653796.py(58):             dp_cost_from_i[time_cost][i] = max(dp_cost_from_i[time_cost][i + 1], tmp)
s988653796.py(56):         for i in range(n, 0, -1):
s988653796.py(57):             tmp = energy[i] + dp_cost_from_i[time_cost - eating_cost[i]][i + 1] if time_cost - eating_cost[i] >= 0 else 0
s988653796.py(58):             dp_cost_from_i[time_cost][i] = max(dp_cost_from_i[time_cost][i + 1], tmp)
s988653796.py(56):         for i in range(n, 0, -1):
s988653796.py(55):     for time_cost in range(1, t):
s988653796.py(56):         for i in range(n, 0, -1):
s988653796.py(57):             tmp = energy[i] + dp_cost_from_i[time_cost - eating_cost[i]][i + 1] if time_cost - eating_cost[i] >= 0 else 0
s988653796.py(58):             dp_cost_from_i[time_cost][i] = max(dp_cost_from_i[time_cost][i + 1], tmp)
s988653796.py(56):         for i in range(n, 0, -1):
s988653796.py(57):             tmp = energy[i] + dp_cost_from_i[time_cost - eating_cost[i]][i + 1] if time_cost - eating_cost[i] >= 0 else 0
s988653796.py(58):             dp_cost_from_i[time_cost][i] = max(dp_cost_from_i[time_cost][i + 1], tmp)
s988653796.py(56):         for i in range(n, 0, -1):
s988653796.py(55):     for time_cost in range(1, t):
s988653796.py(60):     maximum_energy = 0
s988653796.py(61):     for i in range(1, n + 1):
s988653796.py(63):         for until_i_time in range(t):
s988653796.py(64):             a = dp_cost_unitl_i[until_i_time][i - 1]
s988653796.py(65):             b = dp_cost_from_i[t - 1 - until_i_time][i + 1]
s988653796.py(66):             maximum_energy = max(maximum_energy, energy[i] + a + b)
s988653796.py(63):         for until_i_time in range(t):
s988653796.py(64):             a = dp_cost_unitl_i[until_i_time][i - 1]
s988653796.py(65):             b = dp_cost_from_i[t - 1 - until_i_time][i + 1]
s988653796.py(66):             maximum_energy = max(maximum_energy, energy[i] + a + b)
s988653796.py(63):         for until_i_time in range(t):
s988653796.py(64):             a = dp_cost_unitl_i[until_i_time][i - 1]
s988653796.py(65):             b = dp_cost_from_i[t - 1 - until_i_time][i + 1]
s988653796.py(66):             maximum_energy = max(maximum_energy, energy[i] + a + b)
s988653796.py(63):         for until_i_time in range(t):
s988653796.py(64):             a = dp_cost_unitl_i[until_i_time][i - 1]
s988653796.py(65):             b = dp_cost_from_i[t - 1 - until_i_time][i + 1]
s988653796.py(66):             maximum_energy = max(maximum_energy, energy[i] + a + b)
s988653796.py(63):         for until_i_time in range(t):
s988653796.py(64):             a = dp_cost_unitl_i[until_i_time][i - 1]
s988653796.py(65):             b = dp_cost_from_i[t - 1 - until_i_time][i + 1]
s988653796.py(66):             maximum_energy = max(maximum_energy, energy[i] + a + b)
s988653796.py(63):         for until_i_time in range(t):
s988653796.py(64):             a = dp_cost_unitl_i[until_i_time][i - 1]
s988653796.py(65):             b = dp_cost_from_i[t - 1 - until_i_time][i + 1]
s988653796.py(66):             maximum_energy = max(maximum_energy, energy[i] + a + b)
s988653796.py(63):         for until_i_time in range(t):
s988653796.py(64):             a = dp_cost_unitl_i[until_i_time][i - 1]
s988653796.py(65):             b = dp_cost_from_i[t - 1 - until_i_time][i + 1]
s988653796.py(66):             maximum_energy = max(maximum_energy, energy[i] + a + b)
s988653796.py(63):         for until_i_time in range(t):
s988653796.py(64):             a = dp_cost_unitl_i[until_i_time][i - 1]
s988653796.py(65):             b = dp_cost_from_i[t - 1 - until_i_time][i + 1]
s988653796.py(66):             maximum_energy = max(maximum_energy, energy[i] + a + b)
s988653796.py(63):         for until_i_time in range(t):
s988653796.py(64):             a = dp_cost_unitl_i[until_i_time][i - 1]
s988653796.py(65):             b = dp_cost_from_i[t - 1 - until_i_time][i + 1]
s988653796.py(66):             maximum_energy = max(maximum_energy, energy[i] + a + b)
s988653796.py(63):         for until_i_time in range(t):
s988653796.py(64):             a = dp_cost_unitl_i[until_i_time][i - 1]
s988653796.py(65):             b = dp_cost_from_i[t - 1 - until_i_time][i + 1]
s988653796.py(66):             maximum_energy = max(maximum_energy, energy[i] + a + b)
s988653796.py(63):         for until_i_time in range(t):
s988653796.py(64):             a = dp_cost_unitl_i[until_i_time][i - 1]
s988653796.py(65):             b = dp_cost_from_i[t - 1 - until_i_time][i + 1]
s988653796.py(66):             maximum_energy = max(maximum_energy, energy[i] + a + b)
s988653796.py(63):         for until_i_time in range(t):
s988653796.py(64):             a = dp_cost_unitl_i[until_i_time][i - 1]
s988653796.py(65):             b = dp_cost_from_i[t - 1 - until_i_time][i + 1]
s988653796.py(66):             maximum_energy = max(maximum_energy, energy[i] + a + b)
s988653796.py(63):         for until_i_time in range(t):
s988653796.py(64):             a = dp_cost_unitl_i[until_i_time][i - 1]
s988653796.py(65):             b = dp_cost_from_i[t - 1 - until_i_time][i + 1]
s988653796.py(66):             maximum_energy = max(maximum_energy, energy[i] + a + b)
s988653796.py(63):         for until_i_time in range(t):
s988653796.py(64):             a = dp_cost_unitl_i[until_i_time][i - 1]
s988653796.py(65):             b = dp_cost_from_i[t - 1 - until_i_time][i + 1]
s988653796.py(66):             maximum_energy = max(maximum_energy, energy[i] + a + b)
s988653796.py(63):         for until_i_time in range(t):
s988653796.py(64):             a = dp_cost_unitl_i[until_i_time][i - 1]
s988653796.py(65):             b = dp_cost_from_i[t - 1 - until_i_time][i + 1]
s988653796.py(66):             maximum_energy = max(maximum_energy, energy[i] + a + b)
s988653796.py(63):         for until_i_time in range(t):
s988653796.py(64):             a = dp_cost_unitl_i[until_i_time][i - 1]
s988653796.py(65):             b = dp_cost_from_i[t - 1 - until_i_time][i + 1]
s988653796.py(66):             maximum_energy = max(maximum_energy, energy[i] + a + b)
s988653796.py(63):         for until_i_time in range(t):
s988653796.py(64):             a = dp_cost_unitl_i[until_i_time][i - 1]
s988653796.py(65):             b = dp_cost_from_i[t - 1 - until_i_time][i + 1]
s988653796.py(66):             maximum_energy = max(maximum_energy, energy[i] + a + b)
s988653796.py(63):         for until_i_time in range(t):
s988653796.py(64):             a = dp_cost_unitl_i[until_i_time][i - 1]
s988653796.py(65):             b = dp_cost_from_i[t - 1 - until_i_time][i + 1]
s988653796.py(66):             maximum_energy = max(maximum_energy, energy[i] + a + b)
s988653796.py(63):         for until_i_time in range(t):
s988653796.py(64):             a = dp_cost_unitl_i[until_i_time][i - 1]
s988653796.py(65):             b = dp_cost_from_i[t - 1 - until_i_time][i + 1]
s988653796.py(66):             maximum_energy = max(maximum_energy, energy[i] + a + b)
s988653796.py(63):         for until_i_time in range(t):
s988653796.py(64):             a = dp_cost_unitl_i[until_i_time][i - 1]
s988653796.py(65):             b = dp_cost_from_i[t - 1 - until_i_time][i + 1]
s988653796.py(66):             maximum_energy = max(maximum_energy, energy[i] + a + b)
s988653796.py(63):         for until_i_time in range(t):
s988653796.py(64):             a = dp_cost_unitl_i[until_i_time][i - 1]
s988653796.py(65):             b = dp_cost_from_i[t - 1 - until_i_time][i + 1]
s988653796.py(66):             maximum_energy = max(maximum_energy, energy[i] + a + b)
s988653796.py(63):         for until_i_time in range(t):
s988653796.py(64):             a = dp_cost_unitl_i[until_i_time][i - 1]
s988653796.py(65):             b = dp_cost_from_i[t - 1 - until_i_time][i + 1]
s988653796.py(66):             maximum_energy = max(maximum_energy, energy[i] + a + b)
s988653796.py(63):         for until_i_time in range(t):
s988653796.py(64):             a = dp_cost_unitl_i[until_i_time][i - 1]
s988653796.py(65):             b = dp_cost_from_i[t - 1 - until_i_time][i + 1]
s988653796.py(66):             maximum_energy = max(maximum_energy, energy[i] + a + b)
s988653796.py(63):         for until_i_time in range(t):
s988653796.py(64):             a = dp_cost_unitl_i[until_i_time][i - 1]
s988653796.py(65):             b = dp_cost_from_i[t - 1 - until_i_time][i + 1]
s988653796.py(66):             maximum_energy = max(maximum_energy, energy[i] + a + b)
s988653796.py(63):         for until_i_time in range(t):
s988653796.py(64):             a = dp_cost_unitl_i[until_i_time][i - 1]
s988653796.py(65):             b = dp_cost_from_i[t - 1 - until_i_time][i + 1]
s988653796.py(66):             maximum_energy = max(maximum_energy, energy[i] + a + b)
s988653796.py(63):         for until_i_time in range(t):
s988653796.py(64):             a = dp_cost_unitl_i[until_i_time][i - 1]
s988653796.py(65):             b = dp_cost_from_i[t - 1 - until_i_time][i + 1]
s988653796.py(66):             maximum_energy = max(maximum_energy, energy[i] + a + b)
s988653796.py(63):         for until_i_time in range(t):
s988653796.py(64):             a = dp_cost_unitl_i[until_i_time][i - 1]
s988653796.py(65):             b = dp_cost_from_i[t - 1 - until_i_time][i + 1]
s988653796.py(66):             maximum_energy = max(maximum_energy, energy[i] + a + b)
s988653796.py(63):         for until_i_time in range(t):
s988653796.py(64):             a = dp_cost_unitl_i[until_i_time][i - 1]
s988653796.py(65):             b = dp_cost_from_i[t - 1 - until_i_time][i + 1]
s988653796.py(66):             maximum_energy = max(maximum_energy, energy[i] + a + b)
s988653796.py(63):         for until_i_time in range(t):
s988653796.py(64):             a = dp_cost_unitl_i[until_i_time][i - 1]
s988653796.py(65):             b = dp_cost_from_i[t - 1 - until_i_time][i + 1]
s988653796.py(66):             maximum_energy = max(maximum_energy, energy[i] + a + b)
s988653796.py(63):         for until_i_time in range(t):
s988653796.py(64):             a = dp_cost_unitl_i[until_i_time][i - 1]
s988653796.py(65):             b = dp_cost_from_i[t - 1 - until_i_time][i + 1]
s988653796.py(66):             maximum_energy = max(maximum_energy, energy[i] + a + b)
s988653796.py(63):         for until_i_time in range(t):
s988653796.py(64):             a = dp_cost_unitl_i[until_i_time][i - 1]
s988653796.py(65):             b = dp_cost_from_i[t - 1 - until_i_time][i + 1]
s988653796.py(66):             maximum_energy = max(maximum_energy, energy[i] + a + b)
s988653796.py(63):         for until_i_time in range(t):
s988653796.py(64):             a = dp_cost_unitl_i[until_i_time][i - 1]
s988653796.py(65):             b = dp_cost_from_i[t - 1 - until_i_time][i + 1]
s988653796.py(66):             maximum_energy = max(maximum_energy, energy[i] + a + b)
s988653796.py(63):         for until_i_time in range(t):
s988653796.py(64):             a = dp_cost_unitl_i[until_i_time][i - 1]
s988653796.py(65):             b = dp_cost_from_i[t - 1 - until_i_time][i + 1]
s988653796.py(66):             maximum_energy = max(maximum_energy, energy[i] + a + b)
s988653796.py(63):         for until_i_time in range(t):
s988653796.py(64):             a = dp_cost_unitl_i[until_i_time][i - 1]
s988653796.py(65):             b = dp_cost_from_i[t - 1 - until_i_time][i + 1]
s988653796.py(66):             maximum_energy = max(maximum_energy, energy[i] + a + b)
s988653796.py(63):         for until_i_time in range(t):
s988653796.py(64):             a = dp_cost_unitl_i[until_i_time][i - 1]
s988653796.py(65):             b = dp_cost_from_i[t - 1 - until_i_time][i + 1]
s988653796.py(66):             maximum_energy = max(maximum_energy, energy[i] + a + b)
s988653796.py(63):         for until_i_time in range(t):
s988653796.py(64):             a = dp_cost_unitl_i[until_i_time][i - 1]
s988653796.py(65):             b = dp_cost_from_i[t - 1 - until_i_time][i + 1]
s988653796.py(66):             maximum_energy = max(maximum_energy, energy[i] + a + b)
s988653796.py(63):         for until_i_time in range(t):
s988653796.py(64):             a = dp_cost_unitl_i[until_i_time][i - 1]
s988653796.py(65):             b = dp_cost_from_i[t - 1 - until_i_time][i + 1]
s988653796.py(66):             maximum_energy = max(maximum_energy, energy[i] + a + b)
s988653796.py(63):         for until_i_time in range(t):
s988653796.py(64):             a = dp_cost_unitl_i[until_i_time][i - 1]
s988653796.py(65):             b = dp_cost_from_i[t - 1 - until_i_time][i + 1]
s988653796.py(66):             maximum_energy = max(maximum_energy, energy[i] + a + b)
s988653796.py(63):         for until_i_time in range(t):
s988653796.py(64):             a = dp_cost_unitl_i[until_i_time][i - 1]
s988653796.py(65):             b = dp_cost_from_i[t - 1 - until_i_time][i + 1]
s988653796.py(66):             maximum_energy = max(maximum_energy, energy[i] + a + b)
s988653796.py(63):         for until_i_time in range(t):
s988653796.py(64):             a = dp_cost_unitl_i[until_i_time][i - 1]
s988653796.py(65):             b = dp_cost_from_i[t - 1 - until_i_time][i + 1]
s988653796.py(66):             maximum_energy = max(maximum_energy, energy[i] + a + b)
s988653796.py(63):         for until_i_time in range(t):
s988653796.py(64):             a = dp_cost_unitl_i[until_i_time][i - 1]
s988653796.py(65):             b = dp_cost_from_i[t - 1 - until_i_time][i + 1]
s988653796.py(66):             maximum_energy = max(maximum_energy, energy[i] + a + b)
s988653796.py(63):         for until_i_time in range(t):
s988653796.py(64):             a = dp_cost_unitl_i[until_i_time][i - 1]
s988653796.py(65):             b = dp_cost_from_i[t - 1 - until_i_time][i + 1]
s988653796.py(66):             maximum_energy = max(maximum_energy, energy[i] + a + b)
s988653796.py(63):         for until_i_time in range(t):
s988653796.py(64):             a = dp_cost_unitl_i[until_i_time][i - 1]
s988653796.py(65):             b = dp_cost_from_i[t - 1 - until_i_time][i + 1]
s988653796.py(66):             maximum_energy = max(maximum_energy, energy[i] + a + b)
s988653796.py(63):         for until_i_time in range(t):
s988653796.py(64):             a = dp_cost_unitl_i[until_i_time][i - 1]
s988653796.py(65):             b = dp_cost_from_i[t - 1 - until_i_time][i + 1]
s988653796.py(66):             maximum_energy = max(maximum_energy, energy[i] + a + b)
s988653796.py(63):         for until_i_time in range(t):
s988653796.py(64):             a = dp_cost_unitl_i[until_i_time][i - 1]
s988653796.py(65):             b = dp_cost_from_i[t - 1 - until_i_time][i + 1]
s988653796.py(66):             maximum_energy = max(maximum_energy, energy[i] + a + b)
s988653796.py(63):         for until_i_time in range(t):
s988653796.py(64):             a = dp_cost_unitl_i[until_i_time][i - 1]
s988653796.py(65):             b = dp_cost_from_i[t - 1 - until_i_time][i + 1]
s988653796.py(66):             maximum_energy = max(maximum_energy, energy[i] + a + b)
s988653796.py(63):         for until_i_time in range(t):
s988653796.py(64):             a = dp_cost_unitl_i[until_i_time][i - 1]
s988653796.py(65):             b = dp_cost_from_i[t - 1 - until_i_time][i + 1]
s988653796.py(66):             maximum_energy = max(maximum_energy, energy[i] + a + b)
s988653796.py(63):         for until_i_time in range(t):
s988653796.py(64):             a = dp_cost_unitl_i[until_i_time][i - 1]
s988653796.py(65):             b = dp_cost_from_i[t - 1 - until_i_time][i + 1]
s988653796.py(66):             maximum_energy = max(maximum_energy, energy[i] + a + b)
s988653796.py(63):         for until_i_time in range(t):
s988653796.py(64):             a = dp_cost_unitl_i[until_i_time][i - 1]
s988653796.py(65):             b = dp_cost_from_i[t - 1 - until_i_time][i + 1]
s988653796.py(66):             maximum_energy = max(maximum_energy, energy[i] + a + b)
s988653796.py(63):         for until_i_time in range(t):
s988653796.py(64):             a = dp_cost_unitl_i[until_i_time][i - 1]
s988653796.py(65):             b = dp_cost_from_i[t - 1 - until_i_time][i + 1]
s988653796.py(66):             maximum_energy = max(maximum_energy, energy[i] + a + b)
s988653796.py(63):         for until_i_time in range(t):
s988653796.py(64):             a = dp_cost_unitl_i[until_i_time][i - 1]
s988653796.py(65):             b = dp_cost_from_i[t - 1 - until_i_time][i + 1]
s988653796.py(66):             maximum_energy = max(maximum_energy, energy[i] + a + b)
s988653796.py(63):         for until_i_time in range(t):
s988653796.py(64):             a = dp_cost_unitl_i[until_i_time][i - 1]
s988653796.py(65):             b = dp_cost_from_i[t - 1 - until_i_time][i + 1]
s988653796.py(66):             maximum_energy = max(maximum_energy, energy[i] + a + b)
s988653796.py(63):         for until_i_time in range(t):
s988653796.py(64):             a = dp_cost_unitl_i[until_i_time][i - 1]
s988653796.py(65):             b = dp_cost_from_i[t - 1 - until_i_time][i + 1]
s988653796.py(66):             maximum_energy = max(maximum_energy, energy[i] + a + b)
s988653796.py(63):         for until_i_time in range(t):
s988653796.py(64):             a = dp_cost_unitl_i[until_i_time][i - 1]
s988653796.py(65):             b = dp_cost_from_i[t - 1 - until_i_time][i + 1]
s988653796.py(66):             maximum_energy = max(maximum_energy, energy[i] + a + b)
s988653796.py(63):         for until_i_time in range(t):
s988653796.py(64):             a = dp_cost_unitl_i[until_i_time][i - 1]
s988653796.py(65):             b = dp_cost_from_i[t - 1 - until_i_time][i + 1]
s988653796.py(66):             maximum_energy = max(maximum_energy, energy[i] + a + b)
s988653796.py(63):         for until_i_time in range(t):
s988653796.py(64):             a = dp_cost_unitl_i[until_i_time][i - 1]
s988653796.py(65):             b = dp_cost_from_i[t - 1 - until_i_time][i + 1]
s988653796.py(66):             maximum_energy = max(maximum_energy, energy[i] + a + b)
s988653796.py(63):         for until_i_time in range(t):
s988653796.py(64):             a = dp_cost_unitl_i[until_i_time][i - 1]
s988653796.py(65):             b = dp_cost_from_i[t - 1 - until_i_time][i + 1]
s988653796.py(66):             maximum_energy = max(maximum_energy, energy[i] + a + b)
s988653796.py(63):         for until_i_time in range(t):
s988653796.py(64):             a = dp_cost_unitl_i[until_i_time][i - 1]
s988653796.py(65):             b = dp_cost_from_i[t - 1 - until_i_time][i + 1]
s988653796.py(66):             maximum_energy = max(maximum_energy, energy[i] + a + b)
s988653796.py(63):         for until_i_time in range(t):
s988653796.py(64):             a = dp_cost_unitl_i[until_i_time][i - 1]
s988653796.py(65):             b = dp_cost_from_i[t - 1 - until_i_time][i + 1]
s988653796.py(66):             maximum_energy = max(maximum_energy, energy[i] + a + b)
s988653796.py(63):         for until_i_time in range(t):
s988653796.py(64):             a = dp_cost_unitl_i[until_i_time][i - 1]
s988653796.py(65):             b = dp_cost_from_i[t - 1 - until_i_time][i + 1]
s988653796.py(66):             maximum_energy = max(maximum_energy, energy[i] + a + b)
s988653796.py(63):         for until_i_time in range(t):
s988653796.py(61):     for i in range(1, n + 1):
s988653796.py(63):         for until_i_time in range(t):
s988653796.py(64):             a = dp_cost_unitl_i[until_i_time][i - 1]
s988653796.py(65):             b = dp_cost_from_i[t - 1 - until_i_time][i + 1]
s988653796.py(66):             maximum_energy = max(maximum_energy, energy[i] + a + b)
s988653796.py(63):         for until_i_time in range(t):
s988653796.py(64):             a = dp_cost_unitl_i[until_i_time][i - 1]
s988653796.py(65):             b = dp_cost_from_i[t - 1 - until_i_time][i + 1]
s988653796.py(66):             maximum_energy = max(maximum_energy, energy[i] + a + b)
s988653796.py(63):         for until_i_time in range(t):
s988653796.py(64):             a = dp_cost_unitl_i[until_i_time][i - 1]
s988653796.py(65):             b = dp_cost_from_i[t - 1 - until_i_time][i + 1]
s988653796.py(66):             maximum_energy = max(maximum_energy, energy[i] + a + b)
s988653796.py(63):         for until_i_time in range(t):
s988653796.py(64):             a = dp_cost_unitl_i[until_i_time][i - 1]
s988653796.py(65):             b = dp_cost_from_i[t - 1 - until_i_time][i + 1]
s988653796.py(66):             maximum_energy = max(maximum_energy, energy[i] + a + b)
s988653796.py(63):         for until_i_time in range(t):
s988653796.py(64):             a = dp_cost_unitl_i[until_i_time][i - 1]
s988653796.py(65):             b = dp_cost_from_i[t - 1 - until_i_time][i + 1]
s988653796.py(66):             maximum_energy = max(maximum_energy, energy[i] + a + b)
s988653796.py(63):         for until_i_time in range(t):
s988653796.py(64):             a = dp_cost_unitl_i[until_i_time][i - 1]
s988653796.py(65):             b = dp_cost_from_i[t - 1 - until_i_time][i + 1]
s988653796.py(66):             maximum_energy = max(maximum_energy, energy[i] + a + b)
s988653796.py(63):         for until_i_time in range(t):
s988653796.py(64):             a = dp_cost_unitl_i[until_i_time][i - 1]
s988653796.py(65):             b = dp_cost_from_i[t - 1 - until_i_time][i + 1]
s988653796.py(66):             maximum_energy = max(maximum_energy, energy[i] + a + b)
s988653796.py(63):         for until_i_time in range(t):
s988653796.py(64):             a = dp_cost_unitl_i[until_i_time][i - 1]
s988653796.py(65):             b = dp_cost_from_i[t - 1 - until_i_time][i + 1]
s988653796.py(66):             maximum_energy = max(maximum_energy, energy[i] + a + b)
s988653796.py(63):         for until_i_time in range(t):
s988653796.py(64):             a = dp_cost_unitl_i[until_i_time][i - 1]
s988653796.py(65):             b = dp_cost_from_i[t - 1 - until_i_time][i + 1]
s988653796.py(66):             maximum_energy = max(maximum_energy, energy[i] + a + b)
s988653796.py(63):         for until_i_time in range(t):
s988653796.py(64):             a = dp_cost_unitl_i[until_i_time][i - 1]
s988653796.py(65):             b = dp_cost_from_i[t - 1 - until_i_time][i + 1]
s988653796.py(66):             maximum_energy = max(maximum_energy, energy[i] + a + b)
s988653796.py(63):         for until_i_time in range(t):
s988653796.py(64):             a = dp_cost_unitl_i[until_i_time][i - 1]
s988653796.py(65):             b = dp_cost_from_i[t - 1 - until_i_time][i + 1]
s988653796.py(66):             maximum_energy = max(maximum_energy, energy[i] + a + b)
s988653796.py(63):         for until_i_time in range(t):
s988653796.py(64):             a = dp_cost_unitl_i[until_i_time][i - 1]
s988653796.py(65):             b = dp_cost_from_i[t - 1 - until_i_time][i + 1]
s988653796.py(66):             maximum_energy = max(maximum_energy, energy[i] + a + b)
s988653796.py(63):         for until_i_time in range(t):
s988653796.py(64):             a = dp_cost_unitl_i[until_i_time][i - 1]
s988653796.py(65):             b = dp_cost_from_i[t - 1 - until_i_time][i + 1]
s988653796.py(66):             maximum_energy = max(maximum_energy, energy[i] + a + b)
s988653796.py(63):         for until_i_time in range(t):
s988653796.py(64):             a = dp_cost_unitl_i[until_i_time][i - 1]
s988653796.py(65):             b = dp_cost_from_i[t - 1 - until_i_time][i + 1]
s988653796.py(66):             maximum_energy = max(maximum_energy, energy[i] + a + b)
s988653796.py(63):         for until_i_time in range(t):
s988653796.py(64):             a = dp_cost_unitl_i[until_i_time][i - 1]
s988653796.py(65):             b = dp_cost_from_i[t - 1 - until_i_time][i + 1]
s988653796.py(66):             maximum_energy = max(maximum_energy, energy[i] + a + b)
s988653796.py(63):         for until_i_time in range(t):
s988653796.py(64):             a = dp_cost_unitl_i[until_i_time][i - 1]
s988653796.py(65):             b = dp_cost_from_i[t - 1 - until_i_time][i + 1]
s988653796.py(66):             maximum_energy = max(maximum_energy, energy[i] + a + b)
s988653796.py(63):         for until_i_time in range(t):
s988653796.py(64):             a = dp_cost_unitl_i[until_i_time][i - 1]
s988653796.py(65):             b = dp_cost_from_i[t - 1 - until_i_time][i + 1]
s988653796.py(66):             maximum_energy = max(maximum_energy, energy[i] + a + b)
s988653796.py(63):         for until_i_time in range(t):
s988653796.py(64):             a = dp_cost_unitl_i[until_i_time][i - 1]
s988653796.py(65):             b = dp_cost_from_i[t - 1 - until_i_time][i + 1]
s988653796.py(66):             maximum_energy = max(maximum_energy, energy[i] + a + b)
s988653796.py(63):         for until_i_time in range(t):
s988653796.py(64):             a = dp_cost_unitl_i[until_i_time][i - 1]
s988653796.py(65):             b = dp_cost_from_i[t - 1 - until_i_time][i + 1]
s988653796.py(66):             maximum_energy = max(maximum_energy, energy[i] + a + b)
s988653796.py(63):         for until_i_time in range(t):
s988653796.py(64):             a = dp_cost_unitl_i[until_i_time][i - 1]
s988653796.py(65):             b = dp_cost_from_i[t - 1 - until_i_time][i + 1]
s988653796.py(66):             maximum_energy = max(maximum_energy, energy[i] + a + b)
s988653796.py(63):         for until_i_time in range(t):
s988653796.py(64):             a = dp_cost_unitl_i[until_i_time][i - 1]
s988653796.py(65):             b = dp_cost_from_i[t - 1 - until_i_time][i + 1]
s988653796.py(66):             maximum_energy = max(maximum_energy, energy[i] + a + b)
s988653796.py(63):         for until_i_time in range(t):
s988653796.py(64):             a = dp_cost_unitl_i[until_i_time][i - 1]
s988653796.py(65):             b = dp_cost_from_i[t - 1 - until_i_time][i + 1]
s988653796.py(66):             maximum_energy = max(maximum_energy, energy[i] + a + b)
s988653796.py(63):         for until_i_time in range(t):
s988653796.py(64):             a = dp_cost_unitl_i[until_i_time][i - 1]
s988653796.py(65):             b = dp_cost_from_i[t - 1 - until_i_time][i + 1]
s988653796.py(66):             maximum_energy = max(maximum_energy, energy[i] + a + b)
s988653796.py(63):         for until_i_time in range(t):
s988653796.py(64):             a = dp_cost_unitl_i[until_i_time][i - 1]
s988653796.py(65):             b = dp_cost_from_i[t - 1 - until_i_time][i + 1]
s988653796.py(66):             maximum_energy = max(maximum_energy, energy[i] + a + b)
s988653796.py(63):         for until_i_time in range(t):
s988653796.py(64):             a = dp_cost_unitl_i[until_i_time][i - 1]
s988653796.py(65):             b = dp_cost_from_i[t - 1 - until_i_time][i + 1]
s988653796.py(66):             maximum_energy = max(maximum_energy, energy[i] + a + b)
s988653796.py(63):         for until_i_time in range(t):
s988653796.py(64):             a = dp_cost_unitl_i[until_i_time][i - 1]
s988653796.py(65):             b = dp_cost_from_i[t - 1 - until_i_time][i + 1]
s988653796.py(66):             maximum_energy = max(maximum_energy, energy[i] + a + b)
s988653796.py(63):         for until_i_time in range(t):
s988653796.py(64):             a = dp_cost_unitl_i[until_i_time][i - 1]
s988653796.py(65):             b = dp_cost_from_i[t - 1 - until_i_time][i + 1]
s988653796.py(66):             maximum_energy = max(maximum_energy, energy[i] + a + b)
s988653796.py(63):         for until_i_time in range(t):
s988653796.py(64):             a = dp_cost_unitl_i[until_i_time][i - 1]
s988653796.py(65):             b = dp_cost_from_i[t - 1 - until_i_time][i + 1]
s988653796.py(66):             maximum_energy = max(maximum_energy, energy[i] + a + b)
s988653796.py(63):         for until_i_time in range(t):
s988653796.py(64):             a = dp_cost_unitl_i[until_i_time][i - 1]
s988653796.py(65):             b = dp_cost_from_i[t - 1 - until_i_time][i + 1]
s988653796.py(66):             maximum_energy = max(maximum_energy, energy[i] + a + b)
s988653796.py(63):         for until_i_time in range(t):
s988653796.py(64):             a = dp_cost_unitl_i[until_i_time][i - 1]
s988653796.py(65):             b = dp_cost_from_i[t - 1 - until_i_time][i + 1]
s988653796.py(66):             maximum_energy = max(maximum_energy, energy[i] + a + b)
s988653796.py(63):         for until_i_time in range(t):
s988653796.py(64):             a = dp_cost_unitl_i[until_i_time][i - 1]
s988653796.py(65):             b = dp_cost_from_i[t - 1 - until_i_time][i + 1]
s988653796.py(66):             maximum_energy = max(maximum_energy, energy[i] + a + b)
s988653796.py(63):         for until_i_time in range(t):
s988653796.py(64):             a = dp_cost_unitl_i[until_i_time][i - 1]
s988653796.py(65):             b = dp_cost_from_i[t - 1 - until_i_time][i + 1]
s988653796.py(66):             maximum_energy = max(maximum_energy, energy[i] + a + b)
s988653796.py(63):         for until_i_time in range(t):
s988653796.py(64):             a = dp_cost_unitl_i[until_i_time][i - 1]
s988653796.py(65):             b = dp_cost_from_i[t - 1 - until_i_time][i + 1]
s988653796.py(66):             maximum_energy = max(maximum_energy, energy[i] + a + b)
s988653796.py(63):         for until_i_time in range(t):
s988653796.py(64):             a = dp_cost_unitl_i[until_i_time][i - 1]
s988653796.py(65):             b = dp_cost_from_i[t - 1 - until_i_time][i + 1]
s988653796.py(66):             maximum_energy = max(maximum_energy, energy[i] + a + b)
s988653796.py(63):         for until_i_time in range(t):
s988653796.py(64):             a = dp_cost_unitl_i[until_i_time][i - 1]
s988653796.py(65):             b = dp_cost_from_i[t - 1 - until_i_time][i + 1]
s988653796.py(66):             maximum_energy = max(maximum_energy, energy[i] + a + b)
s988653796.py(63):         for until_i_time in range(t):
s988653796.py(64):             a = dp_cost_unitl_i[until_i_time][i - 1]
s988653796.py(65):             b = dp_cost_from_i[t - 1 - until_i_time][i + 1]
s988653796.py(66):             maximum_energy = max(maximum_energy, energy[i] + a + b)
s988653796.py(63):         for until_i_time in range(t):
s988653796.py(64):             a = dp_cost_unitl_i[until_i_time][i - 1]
s988653796.py(65):             b = dp_cost_from_i[t - 1 - until_i_time][i + 1]
s988653796.py(66):             maximum_energy = max(maximum_energy, energy[i] + a + b)
s988653796.py(63):         for until_i_time in range(t):
s988653796.py(64):             a = dp_cost_unitl_i[until_i_time][i - 1]
s988653796.py(65):             b = dp_cost_from_i[t - 1 - until_i_time][i + 1]
s988653796.py(66):             maximum_energy = max(maximum_energy, energy[i] + a + b)
s988653796.py(63):         for until_i_time in range(t):
s988653796.py(64):             a = dp_cost_unitl_i[until_i_time][i - 1]
s988653796.py(65):             b = dp_cost_from_i[t - 1 - until_i_time][i + 1]
s988653796.py(66):             maximum_energy = max(maximum_energy, energy[i] + a + b)
s988653796.py(63):         for until_i_time in range(t):
s988653796.py(64):             a = dp_cost_unitl_i[until_i_time][i - 1]
s988653796.py(65):             b = dp_cost_from_i[t - 1 - until_i_time][i + 1]
s988653796.py(66):             maximum_energy = max(maximum_energy, energy[i] + a + b)
s988653796.py(63):         for until_i_time in range(t):
s988653796.py(64):             a = dp_cost_unitl_i[until_i_time][i - 1]
s988653796.py(65):             b = dp_cost_from_i[t - 1 - until_i_time][i + 1]
s988653796.py(66):             maximum_energy = max(maximum_energy, energy[i] + a + b)
s988653796.py(63):         for until_i_time in range(t):
s988653796.py(64):             a = dp_cost_unitl_i[until_i_time][i - 1]
s988653796.py(65):             b = dp_cost_from_i[t - 1 - until_i_time][i + 1]
s988653796.py(66):             maximum_energy = max(maximum_energy, energy[i] + a + b)
s988653796.py(63):         for until_i_time in range(t):
s988653796.py(64):             a = dp_cost_unitl_i[until_i_time][i - 1]
s988653796.py(65):             b = dp_cost_from_i[t - 1 - until_i_time][i + 1]
s988653796.py(66):             maximum_energy = max(maximum_energy, energy[i] + a + b)
s988653796.py(63):         for until_i_time in range(t):
s988653796.py(64):             a = dp_cost_unitl_i[until_i_time][i - 1]
s988653796.py(65):             b = dp_cost_from_i[t - 1 - until_i_time][i + 1]
s988653796.py(66):             maximum_energy = max(maximum_energy, energy[i] + a + b)
s988653796.py(63):         for until_i_time in range(t):
s988653796.py(64):             a = dp_cost_unitl_i[until_i_time][i - 1]
s988653796.py(65):             b = dp_cost_from_i[t - 1 - until_i_time][i + 1]
s988653796.py(66):             maximum_energy = max(maximum_energy, energy[i] + a + b)
s988653796.py(63):         for until_i_time in range(t):
s988653796.py(64):             a = dp_cost_unitl_i[until_i_time][i - 1]
s988653796.py(65):             b = dp_cost_from_i[t - 1 - until_i_time][i + 1]
s988653796.py(66):             maximum_energy = max(maximum_energy, energy[i] + a + b)
s988653796.py(63):         for until_i_time in range(t):
s988653796.py(64):             a = dp_cost_unitl_i[until_i_time][i - 1]
s988653796.py(65):             b = dp_cost_from_i[t - 1 - until_i_time][i + 1]
s988653796.py(66):             maximum_energy = max(maximum_energy, energy[i] + a + b)
s988653796.py(63):         for until_i_time in range(t):
s988653796.py(64):             a = dp_cost_unitl_i[until_i_time][i - 1]
s988653796.py(65):             b = dp_cost_from_i[t - 1 - until_i_time][i + 1]
s988653796.py(66):             maximum_energy = max(maximum_energy, energy[i] + a + b)
s988653796.py(63):         for until_i_time in range(t):
s988653796.py(64):             a = dp_cost_unitl_i[until_i_time][i - 1]
s988653796.py(65):             b = dp_cost_from_i[t - 1 - until_i_time][i + 1]
s988653796.py(66):             maximum_energy = max(maximum_energy, energy[i] + a + b)
s988653796.py(63):         for until_i_time in range(t):
s988653796.py(64):             a = dp_cost_unitl_i[until_i_time][i - 1]
s988653796.py(65):             b = dp_cost_from_i[t - 1 - until_i_time][i + 1]
s988653796.py(66):             maximum_energy = max(maximum_energy, energy[i] + a + b)
s988653796.py(63):         for until_i_time in range(t):
s988653796.py(64):             a = dp_cost_unitl_i[until_i_time][i - 1]
s988653796.py(65):             b = dp_cost_from_i[t - 1 - until_i_time][i + 1]
s988653796.py(66):             maximum_energy = max(maximum_energy, energy[i] + a + b)
s988653796.py(63):         for until_i_time in range(t):
s988653796.py(64):             a = dp_cost_unitl_i[until_i_time][i - 1]
s988653796.py(65):             b = dp_cost_from_i[t - 1 - until_i_time][i + 1]
s988653796.py(66):             maximum_energy = max(maximum_energy, energy[i] + a + b)
s988653796.py(63):         for until_i_time in range(t):
s988653796.py(64):             a = dp_cost_unitl_i[until_i_time][i - 1]
s988653796.py(65):             b = dp_cost_from_i[t - 1 - until_i_time][i + 1]
s988653796.py(66):             maximum_energy = max(maximum_energy, energy[i] + a + b)
s988653796.py(63):         for until_i_time in range(t):
s988653796.py(64):             a = dp_cost_unitl_i[until_i_time][i - 1]
s988653796.py(65):             b = dp_cost_from_i[t - 1 - until_i_time][i + 1]
s988653796.py(66):             maximum_energy = max(maximum_energy, energy[i] + a + b)
s988653796.py(63):         for until_i_time in range(t):
s988653796.py(64):             a = dp_cost_unitl_i[until_i_time][i - 1]
s988653796.py(65):             b = dp_cost_from_i[t - 1 - until_i_time][i + 1]
s988653796.py(66):             maximum_energy = max(maximum_energy, energy[i] + a + b)
s988653796.py(63):         for until_i_time in range(t):
s988653796.py(64):             a = dp_cost_unitl_i[until_i_time][i - 1]
s988653796.py(65):             b = dp_cost_from_i[t - 1 - until_i_time][i + 1]
s988653796.py(66):             maximum_energy = max(maximum_energy, energy[i] + a + b)
s988653796.py(63):         for until_i_time in range(t):
s988653796.py(64):             a = dp_cost_unitl_i[until_i_time][i - 1]
s988653796.py(65):             b = dp_cost_from_i[t - 1 - until_i_time][i + 1]
s988653796.py(66):             maximum_energy = max(maximum_energy, energy[i] + a + b)
s988653796.py(63):         for until_i_time in range(t):
s988653796.py(64):             a = dp_cost_unitl_i[until_i_time][i - 1]
s988653796.py(65):             b = dp_cost_from_i[t - 1 - until_i_time][i + 1]
s988653796.py(66):             maximum_energy = max(maximum_energy, energy[i] + a + b)
s988653796.py(63):         for until_i_time in range(t):
s988653796.py(64):             a = dp_cost_unitl_i[until_i_time][i - 1]
s988653796.py(65):             b = dp_cost_from_i[t - 1 - until_i_time][i + 1]
s988653796.py(66):             maximum_energy = max(maximum_energy, energy[i] + a + b)
s988653796.py(63):         for until_i_time in range(t):
s988653796.py(64):             a = dp_cost_unitl_i[until_i_time][i - 1]
s988653796.py(65):             b = dp_cost_from_i[t - 1 - until_i_time][i + 1]
s988653796.py(66):             maximum_energy = max(maximum_energy, energy[i] + a + b)
s988653796.py(63):         for until_i_time in range(t):
s988653796.py(61):     for i in range(1, n + 1):
s988653796.py(68):     print(maximum_energy)
110
