 --- modulename: s379569089, funcname: <module>
s379569089.py(1): import collections
s379569089.py(3): INF = 10 ** 5
s379569089.py(5): def Z(): return int(input())
s379569089.py(6): def ZZ(): return [int(_) for _ in input().split()]
s379569089.py(8): def main():
s379569089.py(36): if __name__ == '__main__':
s379569089.py(37):     main()
 --- modulename: s379569089, funcname: main
s379569089.py(9):     H, W = ZZ()
 --- modulename: s379569089, funcname: ZZ
s379569089.py(6): def ZZ(): return [int(_) for _ in input().split()]
 --- modulename: codecs, funcname: getstate
codecs.py(333):         return (self.buffer, 0)
 --- modulename: codecs, funcname: decode
codecs.py(321):         data = self.buffer + input
codecs.py(322):         (result, consumed) = self._buffer_decode(data, self.errors, final)
codecs.py(324):         self.buffer = data[consumed:]
codecs.py(325):         return result
 --- modulename: s379569089, funcname: <listcomp>
s379569089.py(6): def ZZ(): return [int(_) for _ in input().split()]
s379569089.py(6): def ZZ(): return [int(_) for _ in input().split()]
s379569089.py(6): def ZZ(): return [int(_) for _ in input().split()]
s379569089.py(10):     Maze = [input() for _ in range(H)]
 --- modulename: s379569089, funcname: <listcomp>
s379569089.py(10):     Maze = [input() for _ in range(H)]
s379569089.py(10):     Maze = [input() for _ in range(H)]
s379569089.py(10):     Maze = [input() for _ in range(H)]
s379569089.py(10):     Maze = [input() for _ in range(H)]
s379569089.py(11):     D = [(1, 0), (-1, 0), (0, 1), (0, -1)]
s379569089.py(13):     def bfs(sx, sy):
s379569089.py(27):     max_d = -1
s379569089.py(29):     for i in range(H):
s379569089.py(30):         for j in range(W):
s379569089.py(31):             if Maze[i][j] == '.': max_d = max(max_d, bfs(i, j))
 --- modulename: s379569089, funcname: bfs
s379569089.py(14):         dist = [[INF] * W for _ in range(H)]
 --- modulename: s379569089, funcname: <listcomp>
s379569089.py(14):         dist = [[INF] * W for _ in range(H)]
s379569089.py(14):         dist = [[INF] * W for _ in range(H)]
s379569089.py(14):         dist = [[INF] * W for _ in range(H)]
s379569089.py(14):         dist = [[INF] * W for _ in range(H)]
s379569089.py(15):         dist[sx][sy] = 0
s379569089.py(16):         deq = collections.deque()
s379569089.py(17):         deq.append([sx, sy])
s379569089.py(18):         while deq:
s379569089.py(19):             v = deq.popleft()
s379569089.py(20):             for dx, dy in D:
s379569089.py(21):                 nx, ny = v[0]+dx, v[1]+dy
s379569089.py(22):                 if 0 <= nx < H and 0 <= ny < W and dist[nx][ny] == INF and Maze[nx][ny] == '.':
s379569089.py(23):                     dist[nx][ny] = dist[v[0]][v[1]] + 1
s379569089.py(24):                     deq.append([nx, ny])
s379569089.py(20):             for dx, dy in D:
s379569089.py(21):                 nx, ny = v[0]+dx, v[1]+dy
s379569089.py(22):                 if 0 <= nx < H and 0 <= ny < W and dist[nx][ny] == INF and Maze[nx][ny] == '.':
s379569089.py(20):             for dx, dy in D:
s379569089.py(21):                 nx, ny = v[0]+dx, v[1]+dy
s379569089.py(22):                 if 0 <= nx < H and 0 <= ny < W and dist[nx][ny] == INF and Maze[nx][ny] == '.':
s379569089.py(23):                     dist[nx][ny] = dist[v[0]][v[1]] + 1
s379569089.py(24):                     deq.append([nx, ny])
s379569089.py(20):             for dx, dy in D:
s379569089.py(21):                 nx, ny = v[0]+dx, v[1]+dy
s379569089.py(22):                 if 0 <= nx < H and 0 <= ny < W and dist[nx][ny] == INF and Maze[nx][ny] == '.':
s379569089.py(20):             for dx, dy in D:
s379569089.py(18):         while deq:
s379569089.py(19):             v = deq.popleft()
s379569089.py(20):             for dx, dy in D:
s379569089.py(21):                 nx, ny = v[0]+dx, v[1]+dy
s379569089.py(22):                 if 0 <= nx < H and 0 <= ny < W and dist[nx][ny] == INF and Maze[nx][ny] == '.':
s379569089.py(23):                     dist[nx][ny] = dist[v[0]][v[1]] + 1
s379569089.py(24):                     deq.append([nx, ny])
s379569089.py(20):             for dx, dy in D:
s379569089.py(21):                 nx, ny = v[0]+dx, v[1]+dy
s379569089.py(22):                 if 0 <= nx < H and 0 <= ny < W and dist[nx][ny] == INF and Maze[nx][ny] == '.':
s379569089.py(20):             for dx, dy in D:
s379569089.py(21):                 nx, ny = v[0]+dx, v[1]+dy
s379569089.py(22):                 if 0 <= nx < H and 0 <= ny < W and dist[nx][ny] == INF and Maze[nx][ny] == '.':
s379569089.py(23):                     dist[nx][ny] = dist[v[0]][v[1]] + 1
s379569089.py(24):                     deq.append([nx, ny])
s379569089.py(20):             for dx, dy in D:
s379569089.py(21):                 nx, ny = v[0]+dx, v[1]+dy
s379569089.py(22):                 if 0 <= nx < H and 0 <= ny < W and dist[nx][ny] == INF and Maze[nx][ny] == '.':
s379569089.py(20):             for dx, dy in D:
s379569089.py(18):         while deq:
s379569089.py(19):             v = deq.popleft()
s379569089.py(20):             for dx, dy in D:
s379569089.py(21):                 nx, ny = v[0]+dx, v[1]+dy
s379569089.py(22):                 if 0 <= nx < H and 0 <= ny < W and dist[nx][ny] == INF and Maze[nx][ny] == '.':
s379569089.py(20):             for dx, dy in D:
s379569089.py(21):                 nx, ny = v[0]+dx, v[1]+dy
s379569089.py(22):                 if 0 <= nx < H and 0 <= ny < W and dist[nx][ny] == INF and Maze[nx][ny] == '.':
s379569089.py(20):             for dx, dy in D:
s379569089.py(21):                 nx, ny = v[0]+dx, v[1]+dy
s379569089.py(22):                 if 0 <= nx < H and 0 <= ny < W and dist[nx][ny] == INF and Maze[nx][ny] == '.':
s379569089.py(23):                     dist[nx][ny] = dist[v[0]][v[1]] + 1
s379569089.py(24):                     deq.append([nx, ny])
s379569089.py(20):             for dx, dy in D:
s379569089.py(21):                 nx, ny = v[0]+dx, v[1]+dy
s379569089.py(22):                 if 0 <= nx < H and 0 <= ny < W and dist[nx][ny] == INF and Maze[nx][ny] == '.':
s379569089.py(20):             for dx, dy in D:
s379569089.py(18):         while deq:
s379569089.py(19):             v = deq.popleft()
s379569089.py(20):             for dx, dy in D:
s379569089.py(21):                 nx, ny = v[0]+dx, v[1]+dy
s379569089.py(22):                 if 0 <= nx < H and 0 <= ny < W and dist[nx][ny] == INF and Maze[nx][ny] == '.':
s379569089.py(20):             for dx, dy in D:
s379569089.py(21):                 nx, ny = v[0]+dx, v[1]+dy
s379569089.py(22):                 if 0 <= nx < H and 0 <= ny < W and dist[nx][ny] == INF and Maze[nx][ny] == '.':
s379569089.py(20):             for dx, dy in D:
s379569089.py(21):                 nx, ny = v[0]+dx, v[1]+dy
s379569089.py(22):                 if 0 <= nx < H and 0 <= ny < W and dist[nx][ny] == INF and Maze[nx][ny] == '.':
s379569089.py(23):                     dist[nx][ny] = dist[v[0]][v[1]] + 1
s379569089.py(24):                     deq.append([nx, ny])
s379569089.py(20):             for dx, dy in D:
s379569089.py(21):                 nx, ny = v[0]+dx, v[1]+dy
s379569089.py(22):                 if 0 <= nx < H and 0 <= ny < W and dist[nx][ny] == INF and Maze[nx][ny] == '.':
s379569089.py(20):             for dx, dy in D:
s379569089.py(18):         while deq:
s379569089.py(19):             v = deq.popleft()
s379569089.py(20):             for dx, dy in D:
s379569089.py(21):                 nx, ny = v[0]+dx, v[1]+dy
s379569089.py(22):                 if 0 <= nx < H and 0 <= ny < W and dist[nx][ny] == INF and Maze[nx][ny] == '.':
s379569089.py(20):             for dx, dy in D:
s379569089.py(21):                 nx, ny = v[0]+dx, v[1]+dy
s379569089.py(22):                 if 0 <= nx < H and 0 <= ny < W and dist[nx][ny] == INF and Maze[nx][ny] == '.':
s379569089.py(20):             for dx, dy in D:
s379569089.py(21):                 nx, ny = v[0]+dx, v[1]+dy
s379569089.py(22):                 if 0 <= nx < H and 0 <= ny < W and dist[nx][ny] == INF and Maze[nx][ny] == '.':
s379569089.py(23):                     dist[nx][ny] = dist[v[0]][v[1]] + 1
s379569089.py(24):                     deq.append([nx, ny])
s379569089.py(20):             for dx, dy in D:
s379569089.py(21):                 nx, ny = v[0]+dx, v[1]+dy
s379569089.py(22):                 if 0 <= nx < H and 0 <= ny < W and dist[nx][ny] == INF and Maze[nx][ny] == '.':
s379569089.py(20):             for dx, dy in D:
s379569089.py(18):         while deq:
s379569089.py(19):             v = deq.popleft()
s379569089.py(20):             for dx, dy in D:
s379569089.py(21):                 nx, ny = v[0]+dx, v[1]+dy
s379569089.py(22):                 if 0 <= nx < H and 0 <= ny < W and dist[nx][ny] == INF and Maze[nx][ny] == '.':
s379569089.py(20):             for dx, dy in D:
s379569089.py(21):                 nx, ny = v[0]+dx, v[1]+dy
s379569089.py(22):                 if 0 <= nx < H and 0 <= ny < W and dist[nx][ny] == INF and Maze[nx][ny] == '.':
s379569089.py(20):             for dx, dy in D:
s379569089.py(21):                 nx, ny = v[0]+dx, v[1]+dy
s379569089.py(22):                 if 0 <= nx < H and 0 <= ny < W and dist[nx][ny] == INF and Maze[nx][ny] == '.':
s379569089.py(20):             for dx, dy in D:
s379569089.py(21):                 nx, ny = v[0]+dx, v[1]+dy
s379569089.py(22):                 if 0 <= nx < H and 0 <= ny < W and dist[nx][ny] == INF and Maze[nx][ny] == '.':
s379569089.py(20):             for dx, dy in D:
s379569089.py(18):         while deq:
s379569089.py(19):             v = deq.popleft()
s379569089.py(20):             for dx, dy in D:
s379569089.py(21):                 nx, ny = v[0]+dx, v[1]+dy
s379569089.py(22):                 if 0 <= nx < H and 0 <= ny < W and dist[nx][ny] == INF and Maze[nx][ny] == '.':
s379569089.py(20):             for dx, dy in D:
s379569089.py(21):                 nx, ny = v[0]+dx, v[1]+dy
s379569089.py(22):                 if 0 <= nx < H and 0 <= ny < W and dist[nx][ny] == INF and Maze[nx][ny] == '.':
s379569089.py(20):             for dx, dy in D:
s379569089.py(21):                 nx, ny = v[0]+dx, v[1]+dy
s379569089.py(22):                 if 0 <= nx < H and 0 <= ny < W and dist[nx][ny] == INF and Maze[nx][ny] == '.':
s379569089.py(23):                     dist[nx][ny] = dist[v[0]][v[1]] + 1
s379569089.py(24):                     deq.append([nx, ny])
s379569089.py(20):             for dx, dy in D:
s379569089.py(21):                 nx, ny = v[0]+dx, v[1]+dy
s379569089.py(22):                 if 0 <= nx < H and 0 <= ny < W and dist[nx][ny] == INF and Maze[nx][ny] == '.':
s379569089.py(20):             for dx, dy in D:
s379569089.py(18):         while deq:
s379569089.py(19):             v = deq.popleft()
s379569089.py(20):             for dx, dy in D:
s379569089.py(21):                 nx, ny = v[0]+dx, v[1]+dy
s379569089.py(22):                 if 0 <= nx < H and 0 <= ny < W and dist[nx][ny] == INF and Maze[nx][ny] == '.':
s379569089.py(20):             for dx, dy in D:
s379569089.py(21):                 nx, ny = v[0]+dx, v[1]+dy
s379569089.py(22):                 if 0 <= nx < H and 0 <= ny < W and dist[nx][ny] == INF and Maze[nx][ny] == '.':
s379569089.py(20):             for dx, dy in D:
s379569089.py(21):                 nx, ny = v[0]+dx, v[1]+dy
s379569089.py(22):                 if 0 <= nx < H and 0 <= ny < W and dist[nx][ny] == INF and Maze[nx][ny] == '.':
s379569089.py(20):             for dx, dy in D:
s379569089.py(21):                 nx, ny = v[0]+dx, v[1]+dy
s379569089.py(22):                 if 0 <= nx < H and 0 <= ny < W and dist[nx][ny] == INF and Maze[nx][ny] == '.':
s379569089.py(20):             for dx, dy in D:
s379569089.py(18):         while deq:
s379569089.py(19):             v = deq.popleft()
s379569089.py(20):             for dx, dy in D:
s379569089.py(21):                 nx, ny = v[0]+dx, v[1]+dy
s379569089.py(22):                 if 0 <= nx < H and 0 <= ny < W and dist[nx][ny] == INF and Maze[nx][ny] == '.':
s379569089.py(20):             for dx, dy in D:
s379569089.py(21):                 nx, ny = v[0]+dx, v[1]+dy
s379569089.py(22):                 if 0 <= nx < H and 0 <= ny < W and dist[nx][ny] == INF and Maze[nx][ny] == '.':
s379569089.py(20):             for dx, dy in D:
s379569089.py(21):                 nx, ny = v[0]+dx, v[1]+dy
s379569089.py(22):                 if 0 <= nx < H and 0 <= ny < W and dist[nx][ny] == INF and Maze[nx][ny] == '.':
s379569089.py(20):             for dx, dy in D:
s379569089.py(21):                 nx, ny = v[0]+dx, v[1]+dy
s379569089.py(22):                 if 0 <= nx < H and 0 <= ny < W and dist[nx][ny] == INF and Maze[nx][ny] == '.':
s379569089.py(20):             for dx, dy in D:
s379569089.py(18):         while deq:
s379569089.py(25):         return dist[v[0]][v[1]]
s379569089.py(30):         for j in range(W):
s379569089.py(31):             if Maze[i][j] == '.': max_d = max(max_d, bfs(i, j))
 --- modulename: s379569089, funcname: bfs
s379569089.py(14):         dist = [[INF] * W for _ in range(H)]
 --- modulename: s379569089, funcname: <listcomp>
s379569089.py(14):         dist = [[INF] * W for _ in range(H)]
s379569089.py(14):         dist = [[INF] * W for _ in range(H)]
s379569089.py(14):         dist = [[INF] * W for _ in range(H)]
s379569089.py(14):         dist = [[INF] * W for _ in range(H)]
s379569089.py(15):         dist[sx][sy] = 0
s379569089.py(16):         deq = collections.deque()
s379569089.py(17):         deq.append([sx, sy])
s379569089.py(18):         while deq:
s379569089.py(19):             v = deq.popleft()
s379569089.py(20):             for dx, dy in D:
s379569089.py(21):                 nx, ny = v[0]+dx, v[1]+dy
s379569089.py(22):                 if 0 <= nx < H and 0 <= ny < W and dist[nx][ny] == INF and Maze[nx][ny] == '.':
s379569089.py(23):                     dist[nx][ny] = dist[v[0]][v[1]] + 1
s379569089.py(24):                     deq.append([nx, ny])
s379569089.py(20):             for dx, dy in D:
s379569089.py(21):                 nx, ny = v[0]+dx, v[1]+dy
s379569089.py(22):                 if 0 <= nx < H and 0 <= ny < W and dist[nx][ny] == INF and Maze[nx][ny] == '.':
s379569089.py(20):             for dx, dy in D:
s379569089.py(21):                 nx, ny = v[0]+dx, v[1]+dy
s379569089.py(22):                 if 0 <= nx < H and 0 <= ny < W and dist[nx][ny] == INF and Maze[nx][ny] == '.':
s379569089.py(23):                     dist[nx][ny] = dist[v[0]][v[1]] + 1
s379569089.py(24):                     deq.append([nx, ny])
s379569089.py(20):             for dx, dy in D:
s379569089.py(21):                 nx, ny = v[0]+dx, v[1]+dy
s379569089.py(22):                 if 0 <= nx < H and 0 <= ny < W and dist[nx][ny] == INF and Maze[nx][ny] == '.':
s379569089.py(23):                     dist[nx][ny] = dist[v[0]][v[1]] + 1
s379569089.py(24):                     deq.append([nx, ny])
s379569089.py(20):             for dx, dy in D:
s379569089.py(18):         while deq:
s379569089.py(19):             v = deq.popleft()
s379569089.py(20):             for dx, dy in D:
s379569089.py(21):                 nx, ny = v[0]+dx, v[1]+dy
s379569089.py(22):                 if 0 <= nx < H and 0 <= ny < W and dist[nx][ny] == INF and Maze[nx][ny] == '.':
s379569089.py(23):                     dist[nx][ny] = dist[v[0]][v[1]] + 1
s379569089.py(24):                     deq.append([nx, ny])
s379569089.py(20):             for dx, dy in D:
s379569089.py(21):                 nx, ny = v[0]+dx, v[1]+dy
s379569089.py(22):                 if 0 <= nx < H and 0 <= ny < W and dist[nx][ny] == INF and Maze[nx][ny] == '.':
s379569089.py(20):             for dx, dy in D:
s379569089.py(21):                 nx, ny = v[0]+dx, v[1]+dy
s379569089.py(22):                 if 0 <= nx < H and 0 <= ny < W and dist[nx][ny] == INF and Maze[nx][ny] == '.':
s379569089.py(23):                     dist[nx][ny] = dist[v[0]][v[1]] + 1
s379569089.py(24):                     deq.append([nx, ny])
s379569089.py(20):             for dx, dy in D:
s379569089.py(21):                 nx, ny = v[0]+dx, v[1]+dy
s379569089.py(22):                 if 0 <= nx < H and 0 <= ny < W and dist[nx][ny] == INF and Maze[nx][ny] == '.':
s379569089.py(23):                     dist[nx][ny] = dist[v[0]][v[1]] + 1
s379569089.py(24):                     deq.append([nx, ny])
s379569089.py(20):             for dx, dy in D:
s379569089.py(18):         while deq:
s379569089.py(19):             v = deq.popleft()
s379569089.py(20):             for dx, dy in D:
s379569089.py(21):                 nx, ny = v[0]+dx, v[1]+dy
s379569089.py(22):                 if 0 <= nx < H and 0 <= ny < W and dist[nx][ny] == INF and Maze[nx][ny] == '.':
s379569089.py(20):             for dx, dy in D:
s379569089.py(21):                 nx, ny = v[0]+dx, v[1]+dy
s379569089.py(22):                 if 0 <= nx < H and 0 <= ny < W and dist[nx][ny] == INF and Maze[nx][ny] == '.':
s379569089.py(20):             for dx, dy in D:
s379569089.py(21):                 nx, ny = v[0]+dx, v[1]+dy
s379569089.py(22):                 if 0 <= nx < H and 0 <= ny < W and dist[nx][ny] == INF and Maze[nx][ny] == '.':
s379569089.py(20):             for dx, dy in D:
s379569089.py(21):                 nx, ny = v[0]+dx, v[1]+dy
s379569089.py(22):                 if 0 <= nx < H and 0 <= ny < W and dist[nx][ny] == INF and Maze[nx][ny] == '.':
s379569089.py(20):             for dx, dy in D:
s379569089.py(18):         while deq:
s379569089.py(19):             v = deq.popleft()
s379569089.py(20):             for dx, dy in D:
s379569089.py(21):                 nx, ny = v[0]+dx, v[1]+dy
s379569089.py(22):                 if 0 <= nx < H and 0 <= ny < W and dist[nx][ny] == INF and Maze[nx][ny] == '.':
s379569089.py(20):             for dx, dy in D:
s379569089.py(21):                 nx, ny = v[0]+dx, v[1]+dy
s379569089.py(22):                 if 0 <= nx < H and 0 <= ny < W and dist[nx][ny] == INF and Maze[nx][ny] == '.':
s379569089.py(20):             for dx, dy in D:
s379569089.py(21):                 nx, ny = v[0]+dx, v[1]+dy
s379569089.py(22):                 if 0 <= nx < H and 0 <= ny < W and dist[nx][ny] == INF and Maze[nx][ny] == '.':
s379569089.py(20):             for dx, dy in D:
s379569089.py(21):                 nx, ny = v[0]+dx, v[1]+dy
s379569089.py(22):                 if 0 <= nx < H and 0 <= ny < W and dist[nx][ny] == INF and Maze[nx][ny] == '.':
s379569089.py(20):             for dx, dy in D:
s379569089.py(18):         while deq:
s379569089.py(19):             v = deq.popleft()
s379569089.py(20):             for dx, dy in D:
s379569089.py(21):                 nx, ny = v[0]+dx, v[1]+dy
s379569089.py(22):                 if 0 <= nx < H and 0 <= ny < W and dist[nx][ny] == INF and Maze[nx][ny] == '.':
s379569089.py(20):             for dx, dy in D:
s379569089.py(21):                 nx, ny = v[0]+dx, v[1]+dy
s379569089.py(22):                 if 0 <= nx < H and 0 <= ny < W and dist[nx][ny] == INF and Maze[nx][ny] == '.':
s379569089.py(20):             for dx, dy in D:
s379569089.py(21):                 nx, ny = v[0]+dx, v[1]+dy
s379569089.py(22):                 if 0 <= nx < H and 0 <= ny < W and dist[nx][ny] == INF and Maze[nx][ny] == '.':
s379569089.py(23):                     dist[nx][ny] = dist[v[0]][v[1]] + 1
s379569089.py(24):                     deq.append([nx, ny])
s379569089.py(20):             for dx, dy in D:
s379569089.py(21):                 nx, ny = v[0]+dx, v[1]+dy
s379569089.py(22):                 if 0 <= nx < H and 0 <= ny < W and dist[nx][ny] == INF and Maze[nx][ny] == '.':
s379569089.py(23):                     dist[nx][ny] = dist[v[0]][v[1]] + 1
s379569089.py(24):                     deq.append([nx, ny])
s379569089.py(20):             for dx, dy in D:
s379569089.py(18):         while deq:
s379569089.py(19):             v = deq.popleft()
s379569089.py(20):             for dx, dy in D:
s379569089.py(21):                 nx, ny = v[0]+dx, v[1]+dy
s379569089.py(22):                 if 0 <= nx < H and 0 <= ny < W and dist[nx][ny] == INF and Maze[nx][ny] == '.':
s379569089.py(20):             for dx, dy in D:
s379569089.py(21):                 nx, ny = v[0]+dx, v[1]+dy
s379569089.py(22):                 if 0 <= nx < H and 0 <= ny < W and dist[nx][ny] == INF and Maze[nx][ny] == '.':
s379569089.py(20):             for dx, dy in D:
s379569089.py(21):                 nx, ny = v[0]+dx, v[1]+dy
s379569089.py(22):                 if 0 <= nx < H and 0 <= ny < W and dist[nx][ny] == INF and Maze[nx][ny] == '.':
s379569089.py(20):             for dx, dy in D:
s379569089.py(21):                 nx, ny = v[0]+dx, v[1]+dy
s379569089.py(22):                 if 0 <= nx < H and 0 <= ny < W and dist[nx][ny] == INF and Maze[nx][ny] == '.':
s379569089.py(20):             for dx, dy in D:
s379569089.py(18):         while deq:
s379569089.py(19):             v = deq.popleft()
s379569089.py(20):             for dx, dy in D:
s379569089.py(21):                 nx, ny = v[0]+dx, v[1]+dy
s379569089.py(22):                 if 0 <= nx < H and 0 <= ny < W and dist[nx][ny] == INF and Maze[nx][ny] == '.':
s379569089.py(20):             for dx, dy in D:
s379569089.py(21):                 nx, ny = v[0]+dx, v[1]+dy
s379569089.py(22):                 if 0 <= nx < H and 0 <= ny < W and dist[nx][ny] == INF and Maze[nx][ny] == '.':
s379569089.py(20):             for dx, dy in D:
s379569089.py(21):                 nx, ny = v[0]+dx, v[1]+dy
s379569089.py(22):                 if 0 <= nx < H and 0 <= ny < W and dist[nx][ny] == INF and Maze[nx][ny] == '.':
s379569089.py(20):             for dx, dy in D:
s379569089.py(21):                 nx, ny = v[0]+dx, v[1]+dy
s379569089.py(22):                 if 0 <= nx < H and 0 <= ny < W and dist[nx][ny] == INF and Maze[nx][ny] == '.':
s379569089.py(20):             for dx, dy in D:
s379569089.py(18):         while deq:
s379569089.py(19):             v = deq.popleft()
s379569089.py(20):             for dx, dy in D:
s379569089.py(21):                 nx, ny = v[0]+dx, v[1]+dy
s379569089.py(22):                 if 0 <= nx < H and 0 <= ny < W and dist[nx][ny] == INF and Maze[nx][ny] == '.':
s379569089.py(20):             for dx, dy in D:
s379569089.py(21):                 nx, ny = v[0]+dx, v[1]+dy
s379569089.py(22):                 if 0 <= nx < H and 0 <= ny < W and dist[nx][ny] == INF and Maze[nx][ny] == '.':
s379569089.py(20):             for dx, dy in D:
s379569089.py(21):                 nx, ny = v[0]+dx, v[1]+dy
s379569089.py(22):                 if 0 <= nx < H and 0 <= ny < W and dist[nx][ny] == INF and Maze[nx][ny] == '.':
s379569089.py(20):             for dx, dy in D:
s379569089.py(21):                 nx, ny = v[0]+dx, v[1]+dy
s379569089.py(22):                 if 0 <= nx < H and 0 <= ny < W and dist[nx][ny] == INF and Maze[nx][ny] == '.':
s379569089.py(20):             for dx, dy in D:
s379569089.py(18):         while deq:
s379569089.py(19):             v = deq.popleft()
s379569089.py(20):             for dx, dy in D:
s379569089.py(21):                 nx, ny = v[0]+dx, v[1]+dy
s379569089.py(22):                 if 0 <= nx < H and 0 <= ny < W and dist[nx][ny] == INF and Maze[nx][ny] == '.':
s379569089.py(20):             for dx, dy in D:
s379569089.py(21):                 nx, ny = v[0]+dx, v[1]+dy
s379569089.py(22):                 if 0 <= nx < H and 0 <= ny < W and dist[nx][ny] == INF and Maze[nx][ny] == '.':
s379569089.py(20):             for dx, dy in D:
s379569089.py(21):                 nx, ny = v[0]+dx, v[1]+dy
s379569089.py(22):                 if 0 <= nx < H and 0 <= ny < W and dist[nx][ny] == INF and Maze[nx][ny] == '.':
s379569089.py(20):             for dx, dy in D:
s379569089.py(21):                 nx, ny = v[0]+dx, v[1]+dy
s379569089.py(22):                 if 0 <= nx < H and 0 <= ny < W and dist[nx][ny] == INF and Maze[nx][ny] == '.':
s379569089.py(20):             for dx, dy in D:
s379569089.py(18):         while deq:
s379569089.py(25):         return dist[v[0]][v[1]]
s379569089.py(30):         for j in range(W):
s379569089.py(31):             if Maze[i][j] == '.': max_d = max(max_d, bfs(i, j))
 --- modulename: s379569089, funcname: bfs
s379569089.py(14):         dist = [[INF] * W for _ in range(H)]
 --- modulename: s379569089, funcname: <listcomp>
s379569089.py(14):         dist = [[INF] * W for _ in range(H)]
s379569089.py(14):         dist = [[INF] * W for _ in range(H)]
s379569089.py(14):         dist = [[INF] * W for _ in range(H)]
s379569089.py(14):         dist = [[INF] * W for _ in range(H)]
s379569089.py(15):         dist[sx][sy] = 0
s379569089.py(16):         deq = collections.deque()
s379569089.py(17):         deq.append([sx, sy])
s379569089.py(18):         while deq:
s379569089.py(19):             v = deq.popleft()
s379569089.py(20):             for dx, dy in D:
s379569089.py(21):                 nx, ny = v[0]+dx, v[1]+dy
s379569089.py(22):                 if 0 <= nx < H and 0 <= ny < W and dist[nx][ny] == INF and Maze[nx][ny] == '.':
s379569089.py(23):                     dist[nx][ny] = dist[v[0]][v[1]] + 1
s379569089.py(24):                     deq.append([nx, ny])
s379569089.py(20):             for dx, dy in D:
s379569089.py(21):                 nx, ny = v[0]+dx, v[1]+dy
s379569089.py(22):                 if 0 <= nx < H and 0 <= ny < W and dist[nx][ny] == INF and Maze[nx][ny] == '.':
s379569089.py(20):             for dx, dy in D:
s379569089.py(21):                 nx, ny = v[0]+dx, v[1]+dy
s379569089.py(22):                 if 0 <= nx < H and 0 <= ny < W and dist[nx][ny] == INF and Maze[nx][ny] == '.':
s379569089.py(20):             for dx, dy in D:
s379569089.py(21):                 nx, ny = v[0]+dx, v[1]+dy
s379569089.py(22):                 if 0 <= nx < H and 0 <= ny < W and dist[nx][ny] == INF and Maze[nx][ny] == '.':
s379569089.py(23):                     dist[nx][ny] = dist[v[0]][v[1]] + 1
s379569089.py(24):                     deq.append([nx, ny])
s379569089.py(20):             for dx, dy in D:
s379569089.py(18):         while deq:
s379569089.py(19):             v = deq.popleft()
s379569089.py(20):             for dx, dy in D:
s379569089.py(21):                 nx, ny = v[0]+dx, v[1]+dy
s379569089.py(22):                 if 0 <= nx < H and 0 <= ny < W and dist[nx][ny] == INF and Maze[nx][ny] == '.':
s379569089.py(23):                     dist[nx][ny] = dist[v[0]][v[1]] + 1
s379569089.py(24):                     deq.append([nx, ny])
s379569089.py(20):             for dx, dy in D:
s379569089.py(21):                 nx, ny = v[0]+dx, v[1]+dy
s379569089.py(22):                 if 0 <= nx < H and 0 <= ny < W and dist[nx][ny] == INF and Maze[nx][ny] == '.':
s379569089.py(20):             for dx, dy in D:
s379569089.py(21):                 nx, ny = v[0]+dx, v[1]+dy
s379569089.py(22):                 if 0 <= nx < H and 0 <= ny < W and dist[nx][ny] == INF and Maze[nx][ny] == '.':
s379569089.py(20):             for dx, dy in D:
s379569089.py(21):                 nx, ny = v[0]+dx, v[1]+dy
s379569089.py(22):                 if 0 <= nx < H and 0 <= ny < W and dist[nx][ny] == INF and Maze[nx][ny] == '.':
s379569089.py(23):                     dist[nx][ny] = dist[v[0]][v[1]] + 1
s379569089.py(24):                     deq.append([nx, ny])
s379569089.py(20):             for dx, dy in D:
s379569089.py(18):         while deq:
s379569089.py(19):             v = deq.popleft()
s379569089.py(20):             for dx, dy in D:
s379569089.py(21):                 nx, ny = v[0]+dx, v[1]+dy
s379569089.py(22):                 if 0 <= nx < H and 0 <= ny < W and dist[nx][ny] == INF and Maze[nx][ny] == '.':
s379569089.py(20):             for dx, dy in D:
s379569089.py(21):                 nx, ny = v[0]+dx, v[1]+dy
s379569089.py(22):                 if 0 <= nx < H and 0 <= ny < W and dist[nx][ny] == INF and Maze[nx][ny] == '.':
s379569089.py(20):             for dx, dy in D:
s379569089.py(21):                 nx, ny = v[0]+dx, v[1]+dy
s379569089.py(22):                 if 0 <= nx < H and 0 <= ny < W and dist[nx][ny] == INF and Maze[nx][ny] == '.':
s379569089.py(20):             for dx, dy in D:
s379569089.py(21):                 nx, ny = v[0]+dx, v[1]+dy
s379569089.py(22):                 if 0 <= nx < H and 0 <= ny < W and dist[nx][ny] == INF and Maze[nx][ny] == '.':
s379569089.py(23):                     dist[nx][ny] = dist[v[0]][v[1]] + 1
s379569089.py(24):                     deq.append([nx, ny])
s379569089.py(20):             for dx, dy in D:
s379569089.py(18):         while deq:
s379569089.py(19):             v = deq.popleft()
s379569089.py(20):             for dx, dy in D:
s379569089.py(21):                 nx, ny = v[0]+dx, v[1]+dy
s379569089.py(22):                 if 0 <= nx < H and 0 <= ny < W and dist[nx][ny] == INF and Maze[nx][ny] == '.':
s379569089.py(20):             for dx, dy in D:
s379569089.py(21):                 nx, ny = v[0]+dx, v[1]+dy
s379569089.py(22):                 if 0 <= nx < H and 0 <= ny < W and dist[nx][ny] == INF and Maze[nx][ny] == '.':
s379569089.py(20):             for dx, dy in D:
s379569089.py(21):                 nx, ny = v[0]+dx, v[1]+dy
s379569089.py(22):                 if 0 <= nx < H and 0 <= ny < W and dist[nx][ny] == INF and Maze[nx][ny] == '.':
s379569089.py(20):             for dx, dy in D:
s379569089.py(21):                 nx, ny = v[0]+dx, v[1]+dy
s379569089.py(22):                 if 0 <= nx < H and 0 <= ny < W and dist[nx][ny] == INF and Maze[nx][ny] == '.':
s379569089.py(23):                     dist[nx][ny] = dist[v[0]][v[1]] + 1
s379569089.py(24):                     deq.append([nx, ny])
s379569089.py(20):             for dx, dy in D:
s379569089.py(18):         while deq:
s379569089.py(19):             v = deq.popleft()
s379569089.py(20):             for dx, dy in D:
s379569089.py(21):                 nx, ny = v[0]+dx, v[1]+dy
s379569089.py(22):                 if 0 <= nx < H and 0 <= ny < W and dist[nx][ny] == INF and Maze[nx][ny] == '.':
s379569089.py(20):             for dx, dy in D:
s379569089.py(21):                 nx, ny = v[0]+dx, v[1]+dy
s379569089.py(22):                 if 0 <= nx < H and 0 <= ny < W and dist[nx][ny] == INF and Maze[nx][ny] == '.':
s379569089.py(20):             for dx, dy in D:
s379569089.py(21):                 nx, ny = v[0]+dx, v[1]+dy
s379569089.py(22):                 if 0 <= nx < H and 0 <= ny < W and dist[nx][ny] == INF and Maze[nx][ny] == '.':
s379569089.py(20):             for dx, dy in D:
s379569089.py(21):                 nx, ny = v[0]+dx, v[1]+dy
s379569089.py(22):                 if 0 <= nx < H and 0 <= ny < W and dist[nx][ny] == INF and Maze[nx][ny] == '.':
s379569089.py(23):                     dist[nx][ny] = dist[v[0]][v[1]] + 1
s379569089.py(24):                     deq.append([nx, ny])
s379569089.py(20):             for dx, dy in D:
s379569089.py(18):         while deq:
s379569089.py(19):             v = deq.popleft()
s379569089.py(20):             for dx, dy in D:
s379569089.py(21):                 nx, ny = v[0]+dx, v[1]+dy
s379569089.py(22):                 if 0 <= nx < H and 0 <= ny < W and dist[nx][ny] == INF and Maze[nx][ny] == '.':
s379569089.py(20):             for dx, dy in D:
s379569089.py(21):                 nx, ny = v[0]+dx, v[1]+dy
s379569089.py(22):                 if 0 <= nx < H and 0 <= ny < W and dist[nx][ny] == INF and Maze[nx][ny] == '.':
s379569089.py(20):             for dx, dy in D:
s379569089.py(21):                 nx, ny = v[0]+dx, v[1]+dy
s379569089.py(22):                 if 0 <= nx < H and 0 <= ny < W and dist[nx][ny] == INF and Maze[nx][ny] == '.':
s379569089.py(20):             for dx, dy in D:
s379569089.py(21):                 nx, ny = v[0]+dx, v[1]+dy
s379569089.py(22):                 if 0 <= nx < H and 0 <= ny < W and dist[nx][ny] == INF and Maze[nx][ny] == '.':
s379569089.py(20):             for dx, dy in D:
s379569089.py(18):         while deq:
s379569089.py(19):             v = deq.popleft()
s379569089.py(20):             for dx, dy in D:
s379569089.py(21):                 nx, ny = v[0]+dx, v[1]+dy
s379569089.py(22):                 if 0 <= nx < H and 0 <= ny < W and dist[nx][ny] == INF and Maze[nx][ny] == '.':
s379569089.py(20):             for dx, dy in D:
s379569089.py(21):                 nx, ny = v[0]+dx, v[1]+dy
s379569089.py(22):                 if 0 <= nx < H and 0 <= ny < W and dist[nx][ny] == INF and Maze[nx][ny] == '.':
s379569089.py(20):             for dx, dy in D:
s379569089.py(21):                 nx, ny = v[0]+dx, v[1]+dy
s379569089.py(22):                 if 0 <= nx < H and 0 <= ny < W and dist[nx][ny] == INF and Maze[nx][ny] == '.':
s379569089.py(20):             for dx, dy in D:
s379569089.py(21):                 nx, ny = v[0]+dx, v[1]+dy
s379569089.py(22):                 if 0 <= nx < H and 0 <= ny < W and dist[nx][ny] == INF and Maze[nx][ny] == '.':
s379569089.py(23):                     dist[nx][ny] = dist[v[0]][v[1]] + 1
s379569089.py(24):                     deq.append([nx, ny])
s379569089.py(20):             for dx, dy in D:
s379569089.py(18):         while deq:
s379569089.py(19):             v = deq.popleft()
s379569089.py(20):             for dx, dy in D:
s379569089.py(21):                 nx, ny = v[0]+dx, v[1]+dy
s379569089.py(22):                 if 0 <= nx < H and 0 <= ny < W and dist[nx][ny] == INF and Maze[nx][ny] == '.':
s379569089.py(20):             for dx, dy in D:
s379569089.py(21):                 nx, ny = v[0]+dx, v[1]+dy
s379569089.py(22):                 if 0 <= nx < H and 0 <= ny < W and dist[nx][ny] == INF and Maze[nx][ny] == '.':
s379569089.py(20):             for dx, dy in D:
s379569089.py(21):                 nx, ny = v[0]+dx, v[1]+dy
s379569089.py(22):                 if 0 <= nx < H and 0 <= ny < W and dist[nx][ny] == INF and Maze[nx][ny] == '.':
s379569089.py(20):             for dx, dy in D:
s379569089.py(21):                 nx, ny = v[0]+dx, v[1]+dy
s379569089.py(22):                 if 0 <= nx < H and 0 <= ny < W and dist[nx][ny] == INF and Maze[nx][ny] == '.':
s379569089.py(20):             for dx, dy in D:
s379569089.py(18):         while deq:
s379569089.py(19):             v = deq.popleft()
s379569089.py(20):             for dx, dy in D:
s379569089.py(21):                 nx, ny = v[0]+dx, v[1]+dy
s379569089.py(22):                 if 0 <= nx < H and 0 <= ny < W and dist[nx][ny] == INF and Maze[nx][ny] == '.':
s379569089.py(20):             for dx, dy in D:
s379569089.py(21):                 nx, ny = v[0]+dx, v[1]+dy
s379569089.py(22):                 if 0 <= nx < H and 0 <= ny < W and dist[nx][ny] == INF and Maze[nx][ny] == '.':
s379569089.py(20):             for dx, dy in D:
s379569089.py(21):                 nx, ny = v[0]+dx, v[1]+dy
s379569089.py(22):                 if 0 <= nx < H and 0 <= ny < W and dist[nx][ny] == INF and Maze[nx][ny] == '.':
s379569089.py(20):             for dx, dy in D:
s379569089.py(21):                 nx, ny = v[0]+dx, v[1]+dy
s379569089.py(22):                 if 0 <= nx < H and 0 <= ny < W and dist[nx][ny] == INF and Maze[nx][ny] == '.':
s379569089.py(20):             for dx, dy in D:
s379569089.py(18):         while deq:
s379569089.py(25):         return dist[v[0]][v[1]]
s379569089.py(30):         for j in range(W):
s379569089.py(29):     for i in range(H):
s379569089.py(30):         for j in range(W):
s379569089.py(31):             if Maze[i][j] == '.': max_d = max(max_d, bfs(i, j))
 --- modulename: s379569089, funcname: bfs
s379569089.py(14):         dist = [[INF] * W for _ in range(H)]
 --- modulename: s379569089, funcname: <listcomp>
s379569089.py(14):         dist = [[INF] * W for _ in range(H)]
s379569089.py(14):         dist = [[INF] * W for _ in range(H)]
s379569089.py(14):         dist = [[INF] * W for _ in range(H)]
s379569089.py(14):         dist = [[INF] * W for _ in range(H)]
s379569089.py(15):         dist[sx][sy] = 0
s379569089.py(16):         deq = collections.deque()
s379569089.py(17):         deq.append([sx, sy])
s379569089.py(18):         while deq:
s379569089.py(19):             v = deq.popleft()
s379569089.py(20):             for dx, dy in D:
s379569089.py(21):                 nx, ny = v[0]+dx, v[1]+dy
s379569089.py(22):                 if 0 <= nx < H and 0 <= ny < W and dist[nx][ny] == INF and Maze[nx][ny] == '.':
s379569089.py(23):                     dist[nx][ny] = dist[v[0]][v[1]] + 1
s379569089.py(24):                     deq.append([nx, ny])
s379569089.py(20):             for dx, dy in D:
s379569089.py(21):                 nx, ny = v[0]+dx, v[1]+dy
s379569089.py(22):                 if 0 <= nx < H and 0 <= ny < W and dist[nx][ny] == INF and Maze[nx][ny] == '.':
s379569089.py(23):                     dist[nx][ny] = dist[v[0]][v[1]] + 1
s379569089.py(24):                     deq.append([nx, ny])
s379569089.py(20):             for dx, dy in D:
s379569089.py(21):                 nx, ny = v[0]+dx, v[1]+dy
s379569089.py(22):                 if 0 <= nx < H and 0 <= ny < W and dist[nx][ny] == INF and Maze[nx][ny] == '.':
s379569089.py(23):                     dist[nx][ny] = dist[v[0]][v[1]] + 1
s379569089.py(24):                     deq.append([nx, ny])
s379569089.py(20):             for dx, dy in D:
s379569089.py(21):                 nx, ny = v[0]+dx, v[1]+dy
s379569089.py(22):                 if 0 <= nx < H and 0 <= ny < W and dist[nx][ny] == INF and Maze[nx][ny] == '.':
s379569089.py(20):             for dx, dy in D:
s379569089.py(18):         while deq:
s379569089.py(19):             v = deq.popleft()
s379569089.py(20):             for dx, dy in D:
s379569089.py(21):                 nx, ny = v[0]+dx, v[1]+dy
s379569089.py(22):                 if 0 <= nx < H and 0 <= ny < W and dist[nx][ny] == INF and Maze[nx][ny] == '.':
s379569089.py(20):             for dx, dy in D:
s379569089.py(21):                 nx, ny = v[0]+dx, v[1]+dy
s379569089.py(22):                 if 0 <= nx < H and 0 <= ny < W and dist[nx][ny] == INF and Maze[nx][ny] == '.':
s379569089.py(20):             for dx, dy in D:
s379569089.py(21):                 nx, ny = v[0]+dx, v[1]+dy
s379569089.py(22):                 if 0 <= nx < H and 0 <= ny < W and dist[nx][ny] == INF and Maze[nx][ny] == '.':
s379569089.py(23):                     dist[nx][ny] = dist[v[0]][v[1]] + 1
s379569089.py(24):                     deq.append([nx, ny])
s379569089.py(20):             for dx, dy in D:
s379569089.py(21):                 nx, ny = v[0]+dx, v[1]+dy
s379569089.py(22):                 if 0 <= nx < H and 0 <= ny < W and dist[nx][ny] == INF and Maze[nx][ny] == '.':
s379569089.py(20):             for dx, dy in D:
s379569089.py(18):         while deq:
s379569089.py(19):             v = deq.popleft()
s379569089.py(20):             for dx, dy in D:
s379569089.py(21):                 nx, ny = v[0]+dx, v[1]+dy
s379569089.py(22):                 if 0 <= nx < H and 0 <= ny < W and dist[nx][ny] == INF and Maze[nx][ny] == '.':
s379569089.py(20):             for dx, dy in D:
s379569089.py(21):                 nx, ny = v[0]+dx, v[1]+dy
s379569089.py(22):                 if 0 <= nx < H and 0 <= ny < W and dist[nx][ny] == INF and Maze[nx][ny] == '.':
s379569089.py(20):             for dx, dy in D:
s379569089.py(21):                 nx, ny = v[0]+dx, v[1]+dy
s379569089.py(22):                 if 0 <= nx < H and 0 <= ny < W and dist[nx][ny] == INF and Maze[nx][ny] == '.':
s379569089.py(23):                     dist[nx][ny] = dist[v[0]][v[1]] + 1
s379569089.py(24):                     deq.append([nx, ny])
s379569089.py(20):             for dx, dy in D:
s379569089.py(21):                 nx, ny = v[0]+dx, v[1]+dy
s379569089.py(22):                 if 0 <= nx < H and 0 <= ny < W and dist[nx][ny] == INF and Maze[nx][ny] == '.':
s379569089.py(20):             for dx, dy in D:
s379569089.py(18):         while deq:
s379569089.py(19):             v = deq.popleft()
s379569089.py(20):             for dx, dy in D:
s379569089.py(21):                 nx, ny = v[0]+dx, v[1]+dy
s379569089.py(22):                 if 0 <= nx < H and 0 <= ny < W and dist[nx][ny] == INF and Maze[nx][ny] == '.':
s379569089.py(20):             for dx, dy in D:
s379569089.py(21):                 nx, ny = v[0]+dx, v[1]+dy
s379569089.py(22):                 if 0 <= nx < H and 0 <= ny < W and dist[nx][ny] == INF and Maze[nx][ny] == '.':
s379569089.py(20):             for dx, dy in D:
s379569089.py(21):                 nx, ny = v[0]+dx, v[1]+dy
s379569089.py(22):                 if 0 <= nx < H and 0 <= ny < W and dist[nx][ny] == INF and Maze[nx][ny] == '.':
s379569089.py(23):                     dist[nx][ny] = dist[v[0]][v[1]] + 1
s379569089.py(24):                     deq.append([nx, ny])
s379569089.py(20):             for dx, dy in D:
s379569089.py(21):                 nx, ny = v[0]+dx, v[1]+dy
s379569089.py(22):                 if 0 <= nx < H and 0 <= ny < W and dist[nx][ny] == INF and Maze[nx][ny] == '.':
s379569089.py(20):             for dx, dy in D:
s379569089.py(18):         while deq:
s379569089.py(19):             v = deq.popleft()
s379569089.py(20):             for dx, dy in D:
s379569089.py(21):                 nx, ny = v[0]+dx, v[1]+dy
s379569089.py(22):                 if 0 <= nx < H and 0 <= ny < W and dist[nx][ny] == INF and Maze[nx][ny] == '.':
s379569089.py(20):             for dx, dy in D:
s379569089.py(21):                 nx, ny = v[0]+dx, v[1]+dy
s379569089.py(22):                 if 0 <= nx < H and 0 <= ny < W and dist[nx][ny] == INF and Maze[nx][ny] == '.':
s379569089.py(20):             for dx, dy in D:
s379569089.py(21):                 nx, ny = v[0]+dx, v[1]+dy
s379569089.py(22):                 if 0 <= nx < H and 0 <= ny < W and dist[nx][ny] == INF and Maze[nx][ny] == '.':
s379569089.py(23):                     dist[nx][ny] = dist[v[0]][v[1]] + 1
s379569089.py(24):                     deq.append([nx, ny])
s379569089.py(20):             for dx, dy in D:
s379569089.py(21):                 nx, ny = v[0]+dx, v[1]+dy
s379569089.py(22):                 if 0 <= nx < H and 0 <= ny < W and dist[nx][ny] == INF and Maze[nx][ny] == '.':
s379569089.py(20):             for dx, dy in D:
s379569089.py(18):         while deq:
s379569089.py(19):             v = deq.popleft()
s379569089.py(20):             for dx, dy in D:
s379569089.py(21):                 nx, ny = v[0]+dx, v[1]+dy
s379569089.py(22):                 if 0 <= nx < H and 0 <= ny < W and dist[nx][ny] == INF and Maze[nx][ny] == '.':
s379569089.py(20):             for dx, dy in D:
s379569089.py(21):                 nx, ny = v[0]+dx, v[1]+dy
s379569089.py(22):                 if 0 <= nx < H and 0 <= ny < W and dist[nx][ny] == INF and Maze[nx][ny] == '.':
s379569089.py(20):             for dx, dy in D:
s379569089.py(21):                 nx, ny = v[0]+dx, v[1]+dy
s379569089.py(22):                 if 0 <= nx < H and 0 <= ny < W and dist[nx][ny] == INF and Maze[nx][ny] == '.':
s379569089.py(23):                     dist[nx][ny] = dist[v[0]][v[1]] + 1
s379569089.py(24):                     deq.append([nx, ny])
s379569089.py(20):             for dx, dy in D:
s379569089.py(21):                 nx, ny = v[0]+dx, v[1]+dy
s379569089.py(22):                 if 0 <= nx < H and 0 <= ny < W and dist[nx][ny] == INF and Maze[nx][ny] == '.':
s379569089.py(20):             for dx, dy in D:
s379569089.py(18):         while deq:
s379569089.py(19):             v = deq.popleft()
s379569089.py(20):             for dx, dy in D:
s379569089.py(21):                 nx, ny = v[0]+dx, v[1]+dy
s379569089.py(22):                 if 0 <= nx < H and 0 <= ny < W and dist[nx][ny] == INF and Maze[nx][ny] == '.':
s379569089.py(20):             for dx, dy in D:
s379569089.py(21):                 nx, ny = v[0]+dx, v[1]+dy
s379569089.py(22):                 if 0 <= nx < H and 0 <= ny < W and dist[nx][ny] == INF and Maze[nx][ny] == '.':
s379569089.py(20):             for dx, dy in D:
s379569089.py(21):                 nx, ny = v[0]+dx, v[1]+dy
s379569089.py(22):                 if 0 <= nx < H and 0 <= ny < W and dist[nx][ny] == INF and Maze[nx][ny] == '.':
s379569089.py(20):             for dx, dy in D:
s379569089.py(21):                 nx, ny = v[0]+dx, v[1]+dy
s379569089.py(22):                 if 0 <= nx < H and 0 <= ny < W and dist[nx][ny] == INF and Maze[nx][ny] == '.':
s379569089.py(20):             for dx, dy in D:
s379569089.py(18):         while deq:
s379569089.py(19):             v = deq.popleft()
s379569089.py(20):             for dx, dy in D:
s379569089.py(21):                 nx, ny = v[0]+dx, v[1]+dy
s379569089.py(22):                 if 0 <= nx < H and 0 <= ny < W and dist[nx][ny] == INF and Maze[nx][ny] == '.':
s379569089.py(20):             for dx, dy in D:
s379569089.py(21):                 nx, ny = v[0]+dx, v[1]+dy
s379569089.py(22):                 if 0 <= nx < H and 0 <= ny < W and dist[nx][ny] == INF and Maze[nx][ny] == '.':
s379569089.py(20):             for dx, dy in D:
s379569089.py(21):                 nx, ny = v[0]+dx, v[1]+dy
s379569089.py(22):                 if 0 <= nx < H and 0 <= ny < W and dist[nx][ny] == INF and Maze[nx][ny] == '.':
s379569089.py(20):             for dx, dy in D:
s379569089.py(21):                 nx, ny = v[0]+dx, v[1]+dy
s379569089.py(22):                 if 0 <= nx < H and 0 <= ny < W and dist[nx][ny] == INF and Maze[nx][ny] == '.':
s379569089.py(20):             for dx, dy in D:
s379569089.py(18):         while deq:
s379569089.py(19):             v = deq.popleft()
s379569089.py(20):             for dx, dy in D:
s379569089.py(21):                 nx, ny = v[0]+dx, v[1]+dy
s379569089.py(22):                 if 0 <= nx < H and 0 <= ny < W and dist[nx][ny] == INF and Maze[nx][ny] == '.':
s379569089.py(20):             for dx, dy in D:
s379569089.py(21):                 nx, ny = v[0]+dx, v[1]+dy
s379569089.py(22):                 if 0 <= nx < H and 0 <= ny < W and dist[nx][ny] == INF and Maze[nx][ny] == '.':
s379569089.py(20):             for dx, dy in D:
s379569089.py(21):                 nx, ny = v[0]+dx, v[1]+dy
s379569089.py(22):                 if 0 <= nx < H and 0 <= ny < W and dist[nx][ny] == INF and Maze[nx][ny] == '.':
s379569089.py(20):             for dx, dy in D:
s379569089.py(21):                 nx, ny = v[0]+dx, v[1]+dy
s379569089.py(22):                 if 0 <= nx < H and 0 <= ny < W and dist[nx][ny] == INF and Maze[nx][ny] == '.':
s379569089.py(20):             for dx, dy in D:
s379569089.py(18):         while deq:
s379569089.py(25):         return dist[v[0]][v[1]]
s379569089.py(30):         for j in range(W):
s379569089.py(31):             if Maze[i][j] == '.': max_d = max(max_d, bfs(i, j))
 --- modulename: s379569089, funcname: bfs
s379569089.py(14):         dist = [[INF] * W for _ in range(H)]
 --- modulename: s379569089, funcname: <listcomp>
s379569089.py(14):         dist = [[INF] * W for _ in range(H)]
s379569089.py(14):         dist = [[INF] * W for _ in range(H)]
s379569089.py(14):         dist = [[INF] * W for _ in range(H)]
s379569089.py(14):         dist = [[INF] * W for _ in range(H)]
s379569089.py(15):         dist[sx][sy] = 0
s379569089.py(16):         deq = collections.deque()
s379569089.py(17):         deq.append([sx, sy])
s379569089.py(18):         while deq:
s379569089.py(19):             v = deq.popleft()
s379569089.py(20):             for dx, dy in D:
s379569089.py(21):                 nx, ny = v[0]+dx, v[1]+dy
s379569089.py(22):                 if 0 <= nx < H and 0 <= ny < W and dist[nx][ny] == INF and Maze[nx][ny] == '.':
s379569089.py(23):                     dist[nx][ny] = dist[v[0]][v[1]] + 1
s379569089.py(24):                     deq.append([nx, ny])
s379569089.py(20):             for dx, dy in D:
s379569089.py(21):                 nx, ny = v[0]+dx, v[1]+dy
s379569089.py(22):                 if 0 <= nx < H and 0 <= ny < W and dist[nx][ny] == INF and Maze[nx][ny] == '.':
s379569089.py(23):                     dist[nx][ny] = dist[v[0]][v[1]] + 1
s379569089.py(24):                     deq.append([nx, ny])
s379569089.py(20):             for dx, dy in D:
s379569089.py(21):                 nx, ny = v[0]+dx, v[1]+dy
s379569089.py(22):                 if 0 <= nx < H and 0 <= ny < W and dist[nx][ny] == INF and Maze[nx][ny] == '.':
s379569089.py(23):                     dist[nx][ny] = dist[v[0]][v[1]] + 1
s379569089.py(24):                     deq.append([nx, ny])
s379569089.py(20):             for dx, dy in D:
s379569089.py(21):                 nx, ny = v[0]+dx, v[1]+dy
s379569089.py(22):                 if 0 <= nx < H and 0 <= ny < W and dist[nx][ny] == INF and Maze[nx][ny] == '.':
s379569089.py(23):                     dist[nx][ny] = dist[v[0]][v[1]] + 1
s379569089.py(24):                     deq.append([nx, ny])
s379569089.py(20):             for dx, dy in D:
s379569089.py(18):         while deq:
s379569089.py(19):             v = deq.popleft()
s379569089.py(20):             for dx, dy in D:
s379569089.py(21):                 nx, ny = v[0]+dx, v[1]+dy
s379569089.py(22):                 if 0 <= nx < H and 0 <= ny < W and dist[nx][ny] == INF and Maze[nx][ny] == '.':
s379569089.py(20):             for dx, dy in D:
s379569089.py(21):                 nx, ny = v[0]+dx, v[1]+dy
s379569089.py(22):                 if 0 <= nx < H and 0 <= ny < W and dist[nx][ny] == INF and Maze[nx][ny] == '.':
s379569089.py(20):             for dx, dy in D:
s379569089.py(21):                 nx, ny = v[0]+dx, v[1]+dy
s379569089.py(22):                 if 0 <= nx < H and 0 <= ny < W and dist[nx][ny] == INF and Maze[nx][ny] == '.':
s379569089.py(23):                     dist[nx][ny] = dist[v[0]][v[1]] + 1
s379569089.py(24):                     deq.append([nx, ny])
s379569089.py(20):             for dx, dy in D:
s379569089.py(21):                 nx, ny = v[0]+dx, v[1]+dy
s379569089.py(22):                 if 0 <= nx < H and 0 <= ny < W and dist[nx][ny] == INF and Maze[nx][ny] == '.':
s379569089.py(23):                     dist[nx][ny] = dist[v[0]][v[1]] + 1
s379569089.py(24):                     deq.append([nx, ny])
s379569089.py(20):             for dx, dy in D:
s379569089.py(18):         while deq:
s379569089.py(19):             v = deq.popleft()
s379569089.py(20):             for dx, dy in D:
s379569089.py(21):                 nx, ny = v[0]+dx, v[1]+dy
s379569089.py(22):                 if 0 <= nx < H and 0 <= ny < W and dist[nx][ny] == INF and Maze[nx][ny] == '.':
s379569089.py(20):             for dx, dy in D:
s379569089.py(21):                 nx, ny = v[0]+dx, v[1]+dy
s379569089.py(22):                 if 0 <= nx < H and 0 <= ny < W and dist[nx][ny] == INF and Maze[nx][ny] == '.':
s379569089.py(20):             for dx, dy in D:
s379569089.py(21):                 nx, ny = v[0]+dx, v[1]+dy
s379569089.py(22):                 if 0 <= nx < H and 0 <= ny < W and dist[nx][ny] == INF and Maze[nx][ny] == '.':
s379569089.py(23):                     dist[nx][ny] = dist[v[0]][v[1]] + 1
s379569089.py(24):                     deq.append([nx, ny])
s379569089.py(20):             for dx, dy in D:
s379569089.py(21):                 nx, ny = v[0]+dx, v[1]+dy
s379569089.py(22):                 if 0 <= nx < H and 0 <= ny < W and dist[nx][ny] == INF and Maze[nx][ny] == '.':
s379569089.py(23):                     dist[nx][ny] = dist[v[0]][v[1]] + 1
s379569089.py(24):                     deq.append([nx, ny])
s379569089.py(20):             for dx, dy in D:
s379569089.py(18):         while deq:
s379569089.py(19):             v = deq.popleft()
s379569089.py(20):             for dx, dy in D:
s379569089.py(21):                 nx, ny = v[0]+dx, v[1]+dy
s379569089.py(22):                 if 0 <= nx < H and 0 <= ny < W and dist[nx][ny] == INF and Maze[nx][ny] == '.':
s379569089.py(20):             for dx, dy in D:
s379569089.py(21):                 nx, ny = v[0]+dx, v[1]+dy
s379569089.py(22):                 if 0 <= nx < H and 0 <= ny < W and dist[nx][ny] == INF and Maze[nx][ny] == '.':
s379569089.py(20):             for dx, dy in D:
s379569089.py(21):                 nx, ny = v[0]+dx, v[1]+dy
s379569089.py(22):                 if 0 <= nx < H and 0 <= ny < W and dist[nx][ny] == INF and Maze[nx][ny] == '.':
s379569089.py(20):             for dx, dy in D:
s379569089.py(21):                 nx, ny = v[0]+dx, v[1]+dy
s379569089.py(22):                 if 0 <= nx < H and 0 <= ny < W and dist[nx][ny] == INF and Maze[nx][ny] == '.':
s379569089.py(20):             for dx, dy in D:
s379569089.py(18):         while deq:
s379569089.py(19):             v = deq.popleft()
s379569089.py(20):             for dx, dy in D:
s379569089.py(21):                 nx, ny = v[0]+dx, v[1]+dy
s379569089.py(22):                 if 0 <= nx < H and 0 <= ny < W and dist[nx][ny] == INF and Maze[nx][ny] == '.':
s379569089.py(20):             for dx, dy in D:
s379569089.py(21):                 nx, ny = v[0]+dx, v[1]+dy
s379569089.py(22):                 if 0 <= nx < H and 0 <= ny < W and dist[nx][ny] == INF and Maze[nx][ny] == '.':
s379569089.py(20):             for dx, dy in D:
s379569089.py(21):                 nx, ny = v[0]+dx, v[1]+dy
s379569089.py(22):                 if 0 <= nx < H and 0 <= ny < W and dist[nx][ny] == INF and Maze[nx][ny] == '.':
s379569089.py(20):             for dx, dy in D:
s379569089.py(21):                 nx, ny = v[0]+dx, v[1]+dy
s379569089.py(22):                 if 0 <= nx < H and 0 <= ny < W and dist[nx][ny] == INF and Maze[nx][ny] == '.':
s379569089.py(20):             for dx, dy in D:
s379569089.py(18):         while deq:
s379569089.py(19):             v = deq.popleft()
s379569089.py(20):             for dx, dy in D:
s379569089.py(21):                 nx, ny = v[0]+dx, v[1]+dy
s379569089.py(22):                 if 0 <= nx < H and 0 <= ny < W and dist[nx][ny] == INF and Maze[nx][ny] == '.':
s379569089.py(20):             for dx, dy in D:
s379569089.py(21):                 nx, ny = v[0]+dx, v[1]+dy
s379569089.py(22):                 if 0 <= nx < H and 0 <= ny < W and dist[nx][ny] == INF and Maze[nx][ny] == '.':
s379569089.py(20):             for dx, dy in D:
s379569089.py(21):                 nx, ny = v[0]+dx, v[1]+dy
s379569089.py(22):                 if 0 <= nx < H and 0 <= ny < W and dist[nx][ny] == INF and Maze[nx][ny] == '.':
s379569089.py(20):             for dx, dy in D:
s379569089.py(21):                 nx, ny = v[0]+dx, v[1]+dy
s379569089.py(22):                 if 0 <= nx < H and 0 <= ny < W and dist[nx][ny] == INF and Maze[nx][ny] == '.':
s379569089.py(20):             for dx, dy in D:
s379569089.py(18):         while deq:
s379569089.py(19):             v = deq.popleft()
s379569089.py(20):             for dx, dy in D:
s379569089.py(21):                 nx, ny = v[0]+dx, v[1]+dy
s379569089.py(22):                 if 0 <= nx < H and 0 <= ny < W and dist[nx][ny] == INF and Maze[nx][ny] == '.':
s379569089.py(20):             for dx, dy in D:
s379569089.py(21):                 nx, ny = v[0]+dx, v[1]+dy
s379569089.py(22):                 if 0 <= nx < H and 0 <= ny < W and dist[nx][ny] == INF and Maze[nx][ny] == '.':
s379569089.py(20):             for dx, dy in D:
s379569089.py(21):                 nx, ny = v[0]+dx, v[1]+dy
s379569089.py(22):                 if 0 <= nx < H and 0 <= ny < W and dist[nx][ny] == INF and Maze[nx][ny] == '.':
s379569089.py(20):             for dx, dy in D:
s379569089.py(21):                 nx, ny = v[0]+dx, v[1]+dy
s379569089.py(22):                 if 0 <= nx < H and 0 <= ny < W and dist[nx][ny] == INF and Maze[nx][ny] == '.':
s379569089.py(20):             for dx, dy in D:
s379569089.py(18):         while deq:
s379569089.py(19):             v = deq.popleft()
s379569089.py(20):             for dx, dy in D:
s379569089.py(21):                 nx, ny = v[0]+dx, v[1]+dy
s379569089.py(22):                 if 0 <= nx < H and 0 <= ny < W and dist[nx][ny] == INF and Maze[nx][ny] == '.':
s379569089.py(20):             for dx, dy in D:
s379569089.py(21):                 nx, ny = v[0]+dx, v[1]+dy
s379569089.py(22):                 if 0 <= nx < H and 0 <= ny < W and dist[nx][ny] == INF and Maze[nx][ny] == '.':
s379569089.py(20):             for dx, dy in D:
s379569089.py(21):                 nx, ny = v[0]+dx, v[1]+dy
s379569089.py(22):                 if 0 <= nx < H and 0 <= ny < W and dist[nx][ny] == INF and Maze[nx][ny] == '.':
s379569089.py(20):             for dx, dy in D:
s379569089.py(21):                 nx, ny = v[0]+dx, v[1]+dy
s379569089.py(22):                 if 0 <= nx < H and 0 <= ny < W and dist[nx][ny] == INF and Maze[nx][ny] == '.':
s379569089.py(20):             for dx, dy in D:
s379569089.py(18):         while deq:
s379569089.py(19):             v = deq.popleft()
s379569089.py(20):             for dx, dy in D:
s379569089.py(21):                 nx, ny = v[0]+dx, v[1]+dy
s379569089.py(22):                 if 0 <= nx < H and 0 <= ny < W and dist[nx][ny] == INF and Maze[nx][ny] == '.':
s379569089.py(20):             for dx, dy in D:
s379569089.py(21):                 nx, ny = v[0]+dx, v[1]+dy
s379569089.py(22):                 if 0 <= nx < H and 0 <= ny < W and dist[nx][ny] == INF and Maze[nx][ny] == '.':
s379569089.py(20):             for dx, dy in D:
s379569089.py(21):                 nx, ny = v[0]+dx, v[1]+dy
s379569089.py(22):                 if 0 <= nx < H and 0 <= ny < W and dist[nx][ny] == INF and Maze[nx][ny] == '.':
s379569089.py(20):             for dx, dy in D:
s379569089.py(21):                 nx, ny = v[0]+dx, v[1]+dy
s379569089.py(22):                 if 0 <= nx < H and 0 <= ny < W and dist[nx][ny] == INF and Maze[nx][ny] == '.':
s379569089.py(20):             for dx, dy in D:
s379569089.py(18):         while deq:
s379569089.py(25):         return dist[v[0]][v[1]]
s379569089.py(30):         for j in range(W):
s379569089.py(31):             if Maze[i][j] == '.': max_d = max(max_d, bfs(i, j))
 --- modulename: s379569089, funcname: bfs
s379569089.py(14):         dist = [[INF] * W for _ in range(H)]
 --- modulename: s379569089, funcname: <listcomp>
s379569089.py(14):         dist = [[INF] * W for _ in range(H)]
s379569089.py(14):         dist = [[INF] * W for _ in range(H)]
s379569089.py(14):         dist = [[INF] * W for _ in range(H)]
s379569089.py(14):         dist = [[INF] * W for _ in range(H)]
s379569089.py(15):         dist[sx][sy] = 0
s379569089.py(16):         deq = collections.deque()
s379569089.py(17):         deq.append([sx, sy])
s379569089.py(18):         while deq:
s379569089.py(19):             v = deq.popleft()
s379569089.py(20):             for dx, dy in D:
s379569089.py(21):                 nx, ny = v[0]+dx, v[1]+dy
s379569089.py(22):                 if 0 <= nx < H and 0 <= ny < W and dist[nx][ny] == INF and Maze[nx][ny] == '.':
s379569089.py(23):                     dist[nx][ny] = dist[v[0]][v[1]] + 1
s379569089.py(24):                     deq.append([nx, ny])
s379569089.py(20):             for dx, dy in D:
s379569089.py(21):                 nx, ny = v[0]+dx, v[1]+dy
s379569089.py(22):                 if 0 <= nx < H and 0 <= ny < W and dist[nx][ny] == INF and Maze[nx][ny] == '.':
s379569089.py(23):                     dist[nx][ny] = dist[v[0]][v[1]] + 1
s379569089.py(24):                     deq.append([nx, ny])
s379569089.py(20):             for dx, dy in D:
s379569089.py(21):                 nx, ny = v[0]+dx, v[1]+dy
s379569089.py(22):                 if 0 <= nx < H and 0 <= ny < W and dist[nx][ny] == INF and Maze[nx][ny] == '.':
s379569089.py(20):             for dx, dy in D:
s379569089.py(21):                 nx, ny = v[0]+dx, v[1]+dy
s379569089.py(22):                 if 0 <= nx < H and 0 <= ny < W and dist[nx][ny] == INF and Maze[nx][ny] == '.':
s379569089.py(23):                     dist[nx][ny] = dist[v[0]][v[1]] + 1
s379569089.py(24):                     deq.append([nx, ny])
s379569089.py(20):             for dx, dy in D:
s379569089.py(18):         while deq:
s379569089.py(19):             v = deq.popleft()
s379569089.py(20):             for dx, dy in D:
s379569089.py(21):                 nx, ny = v[0]+dx, v[1]+dy
s379569089.py(22):                 if 0 <= nx < H and 0 <= ny < W and dist[nx][ny] == INF and Maze[nx][ny] == '.':
s379569089.py(20):             for dx, dy in D:
s379569089.py(21):                 nx, ny = v[0]+dx, v[1]+dy
s379569089.py(22):                 if 0 <= nx < H and 0 <= ny < W and dist[nx][ny] == INF and Maze[nx][ny] == '.':
s379569089.py(20):             for dx, dy in D:
s379569089.py(21):                 nx, ny = v[0]+dx, v[1]+dy
s379569089.py(22):                 if 0 <= nx < H and 0 <= ny < W and dist[nx][ny] == INF and Maze[nx][ny] == '.':
s379569089.py(20):             for dx, dy in D:
s379569089.py(21):                 nx, ny = v[0]+dx, v[1]+dy
s379569089.py(22):                 if 0 <= nx < H and 0 <= ny < W and dist[nx][ny] == INF and Maze[nx][ny] == '.':
s379569089.py(23):                     dist[nx][ny] = dist[v[0]][v[1]] + 1
s379569089.py(24):                     deq.append([nx, ny])
s379569089.py(20):             for dx, dy in D:
s379569089.py(18):         while deq:
s379569089.py(19):             v = deq.popleft()
s379569089.py(20):             for dx, dy in D:
s379569089.py(21):                 nx, ny = v[0]+dx, v[1]+dy
s379569089.py(22):                 if 0 <= nx < H and 0 <= ny < W and dist[nx][ny] == INF and Maze[nx][ny] == '.':
s379569089.py(20):             for dx, dy in D:
s379569089.py(21):                 nx, ny = v[0]+dx, v[1]+dy
s379569089.py(22):                 if 0 <= nx < H and 0 <= ny < W and dist[nx][ny] == INF and Maze[nx][ny] == '.':
s379569089.py(20):             for dx, dy in D:
s379569089.py(21):                 nx, ny = v[0]+dx, v[1]+dy
s379569089.py(22):                 if 0 <= nx < H and 0 <= ny < W and dist[nx][ny] == INF and Maze[nx][ny] == '.':
s379569089.py(20):             for dx, dy in D:
s379569089.py(21):                 nx, ny = v[0]+dx, v[1]+dy
s379569089.py(22):                 if 0 <= nx < H and 0 <= ny < W and dist[nx][ny] == INF and Maze[nx][ny] == '.':
s379569089.py(23):                     dist[nx][ny] = dist[v[0]][v[1]] + 1
s379569089.py(24):                     deq.append([nx, ny])
s379569089.py(20):             for dx, dy in D:
s379569089.py(18):         while deq:
s379569089.py(19):             v = deq.popleft()
s379569089.py(20):             for dx, dy in D:
s379569089.py(21):                 nx, ny = v[0]+dx, v[1]+dy
s379569089.py(22):                 if 0 <= nx < H and 0 <= ny < W and dist[nx][ny] == INF and Maze[nx][ny] == '.':
s379569089.py(20):             for dx, dy in D:
s379569089.py(21):                 nx, ny = v[0]+dx, v[1]+dy
s379569089.py(22):                 if 0 <= nx < H and 0 <= ny < W and dist[nx][ny] == INF and Maze[nx][ny] == '.':
s379569089.py(20):             for dx, dy in D:
s379569089.py(21):                 nx, ny = v[0]+dx, v[1]+dy
s379569089.py(22):                 if 0 <= nx < H and 0 <= ny < W and dist[nx][ny] == INF and Maze[nx][ny] == '.':
s379569089.py(20):             for dx, dy in D:
s379569089.py(21):                 nx, ny = v[0]+dx, v[1]+dy
s379569089.py(22):                 if 0 <= nx < H and 0 <= ny < W and dist[nx][ny] == INF and Maze[nx][ny] == '.':
s379569089.py(23):                     dist[nx][ny] = dist[v[0]][v[1]] + 1
s379569089.py(24):                     deq.append([nx, ny])
s379569089.py(20):             for dx, dy in D:
s379569089.py(18):         while deq:
s379569089.py(19):             v = deq.popleft()
s379569089.py(20):             for dx, dy in D:
s379569089.py(21):                 nx, ny = v[0]+dx, v[1]+dy
s379569089.py(22):                 if 0 <= nx < H and 0 <= ny < W and dist[nx][ny] == INF and Maze[nx][ny] == '.':
s379569089.py(20):             for dx, dy in D:
s379569089.py(21):                 nx, ny = v[0]+dx, v[1]+dy
s379569089.py(22):                 if 0 <= nx < H and 0 <= ny < W and dist[nx][ny] == INF and Maze[nx][ny] == '.':
s379569089.py(20):             for dx, dy in D:
s379569089.py(21):                 nx, ny = v[0]+dx, v[1]+dy
s379569089.py(22):                 if 0 <= nx < H and 0 <= ny < W and dist[nx][ny] == INF and Maze[nx][ny] == '.':
s379569089.py(20):             for dx, dy in D:
s379569089.py(21):                 nx, ny = v[0]+dx, v[1]+dy
s379569089.py(22):                 if 0 <= nx < H and 0 <= ny < W and dist[nx][ny] == INF and Maze[nx][ny] == '.':
s379569089.py(23):                     dist[nx][ny] = dist[v[0]][v[1]] + 1
s379569089.py(24):                     deq.append([nx, ny])
s379569089.py(20):             for dx, dy in D:
s379569089.py(18):         while deq:
s379569089.py(19):             v = deq.popleft()
s379569089.py(20):             for dx, dy in D:
s379569089.py(21):                 nx, ny = v[0]+dx, v[1]+dy
s379569089.py(22):                 if 0 <= nx < H and 0 <= ny < W and dist[nx][ny] == INF and Maze[nx][ny] == '.':
s379569089.py(20):             for dx, dy in D:
s379569089.py(21):                 nx, ny = v[0]+dx, v[1]+dy
s379569089.py(22):                 if 0 <= nx < H and 0 <= ny < W and dist[nx][ny] == INF and Maze[nx][ny] == '.':
s379569089.py(20):             for dx, dy in D:
s379569089.py(21):                 nx, ny = v[0]+dx, v[1]+dy
s379569089.py(22):                 if 0 <= nx < H and 0 <= ny < W and dist[nx][ny] == INF and Maze[nx][ny] == '.':
s379569089.py(20):             for dx, dy in D:
s379569089.py(21):                 nx, ny = v[0]+dx, v[1]+dy
s379569089.py(22):                 if 0 <= nx < H and 0 <= ny < W and dist[nx][ny] == INF and Maze[nx][ny] == '.':
s379569089.py(23):                     dist[nx][ny] = dist[v[0]][v[1]] + 1
s379569089.py(24):                     deq.append([nx, ny])
s379569089.py(20):             for dx, dy in D:
s379569089.py(18):         while deq:
s379569089.py(19):             v = deq.popleft()
s379569089.py(20):             for dx, dy in D:
s379569089.py(21):                 nx, ny = v[0]+dx, v[1]+dy
s379569089.py(22):                 if 0 <= nx < H and 0 <= ny < W and dist[nx][ny] == INF and Maze[nx][ny] == '.':
s379569089.py(20):             for dx, dy in D:
s379569089.py(21):                 nx, ny = v[0]+dx, v[1]+dy
s379569089.py(22):                 if 0 <= nx < H and 0 <= ny < W and dist[nx][ny] == INF and Maze[nx][ny] == '.':
s379569089.py(20):             for dx, dy in D:
s379569089.py(21):                 nx, ny = v[0]+dx, v[1]+dy
s379569089.py(22):                 if 0 <= nx < H and 0 <= ny < W and dist[nx][ny] == INF and Maze[nx][ny] == '.':
s379569089.py(20):             for dx, dy in D:
s379569089.py(21):                 nx, ny = v[0]+dx, v[1]+dy
s379569089.py(22):                 if 0 <= nx < H and 0 <= ny < W and dist[nx][ny] == INF and Maze[nx][ny] == '.':
s379569089.py(20):             for dx, dy in D:
s379569089.py(18):         while deq:
s379569089.py(19):             v = deq.popleft()
s379569089.py(20):             for dx, dy in D:
s379569089.py(21):                 nx, ny = v[0]+dx, v[1]+dy
s379569089.py(22):                 if 0 <= nx < H and 0 <= ny < W and dist[nx][ny] == INF and Maze[nx][ny] == '.':
s379569089.py(20):             for dx, dy in D:
s379569089.py(21):                 nx, ny = v[0]+dx, v[1]+dy
s379569089.py(22):                 if 0 <= nx < H and 0 <= ny < W and dist[nx][ny] == INF and Maze[nx][ny] == '.':
s379569089.py(20):             for dx, dy in D:
s379569089.py(21):                 nx, ny = v[0]+dx, v[1]+dy
s379569089.py(22):                 if 0 <= nx < H and 0 <= ny < W and dist[nx][ny] == INF and Maze[nx][ny] == '.':
s379569089.py(20):             for dx, dy in D:
s379569089.py(21):                 nx, ny = v[0]+dx, v[1]+dy
s379569089.py(22):                 if 0 <= nx < H and 0 <= ny < W and dist[nx][ny] == INF and Maze[nx][ny] == '.':
s379569089.py(20):             for dx, dy in D:
s379569089.py(18):         while deq:
s379569089.py(19):             v = deq.popleft()
s379569089.py(20):             for dx, dy in D:
s379569089.py(21):                 nx, ny = v[0]+dx, v[1]+dy
s379569089.py(22):                 if 0 <= nx < H and 0 <= ny < W and dist[nx][ny] == INF and Maze[nx][ny] == '.':
s379569089.py(20):             for dx, dy in D:
s379569089.py(21):                 nx, ny = v[0]+dx, v[1]+dy
s379569089.py(22):                 if 0 <= nx < H and 0 <= ny < W and dist[nx][ny] == INF and Maze[nx][ny] == '.':
s379569089.py(20):             for dx, dy in D:
s379569089.py(21):                 nx, ny = v[0]+dx, v[1]+dy
s379569089.py(22):                 if 0 <= nx < H and 0 <= ny < W and dist[nx][ny] == INF and Maze[nx][ny] == '.':
s379569089.py(20):             for dx, dy in D:
s379569089.py(21):                 nx, ny = v[0]+dx, v[1]+dy
s379569089.py(22):                 if 0 <= nx < H and 0 <= ny < W and dist[nx][ny] == INF and Maze[nx][ny] == '.':
s379569089.py(20):             for dx, dy in D:
s379569089.py(18):         while deq:
s379569089.py(25):         return dist[v[0]][v[1]]
s379569089.py(30):         for j in range(W):
s379569089.py(29):     for i in range(H):
s379569089.py(30):         for j in range(W):
s379569089.py(31):             if Maze[i][j] == '.': max_d = max(max_d, bfs(i, j))
 --- modulename: s379569089, funcname: bfs
s379569089.py(14):         dist = [[INF] * W for _ in range(H)]
 --- modulename: s379569089, funcname: <listcomp>
s379569089.py(14):         dist = [[INF] * W for _ in range(H)]
s379569089.py(14):         dist = [[INF] * W for _ in range(H)]
s379569089.py(14):         dist = [[INF] * W for _ in range(H)]
s379569089.py(14):         dist = [[INF] * W for _ in range(H)]
s379569089.py(15):         dist[sx][sy] = 0
s379569089.py(16):         deq = collections.deque()
s379569089.py(17):         deq.append([sx, sy])
s379569089.py(18):         while deq:
s379569089.py(19):             v = deq.popleft()
s379569089.py(20):             for dx, dy in D:
s379569089.py(21):                 nx, ny = v[0]+dx, v[1]+dy
s379569089.py(22):                 if 0 <= nx < H and 0 <= ny < W and dist[nx][ny] == INF and Maze[nx][ny] == '.':
s379569089.py(20):             for dx, dy in D:
s379569089.py(21):                 nx, ny = v[0]+dx, v[1]+dy
s379569089.py(22):                 if 0 <= nx < H and 0 <= ny < W and dist[nx][ny] == INF and Maze[nx][ny] == '.':
s379569089.py(23):                     dist[nx][ny] = dist[v[0]][v[1]] + 1
s379569089.py(24):                     deq.append([nx, ny])
s379569089.py(20):             for dx, dy in D:
s379569089.py(21):                 nx, ny = v[0]+dx, v[1]+dy
s379569089.py(22):                 if 0 <= nx < H and 0 <= ny < W and dist[nx][ny] == INF and Maze[nx][ny] == '.':
s379569089.py(23):                     dist[nx][ny] = dist[v[0]][v[1]] + 1
s379569089.py(24):                     deq.append([nx, ny])
s379569089.py(20):             for dx, dy in D:
s379569089.py(21):                 nx, ny = v[0]+dx, v[1]+dy
s379569089.py(22):                 if 0 <= nx < H and 0 <= ny < W and dist[nx][ny] == INF and Maze[nx][ny] == '.':
s379569089.py(20):             for dx, dy in D:
s379569089.py(18):         while deq:
s379569089.py(19):             v = deq.popleft()
s379569089.py(20):             for dx, dy in D:
s379569089.py(21):                 nx, ny = v[0]+dx, v[1]+dy
s379569089.py(22):                 if 0 <= nx < H and 0 <= ny < W and dist[nx][ny] == INF and Maze[nx][ny] == '.':
s379569089.py(20):             for dx, dy in D:
s379569089.py(21):                 nx, ny = v[0]+dx, v[1]+dy
s379569089.py(22):                 if 0 <= nx < H and 0 <= ny < W and dist[nx][ny] == INF and Maze[nx][ny] == '.':
s379569089.py(23):                     dist[nx][ny] = dist[v[0]][v[1]] + 1
s379569089.py(24):                     deq.append([nx, ny])
s379569089.py(20):             for dx, dy in D:
s379569089.py(21):                 nx, ny = v[0]+dx, v[1]+dy
s379569089.py(22):                 if 0 <= nx < H and 0 <= ny < W and dist[nx][ny] == INF and Maze[nx][ny] == '.':
s379569089.py(23):                     dist[nx][ny] = dist[v[0]][v[1]] + 1
s379569089.py(24):                     deq.append([nx, ny])
s379569089.py(20):             for dx, dy in D:
s379569089.py(21):                 nx, ny = v[0]+dx, v[1]+dy
s379569089.py(22):                 if 0 <= nx < H and 0 <= ny < W and dist[nx][ny] == INF and Maze[nx][ny] == '.':
s379569089.py(20):             for dx, dy in D:
s379569089.py(18):         while deq:
s379569089.py(19):             v = deq.popleft()
s379569089.py(20):             for dx, dy in D:
s379569089.py(21):                 nx, ny = v[0]+dx, v[1]+dy
s379569089.py(22):                 if 0 <= nx < H and 0 <= ny < W and dist[nx][ny] == INF and Maze[nx][ny] == '.':
s379569089.py(20):             for dx, dy in D:
s379569089.py(21):                 nx, ny = v[0]+dx, v[1]+dy
s379569089.py(22):                 if 0 <= nx < H and 0 <= ny < W and dist[nx][ny] == INF and Maze[nx][ny] == '.':
s379569089.py(20):             for dx, dy in D:
s379569089.py(21):                 nx, ny = v[0]+dx, v[1]+dy
s379569089.py(22):                 if 0 <= nx < H and 0 <= ny < W and dist[nx][ny] == INF and Maze[nx][ny] == '.':
s379569089.py(23):                     dist[nx][ny] = dist[v[0]][v[1]] + 1
s379569089.py(24):                     deq.append([nx, ny])
s379569089.py(20):             for dx, dy in D:
s379569089.py(21):                 nx, ny = v[0]+dx, v[1]+dy
s379569089.py(22):                 if 0 <= nx < H and 0 <= ny < W and dist[nx][ny] == INF and Maze[nx][ny] == '.':
s379569089.py(20):             for dx, dy in D:
s379569089.py(18):         while deq:
s379569089.py(19):             v = deq.popleft()
s379569089.py(20):             for dx, dy in D:
s379569089.py(21):                 nx, ny = v[0]+dx, v[1]+dy
s379569089.py(22):                 if 0 <= nx < H and 0 <= ny < W and dist[nx][ny] == INF and Maze[nx][ny] == '.':
s379569089.py(20):             for dx, dy in D:
s379569089.py(21):                 nx, ny = v[0]+dx, v[1]+dy
s379569089.py(22):                 if 0 <= nx < H and 0 <= ny < W and dist[nx][ny] == INF and Maze[nx][ny] == '.':
s379569089.py(20):             for dx, dy in D:
s379569089.py(21):                 nx, ny = v[0]+dx, v[1]+dy
s379569089.py(22):                 if 0 <= nx < H and 0 <= ny < W and dist[nx][ny] == INF and Maze[nx][ny] == '.':
s379569089.py(23):                     dist[nx][ny] = dist[v[0]][v[1]] + 1
s379569089.py(24):                     deq.append([nx, ny])
s379569089.py(20):             for dx, dy in D:
s379569089.py(21):                 nx, ny = v[0]+dx, v[1]+dy
s379569089.py(22):                 if 0 <= nx < H and 0 <= ny < W and dist[nx][ny] == INF and Maze[nx][ny] == '.':
s379569089.py(20):             for dx, dy in D:
s379569089.py(18):         while deq:
s379569089.py(19):             v = deq.popleft()
s379569089.py(20):             for dx, dy in D:
s379569089.py(21):                 nx, ny = v[0]+dx, v[1]+dy
s379569089.py(22):                 if 0 <= nx < H and 0 <= ny < W and dist[nx][ny] == INF and Maze[nx][ny] == '.':
s379569089.py(20):             for dx, dy in D:
s379569089.py(21):                 nx, ny = v[0]+dx, v[1]+dy
s379569089.py(22):                 if 0 <= nx < H and 0 <= ny < W and dist[nx][ny] == INF and Maze[nx][ny] == '.':
s379569089.py(20):             for dx, dy in D:
s379569089.py(21):                 nx, ny = v[0]+dx, v[1]+dy
s379569089.py(22):                 if 0 <= nx < H and 0 <= ny < W and dist[nx][ny] == INF and Maze[nx][ny] == '.':
s379569089.py(23):                     dist[nx][ny] = dist[v[0]][v[1]] + 1
s379569089.py(24):                     deq.append([nx, ny])
s379569089.py(20):             for dx, dy in D:
s379569089.py(21):                 nx, ny = v[0]+dx, v[1]+dy
s379569089.py(22):                 if 0 <= nx < H and 0 <= ny < W and dist[nx][ny] == INF and Maze[nx][ny] == '.':
s379569089.py(20):             for dx, dy in D:
s379569089.py(18):         while deq:
s379569089.py(19):             v = deq.popleft()
s379569089.py(20):             for dx, dy in D:
s379569089.py(21):                 nx, ny = v[0]+dx, v[1]+dy
s379569089.py(22):                 if 0 <= nx < H and 0 <= ny < W and dist[nx][ny] == INF and Maze[nx][ny] == '.':
s379569089.py(20):             for dx, dy in D:
s379569089.py(21):                 nx, ny = v[0]+dx, v[1]+dy
s379569089.py(22):                 if 0 <= nx < H and 0 <= ny < W and dist[nx][ny] == INF and Maze[nx][ny] == '.':
s379569089.py(20):             for dx, dy in D:
s379569089.py(21):                 nx, ny = v[0]+dx, v[1]+dy
s379569089.py(22):                 if 0 <= nx < H and 0 <= ny < W and dist[nx][ny] == INF and Maze[nx][ny] == '.':
s379569089.py(20):             for dx, dy in D:
s379569089.py(21):                 nx, ny = v[0]+dx, v[1]+dy
s379569089.py(22):                 if 0 <= nx < H and 0 <= ny < W and dist[nx][ny] == INF and Maze[nx][ny] == '.':
s379569089.py(20):             for dx, dy in D:
s379569089.py(18):         while deq:
s379569089.py(19):             v = deq.popleft()
s379569089.py(20):             for dx, dy in D:
s379569089.py(21):                 nx, ny = v[0]+dx, v[1]+dy
s379569089.py(22):                 if 0 <= nx < H and 0 <= ny < W and dist[nx][ny] == INF and Maze[nx][ny] == '.':
s379569089.py(20):             for dx, dy in D:
s379569089.py(21):                 nx, ny = v[0]+dx, v[1]+dy
s379569089.py(22):                 if 0 <= nx < H and 0 <= ny < W and dist[nx][ny] == INF and Maze[nx][ny] == '.':
s379569089.py(20):             for dx, dy in D:
s379569089.py(21):                 nx, ny = v[0]+dx, v[1]+dy
s379569089.py(22):                 if 0 <= nx < H and 0 <= ny < W and dist[nx][ny] == INF and Maze[nx][ny] == '.':
s379569089.py(23):                     dist[nx][ny] = dist[v[0]][v[1]] + 1
s379569089.py(24):                     deq.append([nx, ny])
s379569089.py(20):             for dx, dy in D:
s379569089.py(21):                 nx, ny = v[0]+dx, v[1]+dy
s379569089.py(22):                 if 0 <= nx < H and 0 <= ny < W and dist[nx][ny] == INF and Maze[nx][ny] == '.':
s379569089.py(20):             for dx, dy in D:
s379569089.py(18):         while deq:
s379569089.py(19):             v = deq.popleft()
s379569089.py(20):             for dx, dy in D:
s379569089.py(21):                 nx, ny = v[0]+dx, v[1]+dy
s379569089.py(22):                 if 0 <= nx < H and 0 <= ny < W and dist[nx][ny] == INF and Maze[nx][ny] == '.':
s379569089.py(20):             for dx, dy in D:
s379569089.py(21):                 nx, ny = v[0]+dx, v[1]+dy
s379569089.py(22):                 if 0 <= nx < H and 0 <= ny < W and dist[nx][ny] == INF and Maze[nx][ny] == '.':
s379569089.py(20):             for dx, dy in D:
s379569089.py(21):                 nx, ny = v[0]+dx, v[1]+dy
s379569089.py(22):                 if 0 <= nx < H and 0 <= ny < W and dist[nx][ny] == INF and Maze[nx][ny] == '.':
s379569089.py(20):             for dx, dy in D:
s379569089.py(21):                 nx, ny = v[0]+dx, v[1]+dy
s379569089.py(22):                 if 0 <= nx < H and 0 <= ny < W and dist[nx][ny] == INF and Maze[nx][ny] == '.':
s379569089.py(20):             for dx, dy in D:
s379569089.py(18):         while deq:
s379569089.py(19):             v = deq.popleft()
s379569089.py(20):             for dx, dy in D:
s379569089.py(21):                 nx, ny = v[0]+dx, v[1]+dy
s379569089.py(22):                 if 0 <= nx < H and 0 <= ny < W and dist[nx][ny] == INF and Maze[nx][ny] == '.':
s379569089.py(20):             for dx, dy in D:
s379569089.py(21):                 nx, ny = v[0]+dx, v[1]+dy
s379569089.py(22):                 if 0 <= nx < H and 0 <= ny < W and dist[nx][ny] == INF and Maze[nx][ny] == '.':
s379569089.py(20):             for dx, dy in D:
s379569089.py(21):                 nx, ny = v[0]+dx, v[1]+dy
s379569089.py(22):                 if 0 <= nx < H and 0 <= ny < W and dist[nx][ny] == INF and Maze[nx][ny] == '.':
s379569089.py(20):             for dx, dy in D:
s379569089.py(21):                 nx, ny = v[0]+dx, v[1]+dy
s379569089.py(22):                 if 0 <= nx < H and 0 <= ny < W and dist[nx][ny] == INF and Maze[nx][ny] == '.':
s379569089.py(20):             for dx, dy in D:
s379569089.py(18):         while deq:
s379569089.py(25):         return dist[v[0]][v[1]]
s379569089.py(30):         for j in range(W):
s379569089.py(31):             if Maze[i][j] == '.': max_d = max(max_d, bfs(i, j))
 --- modulename: s379569089, funcname: bfs
s379569089.py(14):         dist = [[INF] * W for _ in range(H)]
 --- modulename: s379569089, funcname: <listcomp>
s379569089.py(14):         dist = [[INF] * W for _ in range(H)]
s379569089.py(14):         dist = [[INF] * W for _ in range(H)]
s379569089.py(14):         dist = [[INF] * W for _ in range(H)]
s379569089.py(14):         dist = [[INF] * W for _ in range(H)]
s379569089.py(15):         dist[sx][sy] = 0
s379569089.py(16):         deq = collections.deque()
s379569089.py(17):         deq.append([sx, sy])
s379569089.py(18):         while deq:
s379569089.py(19):             v = deq.popleft()
s379569089.py(20):             for dx, dy in D:
s379569089.py(21):                 nx, ny = v[0]+dx, v[1]+dy
s379569089.py(22):                 if 0 <= nx < H and 0 <= ny < W and dist[nx][ny] == INF and Maze[nx][ny] == '.':
s379569089.py(20):             for dx, dy in D:
s379569089.py(21):                 nx, ny = v[0]+dx, v[1]+dy
s379569089.py(22):                 if 0 <= nx < H and 0 <= ny < W and dist[nx][ny] == INF and Maze[nx][ny] == '.':
s379569089.py(23):                     dist[nx][ny] = dist[v[0]][v[1]] + 1
s379569089.py(24):                     deq.append([nx, ny])
s379569089.py(20):             for dx, dy in D:
s379569089.py(21):                 nx, ny = v[0]+dx, v[1]+dy
s379569089.py(22):                 if 0 <= nx < H and 0 <= ny < W and dist[nx][ny] == INF and Maze[nx][ny] == '.':
s379569089.py(23):                     dist[nx][ny] = dist[v[0]][v[1]] + 1
s379569089.py(24):                     deq.append([nx, ny])
s379569089.py(20):             for dx, dy in D:
s379569089.py(21):                 nx, ny = v[0]+dx, v[1]+dy
s379569089.py(22):                 if 0 <= nx < H and 0 <= ny < W and dist[nx][ny] == INF and Maze[nx][ny] == '.':
s379569089.py(23):                     dist[nx][ny] = dist[v[0]][v[1]] + 1
s379569089.py(24):                     deq.append([nx, ny])
s379569089.py(20):             for dx, dy in D:
s379569089.py(18):         while deq:
s379569089.py(19):             v = deq.popleft()
s379569089.py(20):             for dx, dy in D:
s379569089.py(21):                 nx, ny = v[0]+dx, v[1]+dy
s379569089.py(22):                 if 0 <= nx < H and 0 <= ny < W and dist[nx][ny] == INF and Maze[nx][ny] == '.':
s379569089.py(20):             for dx, dy in D:
s379569089.py(21):                 nx, ny = v[0]+dx, v[1]+dy
s379569089.py(22):                 if 0 <= nx < H and 0 <= ny < W and dist[nx][ny] == INF and Maze[nx][ny] == '.':
s379569089.py(23):                     dist[nx][ny] = dist[v[0]][v[1]] + 1
s379569089.py(24):                     deq.append([nx, ny])
s379569089.py(20):             for dx, dy in D:
s379569089.py(21):                 nx, ny = v[0]+dx, v[1]+dy
s379569089.py(22):                 if 0 <= nx < H and 0 <= ny < W and dist[nx][ny] == INF and Maze[nx][ny] == '.':
s379569089.py(23):                     dist[nx][ny] = dist[v[0]][v[1]] + 1
s379569089.py(24):                     deq.append([nx, ny])
s379569089.py(20):             for dx, dy in D:
s379569089.py(21):                 nx, ny = v[0]+dx, v[1]+dy
s379569089.py(22):                 if 0 <= nx < H and 0 <= ny < W and dist[nx][ny] == INF and Maze[nx][ny] == '.':
s379569089.py(23):                     dist[nx][ny] = dist[v[0]][v[1]] + 1
s379569089.py(24):                     deq.append([nx, ny])
s379569089.py(20):             for dx, dy in D:
s379569089.py(18):         while deq:
s379569089.py(19):             v = deq.popleft()
s379569089.py(20):             for dx, dy in D:
s379569089.py(21):                 nx, ny = v[0]+dx, v[1]+dy
s379569089.py(22):                 if 0 <= nx < H and 0 <= ny < W and dist[nx][ny] == INF and Maze[nx][ny] == '.':
s379569089.py(20):             for dx, dy in D:
s379569089.py(21):                 nx, ny = v[0]+dx, v[1]+dy
s379569089.py(22):                 if 0 <= nx < H and 0 <= ny < W and dist[nx][ny] == INF and Maze[nx][ny] == '.':
s379569089.py(20):             for dx, dy in D:
s379569089.py(21):                 nx, ny = v[0]+dx, v[1]+dy
s379569089.py(22):                 if 0 <= nx < H and 0 <= ny < W and dist[nx][ny] == INF and Maze[nx][ny] == '.':
s379569089.py(20):             for dx, dy in D:
s379569089.py(21):                 nx, ny = v[0]+dx, v[1]+dy
s379569089.py(22):                 if 0 <= nx < H and 0 <= ny < W and dist[nx][ny] == INF and Maze[nx][ny] == '.':
s379569089.py(20):             for dx, dy in D:
s379569089.py(18):         while deq:
s379569089.py(19):             v = deq.popleft()
s379569089.py(20):             for dx, dy in D:
s379569089.py(21):                 nx, ny = v[0]+dx, v[1]+dy
s379569089.py(22):                 if 0 <= nx < H and 0 <= ny < W and dist[nx][ny] == INF and Maze[nx][ny] == '.':
s379569089.py(20):             for dx, dy in D:
s379569089.py(21):                 nx, ny = v[0]+dx, v[1]+dy
s379569089.py(22):                 if 0 <= nx < H and 0 <= ny < W and dist[nx][ny] == INF and Maze[nx][ny] == '.':
s379569089.py(20):             for dx, dy in D:
s379569089.py(21):                 nx, ny = v[0]+dx, v[1]+dy
s379569089.py(22):                 if 0 <= nx < H and 0 <= ny < W and dist[nx][ny] == INF and Maze[nx][ny] == '.':
s379569089.py(20):             for dx, dy in D:
s379569089.py(21):                 nx, ny = v[0]+dx, v[1]+dy
s379569089.py(22):                 if 0 <= nx < H and 0 <= ny < W and dist[nx][ny] == INF and Maze[nx][ny] == '.':
s379569089.py(20):             for dx, dy in D:
s379569089.py(18):         while deq:
s379569089.py(19):             v = deq.popleft()
s379569089.py(20):             for dx, dy in D:
s379569089.py(21):                 nx, ny = v[0]+dx, v[1]+dy
s379569089.py(22):                 if 0 <= nx < H and 0 <= ny < W and dist[nx][ny] == INF and Maze[nx][ny] == '.':
s379569089.py(20):             for dx, dy in D:
s379569089.py(21):                 nx, ny = v[0]+dx, v[1]+dy
s379569089.py(22):                 if 0 <= nx < H and 0 <= ny < W and dist[nx][ny] == INF and Maze[nx][ny] == '.':
s379569089.py(20):             for dx, dy in D:
s379569089.py(21):                 nx, ny = v[0]+dx, v[1]+dy
s379569089.py(22):                 if 0 <= nx < H and 0 <= ny < W and dist[nx][ny] == INF and Maze[nx][ny] == '.':
s379569089.py(23):                     dist[nx][ny] = dist[v[0]][v[1]] + 1
s379569089.py(24):                     deq.append([nx, ny])
s379569089.py(20):             for dx, dy in D:
s379569089.py(21):                 nx, ny = v[0]+dx, v[1]+dy
s379569089.py(22):                 if 0 <= nx < H and 0 <= ny < W and dist[nx][ny] == INF and Maze[nx][ny] == '.':
s379569089.py(23):                     dist[nx][ny] = dist[v[0]][v[1]] + 1
s379569089.py(24):                     deq.append([nx, ny])
s379569089.py(20):             for dx, dy in D:
s379569089.py(18):         while deq:
s379569089.py(19):             v = deq.popleft()
s379569089.py(20):             for dx, dy in D:
s379569089.py(21):                 nx, ny = v[0]+dx, v[1]+dy
s379569089.py(22):                 if 0 <= nx < H and 0 <= ny < W and dist[nx][ny] == INF and Maze[nx][ny] == '.':
s379569089.py(20):             for dx, dy in D:
s379569089.py(21):                 nx, ny = v[0]+dx, v[1]+dy
s379569089.py(22):                 if 0 <= nx < H and 0 <= ny < W and dist[nx][ny] == INF and Maze[nx][ny] == '.':
s379569089.py(20):             for dx, dy in D:
s379569089.py(21):                 nx, ny = v[0]+dx, v[1]+dy
s379569089.py(22):                 if 0 <= nx < H and 0 <= ny < W and dist[nx][ny] == INF and Maze[nx][ny] == '.':
s379569089.py(20):             for dx, dy in D:
s379569089.py(21):                 nx, ny = v[0]+dx, v[1]+dy
s379569089.py(22):                 if 0 <= nx < H and 0 <= ny < W and dist[nx][ny] == INF and Maze[nx][ny] == '.':
s379569089.py(20):             for dx, dy in D:
s379569089.py(18):         while deq:
s379569089.py(19):             v = deq.popleft()
s379569089.py(20):             for dx, dy in D:
s379569089.py(21):                 nx, ny = v[0]+dx, v[1]+dy
s379569089.py(22):                 if 0 <= nx < H and 0 <= ny < W and dist[nx][ny] == INF and Maze[nx][ny] == '.':
s379569089.py(20):             for dx, dy in D:
s379569089.py(21):                 nx, ny = v[0]+dx, v[1]+dy
s379569089.py(22):                 if 0 <= nx < H and 0 <= ny < W and dist[nx][ny] == INF and Maze[nx][ny] == '.':
s379569089.py(20):             for dx, dy in D:
s379569089.py(21):                 nx, ny = v[0]+dx, v[1]+dy
s379569089.py(22):                 if 0 <= nx < H and 0 <= ny < W and dist[nx][ny] == INF and Maze[nx][ny] == '.':
s379569089.py(20):             for dx, dy in D:
s379569089.py(21):                 nx, ny = v[0]+dx, v[1]+dy
s379569089.py(22):                 if 0 <= nx < H and 0 <= ny < W and dist[nx][ny] == INF and Maze[nx][ny] == '.':
s379569089.py(20):             for dx, dy in D:
s379569089.py(18):         while deq:
s379569089.py(19):             v = deq.popleft()
s379569089.py(20):             for dx, dy in D:
s379569089.py(21):                 nx, ny = v[0]+dx, v[1]+dy
s379569089.py(22):                 if 0 <= nx < H and 0 <= ny < W and dist[nx][ny] == INF and Maze[nx][ny] == '.':
s379569089.py(20):             for dx, dy in D:
s379569089.py(21):                 nx, ny = v[0]+dx, v[1]+dy
s379569089.py(22):                 if 0 <= nx < H and 0 <= ny < W and dist[nx][ny] == INF and Maze[nx][ny] == '.':
s379569089.py(20):             for dx, dy in D:
s379569089.py(21):                 nx, ny = v[0]+dx, v[1]+dy
s379569089.py(22):                 if 0 <= nx < H and 0 <= ny < W and dist[nx][ny] == INF and Maze[nx][ny] == '.':
s379569089.py(20):             for dx, dy in D:
s379569089.py(21):                 nx, ny = v[0]+dx, v[1]+dy
s379569089.py(22):                 if 0 <= nx < H and 0 <= ny < W and dist[nx][ny] == INF and Maze[nx][ny] == '.':
s379569089.py(20):             for dx, dy in D:
s379569089.py(18):         while deq:
s379569089.py(19):             v = deq.popleft()
s379569089.py(20):             for dx, dy in D:
s379569089.py(21):                 nx, ny = v[0]+dx, v[1]+dy
s379569089.py(22):                 if 0 <= nx < H and 0 <= ny < W and dist[nx][ny] == INF and Maze[nx][ny] == '.':
s379569089.py(20):             for dx, dy in D:
s379569089.py(21):                 nx, ny = v[0]+dx, v[1]+dy
s379569089.py(22):                 if 0 <= nx < H and 0 <= ny < W and dist[nx][ny] == INF and Maze[nx][ny] == '.':
s379569089.py(20):             for dx, dy in D:
s379569089.py(21):                 nx, ny = v[0]+dx, v[1]+dy
s379569089.py(22):                 if 0 <= nx < H and 0 <= ny < W and dist[nx][ny] == INF and Maze[nx][ny] == '.':
s379569089.py(20):             for dx, dy in D:
s379569089.py(21):                 nx, ny = v[0]+dx, v[1]+dy
s379569089.py(22):                 if 0 <= nx < H and 0 <= ny < W and dist[nx][ny] == INF and Maze[nx][ny] == '.':
s379569089.py(20):             for dx, dy in D:
s379569089.py(18):         while deq:
s379569089.py(25):         return dist[v[0]][v[1]]
s379569089.py(30):         for j in range(W):
s379569089.py(31):             if Maze[i][j] == '.': max_d = max(max_d, bfs(i, j))
 --- modulename: s379569089, funcname: bfs
s379569089.py(14):         dist = [[INF] * W for _ in range(H)]
 --- modulename: s379569089, funcname: <listcomp>
s379569089.py(14):         dist = [[INF] * W for _ in range(H)]
s379569089.py(14):         dist = [[INF] * W for _ in range(H)]
s379569089.py(14):         dist = [[INF] * W for _ in range(H)]
s379569089.py(14):         dist = [[INF] * W for _ in range(H)]
s379569089.py(15):         dist[sx][sy] = 0
s379569089.py(16):         deq = collections.deque()
s379569089.py(17):         deq.append([sx, sy])
s379569089.py(18):         while deq:
s379569089.py(19):             v = deq.popleft()
s379569089.py(20):             for dx, dy in D:
s379569089.py(21):                 nx, ny = v[0]+dx, v[1]+dy
s379569089.py(22):                 if 0 <= nx < H and 0 <= ny < W and dist[nx][ny] == INF and Maze[nx][ny] == '.':
s379569089.py(20):             for dx, dy in D:
s379569089.py(21):                 nx, ny = v[0]+dx, v[1]+dy
s379569089.py(22):                 if 0 <= nx < H and 0 <= ny < W and dist[nx][ny] == INF and Maze[nx][ny] == '.':
s379569089.py(23):                     dist[nx][ny] = dist[v[0]][v[1]] + 1
s379569089.py(24):                     deq.append([nx, ny])
s379569089.py(20):             for dx, dy in D:
s379569089.py(21):                 nx, ny = v[0]+dx, v[1]+dy
s379569089.py(22):                 if 0 <= nx < H and 0 <= ny < W and dist[nx][ny] == INF and Maze[nx][ny] == '.':
s379569089.py(20):             for dx, dy in D:
s379569089.py(21):                 nx, ny = v[0]+dx, v[1]+dy
s379569089.py(22):                 if 0 <= nx < H and 0 <= ny < W and dist[nx][ny] == INF and Maze[nx][ny] == '.':
s379569089.py(23):                     dist[nx][ny] = dist[v[0]][v[1]] + 1
s379569089.py(24):                     deq.append([nx, ny])
s379569089.py(20):             for dx, dy in D:
s379569089.py(18):         while deq:
s379569089.py(19):             v = deq.popleft()
s379569089.py(20):             for dx, dy in D:
s379569089.py(21):                 nx, ny = v[0]+dx, v[1]+dy
s379569089.py(22):                 if 0 <= nx < H and 0 <= ny < W and dist[nx][ny] == INF and Maze[nx][ny] == '.':
s379569089.py(20):             for dx, dy in D:
s379569089.py(21):                 nx, ny = v[0]+dx, v[1]+dy
s379569089.py(22):                 if 0 <= nx < H and 0 <= ny < W and dist[nx][ny] == INF and Maze[nx][ny] == '.':
s379569089.py(23):                     dist[nx][ny] = dist[v[0]][v[1]] + 1
s379569089.py(24):                     deq.append([nx, ny])
s379569089.py(20):             for dx, dy in D:
s379569089.py(21):                 nx, ny = v[0]+dx, v[1]+dy
s379569089.py(22):                 if 0 <= nx < H and 0 <= ny < W and dist[nx][ny] == INF and Maze[nx][ny] == '.':
s379569089.py(20):             for dx, dy in D:
s379569089.py(21):                 nx, ny = v[0]+dx, v[1]+dy
s379569089.py(22):                 if 0 <= nx < H and 0 <= ny < W and dist[nx][ny] == INF and Maze[nx][ny] == '.':
s379569089.py(23):                     dist[nx][ny] = dist[v[0]][v[1]] + 1
s379569089.py(24):                     deq.append([nx, ny])
s379569089.py(20):             for dx, dy in D:
s379569089.py(18):         while deq:
s379569089.py(19):             v = deq.popleft()
s379569089.py(20):             for dx, dy in D:
s379569089.py(21):                 nx, ny = v[0]+dx, v[1]+dy
s379569089.py(22):                 if 0 <= nx < H and 0 <= ny < W and dist[nx][ny] == INF and Maze[nx][ny] == '.':
s379569089.py(20):             for dx, dy in D:
s379569089.py(21):                 nx, ny = v[0]+dx, v[1]+dy
s379569089.py(22):                 if 0 <= nx < H and 0 <= ny < W and dist[nx][ny] == INF and Maze[nx][ny] == '.':
s379569089.py(20):             for dx, dy in D:
s379569089.py(21):                 nx, ny = v[0]+dx, v[1]+dy
s379569089.py(22):                 if 0 <= nx < H and 0 <= ny < W and dist[nx][ny] == INF and Maze[nx][ny] == '.':
s379569089.py(20):             for dx, dy in D:
s379569089.py(21):                 nx, ny = v[0]+dx, v[1]+dy
s379569089.py(22):                 if 0 <= nx < H and 0 <= ny < W and dist[nx][ny] == INF and Maze[nx][ny] == '.':
s379569089.py(23):                     dist[nx][ny] = dist[v[0]][v[1]] + 1
s379569089.py(24):                     deq.append([nx, ny])
s379569089.py(20):             for dx, dy in D:
s379569089.py(18):         while deq:
s379569089.py(19):             v = deq.popleft()
s379569089.py(20):             for dx, dy in D:
s379569089.py(21):                 nx, ny = v[0]+dx, v[1]+dy
s379569089.py(22):                 if 0 <= nx < H and 0 <= ny < W and dist[nx][ny] == INF and Maze[nx][ny] == '.':
s379569089.py(20):             for dx, dy in D:
s379569089.py(21):                 nx, ny = v[0]+dx, v[1]+dy
s379569089.py(22):                 if 0 <= nx < H and 0 <= ny < W and dist[nx][ny] == INF and Maze[nx][ny] == '.':
s379569089.py(20):             for dx, dy in D:
s379569089.py(21):                 nx, ny = v[0]+dx, v[1]+dy
s379569089.py(22):                 if 0 <= nx < H and 0 <= ny < W and dist[nx][ny] == INF and Maze[nx][ny] == '.':
s379569089.py(20):             for dx, dy in D:
s379569089.py(21):                 nx, ny = v[0]+dx, v[1]+dy
s379569089.py(22):                 if 0 <= nx < H and 0 <= ny < W and dist[nx][ny] == INF and Maze[nx][ny] == '.':
s379569089.py(23):                     dist[nx][ny] = dist[v[0]][v[1]] + 1
s379569089.py(24):                     deq.append([nx, ny])
s379569089.py(20):             for dx, dy in D:
s379569089.py(18):         while deq:
s379569089.py(19):             v = deq.popleft()
s379569089.py(20):             for dx, dy in D:
s379569089.py(21):                 nx, ny = v[0]+dx, v[1]+dy
s379569089.py(22):                 if 0 <= nx < H and 0 <= ny < W and dist[nx][ny] == INF and Maze[nx][ny] == '.':
s379569089.py(20):             for dx, dy in D:
s379569089.py(21):                 nx, ny = v[0]+dx, v[1]+dy
s379569089.py(22):                 if 0 <= nx < H and 0 <= ny < W and dist[nx][ny] == INF and Maze[nx][ny] == '.':
s379569089.py(20):             for dx, dy in D:
s379569089.py(21):                 nx, ny = v[0]+dx, v[1]+dy
s379569089.py(22):                 if 0 <= nx < H and 0 <= ny < W and dist[nx][ny] == INF and Maze[nx][ny] == '.':
s379569089.py(20):             for dx, dy in D:
s379569089.py(21):                 nx, ny = v[0]+dx, v[1]+dy
s379569089.py(22):                 if 0 <= nx < H and 0 <= ny < W and dist[nx][ny] == INF and Maze[nx][ny] == '.':
s379569089.py(23):                     dist[nx][ny] = dist[v[0]][v[1]] + 1
s379569089.py(24):                     deq.append([nx, ny])
s379569089.py(20):             for dx, dy in D:
s379569089.py(18):         while deq:
s379569089.py(19):             v = deq.popleft()
s379569089.py(20):             for dx, dy in D:
s379569089.py(21):                 nx, ny = v[0]+dx, v[1]+dy
s379569089.py(22):                 if 0 <= nx < H and 0 <= ny < W and dist[nx][ny] == INF and Maze[nx][ny] == '.':
s379569089.py(20):             for dx, dy in D:
s379569089.py(21):                 nx, ny = v[0]+dx, v[1]+dy
s379569089.py(22):                 if 0 <= nx < H and 0 <= ny < W and dist[nx][ny] == INF and Maze[nx][ny] == '.':
s379569089.py(20):             for dx, dy in D:
s379569089.py(21):                 nx, ny = v[0]+dx, v[1]+dy
s379569089.py(22):                 if 0 <= nx < H and 0 <= ny < W and dist[nx][ny] == INF and Maze[nx][ny] == '.':
s379569089.py(20):             for dx, dy in D:
s379569089.py(21):                 nx, ny = v[0]+dx, v[1]+dy
s379569089.py(22):                 if 0 <= nx < H and 0 <= ny < W and dist[nx][ny] == INF and Maze[nx][ny] == '.':
s379569089.py(20):             for dx, dy in D:
s379569089.py(18):         while deq:
s379569089.py(19):             v = deq.popleft()
s379569089.py(20):             for dx, dy in D:
s379569089.py(21):                 nx, ny = v[0]+dx, v[1]+dy
s379569089.py(22):                 if 0 <= nx < H and 0 <= ny < W and dist[nx][ny] == INF and Maze[nx][ny] == '.':
s379569089.py(20):             for dx, dy in D:
s379569089.py(21):                 nx, ny = v[0]+dx, v[1]+dy
s379569089.py(22):                 if 0 <= nx < H and 0 <= ny < W and dist[nx][ny] == INF and Maze[nx][ny] == '.':
s379569089.py(20):             for dx, dy in D:
s379569089.py(21):                 nx, ny = v[0]+dx, v[1]+dy
s379569089.py(22):                 if 0 <= nx < H and 0 <= ny < W and dist[nx][ny] == INF and Maze[nx][ny] == '.':
s379569089.py(20):             for dx, dy in D:
s379569089.py(21):                 nx, ny = v[0]+dx, v[1]+dy
s379569089.py(22):                 if 0 <= nx < H and 0 <= ny < W and dist[nx][ny] == INF and Maze[nx][ny] == '.':
s379569089.py(23):                     dist[nx][ny] = dist[v[0]][v[1]] + 1
s379569089.py(24):                     deq.append([nx, ny])
s379569089.py(20):             for dx, dy in D:
s379569089.py(18):         while deq:
s379569089.py(19):             v = deq.popleft()
s379569089.py(20):             for dx, dy in D:
s379569089.py(21):                 nx, ny = v[0]+dx, v[1]+dy
s379569089.py(22):                 if 0 <= nx < H and 0 <= ny < W and dist[nx][ny] == INF and Maze[nx][ny] == '.':
s379569089.py(20):             for dx, dy in D:
s379569089.py(21):                 nx, ny = v[0]+dx, v[1]+dy
s379569089.py(22):                 if 0 <= nx < H and 0 <= ny < W and dist[nx][ny] == INF and Maze[nx][ny] == '.':
s379569089.py(20):             for dx, dy in D:
s379569089.py(21):                 nx, ny = v[0]+dx, v[1]+dy
s379569089.py(22):                 if 0 <= nx < H and 0 <= ny < W and dist[nx][ny] == INF and Maze[nx][ny] == '.':
s379569089.py(20):             for dx, dy in D:
s379569089.py(21):                 nx, ny = v[0]+dx, v[1]+dy
s379569089.py(22):                 if 0 <= nx < H and 0 <= ny < W and dist[nx][ny] == INF and Maze[nx][ny] == '.':
s379569089.py(20):             for dx, dy in D:
s379569089.py(18):         while deq:
s379569089.py(19):             v = deq.popleft()
s379569089.py(20):             for dx, dy in D:
s379569089.py(21):                 nx, ny = v[0]+dx, v[1]+dy
s379569089.py(22):                 if 0 <= nx < H and 0 <= ny < W and dist[nx][ny] == INF and Maze[nx][ny] == '.':
s379569089.py(20):             for dx, dy in D:
s379569089.py(21):                 nx, ny = v[0]+dx, v[1]+dy
s379569089.py(22):                 if 0 <= nx < H and 0 <= ny < W and dist[nx][ny] == INF and Maze[nx][ny] == '.':
s379569089.py(20):             for dx, dy in D:
s379569089.py(21):                 nx, ny = v[0]+dx, v[1]+dy
s379569089.py(22):                 if 0 <= nx < H and 0 <= ny < W and dist[nx][ny] == INF and Maze[nx][ny] == '.':
s379569089.py(20):             for dx, dy in D:
s379569089.py(21):                 nx, ny = v[0]+dx, v[1]+dy
s379569089.py(22):                 if 0 <= nx < H and 0 <= ny < W and dist[nx][ny] == INF and Maze[nx][ny] == '.':
s379569089.py(20):             for dx, dy in D:
s379569089.py(18):         while deq:
s379569089.py(25):         return dist[v[0]][v[1]]
s379569089.py(30):         for j in range(W):
s379569089.py(29):     for i in range(H):
s379569089.py(32):     print(max_d)
4
s379569089.py(34):     return
