 --- modulename: s023604199, funcname: <module>
s023604199.py(1): import sys
s023604199.py(2): sys.setrecursionlimit(700000)
s023604199.py(4): def s_in():
s023604199.py(7): def n_in():
s023604199.py(10): def l_in():
s023604199.py(13): def print_l(l):
s023604199.py(16): class Interval():
 --- modulename: s023604199, funcname: Interval
s023604199.py(16): class Interval():
s023604199.py(17):     def __init__(self, li):
s023604199.py(24):     def sum(self, a, b=None):
s023604199.py(33): h,w = l_in()
 --- modulename: s023604199, funcname: l_in
s023604199.py(11):     return list(map(int, input().split()))
 --- modulename: codecs, funcname: getstate
codecs.py(333):         return (self.buffer, 0)
 --- modulename: codecs, funcname: decode
codecs.py(321):         data = self.buffer + input
codecs.py(322):         (result, consumed) = self._buffer_decode(data, self.errors, final)
codecs.py(324):         self.buffer = data[consumed:]
codecs.py(325):         return result
s023604199.py(34): S = [s_in() for _ in range(h)]
 --- modulename: s023604199, funcname: <listcomp>
s023604199.py(34): S = [s_in() for _ in range(h)]
 --- modulename: s023604199, funcname: s_in
s023604199.py(5):     return input()
s023604199.py(34): S = [s_in() for _ in range(h)]
 --- modulename: s023604199, funcname: s_in
s023604199.py(5):     return input()
s023604199.py(34): S = [s_in() for _ in range(h)]
 --- modulename: s023604199, funcname: s_in
s023604199.py(5):     return input()
s023604199.py(34): S = [s_in() for _ in range(h)]
s023604199.py(36): from collections import deque
 --- modulename: _bootstrap, funcname: _handle_fromlist
<frozen importlib._bootstrap>(1043): <frozen importlib._bootstrap>(1044): <frozen importlib._bootstrap>(1051): <frozen importlib._bootstrap>(1055): <frozen importlib._bootstrap>(1043): <frozen importlib._bootstrap>(1067): s023604199.py(38): res = 0
s023604199.py(39): for i in range(h):
s023604199.py(40):     for j in range(w):
s023604199.py(41):         q = deque()
s023604199.py(42):         s = set()
s023604199.py(43):         check = lambda x,y: (not (x,y) in s) and x >= 0 and x < h and y >=0 and y < w and S[x][y] == '.'
s023604199.py(45):         if S[i][j] == '.':
s023604199.py(46):             q.append((i,j,0))
s023604199.py(48):         while len(q) > 0:
s023604199.py(49):             i,j,d = q.popleft()
s023604199.py(50):             s.add((i,j))
s023604199.py(51):             res = max(d,res)
s023604199.py(53):             if check(i+1,j):
 --- modulename: s023604199, funcname: <lambda>
s023604199.py(43):         check = lambda x,y: (not (x,y) in s) and x >= 0 and x < h and y >=0 and y < w and S[x][y] == '.'
s023604199.py(54):                 s.add((i+1,j))
s023604199.py(55):                 q.append((i+1,j,d+1))
s023604199.py(56):             if check(i-1,j):
 --- modulename: s023604199, funcname: <lambda>
s023604199.py(43):         check = lambda x,y: (not (x,y) in s) and x >= 0 and x < h and y >=0 and y < w and S[x][y] == '.'
s023604199.py(59):             if check(i,j+1):
 --- modulename: s023604199, funcname: <lambda>
s023604199.py(43):         check = lambda x,y: (not (x,y) in s) and x >= 0 and x < h and y >=0 and y < w and S[x][y] == '.'
s023604199.py(60):                 s.add((i,j+1))            
s023604199.py(61):                 q.append((i,j+1,d+1))
s023604199.py(62):             if check(i,j-1):
 --- modulename: s023604199, funcname: <lambda>
s023604199.py(43):         check = lambda x,y: (not (x,y) in s) and x >= 0 and x < h and y >=0 and y < w and S[x][y] == '.'
s023604199.py(48):         while len(q) > 0:
s023604199.py(49):             i,j,d = q.popleft()
s023604199.py(50):             s.add((i,j))
s023604199.py(51):             res = max(d,res)
s023604199.py(53):             if check(i+1,j):
 --- modulename: s023604199, funcname: <lambda>
s023604199.py(43):         check = lambda x,y: (not (x,y) in s) and x >= 0 and x < h and y >=0 and y < w and S[x][y] == '.'
s023604199.py(54):                 s.add((i+1,j))
s023604199.py(55):                 q.append((i+1,j,d+1))
s023604199.py(56):             if check(i-1,j):
 --- modulename: s023604199, funcname: <lambda>
s023604199.py(43):         check = lambda x,y: (not (x,y) in s) and x >= 0 and x < h and y >=0 and y < w and S[x][y] == '.'
s023604199.py(59):             if check(i,j+1):
 --- modulename: s023604199, funcname: <lambda>
s023604199.py(43):         check = lambda x,y: (not (x,y) in s) and x >= 0 and x < h and y >=0 and y < w and S[x][y] == '.'
s023604199.py(60):                 s.add((i,j+1))            
s023604199.py(61):                 q.append((i,j+1,d+1))
s023604199.py(62):             if check(i,j-1):
 --- modulename: s023604199, funcname: <lambda>
s023604199.py(43):         check = lambda x,y: (not (x,y) in s) and x >= 0 and x < h and y >=0 and y < w and S[x][y] == '.'
s023604199.py(48):         while len(q) > 0:
s023604199.py(49):             i,j,d = q.popleft()
s023604199.py(50):             s.add((i,j))
s023604199.py(51):             res = max(d,res)
s023604199.py(53):             if check(i+1,j):
 --- modulename: s023604199, funcname: <lambda>
s023604199.py(43):         check = lambda x,y: (not (x,y) in s) and x >= 0 and x < h and y >=0 and y < w and S[x][y] == '.'
s023604199.py(56):             if check(i-1,j):
 --- modulename: s023604199, funcname: <lambda>
s023604199.py(43):         check = lambda x,y: (not (x,y) in s) and x >= 0 and x < h and y >=0 and y < w and S[x][y] == '.'
s023604199.py(59):             if check(i,j+1):
 --- modulename: s023604199, funcname: <lambda>
s023604199.py(43):         check = lambda x,y: (not (x,y) in s) and x >= 0 and x < h and y >=0 and y < w and S[x][y] == '.'
s023604199.py(60):                 s.add((i,j+1))            
s023604199.py(61):                 q.append((i,j+1,d+1))
s023604199.py(62):             if check(i,j-1):
 --- modulename: s023604199, funcname: <lambda>
s023604199.py(43):         check = lambda x,y: (not (x,y) in s) and x >= 0 and x < h and y >=0 and y < w and S[x][y] == '.'
s023604199.py(48):         while len(q) > 0:
s023604199.py(49):             i,j,d = q.popleft()
s023604199.py(50):             s.add((i,j))
s023604199.py(51):             res = max(d,res)
s023604199.py(53):             if check(i+1,j):
 --- modulename: s023604199, funcname: <lambda>
s023604199.py(43):         check = lambda x,y: (not (x,y) in s) and x >= 0 and x < h and y >=0 and y < w and S[x][y] == '.'
s023604199.py(56):             if check(i-1,j):
 --- modulename: s023604199, funcname: <lambda>
s023604199.py(43):         check = lambda x,y: (not (x,y) in s) and x >= 0 and x < h and y >=0 and y < w and S[x][y] == '.'
s023604199.py(59):             if check(i,j+1):
 --- modulename: s023604199, funcname: <lambda>
s023604199.py(43):         check = lambda x,y: (not (x,y) in s) and x >= 0 and x < h and y >=0 and y < w and S[x][y] == '.'
s023604199.py(60):                 s.add((i,j+1))            
s023604199.py(61):                 q.append((i,j+1,d+1))
s023604199.py(62):             if check(i,j-1):
 --- modulename: s023604199, funcname: <lambda>
s023604199.py(43):         check = lambda x,y: (not (x,y) in s) and x >= 0 and x < h and y >=0 and y < w and S[x][y] == '.'
s023604199.py(48):         while len(q) > 0:
s023604199.py(49):             i,j,d = q.popleft()
s023604199.py(50):             s.add((i,j))
s023604199.py(51):             res = max(d,res)
s023604199.py(53):             if check(i+1,j):
 --- modulename: s023604199, funcname: <lambda>
s023604199.py(43):         check = lambda x,y: (not (x,y) in s) and x >= 0 and x < h and y >=0 and y < w and S[x][y] == '.'
s023604199.py(56):             if check(i-1,j):
 --- modulename: s023604199, funcname: <lambda>
s023604199.py(43):         check = lambda x,y: (not (x,y) in s) and x >= 0 and x < h and y >=0 and y < w and S[x][y] == '.'
s023604199.py(59):             if check(i,j+1):
 --- modulename: s023604199, funcname: <lambda>
s023604199.py(43):         check = lambda x,y: (not (x,y) in s) and x >= 0 and x < h and y >=0 and y < w and S[x][y] == '.'
s023604199.py(60):                 s.add((i,j+1))            
s023604199.py(61):                 q.append((i,j+1,d+1))
s023604199.py(62):             if check(i,j-1):
 --- modulename: s023604199, funcname: <lambda>
s023604199.py(43):         check = lambda x,y: (not (x,y) in s) and x >= 0 and x < h and y >=0 and y < w and S[x][y] == '.'
s023604199.py(48):         while len(q) > 0:
s023604199.py(49):             i,j,d = q.popleft()
s023604199.py(50):             s.add((i,j))
s023604199.py(51):             res = max(d,res)
s023604199.py(53):             if check(i+1,j):
 --- modulename: s023604199, funcname: <lambda>
s023604199.py(43):         check = lambda x,y: (not (x,y) in s) and x >= 0 and x < h and y >=0 and y < w and S[x][y] == '.'
s023604199.py(56):             if check(i-1,j):
 --- modulename: s023604199, funcname: <lambda>
s023604199.py(43):         check = lambda x,y: (not (x,y) in s) and x >= 0 and x < h and y >=0 and y < w and S[x][y] == '.'
s023604199.py(59):             if check(i,j+1):
 --- modulename: s023604199, funcname: <lambda>
s023604199.py(43):         check = lambda x,y: (not (x,y) in s) and x >= 0 and x < h and y >=0 and y < w and S[x][y] == '.'
s023604199.py(62):             if check(i,j-1):
 --- modulename: s023604199, funcname: <lambda>
s023604199.py(43):         check = lambda x,y: (not (x,y) in s) and x >= 0 and x < h and y >=0 and y < w and S[x][y] == '.'
s023604199.py(48):         while len(q) > 0:
s023604199.py(49):             i,j,d = q.popleft()
s023604199.py(50):             s.add((i,j))
s023604199.py(51):             res = max(d,res)
s023604199.py(53):             if check(i+1,j):
 --- modulename: s023604199, funcname: <lambda>
s023604199.py(43):         check = lambda x,y: (not (x,y) in s) and x >= 0 and x < h and y >=0 and y < w and S[x][y] == '.'
s023604199.py(56):             if check(i-1,j):
 --- modulename: s023604199, funcname: <lambda>
s023604199.py(43):         check = lambda x,y: (not (x,y) in s) and x >= 0 and x < h and y >=0 and y < w and S[x][y] == '.'
s023604199.py(59):             if check(i,j+1):
 --- modulename: s023604199, funcname: <lambda>
s023604199.py(43):         check = lambda x,y: (not (x,y) in s) and x >= 0 and x < h and y >=0 and y < w and S[x][y] == '.'
s023604199.py(60):                 s.add((i,j+1))            
s023604199.py(61):                 q.append((i,j+1,d+1))
s023604199.py(62):             if check(i,j-1):
 --- modulename: s023604199, funcname: <lambda>
s023604199.py(43):         check = lambda x,y: (not (x,y) in s) and x >= 0 and x < h and y >=0 and y < w and S[x][y] == '.'
s023604199.py(48):         while len(q) > 0:
s023604199.py(49):             i,j,d = q.popleft()
s023604199.py(50):             s.add((i,j))
s023604199.py(51):             res = max(d,res)
s023604199.py(53):             if check(i+1,j):
 --- modulename: s023604199, funcname: <lambda>
s023604199.py(43):         check = lambda x,y: (not (x,y) in s) and x >= 0 and x < h and y >=0 and y < w and S[x][y] == '.'
s023604199.py(56):             if check(i-1,j):
 --- modulename: s023604199, funcname: <lambda>
s023604199.py(43):         check = lambda x,y: (not (x,y) in s) and x >= 0 and x < h and y >=0 and y < w and S[x][y] == '.'
s023604199.py(59):             if check(i,j+1):
 --- modulename: s023604199, funcname: <lambda>
s023604199.py(43):         check = lambda x,y: (not (x,y) in s) and x >= 0 and x < h and y >=0 and y < w and S[x][y] == '.'
s023604199.py(62):             if check(i,j-1):
 --- modulename: s023604199, funcname: <lambda>
s023604199.py(43):         check = lambda x,y: (not (x,y) in s) and x >= 0 and x < h and y >=0 and y < w and S[x][y] == '.'
s023604199.py(48):         while len(q) > 0:
s023604199.py(49):             i,j,d = q.popleft()
s023604199.py(50):             s.add((i,j))
s023604199.py(51):             res = max(d,res)
s023604199.py(53):             if check(i+1,j):
 --- modulename: s023604199, funcname: <lambda>
s023604199.py(43):         check = lambda x,y: (not (x,y) in s) and x >= 0 and x < h and y >=0 and y < w and S[x][y] == '.'
s023604199.py(56):             if check(i-1,j):
 --- modulename: s023604199, funcname: <lambda>
s023604199.py(43):         check = lambda x,y: (not (x,y) in s) and x >= 0 and x < h and y >=0 and y < w and S[x][y] == '.'
s023604199.py(59):             if check(i,j+1):
 --- modulename: s023604199, funcname: <lambda>
s023604199.py(43):         check = lambda x,y: (not (x,y) in s) and x >= 0 and x < h and y >=0 and y < w and S[x][y] == '.'
s023604199.py(62):             if check(i,j-1):
 --- modulename: s023604199, funcname: <lambda>
s023604199.py(43):         check = lambda x,y: (not (x,y) in s) and x >= 0 and x < h and y >=0 and y < w and S[x][y] == '.'
s023604199.py(48):         while len(q) > 0:
s023604199.py(40):     for j in range(w):
s023604199.py(41):         q = deque()
s023604199.py(42):         s = set()
s023604199.py(43):         check = lambda x,y: (not (x,y) in s) and x >= 0 and x < h and y >=0 and y < w and S[x][y] == '.'
s023604199.py(45):         if S[i][j] == '.':
s023604199.py(46):             q.append((i,j,0))
s023604199.py(48):         while len(q) > 0:
s023604199.py(49):             i,j,d = q.popleft()
s023604199.py(50):             s.add((i,j))
s023604199.py(51):             res = max(d,res)
s023604199.py(53):             if check(i+1,j):
 --- modulename: s023604199, funcname: <lambda>
s023604199.py(43):         check = lambda x,y: (not (x,y) in s) and x >= 0 and x < h and y >=0 and y < w and S[x][y] == '.'
s023604199.py(56):             if check(i-1,j):
 --- modulename: s023604199, funcname: <lambda>
s023604199.py(43):         check = lambda x,y: (not (x,y) in s) and x >= 0 and x < h and y >=0 and y < w and S[x][y] == '.'
s023604199.py(57):                 s.add((i-1,j))                
s023604199.py(58):                 q.append((i-1,j,d+1))
s023604199.py(59):             if check(i,j+1):
 --- modulename: s023604199, funcname: <lambda>
s023604199.py(43):         check = lambda x,y: (not (x,y) in s) and x >= 0 and x < h and y >=0 and y < w and S[x][y] == '.'
s023604199.py(60):                 s.add((i,j+1))            
s023604199.py(61):                 q.append((i,j+1,d+1))
s023604199.py(62):             if check(i,j-1):
 --- modulename: s023604199, funcname: <lambda>
s023604199.py(43):         check = lambda x,y: (not (x,y) in s) and x >= 0 and x < h and y >=0 and y < w and S[x][y] == '.'
s023604199.py(63):                 s.add((i,j-1))            
s023604199.py(64):                 q.append((i,j-1,d+1))
s023604199.py(48):         while len(q) > 0:
s023604199.py(49):             i,j,d = q.popleft()
s023604199.py(50):             s.add((i,j))
s023604199.py(51):             res = max(d,res)
s023604199.py(53):             if check(i+1,j):
 --- modulename: s023604199, funcname: <lambda>
s023604199.py(43):         check = lambda x,y: (not (x,y) in s) and x >= 0 and x < h and y >=0 and y < w and S[x][y] == '.'
s023604199.py(56):             if check(i-1,j):
 --- modulename: s023604199, funcname: <lambda>
s023604199.py(43):         check = lambda x,y: (not (x,y) in s) and x >= 0 and x < h and y >=0 and y < w and S[x][y] == '.'
s023604199.py(57):                 s.add((i-1,j))                
s023604199.py(58):                 q.append((i-1,j,d+1))
s023604199.py(59):             if check(i,j+1):
 --- modulename: s023604199, funcname: <lambda>
s023604199.py(43):         check = lambda x,y: (not (x,y) in s) and x >= 0 and x < h and y >=0 and y < w and S[x][y] == '.'
s023604199.py(60):                 s.add((i,j+1))            
s023604199.py(61):                 q.append((i,j+1,d+1))
s023604199.py(62):             if check(i,j-1):
 --- modulename: s023604199, funcname: <lambda>
s023604199.py(43):         check = lambda x,y: (not (x,y) in s) and x >= 0 and x < h and y >=0 and y < w and S[x][y] == '.'
s023604199.py(63):                 s.add((i,j-1))            
s023604199.py(64):                 q.append((i,j-1,d+1))
s023604199.py(48):         while len(q) > 0:
s023604199.py(49):             i,j,d = q.popleft()
s023604199.py(50):             s.add((i,j))
s023604199.py(51):             res = max(d,res)
s023604199.py(53):             if check(i+1,j):
 --- modulename: s023604199, funcname: <lambda>
s023604199.py(43):         check = lambda x,y: (not (x,y) in s) and x >= 0 and x < h and y >=0 and y < w and S[x][y] == '.'
s023604199.py(56):             if check(i-1,j):
 --- modulename: s023604199, funcname: <lambda>
s023604199.py(43):         check = lambda x,y: (not (x,y) in s) and x >= 0 and x < h and y >=0 and y < w and S[x][y] == '.'
s023604199.py(59):             if check(i,j+1):
 --- modulename: s023604199, funcname: <lambda>
s023604199.py(43):         check = lambda x,y: (not (x,y) in s) and x >= 0 and x < h and y >=0 and y < w and S[x][y] == '.'
s023604199.py(62):             if check(i,j-1):
 --- modulename: s023604199, funcname: <lambda>
s023604199.py(43):         check = lambda x,y: (not (x,y) in s) and x >= 0 and x < h and y >=0 and y < w and S[x][y] == '.'
s023604199.py(48):         while len(q) > 0:
s023604199.py(49):             i,j,d = q.popleft()
s023604199.py(50):             s.add((i,j))
s023604199.py(51):             res = max(d,res)
s023604199.py(53):             if check(i+1,j):
 --- modulename: s023604199, funcname: <lambda>
s023604199.py(43):         check = lambda x,y: (not (x,y) in s) and x >= 0 and x < h and y >=0 and y < w and S[x][y] == '.'
s023604199.py(56):             if check(i-1,j):
 --- modulename: s023604199, funcname: <lambda>
s023604199.py(43):         check = lambda x,y: (not (x,y) in s) and x >= 0 and x < h and y >=0 and y < w and S[x][y] == '.'
s023604199.py(59):             if check(i,j+1):
 --- modulename: s023604199, funcname: <lambda>
s023604199.py(43):         check = lambda x,y: (not (x,y) in s) and x >= 0 and x < h and y >=0 and y < w and S[x][y] == '.'
s023604199.py(62):             if check(i,j-1):
 --- modulename: s023604199, funcname: <lambda>
s023604199.py(43):         check = lambda x,y: (not (x,y) in s) and x >= 0 and x < h and y >=0 and y < w and S[x][y] == '.'
s023604199.py(48):         while len(q) > 0:
s023604199.py(49):             i,j,d = q.popleft()
s023604199.py(50):             s.add((i,j))
s023604199.py(51):             res = max(d,res)
s023604199.py(53):             if check(i+1,j):
 --- modulename: s023604199, funcname: <lambda>
s023604199.py(43):         check = lambda x,y: (not (x,y) in s) and x >= 0 and x < h and y >=0 and y < w and S[x][y] == '.'
s023604199.py(56):             if check(i-1,j):
 --- modulename: s023604199, funcname: <lambda>
s023604199.py(43):         check = lambda x,y: (not (x,y) in s) and x >= 0 and x < h and y >=0 and y < w and S[x][y] == '.'
s023604199.py(59):             if check(i,j+1):
 --- modulename: s023604199, funcname: <lambda>
s023604199.py(43):         check = lambda x,y: (not (x,y) in s) and x >= 0 and x < h and y >=0 and y < w and S[x][y] == '.'
s023604199.py(60):                 s.add((i,j+1))            
s023604199.py(61):                 q.append((i,j+1,d+1))
s023604199.py(62):             if check(i,j-1):
 --- modulename: s023604199, funcname: <lambda>
s023604199.py(43):         check = lambda x,y: (not (x,y) in s) and x >= 0 and x < h and y >=0 and y < w and S[x][y] == '.'
s023604199.py(63):                 s.add((i,j-1))            
s023604199.py(64):                 q.append((i,j-1,d+1))
s023604199.py(48):         while len(q) > 0:
s023604199.py(49):             i,j,d = q.popleft()
s023604199.py(50):             s.add((i,j))
s023604199.py(51):             res = max(d,res)
s023604199.py(53):             if check(i+1,j):
 --- modulename: s023604199, funcname: <lambda>
s023604199.py(43):         check = lambda x,y: (not (x,y) in s) and x >= 0 and x < h and y >=0 and y < w and S[x][y] == '.'
s023604199.py(56):             if check(i-1,j):
 --- modulename: s023604199, funcname: <lambda>
s023604199.py(43):         check = lambda x,y: (not (x,y) in s) and x >= 0 and x < h and y >=0 and y < w and S[x][y] == '.'
s023604199.py(59):             if check(i,j+1):
 --- modulename: s023604199, funcname: <lambda>
s023604199.py(43):         check = lambda x,y: (not (x,y) in s) and x >= 0 and x < h and y >=0 and y < w and S[x][y] == '.'
s023604199.py(62):             if check(i,j-1):
 --- modulename: s023604199, funcname: <lambda>
s023604199.py(43):         check = lambda x,y: (not (x,y) in s) and x >= 0 and x < h and y >=0 and y < w and S[x][y] == '.'
s023604199.py(48):         while len(q) > 0:
s023604199.py(49):             i,j,d = q.popleft()
s023604199.py(50):             s.add((i,j))
s023604199.py(51):             res = max(d,res)
s023604199.py(53):             if check(i+1,j):
 --- modulename: s023604199, funcname: <lambda>
s023604199.py(43):         check = lambda x,y: (not (x,y) in s) and x >= 0 and x < h and y >=0 and y < w and S[x][y] == '.'
s023604199.py(56):             if check(i-1,j):
 --- modulename: s023604199, funcname: <lambda>
s023604199.py(43):         check = lambda x,y: (not (x,y) in s) and x >= 0 and x < h and y >=0 and y < w and S[x][y] == '.'
s023604199.py(59):             if check(i,j+1):
 --- modulename: s023604199, funcname: <lambda>
s023604199.py(43):         check = lambda x,y: (not (x,y) in s) and x >= 0 and x < h and y >=0 and y < w and S[x][y] == '.'
s023604199.py(62):             if check(i,j-1):
 --- modulename: s023604199, funcname: <lambda>
s023604199.py(43):         check = lambda x,y: (not (x,y) in s) and x >= 0 and x < h and y >=0 and y < w and S[x][y] == '.'
s023604199.py(48):         while len(q) > 0:
s023604199.py(49):             i,j,d = q.popleft()
s023604199.py(50):             s.add((i,j))
s023604199.py(51):             res = max(d,res)
s023604199.py(53):             if check(i+1,j):
 --- modulename: s023604199, funcname: <lambda>
s023604199.py(43):         check = lambda x,y: (not (x,y) in s) and x >= 0 and x < h and y >=0 and y < w and S[x][y] == '.'
s023604199.py(56):             if check(i-1,j):
 --- modulename: s023604199, funcname: <lambda>
s023604199.py(43):         check = lambda x,y: (not (x,y) in s) and x >= 0 and x < h and y >=0 and y < w and S[x][y] == '.'
s023604199.py(59):             if check(i,j+1):
 --- modulename: s023604199, funcname: <lambda>
s023604199.py(43):         check = lambda x,y: (not (x,y) in s) and x >= 0 and x < h and y >=0 and y < w and S[x][y] == '.'
s023604199.py(62):             if check(i,j-1):
 --- modulename: s023604199, funcname: <lambda>
s023604199.py(43):         check = lambda x,y: (not (x,y) in s) and x >= 0 and x < h and y >=0 and y < w and S[x][y] == '.'
s023604199.py(48):         while len(q) > 0:
s023604199.py(49):             i,j,d = q.popleft()
s023604199.py(50):             s.add((i,j))
s023604199.py(51):             res = max(d,res)
s023604199.py(53):             if check(i+1,j):
 --- modulename: s023604199, funcname: <lambda>
s023604199.py(43):         check = lambda x,y: (not (x,y) in s) and x >= 0 and x < h and y >=0 and y < w and S[x][y] == '.'
s023604199.py(56):             if check(i-1,j):
 --- modulename: s023604199, funcname: <lambda>
s023604199.py(43):         check = lambda x,y: (not (x,y) in s) and x >= 0 and x < h and y >=0 and y < w and S[x][y] == '.'
s023604199.py(59):             if check(i,j+1):
 --- modulename: s023604199, funcname: <lambda>
s023604199.py(43):         check = lambda x,y: (not (x,y) in s) and x >= 0 and x < h and y >=0 and y < w and S[x][y] == '.'
s023604199.py(62):             if check(i,j-1):
 --- modulename: s023604199, funcname: <lambda>
s023604199.py(43):         check = lambda x,y: (not (x,y) in s) and x >= 0 and x < h and y >=0 and y < w and S[x][y] == '.'
s023604199.py(48):         while len(q) > 0:
s023604199.py(40):     for j in range(w):
s023604199.py(41):         q = deque()
s023604199.py(42):         s = set()
s023604199.py(43):         check = lambda x,y: (not (x,y) in s) and x >= 0 and x < h and y >=0 and y < w and S[x][y] == '.'
s023604199.py(45):         if S[i][j] == '.':
s023604199.py(46):             q.append((i,j,0))
s023604199.py(48):         while len(q) > 0:
s023604199.py(49):             i,j,d = q.popleft()
s023604199.py(50):             s.add((i,j))
s023604199.py(51):             res = max(d,res)
s023604199.py(53):             if check(i+1,j):
 --- modulename: s023604199, funcname: <lambda>
s023604199.py(43):         check = lambda x,y: (not (x,y) in s) and x >= 0 and x < h and y >=0 and y < w and S[x][y] == '.'
s023604199.py(54):                 s.add((i+1,j))
s023604199.py(55):                 q.append((i+1,j,d+1))
s023604199.py(56):             if check(i-1,j):
 --- modulename: s023604199, funcname: <lambda>
s023604199.py(43):         check = lambda x,y: (not (x,y) in s) and x >= 0 and x < h and y >=0 and y < w and S[x][y] == '.'
s023604199.py(59):             if check(i,j+1):
 --- modulename: s023604199, funcname: <lambda>
s023604199.py(43):         check = lambda x,y: (not (x,y) in s) and x >= 0 and x < h and y >=0 and y < w and S[x][y] == '.'
s023604199.py(62):             if check(i,j-1):
 --- modulename: s023604199, funcname: <lambda>
s023604199.py(43):         check = lambda x,y: (not (x,y) in s) and x >= 0 and x < h and y >=0 and y < w and S[x][y] == '.'
s023604199.py(63):                 s.add((i,j-1))            
s023604199.py(64):                 q.append((i,j-1,d+1))
s023604199.py(48):         while len(q) > 0:
s023604199.py(49):             i,j,d = q.popleft()
s023604199.py(50):             s.add((i,j))
s023604199.py(51):             res = max(d,res)
s023604199.py(53):             if check(i+1,j):
 --- modulename: s023604199, funcname: <lambda>
s023604199.py(43):         check = lambda x,y: (not (x,y) in s) and x >= 0 and x < h and y >=0 and y < w and S[x][y] == '.'
s023604199.py(54):                 s.add((i+1,j))
s023604199.py(55):                 q.append((i+1,j,d+1))
s023604199.py(56):             if check(i-1,j):
 --- modulename: s023604199, funcname: <lambda>
s023604199.py(43):         check = lambda x,y: (not (x,y) in s) and x >= 0 and x < h and y >=0 and y < w and S[x][y] == '.'
s023604199.py(59):             if check(i,j+1):
 --- modulename: s023604199, funcname: <lambda>
s023604199.py(43):         check = lambda x,y: (not (x,y) in s) and x >= 0 and x < h and y >=0 and y < w and S[x][y] == '.'
s023604199.py(62):             if check(i,j-1):
 --- modulename: s023604199, funcname: <lambda>
s023604199.py(43):         check = lambda x,y: (not (x,y) in s) and x >= 0 and x < h and y >=0 and y < w and S[x][y] == '.'
s023604199.py(63):                 s.add((i,j-1))            
s023604199.py(64):                 q.append((i,j-1,d+1))
s023604199.py(48):         while len(q) > 0:
s023604199.py(49):             i,j,d = q.popleft()
s023604199.py(50):             s.add((i,j))
s023604199.py(51):             res = max(d,res)
s023604199.py(53):             if check(i+1,j):
 --- modulename: s023604199, funcname: <lambda>
s023604199.py(43):         check = lambda x,y: (not (x,y) in s) and x >= 0 and x < h and y >=0 and y < w and S[x][y] == '.'
s023604199.py(56):             if check(i-1,j):
 --- modulename: s023604199, funcname: <lambda>
s023604199.py(43):         check = lambda x,y: (not (x,y) in s) and x >= 0 and x < h and y >=0 and y < w and S[x][y] == '.'
s023604199.py(59):             if check(i,j+1):
 --- modulename: s023604199, funcname: <lambda>
s023604199.py(43):         check = lambda x,y: (not (x,y) in s) and x >= 0 and x < h and y >=0 and y < w and S[x][y] == '.'
s023604199.py(62):             if check(i,j-1):
 --- modulename: s023604199, funcname: <lambda>
s023604199.py(43):         check = lambda x,y: (not (x,y) in s) and x >= 0 and x < h and y >=0 and y < w and S[x][y] == '.'
s023604199.py(63):                 s.add((i,j-1))            
s023604199.py(64):                 q.append((i,j-1,d+1))
s023604199.py(48):         while len(q) > 0:
s023604199.py(49):             i,j,d = q.popleft()
s023604199.py(50):             s.add((i,j))
s023604199.py(51):             res = max(d,res)
s023604199.py(53):             if check(i+1,j):
 --- modulename: s023604199, funcname: <lambda>
s023604199.py(43):         check = lambda x,y: (not (x,y) in s) and x >= 0 and x < h and y >=0 and y < w and S[x][y] == '.'
s023604199.py(56):             if check(i-1,j):
 --- modulename: s023604199, funcname: <lambda>
s023604199.py(43):         check = lambda x,y: (not (x,y) in s) and x >= 0 and x < h and y >=0 and y < w and S[x][y] == '.'
s023604199.py(59):             if check(i,j+1):
 --- modulename: s023604199, funcname: <lambda>
s023604199.py(43):         check = lambda x,y: (not (x,y) in s) and x >= 0 and x < h and y >=0 and y < w and S[x][y] == '.'
s023604199.py(62):             if check(i,j-1):
 --- modulename: s023604199, funcname: <lambda>
s023604199.py(43):         check = lambda x,y: (not (x,y) in s) and x >= 0 and x < h and y >=0 and y < w and S[x][y] == '.'
s023604199.py(63):                 s.add((i,j-1))            
s023604199.py(64):                 q.append((i,j-1,d+1))
s023604199.py(48):         while len(q) > 0:
s023604199.py(49):             i,j,d = q.popleft()
s023604199.py(50):             s.add((i,j))
s023604199.py(51):             res = max(d,res)
s023604199.py(53):             if check(i+1,j):
 --- modulename: s023604199, funcname: <lambda>
s023604199.py(43):         check = lambda x,y: (not (x,y) in s) and x >= 0 and x < h and y >=0 and y < w and S[x][y] == '.'
s023604199.py(56):             if check(i-1,j):
 --- modulename: s023604199, funcname: <lambda>
s023604199.py(43):         check = lambda x,y: (not (x,y) in s) and x >= 0 and x < h and y >=0 and y < w and S[x][y] == '.'
s023604199.py(59):             if check(i,j+1):
 --- modulename: s023604199, funcname: <lambda>
s023604199.py(43):         check = lambda x,y: (not (x,y) in s) and x >= 0 and x < h and y >=0 and y < w and S[x][y] == '.'
s023604199.py(62):             if check(i,j-1):
 --- modulename: s023604199, funcname: <lambda>
s023604199.py(43):         check = lambda x,y: (not (x,y) in s) and x >= 0 and x < h and y >=0 and y < w and S[x][y] == '.'
s023604199.py(63):                 s.add((i,j-1))            
s023604199.py(64):                 q.append((i,j-1,d+1))
s023604199.py(48):         while len(q) > 0:
s023604199.py(49):             i,j,d = q.popleft()
s023604199.py(50):             s.add((i,j))
s023604199.py(51):             res = max(d,res)
s023604199.py(53):             if check(i+1,j):
 --- modulename: s023604199, funcname: <lambda>
s023604199.py(43):         check = lambda x,y: (not (x,y) in s) and x >= 0 and x < h and y >=0 and y < w and S[x][y] == '.'
s023604199.py(56):             if check(i-1,j):
 --- modulename: s023604199, funcname: <lambda>
s023604199.py(43):         check = lambda x,y: (not (x,y) in s) and x >= 0 and x < h and y >=0 and y < w and S[x][y] == '.'
s023604199.py(59):             if check(i,j+1):
 --- modulename: s023604199, funcname: <lambda>
s023604199.py(43):         check = lambda x,y: (not (x,y) in s) and x >= 0 and x < h and y >=0 and y < w and S[x][y] == '.'
s023604199.py(62):             if check(i,j-1):
 --- modulename: s023604199, funcname: <lambda>
s023604199.py(43):         check = lambda x,y: (not (x,y) in s) and x >= 0 and x < h and y >=0 and y < w and S[x][y] == '.'
s023604199.py(48):         while len(q) > 0:
s023604199.py(49):             i,j,d = q.popleft()
s023604199.py(50):             s.add((i,j))
s023604199.py(51):             res = max(d,res)
s023604199.py(53):             if check(i+1,j):
 --- modulename: s023604199, funcname: <lambda>
s023604199.py(43):         check = lambda x,y: (not (x,y) in s) and x >= 0 and x < h and y >=0 and y < w and S[x][y] == '.'
s023604199.py(56):             if check(i-1,j):
 --- modulename: s023604199, funcname: <lambda>
s023604199.py(43):         check = lambda x,y: (not (x,y) in s) and x >= 0 and x < h and y >=0 and y < w and S[x][y] == '.'
s023604199.py(59):             if check(i,j+1):
 --- modulename: s023604199, funcname: <lambda>
s023604199.py(43):         check = lambda x,y: (not (x,y) in s) and x >= 0 and x < h and y >=0 and y < w and S[x][y] == '.'
s023604199.py(62):             if check(i,j-1):
 --- modulename: s023604199, funcname: <lambda>
s023604199.py(43):         check = lambda x,y: (not (x,y) in s) and x >= 0 and x < h and y >=0 and y < w and S[x][y] == '.'
s023604199.py(63):                 s.add((i,j-1))            
s023604199.py(64):                 q.append((i,j-1,d+1))
s023604199.py(48):         while len(q) > 0:
s023604199.py(49):             i,j,d = q.popleft()
s023604199.py(50):             s.add((i,j))
s023604199.py(51):             res = max(d,res)
s023604199.py(53):             if check(i+1,j):
 --- modulename: s023604199, funcname: <lambda>
s023604199.py(43):         check = lambda x,y: (not (x,y) in s) and x >= 0 and x < h and y >=0 and y < w and S[x][y] == '.'
s023604199.py(56):             if check(i-1,j):
 --- modulename: s023604199, funcname: <lambda>
s023604199.py(43):         check = lambda x,y: (not (x,y) in s) and x >= 0 and x < h and y >=0 and y < w and S[x][y] == '.'
s023604199.py(59):             if check(i,j+1):
 --- modulename: s023604199, funcname: <lambda>
s023604199.py(43):         check = lambda x,y: (not (x,y) in s) and x >= 0 and x < h and y >=0 and y < w and S[x][y] == '.'
s023604199.py(62):             if check(i,j-1):
 --- modulename: s023604199, funcname: <lambda>
s023604199.py(43):         check = lambda x,y: (not (x,y) in s) and x >= 0 and x < h and y >=0 and y < w and S[x][y] == '.'
s023604199.py(48):         while len(q) > 0:
s023604199.py(49):             i,j,d = q.popleft()
s023604199.py(50):             s.add((i,j))
s023604199.py(51):             res = max(d,res)
s023604199.py(53):             if check(i+1,j):
 --- modulename: s023604199, funcname: <lambda>
s023604199.py(43):         check = lambda x,y: (not (x,y) in s) and x >= 0 and x < h and y >=0 and y < w and S[x][y] == '.'
s023604199.py(56):             if check(i-1,j):
 --- modulename: s023604199, funcname: <lambda>
s023604199.py(43):         check = lambda x,y: (not (x,y) in s) and x >= 0 and x < h and y >=0 and y < w and S[x][y] == '.'
s023604199.py(59):             if check(i,j+1):
 --- modulename: s023604199, funcname: <lambda>
s023604199.py(43):         check = lambda x,y: (not (x,y) in s) and x >= 0 and x < h and y >=0 and y < w and S[x][y] == '.'
s023604199.py(62):             if check(i,j-1):
 --- modulename: s023604199, funcname: <lambda>
s023604199.py(43):         check = lambda x,y: (not (x,y) in s) and x >= 0 and x < h and y >=0 and y < w and S[x][y] == '.'
s023604199.py(48):         while len(q) > 0:
s023604199.py(40):     for j in range(w):
s023604199.py(39): for i in range(h):
s023604199.py(40):     for j in range(w):
s023604199.py(41):         q = deque()
s023604199.py(42):         s = set()
s023604199.py(43):         check = lambda x,y: (not (x,y) in s) and x >= 0 and x < h and y >=0 and y < w and S[x][y] == '.'
s023604199.py(45):         if S[i][j] == '.':
s023604199.py(46):             q.append((i,j,0))
s023604199.py(48):         while len(q) > 0:
s023604199.py(49):             i,j,d = q.popleft()
s023604199.py(50):             s.add((i,j))
s023604199.py(51):             res = max(d,res)
s023604199.py(53):             if check(i+1,j):
 --- modulename: s023604199, funcname: <lambda>
s023604199.py(43):         check = lambda x,y: (not (x,y) in s) and x >= 0 and x < h and y >=0 and y < w and S[x][y] == '.'
s023604199.py(54):                 s.add((i+1,j))
s023604199.py(55):                 q.append((i+1,j,d+1))
s023604199.py(56):             if check(i-1,j):
 --- modulename: s023604199, funcname: <lambda>
s023604199.py(43):         check = lambda x,y: (not (x,y) in s) and x >= 0 and x < h and y >=0 and y < w and S[x][y] == '.'
s023604199.py(57):                 s.add((i-1,j))                
s023604199.py(58):                 q.append((i-1,j,d+1))
s023604199.py(59):             if check(i,j+1):
 --- modulename: s023604199, funcname: <lambda>
s023604199.py(43):         check = lambda x,y: (not (x,y) in s) and x >= 0 and x < h and y >=0 and y < w and S[x][y] == '.'
s023604199.py(60):                 s.add((i,j+1))            
s023604199.py(61):                 q.append((i,j+1,d+1))
s023604199.py(62):             if check(i,j-1):
 --- modulename: s023604199, funcname: <lambda>
s023604199.py(43):         check = lambda x,y: (not (x,y) in s) and x >= 0 and x < h and y >=0 and y < w and S[x][y] == '.'
s023604199.py(48):         while len(q) > 0:
s023604199.py(49):             i,j,d = q.popleft()
s023604199.py(50):             s.add((i,j))
s023604199.py(51):             res = max(d,res)
s023604199.py(53):             if check(i+1,j):
 --- modulename: s023604199, funcname: <lambda>
s023604199.py(43):         check = lambda x,y: (not (x,y) in s) and x >= 0 and x < h and y >=0 and y < w and S[x][y] == '.'
s023604199.py(56):             if check(i-1,j):
 --- modulename: s023604199, funcname: <lambda>
s023604199.py(43):         check = lambda x,y: (not (x,y) in s) and x >= 0 and x < h and y >=0 and y < w and S[x][y] == '.'
s023604199.py(59):             if check(i,j+1):
 --- modulename: s023604199, funcname: <lambda>
s023604199.py(43):         check = lambda x,y: (not (x,y) in s) and x >= 0 and x < h and y >=0 and y < w and S[x][y] == '.'
s023604199.py(60):                 s.add((i,j+1))            
s023604199.py(61):                 q.append((i,j+1,d+1))
s023604199.py(62):             if check(i,j-1):
 --- modulename: s023604199, funcname: <lambda>
s023604199.py(43):         check = lambda x,y: (not (x,y) in s) and x >= 0 and x < h and y >=0 and y < w and S[x][y] == '.'
s023604199.py(48):         while len(q) > 0:
s023604199.py(49):             i,j,d = q.popleft()
s023604199.py(50):             s.add((i,j))
s023604199.py(51):             res = max(d,res)
s023604199.py(53):             if check(i+1,j):
 --- modulename: s023604199, funcname: <lambda>
s023604199.py(43):         check = lambda x,y: (not (x,y) in s) and x >= 0 and x < h and y >=0 and y < w and S[x][y] == '.'
s023604199.py(56):             if check(i-1,j):
 --- modulename: s023604199, funcname: <lambda>
s023604199.py(43):         check = lambda x,y: (not (x,y) in s) and x >= 0 and x < h and y >=0 and y < w and S[x][y] == '.'
s023604199.py(59):             if check(i,j+1):
 --- modulename: s023604199, funcname: <lambda>
s023604199.py(43):         check = lambda x,y: (not (x,y) in s) and x >= 0 and x < h and y >=0 and y < w and S[x][y] == '.'
s023604199.py(60):                 s.add((i,j+1))            
s023604199.py(61):                 q.append((i,j+1,d+1))
s023604199.py(62):             if check(i,j-1):
 --- modulename: s023604199, funcname: <lambda>
s023604199.py(43):         check = lambda x,y: (not (x,y) in s) and x >= 0 and x < h and y >=0 and y < w and S[x][y] == '.'
s023604199.py(48):         while len(q) > 0:
s023604199.py(49):             i,j,d = q.popleft()
s023604199.py(50):             s.add((i,j))
s023604199.py(51):             res = max(d,res)
s023604199.py(53):             if check(i+1,j):
 --- modulename: s023604199, funcname: <lambda>
s023604199.py(43):         check = lambda x,y: (not (x,y) in s) and x >= 0 and x < h and y >=0 and y < w and S[x][y] == '.'
s023604199.py(56):             if check(i-1,j):
 --- modulename: s023604199, funcname: <lambda>
s023604199.py(43):         check = lambda x,y: (not (x,y) in s) and x >= 0 and x < h and y >=0 and y < w and S[x][y] == '.'
s023604199.py(59):             if check(i,j+1):
 --- modulename: s023604199, funcname: <lambda>
s023604199.py(43):         check = lambda x,y: (not (x,y) in s) and x >= 0 and x < h and y >=0 and y < w and S[x][y] == '.'
s023604199.py(60):                 s.add((i,j+1))            
s023604199.py(61):                 q.append((i,j+1,d+1))
s023604199.py(62):             if check(i,j-1):
 --- modulename: s023604199, funcname: <lambda>
s023604199.py(43):         check = lambda x,y: (not (x,y) in s) and x >= 0 and x < h and y >=0 and y < w and S[x][y] == '.'
s023604199.py(48):         while len(q) > 0:
s023604199.py(49):             i,j,d = q.popleft()
s023604199.py(50):             s.add((i,j))
s023604199.py(51):             res = max(d,res)
s023604199.py(53):             if check(i+1,j):
 --- modulename: s023604199, funcname: <lambda>
s023604199.py(43):         check = lambda x,y: (not (x,y) in s) and x >= 0 and x < h and y >=0 and y < w and S[x][y] == '.'
s023604199.py(56):             if check(i-1,j):
 --- modulename: s023604199, funcname: <lambda>
s023604199.py(43):         check = lambda x,y: (not (x,y) in s) and x >= 0 and x < h and y >=0 and y < w and S[x][y] == '.'
s023604199.py(59):             if check(i,j+1):
 --- modulename: s023604199, funcname: <lambda>
s023604199.py(43):         check = lambda x,y: (not (x,y) in s) and x >= 0 and x < h and y >=0 and y < w and S[x][y] == '.'
s023604199.py(60):                 s.add((i,j+1))            
s023604199.py(61):                 q.append((i,j+1,d+1))
s023604199.py(62):             if check(i,j-1):
 --- modulename: s023604199, funcname: <lambda>
s023604199.py(43):         check = lambda x,y: (not (x,y) in s) and x >= 0 and x < h and y >=0 and y < w and S[x][y] == '.'
s023604199.py(48):         while len(q) > 0:
s023604199.py(49):             i,j,d = q.popleft()
s023604199.py(50):             s.add((i,j))
s023604199.py(51):             res = max(d,res)
s023604199.py(53):             if check(i+1,j):
 --- modulename: s023604199, funcname: <lambda>
s023604199.py(43):         check = lambda x,y: (not (x,y) in s) and x >= 0 and x < h and y >=0 and y < w and S[x][y] == '.'
s023604199.py(56):             if check(i-1,j):
 --- modulename: s023604199, funcname: <lambda>
s023604199.py(43):         check = lambda x,y: (not (x,y) in s) and x >= 0 and x < h and y >=0 and y < w and S[x][y] == '.'
s023604199.py(59):             if check(i,j+1):
 --- modulename: s023604199, funcname: <lambda>
s023604199.py(43):         check = lambda x,y: (not (x,y) in s) and x >= 0 and x < h and y >=0 and y < w and S[x][y] == '.'
s023604199.py(60):                 s.add((i,j+1))            
s023604199.py(61):                 q.append((i,j+1,d+1))
s023604199.py(62):             if check(i,j-1):
 --- modulename: s023604199, funcname: <lambda>
s023604199.py(43):         check = lambda x,y: (not (x,y) in s) and x >= 0 and x < h and y >=0 and y < w and S[x][y] == '.'
s023604199.py(48):         while len(q) > 0:
s023604199.py(49):             i,j,d = q.popleft()
s023604199.py(50):             s.add((i,j))
s023604199.py(51):             res = max(d,res)
s023604199.py(53):             if check(i+1,j):
 --- modulename: s023604199, funcname: <lambda>
s023604199.py(43):         check = lambda x,y: (not (x,y) in s) and x >= 0 and x < h and y >=0 and y < w and S[x][y] == '.'
s023604199.py(56):             if check(i-1,j):
 --- modulename: s023604199, funcname: <lambda>
s023604199.py(43):         check = lambda x,y: (not (x,y) in s) and x >= 0 and x < h and y >=0 and y < w and S[x][y] == '.'
s023604199.py(59):             if check(i,j+1):
 --- modulename: s023604199, funcname: <lambda>
s023604199.py(43):         check = lambda x,y: (not (x,y) in s) and x >= 0 and x < h and y >=0 and y < w and S[x][y] == '.'
s023604199.py(62):             if check(i,j-1):
 --- modulename: s023604199, funcname: <lambda>
s023604199.py(43):         check = lambda x,y: (not (x,y) in s) and x >= 0 and x < h and y >=0 and y < w and S[x][y] == '.'
s023604199.py(48):         while len(q) > 0:
s023604199.py(49):             i,j,d = q.popleft()
s023604199.py(50):             s.add((i,j))
s023604199.py(51):             res = max(d,res)
s023604199.py(53):             if check(i+1,j):
 --- modulename: s023604199, funcname: <lambda>
s023604199.py(43):         check = lambda x,y: (not (x,y) in s) and x >= 0 and x < h and y >=0 and y < w and S[x][y] == '.'
s023604199.py(56):             if check(i-1,j):
 --- modulename: s023604199, funcname: <lambda>
s023604199.py(43):         check = lambda x,y: (not (x,y) in s) and x >= 0 and x < h and y >=0 and y < w and S[x][y] == '.'
s023604199.py(59):             if check(i,j+1):
 --- modulename: s023604199, funcname: <lambda>
s023604199.py(43):         check = lambda x,y: (not (x,y) in s) and x >= 0 and x < h and y >=0 and y < w and S[x][y] == '.'
s023604199.py(62):             if check(i,j-1):
 --- modulename: s023604199, funcname: <lambda>
s023604199.py(43):         check = lambda x,y: (not (x,y) in s) and x >= 0 and x < h and y >=0 and y < w and S[x][y] == '.'
s023604199.py(48):         while len(q) > 0:
s023604199.py(49):             i,j,d = q.popleft()
s023604199.py(50):             s.add((i,j))
s023604199.py(51):             res = max(d,res)
s023604199.py(53):             if check(i+1,j):
 --- modulename: s023604199, funcname: <lambda>
s023604199.py(43):         check = lambda x,y: (not (x,y) in s) and x >= 0 and x < h and y >=0 and y < w and S[x][y] == '.'
s023604199.py(56):             if check(i-1,j):
 --- modulename: s023604199, funcname: <lambda>
s023604199.py(43):         check = lambda x,y: (not (x,y) in s) and x >= 0 and x < h and y >=0 and y < w and S[x][y] == '.'
s023604199.py(59):             if check(i,j+1):
 --- modulename: s023604199, funcname: <lambda>
s023604199.py(43):         check = lambda x,y: (not (x,y) in s) and x >= 0 and x < h and y >=0 and y < w and S[x][y] == '.'
s023604199.py(62):             if check(i,j-1):
 --- modulename: s023604199, funcname: <lambda>
s023604199.py(43):         check = lambda x,y: (not (x,y) in s) and x >= 0 and x < h and y >=0 and y < w and S[x][y] == '.'
s023604199.py(48):         while len(q) > 0:
s023604199.py(40):     for j in range(w):
s023604199.py(41):         q = deque()
s023604199.py(42):         s = set()
s023604199.py(43):         check = lambda x,y: (not (x,y) in s) and x >= 0 and x < h and y >=0 and y < w and S[x][y] == '.'
s023604199.py(45):         if S[i][j] == '.':
s023604199.py(46):             q.append((i,j,0))
s023604199.py(48):         while len(q) > 0:
s023604199.py(49):             i,j,d = q.popleft()
s023604199.py(50):             s.add((i,j))
s023604199.py(51):             res = max(d,res)
s023604199.py(53):             if check(i+1,j):
 --- modulename: s023604199, funcname: <lambda>
s023604199.py(43):         check = lambda x,y: (not (x,y) in s) and x >= 0 and x < h and y >=0 and y < w and S[x][y] == '.'
s023604199.py(54):                 s.add((i+1,j))
s023604199.py(55):                 q.append((i+1,j,d+1))
s023604199.py(56):             if check(i-1,j):
 --- modulename: s023604199, funcname: <lambda>
s023604199.py(43):         check = lambda x,y: (not (x,y) in s) and x >= 0 and x < h and y >=0 and y < w and S[x][y] == '.'
s023604199.py(59):             if check(i,j+1):
 --- modulename: s023604199, funcname: <lambda>
s023604199.py(43):         check = lambda x,y: (not (x,y) in s) and x >= 0 and x < h and y >=0 and y < w and S[x][y] == '.'
s023604199.py(60):                 s.add((i,j+1))            
s023604199.py(61):                 q.append((i,j+1,d+1))
s023604199.py(62):             if check(i,j-1):
 --- modulename: s023604199, funcname: <lambda>
s023604199.py(43):         check = lambda x,y: (not (x,y) in s) and x >= 0 and x < h and y >=0 and y < w and S[x][y] == '.'
s023604199.py(63):                 s.add((i,j-1))            
s023604199.py(64):                 q.append((i,j-1,d+1))
s023604199.py(48):         while len(q) > 0:
s023604199.py(49):             i,j,d = q.popleft()
s023604199.py(50):             s.add((i,j))
s023604199.py(51):             res = max(d,res)
s023604199.py(53):             if check(i+1,j):
 --- modulename: s023604199, funcname: <lambda>
s023604199.py(43):         check = lambda x,y: (not (x,y) in s) and x >= 0 and x < h and y >=0 and y < w and S[x][y] == '.'
s023604199.py(54):                 s.add((i+1,j))
s023604199.py(55):                 q.append((i+1,j,d+1))
s023604199.py(56):             if check(i-1,j):
 --- modulename: s023604199, funcname: <lambda>
s023604199.py(43):         check = lambda x,y: (not (x,y) in s) and x >= 0 and x < h and y >=0 and y < w and S[x][y] == '.'
s023604199.py(59):             if check(i,j+1):
 --- modulename: s023604199, funcname: <lambda>
s023604199.py(43):         check = lambda x,y: (not (x,y) in s) and x >= 0 and x < h and y >=0 and y < w and S[x][y] == '.'
s023604199.py(60):                 s.add((i,j+1))            
s023604199.py(61):                 q.append((i,j+1,d+1))
s023604199.py(62):             if check(i,j-1):
 --- modulename: s023604199, funcname: <lambda>
s023604199.py(43):         check = lambda x,y: (not (x,y) in s) and x >= 0 and x < h and y >=0 and y < w and S[x][y] == '.'
s023604199.py(63):                 s.add((i,j-1))            
s023604199.py(64):                 q.append((i,j-1,d+1))
s023604199.py(48):         while len(q) > 0:
s023604199.py(49):             i,j,d = q.popleft()
s023604199.py(50):             s.add((i,j))
s023604199.py(51):             res = max(d,res)
s023604199.py(53):             if check(i+1,j):
 --- modulename: s023604199, funcname: <lambda>
s023604199.py(43):         check = lambda x,y: (not (x,y) in s) and x >= 0 and x < h and y >=0 and y < w and S[x][y] == '.'
s023604199.py(56):             if check(i-1,j):
 --- modulename: s023604199, funcname: <lambda>
s023604199.py(43):         check = lambda x,y: (not (x,y) in s) and x >= 0 and x < h and y >=0 and y < w and S[x][y] == '.'
s023604199.py(59):             if check(i,j+1):
 --- modulename: s023604199, funcname: <lambda>
s023604199.py(43):         check = lambda x,y: (not (x,y) in s) and x >= 0 and x < h and y >=0 and y < w and S[x][y] == '.'
s023604199.py(62):             if check(i,j-1):
 --- modulename: s023604199, funcname: <lambda>
s023604199.py(43):         check = lambda x,y: (not (x,y) in s) and x >= 0 and x < h and y >=0 and y < w and S[x][y] == '.'
s023604199.py(48):         while len(q) > 0:
s023604199.py(49):             i,j,d = q.popleft()
s023604199.py(50):             s.add((i,j))
s023604199.py(51):             res = max(d,res)
s023604199.py(53):             if check(i+1,j):
 --- modulename: s023604199, funcname: <lambda>
s023604199.py(43):         check = lambda x,y: (not (x,y) in s) and x >= 0 and x < h and y >=0 and y < w and S[x][y] == '.'
s023604199.py(56):             if check(i-1,j):
 --- modulename: s023604199, funcname: <lambda>
s023604199.py(43):         check = lambda x,y: (not (x,y) in s) and x >= 0 and x < h and y >=0 and y < w and S[x][y] == '.'
s023604199.py(59):             if check(i,j+1):
 --- modulename: s023604199, funcname: <lambda>
s023604199.py(43):         check = lambda x,y: (not (x,y) in s) and x >= 0 and x < h and y >=0 and y < w and S[x][y] == '.'
s023604199.py(62):             if check(i,j-1):
 --- modulename: s023604199, funcname: <lambda>
s023604199.py(43):         check = lambda x,y: (not (x,y) in s) and x >= 0 and x < h and y >=0 and y < w and S[x][y] == '.'
s023604199.py(48):         while len(q) > 0:
s023604199.py(49):             i,j,d = q.popleft()
s023604199.py(50):             s.add((i,j))
s023604199.py(51):             res = max(d,res)
s023604199.py(53):             if check(i+1,j):
 --- modulename: s023604199, funcname: <lambda>
s023604199.py(43):         check = lambda x,y: (not (x,y) in s) and x >= 0 and x < h and y >=0 and y < w and S[x][y] == '.'
s023604199.py(56):             if check(i-1,j):
 --- modulename: s023604199, funcname: <lambda>
s023604199.py(43):         check = lambda x,y: (not (x,y) in s) and x >= 0 and x < h and y >=0 and y < w and S[x][y] == '.'
s023604199.py(59):             if check(i,j+1):
 --- modulename: s023604199, funcname: <lambda>
s023604199.py(43):         check = lambda x,y: (not (x,y) in s) and x >= 0 and x < h and y >=0 and y < w and S[x][y] == '.'
s023604199.py(60):                 s.add((i,j+1))            
s023604199.py(61):                 q.append((i,j+1,d+1))
s023604199.py(62):             if check(i,j-1):
 --- modulename: s023604199, funcname: <lambda>
s023604199.py(43):         check = lambda x,y: (not (x,y) in s) and x >= 0 and x < h and y >=0 and y < w and S[x][y] == '.'
s023604199.py(63):                 s.add((i,j-1))            
s023604199.py(64):                 q.append((i,j-1,d+1))
s023604199.py(48):         while len(q) > 0:
s023604199.py(49):             i,j,d = q.popleft()
s023604199.py(50):             s.add((i,j))
s023604199.py(51):             res = max(d,res)
s023604199.py(53):             if check(i+1,j):
 --- modulename: s023604199, funcname: <lambda>
s023604199.py(43):         check = lambda x,y: (not (x,y) in s) and x >= 0 and x < h and y >=0 and y < w and S[x][y] == '.'
s023604199.py(56):             if check(i-1,j):
 --- modulename: s023604199, funcname: <lambda>
s023604199.py(43):         check = lambda x,y: (not (x,y) in s) and x >= 0 and x < h and y >=0 and y < w and S[x][y] == '.'
s023604199.py(59):             if check(i,j+1):
 --- modulename: s023604199, funcname: <lambda>
s023604199.py(43):         check = lambda x,y: (not (x,y) in s) and x >= 0 and x < h and y >=0 and y < w and S[x][y] == '.'
s023604199.py(62):             if check(i,j-1):
 --- modulename: s023604199, funcname: <lambda>
s023604199.py(43):         check = lambda x,y: (not (x,y) in s) and x >= 0 and x < h and y >=0 and y < w and S[x][y] == '.'
s023604199.py(48):         while len(q) > 0:
s023604199.py(49):             i,j,d = q.popleft()
s023604199.py(50):             s.add((i,j))
s023604199.py(51):             res = max(d,res)
s023604199.py(53):             if check(i+1,j):
 --- modulename: s023604199, funcname: <lambda>
s023604199.py(43):         check = lambda x,y: (not (x,y) in s) and x >= 0 and x < h and y >=0 and y < w and S[x][y] == '.'
s023604199.py(56):             if check(i-1,j):
 --- modulename: s023604199, funcname: <lambda>
s023604199.py(43):         check = lambda x,y: (not (x,y) in s) and x >= 0 and x < h and y >=0 and y < w and S[x][y] == '.'
s023604199.py(59):             if check(i,j+1):
 --- modulename: s023604199, funcname: <lambda>
s023604199.py(43):         check = lambda x,y: (not (x,y) in s) and x >= 0 and x < h and y >=0 and y < w and S[x][y] == '.'
s023604199.py(62):             if check(i,j-1):
 --- modulename: s023604199, funcname: <lambda>
s023604199.py(43):         check = lambda x,y: (not (x,y) in s) and x >= 0 and x < h and y >=0 and y < w and S[x][y] == '.'
s023604199.py(48):         while len(q) > 0:
s023604199.py(49):             i,j,d = q.popleft()
s023604199.py(50):             s.add((i,j))
s023604199.py(51):             res = max(d,res)
s023604199.py(53):             if check(i+1,j):
 --- modulename: s023604199, funcname: <lambda>
s023604199.py(43):         check = lambda x,y: (not (x,y) in s) and x >= 0 and x < h and y >=0 and y < w and S[x][y] == '.'
s023604199.py(56):             if check(i-1,j):
 --- modulename: s023604199, funcname: <lambda>
s023604199.py(43):         check = lambda x,y: (not (x,y) in s) and x >= 0 and x < h and y >=0 and y < w and S[x][y] == '.'
s023604199.py(59):             if check(i,j+1):
 --- modulename: s023604199, funcname: <lambda>
s023604199.py(43):         check = lambda x,y: (not (x,y) in s) and x >= 0 and x < h and y >=0 and y < w and S[x][y] == '.'
s023604199.py(62):             if check(i,j-1):
 --- modulename: s023604199, funcname: <lambda>
s023604199.py(43):         check = lambda x,y: (not (x,y) in s) and x >= 0 and x < h and y >=0 and y < w and S[x][y] == '.'
s023604199.py(48):         while len(q) > 0:
s023604199.py(49):             i,j,d = q.popleft()
s023604199.py(50):             s.add((i,j))
s023604199.py(51):             res = max(d,res)
s023604199.py(53):             if check(i+1,j):
 --- modulename: s023604199, funcname: <lambda>
s023604199.py(43):         check = lambda x,y: (not (x,y) in s) and x >= 0 and x < h and y >=0 and y < w and S[x][y] == '.'
s023604199.py(56):             if check(i-1,j):
 --- modulename: s023604199, funcname: <lambda>
s023604199.py(43):         check = lambda x,y: (not (x,y) in s) and x >= 0 and x < h and y >=0 and y < w and S[x][y] == '.'
s023604199.py(59):             if check(i,j+1):
 --- modulename: s023604199, funcname: <lambda>
s023604199.py(43):         check = lambda x,y: (not (x,y) in s) and x >= 0 and x < h and y >=0 and y < w and S[x][y] == '.'
s023604199.py(62):             if check(i,j-1):
 --- modulename: s023604199, funcname: <lambda>
s023604199.py(43):         check = lambda x,y: (not (x,y) in s) and x >= 0 and x < h and y >=0 and y < w and S[x][y] == '.'
s023604199.py(48):         while len(q) > 0:
s023604199.py(40):     for j in range(w):
s023604199.py(41):         q = deque()
s023604199.py(42):         s = set()
s023604199.py(43):         check = lambda x,y: (not (x,y) in s) and x >= 0 and x < h and y >=0 and y < w and S[x][y] == '.'
s023604199.py(45):         if S[i][j] == '.':
s023604199.py(46):             q.append((i,j,0))
s023604199.py(48):         while len(q) > 0:
s023604199.py(49):             i,j,d = q.popleft()
s023604199.py(50):             s.add((i,j))
s023604199.py(51):             res = max(d,res)
s023604199.py(53):             if check(i+1,j):
 --- modulename: s023604199, funcname: <lambda>
s023604199.py(43):         check = lambda x,y: (not (x,y) in s) and x >= 0 and x < h and y >=0 and y < w and S[x][y] == '.'
s023604199.py(56):             if check(i-1,j):
 --- modulename: s023604199, funcname: <lambda>
s023604199.py(43):         check = lambda x,y: (not (x,y) in s) and x >= 0 and x < h and y >=0 and y < w and S[x][y] == '.'
s023604199.py(57):                 s.add((i-1,j))                
s023604199.py(58):                 q.append((i-1,j,d+1))
s023604199.py(59):             if check(i,j+1):
 --- modulename: s023604199, funcname: <lambda>
s023604199.py(43):         check = lambda x,y: (not (x,y) in s) and x >= 0 and x < h and y >=0 and y < w and S[x][y] == '.'
s023604199.py(62):             if check(i,j-1):
 --- modulename: s023604199, funcname: <lambda>
s023604199.py(43):         check = lambda x,y: (not (x,y) in s) and x >= 0 and x < h and y >=0 and y < w and S[x][y] == '.'
s023604199.py(63):                 s.add((i,j-1))            
s023604199.py(64):                 q.append((i,j-1,d+1))
s023604199.py(48):         while len(q) > 0:
s023604199.py(49):             i,j,d = q.popleft()
s023604199.py(50):             s.add((i,j))
s023604199.py(51):             res = max(d,res)
s023604199.py(53):             if check(i+1,j):
 --- modulename: s023604199, funcname: <lambda>
s023604199.py(43):         check = lambda x,y: (not (x,y) in s) and x >= 0 and x < h and y >=0 and y < w and S[x][y] == '.'
s023604199.py(56):             if check(i-1,j):
 --- modulename: s023604199, funcname: <lambda>
s023604199.py(43):         check = lambda x,y: (not (x,y) in s) and x >= 0 and x < h and y >=0 and y < w and S[x][y] == '.'
s023604199.py(57):                 s.add((i-1,j))                
s023604199.py(58):                 q.append((i-1,j,d+1))
s023604199.py(59):             if check(i,j+1):
 --- modulename: s023604199, funcname: <lambda>
s023604199.py(43):         check = lambda x,y: (not (x,y) in s) and x >= 0 and x < h and y >=0 and y < w and S[x][y] == '.'
s023604199.py(62):             if check(i,j-1):
 --- modulename: s023604199, funcname: <lambda>
s023604199.py(43):         check = lambda x,y: (not (x,y) in s) and x >= 0 and x < h and y >=0 and y < w and S[x][y] == '.'
s023604199.py(63):                 s.add((i,j-1))            
s023604199.py(64):                 q.append((i,j-1,d+1))
s023604199.py(48):         while len(q) > 0:
s023604199.py(49):             i,j,d = q.popleft()
s023604199.py(50):             s.add((i,j))
s023604199.py(51):             res = max(d,res)
s023604199.py(53):             if check(i+1,j):
 --- modulename: s023604199, funcname: <lambda>
s023604199.py(43):         check = lambda x,y: (not (x,y) in s) and x >= 0 and x < h and y >=0 and y < w and S[x][y] == '.'
s023604199.py(56):             if check(i-1,j):
 --- modulename: s023604199, funcname: <lambda>
s023604199.py(43):         check = lambda x,y: (not (x,y) in s) and x >= 0 and x < h and y >=0 and y < w and S[x][y] == '.'
s023604199.py(59):             if check(i,j+1):
 --- modulename: s023604199, funcname: <lambda>
s023604199.py(43):         check = lambda x,y: (not (x,y) in s) and x >= 0 and x < h and y >=0 and y < w and S[x][y] == '.'
s023604199.py(62):             if check(i,j-1):
 --- modulename: s023604199, funcname: <lambda>
s023604199.py(43):         check = lambda x,y: (not (x,y) in s) and x >= 0 and x < h and y >=0 and y < w and S[x][y] == '.'
s023604199.py(63):                 s.add((i,j-1))            
s023604199.py(64):                 q.append((i,j-1,d+1))
s023604199.py(48):         while len(q) > 0:
s023604199.py(49):             i,j,d = q.popleft()
s023604199.py(50):             s.add((i,j))
s023604199.py(51):             res = max(d,res)
s023604199.py(53):             if check(i+1,j):
 --- modulename: s023604199, funcname: <lambda>
s023604199.py(43):         check = lambda x,y: (not (x,y) in s) and x >= 0 and x < h and y >=0 and y < w and S[x][y] == '.'
s023604199.py(56):             if check(i-1,j):
 --- modulename: s023604199, funcname: <lambda>
s023604199.py(43):         check = lambda x,y: (not (x,y) in s) and x >= 0 and x < h and y >=0 and y < w and S[x][y] == '.'
s023604199.py(59):             if check(i,j+1):
 --- modulename: s023604199, funcname: <lambda>
s023604199.py(43):         check = lambda x,y: (not (x,y) in s) and x >= 0 and x < h and y >=0 and y < w and S[x][y] == '.'
s023604199.py(62):             if check(i,j-1):
 --- modulename: s023604199, funcname: <lambda>
s023604199.py(43):         check = lambda x,y: (not (x,y) in s) and x >= 0 and x < h and y >=0 and y < w and S[x][y] == '.'
s023604199.py(63):                 s.add((i,j-1))            
s023604199.py(64):                 q.append((i,j-1,d+1))
s023604199.py(48):         while len(q) > 0:
s023604199.py(49):             i,j,d = q.popleft()
s023604199.py(50):             s.add((i,j))
s023604199.py(51):             res = max(d,res)
s023604199.py(53):             if check(i+1,j):
 --- modulename: s023604199, funcname: <lambda>
s023604199.py(43):         check = lambda x,y: (not (x,y) in s) and x >= 0 and x < h and y >=0 and y < w and S[x][y] == '.'
s023604199.py(56):             if check(i-1,j):
 --- modulename: s023604199, funcname: <lambda>
s023604199.py(43):         check = lambda x,y: (not (x,y) in s) and x >= 0 and x < h and y >=0 and y < w and S[x][y] == '.'
s023604199.py(59):             if check(i,j+1):
 --- modulename: s023604199, funcname: <lambda>
s023604199.py(43):         check = lambda x,y: (not (x,y) in s) and x >= 0 and x < h and y >=0 and y < w and S[x][y] == '.'
s023604199.py(62):             if check(i,j-1):
 --- modulename: s023604199, funcname: <lambda>
s023604199.py(43):         check = lambda x,y: (not (x,y) in s) and x >= 0 and x < h and y >=0 and y < w and S[x][y] == '.'
s023604199.py(63):                 s.add((i,j-1))            
s023604199.py(64):                 q.append((i,j-1,d+1))
s023604199.py(48):         while len(q) > 0:
s023604199.py(49):             i,j,d = q.popleft()
s023604199.py(50):             s.add((i,j))
s023604199.py(51):             res = max(d,res)
s023604199.py(53):             if check(i+1,j):
 --- modulename: s023604199, funcname: <lambda>
s023604199.py(43):         check = lambda x,y: (not (x,y) in s) and x >= 0 and x < h and y >=0 and y < w and S[x][y] == '.'
s023604199.py(56):             if check(i-1,j):
 --- modulename: s023604199, funcname: <lambda>
s023604199.py(43):         check = lambda x,y: (not (x,y) in s) and x >= 0 and x < h and y >=0 and y < w and S[x][y] == '.'
s023604199.py(59):             if check(i,j+1):
 --- modulename: s023604199, funcname: <lambda>
s023604199.py(43):         check = lambda x,y: (not (x,y) in s) and x >= 0 and x < h and y >=0 and y < w and S[x][y] == '.'
s023604199.py(62):             if check(i,j-1):
 --- modulename: s023604199, funcname: <lambda>
s023604199.py(43):         check = lambda x,y: (not (x,y) in s) and x >= 0 and x < h and y >=0 and y < w and S[x][y] == '.'
s023604199.py(48):         while len(q) > 0:
s023604199.py(49):             i,j,d = q.popleft()
s023604199.py(50):             s.add((i,j))
s023604199.py(51):             res = max(d,res)
s023604199.py(53):             if check(i+1,j):
 --- modulename: s023604199, funcname: <lambda>
s023604199.py(43):         check = lambda x,y: (not (x,y) in s) and x >= 0 and x < h and y >=0 and y < w and S[x][y] == '.'
s023604199.py(56):             if check(i-1,j):
 --- modulename: s023604199, funcname: <lambda>
s023604199.py(43):         check = lambda x,y: (not (x,y) in s) and x >= 0 and x < h and y >=0 and y < w and S[x][y] == '.'
s023604199.py(59):             if check(i,j+1):
 --- modulename: s023604199, funcname: <lambda>
s023604199.py(43):         check = lambda x,y: (not (x,y) in s) and x >= 0 and x < h and y >=0 and y < w and S[x][y] == '.'
s023604199.py(62):             if check(i,j-1):
 --- modulename: s023604199, funcname: <lambda>
s023604199.py(43):         check = lambda x,y: (not (x,y) in s) and x >= 0 and x < h and y >=0 and y < w and S[x][y] == '.'
s023604199.py(63):                 s.add((i,j-1))            
s023604199.py(64):                 q.append((i,j-1,d+1))
s023604199.py(48):         while len(q) > 0:
s023604199.py(49):             i,j,d = q.popleft()
s023604199.py(50):             s.add((i,j))
s023604199.py(51):             res = max(d,res)
s023604199.py(53):             if check(i+1,j):
 --- modulename: s023604199, funcname: <lambda>
s023604199.py(43):         check = lambda x,y: (not (x,y) in s) and x >= 0 and x < h and y >=0 and y < w and S[x][y] == '.'
s023604199.py(56):             if check(i-1,j):
 --- modulename: s023604199, funcname: <lambda>
s023604199.py(43):         check = lambda x,y: (not (x,y) in s) and x >= 0 and x < h and y >=0 and y < w and S[x][y] == '.'
s023604199.py(59):             if check(i,j+1):
 --- modulename: s023604199, funcname: <lambda>
s023604199.py(43):         check = lambda x,y: (not (x,y) in s) and x >= 0 and x < h and y >=0 and y < w and S[x][y] == '.'
s023604199.py(62):             if check(i,j-1):
 --- modulename: s023604199, funcname: <lambda>
s023604199.py(43):         check = lambda x,y: (not (x,y) in s) and x >= 0 and x < h and y >=0 and y < w and S[x][y] == '.'
s023604199.py(48):         while len(q) > 0:
s023604199.py(49):             i,j,d = q.popleft()
s023604199.py(50):             s.add((i,j))
s023604199.py(51):             res = max(d,res)
s023604199.py(53):             if check(i+1,j):
 --- modulename: s023604199, funcname: <lambda>
s023604199.py(43):         check = lambda x,y: (not (x,y) in s) and x >= 0 and x < h and y >=0 and y < w and S[x][y] == '.'
s023604199.py(56):             if check(i-1,j):
 --- modulename: s023604199, funcname: <lambda>
s023604199.py(43):         check = lambda x,y: (not (x,y) in s) and x >= 0 and x < h and y >=0 and y < w and S[x][y] == '.'
s023604199.py(59):             if check(i,j+1):
 --- modulename: s023604199, funcname: <lambda>
s023604199.py(43):         check = lambda x,y: (not (x,y) in s) and x >= 0 and x < h and y >=0 and y < w and S[x][y] == '.'
s023604199.py(62):             if check(i,j-1):
 --- modulename: s023604199, funcname: <lambda>
s023604199.py(43):         check = lambda x,y: (not (x,y) in s) and x >= 0 and x < h and y >=0 and y < w and S[x][y] == '.'
s023604199.py(48):         while len(q) > 0:
s023604199.py(40):     for j in range(w):
s023604199.py(39): for i in range(h):
s023604199.py(40):     for j in range(w):
s023604199.py(41):         q = deque()
s023604199.py(42):         s = set()
s023604199.py(43):         check = lambda x,y: (not (x,y) in s) and x >= 0 and x < h and y >=0 and y < w and S[x][y] == '.'
s023604199.py(45):         if S[i][j] == '.':
s023604199.py(46):             q.append((i,j,0))
s023604199.py(48):         while len(q) > 0:
s023604199.py(49):             i,j,d = q.popleft()
s023604199.py(50):             s.add((i,j))
s023604199.py(51):             res = max(d,res)
s023604199.py(53):             if check(i+1,j):
 --- modulename: s023604199, funcname: <lambda>
s023604199.py(43):         check = lambda x,y: (not (x,y) in s) and x >= 0 and x < h and y >=0 and y < w and S[x][y] == '.'
s023604199.py(56):             if check(i-1,j):
 --- modulename: s023604199, funcname: <lambda>
s023604199.py(43):         check = lambda x,y: (not (x,y) in s) and x >= 0 and x < h and y >=0 and y < w and S[x][y] == '.'
s023604199.py(57):                 s.add((i-1,j))                
s023604199.py(58):                 q.append((i-1,j,d+1))
s023604199.py(59):             if check(i,j+1):
 --- modulename: s023604199, funcname: <lambda>
s023604199.py(43):         check = lambda x,y: (not (x,y) in s) and x >= 0 and x < h and y >=0 and y < w and S[x][y] == '.'
s023604199.py(60):                 s.add((i,j+1))            
s023604199.py(61):                 q.append((i,j+1,d+1))
s023604199.py(62):             if check(i,j-1):
 --- modulename: s023604199, funcname: <lambda>
s023604199.py(43):         check = lambda x,y: (not (x,y) in s) and x >= 0 and x < h and y >=0 and y < w and S[x][y] == '.'
s023604199.py(48):         while len(q) > 0:
s023604199.py(49):             i,j,d = q.popleft()
s023604199.py(50):             s.add((i,j))
s023604199.py(51):             res = max(d,res)
s023604199.py(53):             if check(i+1,j):
 --- modulename: s023604199, funcname: <lambda>
s023604199.py(43):         check = lambda x,y: (not (x,y) in s) and x >= 0 and x < h and y >=0 and y < w and S[x][y] == '.'
s023604199.py(56):             if check(i-1,j):
 --- modulename: s023604199, funcname: <lambda>
s023604199.py(43):         check = lambda x,y: (not (x,y) in s) and x >= 0 and x < h and y >=0 and y < w and S[x][y] == '.'
s023604199.py(57):                 s.add((i-1,j))                
s023604199.py(58):                 q.append((i-1,j,d+1))
s023604199.py(59):             if check(i,j+1):
 --- modulename: s023604199, funcname: <lambda>
s023604199.py(43):         check = lambda x,y: (not (x,y) in s) and x >= 0 and x < h and y >=0 and y < w and S[x][y] == '.'
s023604199.py(60):                 s.add((i,j+1))            
s023604199.py(61):                 q.append((i,j+1,d+1))
s023604199.py(62):             if check(i,j-1):
 --- modulename: s023604199, funcname: <lambda>
s023604199.py(43):         check = lambda x,y: (not (x,y) in s) and x >= 0 and x < h and y >=0 and y < w and S[x][y] == '.'
s023604199.py(48):         while len(q) > 0:
s023604199.py(49):             i,j,d = q.popleft()
s023604199.py(50):             s.add((i,j))
s023604199.py(51):             res = max(d,res)
s023604199.py(53):             if check(i+1,j):
 --- modulename: s023604199, funcname: <lambda>
s023604199.py(43):         check = lambda x,y: (not (x,y) in s) and x >= 0 and x < h and y >=0 and y < w and S[x][y] == '.'
s023604199.py(56):             if check(i-1,j):
 --- modulename: s023604199, funcname: <lambda>
s023604199.py(43):         check = lambda x,y: (not (x,y) in s) and x >= 0 and x < h and y >=0 and y < w and S[x][y] == '.'
s023604199.py(59):             if check(i,j+1):
 --- modulename: s023604199, funcname: <lambda>
s023604199.py(43):         check = lambda x,y: (not (x,y) in s) and x >= 0 and x < h and y >=0 and y < w and S[x][y] == '.'
s023604199.py(60):                 s.add((i,j+1))            
s023604199.py(61):                 q.append((i,j+1,d+1))
s023604199.py(62):             if check(i,j-1):
 --- modulename: s023604199, funcname: <lambda>
s023604199.py(43):         check = lambda x,y: (not (x,y) in s) and x >= 0 and x < h and y >=0 and y < w and S[x][y] == '.'
s023604199.py(48):         while len(q) > 0:
s023604199.py(49):             i,j,d = q.popleft()
s023604199.py(50):             s.add((i,j))
s023604199.py(51):             res = max(d,res)
s023604199.py(53):             if check(i+1,j):
 --- modulename: s023604199, funcname: <lambda>
s023604199.py(43):         check = lambda x,y: (not (x,y) in s) and x >= 0 and x < h and y >=0 and y < w and S[x][y] == '.'
s023604199.py(56):             if check(i-1,j):
 --- modulename: s023604199, funcname: <lambda>
s023604199.py(43):         check = lambda x,y: (not (x,y) in s) and x >= 0 and x < h and y >=0 and y < w and S[x][y] == '.'
s023604199.py(59):             if check(i,j+1):
 --- modulename: s023604199, funcname: <lambda>
s023604199.py(43):         check = lambda x,y: (not (x,y) in s) and x >= 0 and x < h and y >=0 and y < w and S[x][y] == '.'
s023604199.py(60):                 s.add((i,j+1))            
s023604199.py(61):                 q.append((i,j+1,d+1))
s023604199.py(62):             if check(i,j-1):
 --- modulename: s023604199, funcname: <lambda>
s023604199.py(43):         check = lambda x,y: (not (x,y) in s) and x >= 0 and x < h and y >=0 and y < w and S[x][y] == '.'
s023604199.py(48):         while len(q) > 0:
s023604199.py(49):             i,j,d = q.popleft()
s023604199.py(50):             s.add((i,j))
s023604199.py(51):             res = max(d,res)
s023604199.py(53):             if check(i+1,j):
 --- modulename: s023604199, funcname: <lambda>
s023604199.py(43):         check = lambda x,y: (not (x,y) in s) and x >= 0 and x < h and y >=0 and y < w and S[x][y] == '.'
s023604199.py(56):             if check(i-1,j):
 --- modulename: s023604199, funcname: <lambda>
s023604199.py(43):         check = lambda x,y: (not (x,y) in s) and x >= 0 and x < h and y >=0 and y < w and S[x][y] == '.'
s023604199.py(59):             if check(i,j+1):
 --- modulename: s023604199, funcname: <lambda>
s023604199.py(43):         check = lambda x,y: (not (x,y) in s) and x >= 0 and x < h and y >=0 and y < w and S[x][y] == '.'
s023604199.py(60):                 s.add((i,j+1))            
s023604199.py(61):                 q.append((i,j+1,d+1))
s023604199.py(62):             if check(i,j-1):
 --- modulename: s023604199, funcname: <lambda>
s023604199.py(43):         check = lambda x,y: (not (x,y) in s) and x >= 0 and x < h and y >=0 and y < w and S[x][y] == '.'
s023604199.py(48):         while len(q) > 0:
s023604199.py(49):             i,j,d = q.popleft()
s023604199.py(50):             s.add((i,j))
s023604199.py(51):             res = max(d,res)
s023604199.py(53):             if check(i+1,j):
 --- modulename: s023604199, funcname: <lambda>
s023604199.py(43):         check = lambda x,y: (not (x,y) in s) and x >= 0 and x < h and y >=0 and y < w and S[x][y] == '.'
s023604199.py(56):             if check(i-1,j):
 --- modulename: s023604199, funcname: <lambda>
s023604199.py(43):         check = lambda x,y: (not (x,y) in s) and x >= 0 and x < h and y >=0 and y < w and S[x][y] == '.'
s023604199.py(59):             if check(i,j+1):
 --- modulename: s023604199, funcname: <lambda>
s023604199.py(43):         check = lambda x,y: (not (x,y) in s) and x >= 0 and x < h and y >=0 and y < w and S[x][y] == '.'
s023604199.py(62):             if check(i,j-1):
 --- modulename: s023604199, funcname: <lambda>
s023604199.py(43):         check = lambda x,y: (not (x,y) in s) and x >= 0 and x < h and y >=0 and y < w and S[x][y] == '.'
s023604199.py(48):         while len(q) > 0:
s023604199.py(49):             i,j,d = q.popleft()
s023604199.py(50):             s.add((i,j))
s023604199.py(51):             res = max(d,res)
s023604199.py(53):             if check(i+1,j):
 --- modulename: s023604199, funcname: <lambda>
s023604199.py(43):         check = lambda x,y: (not (x,y) in s) and x >= 0 and x < h and y >=0 and y < w and S[x][y] == '.'
s023604199.py(56):             if check(i-1,j):
 --- modulename: s023604199, funcname: <lambda>
s023604199.py(43):         check = lambda x,y: (not (x,y) in s) and x >= 0 and x < h and y >=0 and y < w and S[x][y] == '.'
s023604199.py(59):             if check(i,j+1):
 --- modulename: s023604199, funcname: <lambda>
s023604199.py(43):         check = lambda x,y: (not (x,y) in s) and x >= 0 and x < h and y >=0 and y < w and S[x][y] == '.'
s023604199.py(60):                 s.add((i,j+1))            
s023604199.py(61):                 q.append((i,j+1,d+1))
s023604199.py(62):             if check(i,j-1):
 --- modulename: s023604199, funcname: <lambda>
s023604199.py(43):         check = lambda x,y: (not (x,y) in s) and x >= 0 and x < h and y >=0 and y < w and S[x][y] == '.'
s023604199.py(48):         while len(q) > 0:
s023604199.py(49):             i,j,d = q.popleft()
s023604199.py(50):             s.add((i,j))
s023604199.py(51):             res = max(d,res)
s023604199.py(53):             if check(i+1,j):
 --- modulename: s023604199, funcname: <lambda>
s023604199.py(43):         check = lambda x,y: (not (x,y) in s) and x >= 0 and x < h and y >=0 and y < w and S[x][y] == '.'
s023604199.py(56):             if check(i-1,j):
 --- modulename: s023604199, funcname: <lambda>
s023604199.py(43):         check = lambda x,y: (not (x,y) in s) and x >= 0 and x < h and y >=0 and y < w and S[x][y] == '.'
s023604199.py(59):             if check(i,j+1):
 --- modulename: s023604199, funcname: <lambda>
s023604199.py(43):         check = lambda x,y: (not (x,y) in s) and x >= 0 and x < h and y >=0 and y < w and S[x][y] == '.'
s023604199.py(62):             if check(i,j-1):
 --- modulename: s023604199, funcname: <lambda>
s023604199.py(43):         check = lambda x,y: (not (x,y) in s) and x >= 0 and x < h and y >=0 and y < w and S[x][y] == '.'
s023604199.py(48):         while len(q) > 0:
s023604199.py(49):             i,j,d = q.popleft()
s023604199.py(50):             s.add((i,j))
s023604199.py(51):             res = max(d,res)
s023604199.py(53):             if check(i+1,j):
 --- modulename: s023604199, funcname: <lambda>
s023604199.py(43):         check = lambda x,y: (not (x,y) in s) and x >= 0 and x < h and y >=0 and y < w and S[x][y] == '.'
s023604199.py(56):             if check(i-1,j):
 --- modulename: s023604199, funcname: <lambda>
s023604199.py(43):         check = lambda x,y: (not (x,y) in s) and x >= 0 and x < h and y >=0 and y < w and S[x][y] == '.'
s023604199.py(59):             if check(i,j+1):
 --- modulename: s023604199, funcname: <lambda>
s023604199.py(43):         check = lambda x,y: (not (x,y) in s) and x >= 0 and x < h and y >=0 and y < w and S[x][y] == '.'
s023604199.py(62):             if check(i,j-1):
 --- modulename: s023604199, funcname: <lambda>
s023604199.py(43):         check = lambda x,y: (not (x,y) in s) and x >= 0 and x < h and y >=0 and y < w and S[x][y] == '.'
s023604199.py(48):         while len(q) > 0:
s023604199.py(40):     for j in range(w):
s023604199.py(41):         q = deque()
s023604199.py(42):         s = set()
s023604199.py(43):         check = lambda x,y: (not (x,y) in s) and x >= 0 and x < h and y >=0 and y < w and S[x][y] == '.'
s023604199.py(45):         if S[i][j] == '.':
s023604199.py(46):             q.append((i,j,0))
s023604199.py(48):         while len(q) > 0:
s023604199.py(49):             i,j,d = q.popleft()
s023604199.py(50):             s.add((i,j))
s023604199.py(51):             res = max(d,res)
s023604199.py(53):             if check(i+1,j):
 --- modulename: s023604199, funcname: <lambda>
s023604199.py(43):         check = lambda x,y: (not (x,y) in s) and x >= 0 and x < h and y >=0 and y < w and S[x][y] == '.'
s023604199.py(54):                 s.add((i+1,j))
s023604199.py(55):                 q.append((i+1,j,d+1))
s023604199.py(56):             if check(i-1,j):
 --- modulename: s023604199, funcname: <lambda>
s023604199.py(43):         check = lambda x,y: (not (x,y) in s) and x >= 0 and x < h and y >=0 and y < w and S[x][y] == '.'
s023604199.py(59):             if check(i,j+1):
 --- modulename: s023604199, funcname: <lambda>
s023604199.py(43):         check = lambda x,y: (not (x,y) in s) and x >= 0 and x < h and y >=0 and y < w and S[x][y] == '.'
s023604199.py(60):                 s.add((i,j+1))            
s023604199.py(61):                 q.append((i,j+1,d+1))
s023604199.py(62):             if check(i,j-1):
 --- modulename: s023604199, funcname: <lambda>
s023604199.py(43):         check = lambda x,y: (not (x,y) in s) and x >= 0 and x < h and y >=0 and y < w and S[x][y] == '.'
s023604199.py(63):                 s.add((i,j-1))            
s023604199.py(64):                 q.append((i,j-1,d+1))
s023604199.py(48):         while len(q) > 0:
s023604199.py(49):             i,j,d = q.popleft()
s023604199.py(50):             s.add((i,j))
s023604199.py(51):             res = max(d,res)
s023604199.py(53):             if check(i+1,j):
 --- modulename: s023604199, funcname: <lambda>
s023604199.py(43):         check = lambda x,y: (not (x,y) in s) and x >= 0 and x < h and y >=0 and y < w and S[x][y] == '.'
s023604199.py(54):                 s.add((i+1,j))
s023604199.py(55):                 q.append((i+1,j,d+1))
s023604199.py(56):             if check(i-1,j):
 --- modulename: s023604199, funcname: <lambda>
s023604199.py(43):         check = lambda x,y: (not (x,y) in s) and x >= 0 and x < h and y >=0 and y < w and S[x][y] == '.'
s023604199.py(59):             if check(i,j+1):
 --- modulename: s023604199, funcname: <lambda>
s023604199.py(43):         check = lambda x,y: (not (x,y) in s) and x >= 0 and x < h and y >=0 and y < w and S[x][y] == '.'
s023604199.py(60):                 s.add((i,j+1))            
s023604199.py(61):                 q.append((i,j+1,d+1))
s023604199.py(62):             if check(i,j-1):
 --- modulename: s023604199, funcname: <lambda>
s023604199.py(43):         check = lambda x,y: (not (x,y) in s) and x >= 0 and x < h and y >=0 and y < w and S[x][y] == '.'
s023604199.py(63):                 s.add((i,j-1))            
s023604199.py(64):                 q.append((i,j-1,d+1))
s023604199.py(48):         while len(q) > 0:
s023604199.py(49):             i,j,d = q.popleft()
s023604199.py(50):             s.add((i,j))
s023604199.py(51):             res = max(d,res)
s023604199.py(53):             if check(i+1,j):
 --- modulename: s023604199, funcname: <lambda>
s023604199.py(43):         check = lambda x,y: (not (x,y) in s) and x >= 0 and x < h and y >=0 and y < w and S[x][y] == '.'
s023604199.py(56):             if check(i-1,j):
 --- modulename: s023604199, funcname: <lambda>
s023604199.py(43):         check = lambda x,y: (not (x,y) in s) and x >= 0 and x < h and y >=0 and y < w and S[x][y] == '.'
s023604199.py(59):             if check(i,j+1):
 --- modulename: s023604199, funcname: <lambda>
s023604199.py(43):         check = lambda x,y: (not (x,y) in s) and x >= 0 and x < h and y >=0 and y < w and S[x][y] == '.'
s023604199.py(62):             if check(i,j-1):
 --- modulename: s023604199, funcname: <lambda>
s023604199.py(43):         check = lambda x,y: (not (x,y) in s) and x >= 0 and x < h and y >=0 and y < w and S[x][y] == '.'
s023604199.py(48):         while len(q) > 0:
s023604199.py(49):             i,j,d = q.popleft()
s023604199.py(50):             s.add((i,j))
s023604199.py(51):             res = max(d,res)
s023604199.py(53):             if check(i+1,j):
 --- modulename: s023604199, funcname: <lambda>
s023604199.py(43):         check = lambda x,y: (not (x,y) in s) and x >= 0 and x < h and y >=0 and y < w and S[x][y] == '.'
s023604199.py(56):             if check(i-1,j):
 --- modulename: s023604199, funcname: <lambda>
s023604199.py(43):         check = lambda x,y: (not (x,y) in s) and x >= 0 and x < h and y >=0 and y < w and S[x][y] == '.'
s023604199.py(59):             if check(i,j+1):
 --- modulename: s023604199, funcname: <lambda>
s023604199.py(43):         check = lambda x,y: (not (x,y) in s) and x >= 0 and x < h and y >=0 and y < w and S[x][y] == '.'
s023604199.py(62):             if check(i,j-1):
 --- modulename: s023604199, funcname: <lambda>
s023604199.py(43):         check = lambda x,y: (not (x,y) in s) and x >= 0 and x < h and y >=0 and y < w and S[x][y] == '.'
s023604199.py(48):         while len(q) > 0:
s023604199.py(49):             i,j,d = q.popleft()
s023604199.py(50):             s.add((i,j))
s023604199.py(51):             res = max(d,res)
s023604199.py(53):             if check(i+1,j):
 --- modulename: s023604199, funcname: <lambda>
s023604199.py(43):         check = lambda x,y: (not (x,y) in s) and x >= 0 and x < h and y >=0 and y < w and S[x][y] == '.'
s023604199.py(56):             if check(i-1,j):
 --- modulename: s023604199, funcname: <lambda>
s023604199.py(43):         check = lambda x,y: (not (x,y) in s) and x >= 0 and x < h and y >=0 and y < w and S[x][y] == '.'
s023604199.py(59):             if check(i,j+1):
 --- modulename: s023604199, funcname: <lambda>
s023604199.py(43):         check = lambda x,y: (not (x,y) in s) and x >= 0 and x < h and y >=0 and y < w and S[x][y] == '.'
s023604199.py(60):                 s.add((i,j+1))            
s023604199.py(61):                 q.append((i,j+1,d+1))
s023604199.py(62):             if check(i,j-1):
 --- modulename: s023604199, funcname: <lambda>
s023604199.py(43):         check = lambda x,y: (not (x,y) in s) and x >= 0 and x < h and y >=0 and y < w and S[x][y] == '.'
s023604199.py(63):                 s.add((i,j-1))            
s023604199.py(64):                 q.append((i,j-1,d+1))
s023604199.py(48):         while len(q) > 0:
s023604199.py(49):             i,j,d = q.popleft()
s023604199.py(50):             s.add((i,j))
s023604199.py(51):             res = max(d,res)
s023604199.py(53):             if check(i+1,j):
 --- modulename: s023604199, funcname: <lambda>
s023604199.py(43):         check = lambda x,y: (not (x,y) in s) and x >= 0 and x < h and y >=0 and y < w and S[x][y] == '.'
s023604199.py(56):             if check(i-1,j):
 --- modulename: s023604199, funcname: <lambda>
s023604199.py(43):         check = lambda x,y: (not (x,y) in s) and x >= 0 and x < h and y >=0 and y < w and S[x][y] == '.'
s023604199.py(59):             if check(i,j+1):
 --- modulename: s023604199, funcname: <lambda>
s023604199.py(43):         check = lambda x,y: (not (x,y) in s) and x >= 0 and x < h and y >=0 and y < w and S[x][y] == '.'
s023604199.py(62):             if check(i,j-1):
 --- modulename: s023604199, funcname: <lambda>
s023604199.py(43):         check = lambda x,y: (not (x,y) in s) and x >= 0 and x < h and y >=0 and y < w and S[x][y] == '.'
s023604199.py(48):         while len(q) > 0:
s023604199.py(49):             i,j,d = q.popleft()
s023604199.py(50):             s.add((i,j))
s023604199.py(51):             res = max(d,res)
s023604199.py(53):             if check(i+1,j):
 --- modulename: s023604199, funcname: <lambda>
s023604199.py(43):         check = lambda x,y: (not (x,y) in s) and x >= 0 and x < h and y >=0 and y < w and S[x][y] == '.'
s023604199.py(56):             if check(i-1,j):
 --- modulename: s023604199, funcname: <lambda>
s023604199.py(43):         check = lambda x,y: (not (x,y) in s) and x >= 0 and x < h and y >=0 and y < w and S[x][y] == '.'
s023604199.py(59):             if check(i,j+1):
 --- modulename: s023604199, funcname: <lambda>
s023604199.py(43):         check = lambda x,y: (not (x,y) in s) and x >= 0 and x < h and y >=0 and y < w and S[x][y] == '.'
s023604199.py(62):             if check(i,j-1):
 --- modulename: s023604199, funcname: <lambda>
s023604199.py(43):         check = lambda x,y: (not (x,y) in s) and x >= 0 and x < h and y >=0 and y < w and S[x][y] == '.'
s023604199.py(48):         while len(q) > 0:
s023604199.py(49):             i,j,d = q.popleft()
s023604199.py(50):             s.add((i,j))
s023604199.py(51):             res = max(d,res)
s023604199.py(53):             if check(i+1,j):
 --- modulename: s023604199, funcname: <lambda>
s023604199.py(43):         check = lambda x,y: (not (x,y) in s) and x >= 0 and x < h and y >=0 and y < w and S[x][y] == '.'
s023604199.py(56):             if check(i-1,j):
 --- modulename: s023604199, funcname: <lambda>
s023604199.py(43):         check = lambda x,y: (not (x,y) in s) and x >= 0 and x < h and y >=0 and y < w and S[x][y] == '.'
s023604199.py(59):             if check(i,j+1):
 --- modulename: s023604199, funcname: <lambda>
s023604199.py(43):         check = lambda x,y: (not (x,y) in s) and x >= 0 and x < h and y >=0 and y < w and S[x][y] == '.'
s023604199.py(62):             if check(i,j-1):
 --- modulename: s023604199, funcname: <lambda>
s023604199.py(43):         check = lambda x,y: (not (x,y) in s) and x >= 0 and x < h and y >=0 and y < w and S[x][y] == '.'
s023604199.py(48):         while len(q) > 0:
s023604199.py(49):             i,j,d = q.popleft()
s023604199.py(50):             s.add((i,j))
s023604199.py(51):             res = max(d,res)
s023604199.py(53):             if check(i+1,j):
 --- modulename: s023604199, funcname: <lambda>
s023604199.py(43):         check = lambda x,y: (not (x,y) in s) and x >= 0 and x < h and y >=0 and y < w and S[x][y] == '.'
s023604199.py(56):             if check(i-1,j):
 --- modulename: s023604199, funcname: <lambda>
s023604199.py(43):         check = lambda x,y: (not (x,y) in s) and x >= 0 and x < h and y >=0 and y < w and S[x][y] == '.'
s023604199.py(59):             if check(i,j+1):
 --- modulename: s023604199, funcname: <lambda>
s023604199.py(43):         check = lambda x,y: (not (x,y) in s) and x >= 0 and x < h and y >=0 and y < w and S[x][y] == '.'
s023604199.py(62):             if check(i,j-1):
 --- modulename: s023604199, funcname: <lambda>
s023604199.py(43):         check = lambda x,y: (not (x,y) in s) and x >= 0 and x < h and y >=0 and y < w and S[x][y] == '.'
s023604199.py(48):         while len(q) > 0:
s023604199.py(40):     for j in range(w):
s023604199.py(41):         q = deque()
s023604199.py(42):         s = set()
s023604199.py(43):         check = lambda x,y: (not (x,y) in s) and x >= 0 and x < h and y >=0 and y < w and S[x][y] == '.'
s023604199.py(45):         if S[i][j] == '.':
s023604199.py(46):             q.append((i,j,0))
s023604199.py(48):         while len(q) > 0:
s023604199.py(49):             i,j,d = q.popleft()
s023604199.py(50):             s.add((i,j))
s023604199.py(51):             res = max(d,res)
s023604199.py(53):             if check(i+1,j):
 --- modulename: s023604199, funcname: <lambda>
s023604199.py(43):         check = lambda x,y: (not (x,y) in s) and x >= 0 and x < h and y >=0 and y < w and S[x][y] == '.'
s023604199.py(56):             if check(i-1,j):
 --- modulename: s023604199, funcname: <lambda>
s023604199.py(43):         check = lambda x,y: (not (x,y) in s) and x >= 0 and x < h and y >=0 and y < w and S[x][y] == '.'
s023604199.py(57):                 s.add((i-1,j))                
s023604199.py(58):                 q.append((i-1,j,d+1))
s023604199.py(59):             if check(i,j+1):
 --- modulename: s023604199, funcname: <lambda>
s023604199.py(43):         check = lambda x,y: (not (x,y) in s) and x >= 0 and x < h and y >=0 and y < w and S[x][y] == '.'
s023604199.py(62):             if check(i,j-1):
 --- modulename: s023604199, funcname: <lambda>
s023604199.py(43):         check = lambda x,y: (not (x,y) in s) and x >= 0 and x < h and y >=0 and y < w and S[x][y] == '.'
s023604199.py(63):                 s.add((i,j-1))            
s023604199.py(64):                 q.append((i,j-1,d+1))
s023604199.py(48):         while len(q) > 0:
s023604199.py(49):             i,j,d = q.popleft()
s023604199.py(50):             s.add((i,j))
s023604199.py(51):             res = max(d,res)
s023604199.py(53):             if check(i+1,j):
 --- modulename: s023604199, funcname: <lambda>
s023604199.py(43):         check = lambda x,y: (not (x,y) in s) and x >= 0 and x < h and y >=0 and y < w and S[x][y] == '.'
s023604199.py(56):             if check(i-1,j):
 --- modulename: s023604199, funcname: <lambda>
s023604199.py(43):         check = lambda x,y: (not (x,y) in s) and x >= 0 and x < h and y >=0 and y < w and S[x][y] == '.'
s023604199.py(57):                 s.add((i-1,j))                
s023604199.py(58):                 q.append((i-1,j,d+1))
s023604199.py(59):             if check(i,j+1):
 --- modulename: s023604199, funcname: <lambda>
s023604199.py(43):         check = lambda x,y: (not (x,y) in s) and x >= 0 and x < h and y >=0 and y < w and S[x][y] == '.'
s023604199.py(62):             if check(i,j-1):
 --- modulename: s023604199, funcname: <lambda>
s023604199.py(43):         check = lambda x,y: (not (x,y) in s) and x >= 0 and x < h and y >=0 and y < w and S[x][y] == '.'
s023604199.py(63):                 s.add((i,j-1))            
s023604199.py(64):                 q.append((i,j-1,d+1))
s023604199.py(48):         while len(q) > 0:
s023604199.py(49):             i,j,d = q.popleft()
s023604199.py(50):             s.add((i,j))
s023604199.py(51):             res = max(d,res)
s023604199.py(53):             if check(i+1,j):
 --- modulename: s023604199, funcname: <lambda>
s023604199.py(43):         check = lambda x,y: (not (x,y) in s) and x >= 0 and x < h and y >=0 and y < w and S[x][y] == '.'
s023604199.py(56):             if check(i-1,j):
 --- modulename: s023604199, funcname: <lambda>
s023604199.py(43):         check = lambda x,y: (not (x,y) in s) and x >= 0 and x < h and y >=0 and y < w and S[x][y] == '.'
s023604199.py(59):             if check(i,j+1):
 --- modulename: s023604199, funcname: <lambda>
s023604199.py(43):         check = lambda x,y: (not (x,y) in s) and x >= 0 and x < h and y >=0 and y < w and S[x][y] == '.'
s023604199.py(62):             if check(i,j-1):
 --- modulename: s023604199, funcname: <lambda>
s023604199.py(43):         check = lambda x,y: (not (x,y) in s) and x >= 0 and x < h and y >=0 and y < w and S[x][y] == '.'
s023604199.py(63):                 s.add((i,j-1))            
s023604199.py(64):                 q.append((i,j-1,d+1))
s023604199.py(48):         while len(q) > 0:
s023604199.py(49):             i,j,d = q.popleft()
s023604199.py(50):             s.add((i,j))
s023604199.py(51):             res = max(d,res)
s023604199.py(53):             if check(i+1,j):
 --- modulename: s023604199, funcname: <lambda>
s023604199.py(43):         check = lambda x,y: (not (x,y) in s) and x >= 0 and x < h and y >=0 and y < w and S[x][y] == '.'
s023604199.py(56):             if check(i-1,j):
 --- modulename: s023604199, funcname: <lambda>
s023604199.py(43):         check = lambda x,y: (not (x,y) in s) and x >= 0 and x < h and y >=0 and y < w and S[x][y] == '.'
s023604199.py(59):             if check(i,j+1):
 --- modulename: s023604199, funcname: <lambda>
s023604199.py(43):         check = lambda x,y: (not (x,y) in s) and x >= 0 and x < h and y >=0 and y < w and S[x][y] == '.'
s023604199.py(62):             if check(i,j-1):
 --- modulename: s023604199, funcname: <lambda>
s023604199.py(43):         check = lambda x,y: (not (x,y) in s) and x >= 0 and x < h and y >=0 and y < w and S[x][y] == '.'
s023604199.py(63):                 s.add((i,j-1))            
s023604199.py(64):                 q.append((i,j-1,d+1))
s023604199.py(48):         while len(q) > 0:
s023604199.py(49):             i,j,d = q.popleft()
s023604199.py(50):             s.add((i,j))
s023604199.py(51):             res = max(d,res)
s023604199.py(53):             if check(i+1,j):
 --- modulename: s023604199, funcname: <lambda>
s023604199.py(43):         check = lambda x,y: (not (x,y) in s) and x >= 0 and x < h and y >=0 and y < w and S[x][y] == '.'
s023604199.py(56):             if check(i-1,j):
 --- modulename: s023604199, funcname: <lambda>
s023604199.py(43):         check = lambda x,y: (not (x,y) in s) and x >= 0 and x < h and y >=0 and y < w and S[x][y] == '.'
s023604199.py(59):             if check(i,j+1):
 --- modulename: s023604199, funcname: <lambda>
s023604199.py(43):         check = lambda x,y: (not (x,y) in s) and x >= 0 and x < h and y >=0 and y < w and S[x][y] == '.'
s023604199.py(62):             if check(i,j-1):
 --- modulename: s023604199, funcname: <lambda>
s023604199.py(43):         check = lambda x,y: (not (x,y) in s) and x >= 0 and x < h and y >=0 and y < w and S[x][y] == '.'
s023604199.py(63):                 s.add((i,j-1))            
s023604199.py(64):                 q.append((i,j-1,d+1))
s023604199.py(48):         while len(q) > 0:
s023604199.py(49):             i,j,d = q.popleft()
s023604199.py(50):             s.add((i,j))
s023604199.py(51):             res = max(d,res)
s023604199.py(53):             if check(i+1,j):
 --- modulename: s023604199, funcname: <lambda>
s023604199.py(43):         check = lambda x,y: (not (x,y) in s) and x >= 0 and x < h and y >=0 and y < w and S[x][y] == '.'
s023604199.py(56):             if check(i-1,j):
 --- modulename: s023604199, funcname: <lambda>
s023604199.py(43):         check = lambda x,y: (not (x,y) in s) and x >= 0 and x < h and y >=0 and y < w and S[x][y] == '.'
s023604199.py(59):             if check(i,j+1):
 --- modulename: s023604199, funcname: <lambda>
s023604199.py(43):         check = lambda x,y: (not (x,y) in s) and x >= 0 and x < h and y >=0 and y < w and S[x][y] == '.'
s023604199.py(62):             if check(i,j-1):
 --- modulename: s023604199, funcname: <lambda>
s023604199.py(43):         check = lambda x,y: (not (x,y) in s) and x >= 0 and x < h and y >=0 and y < w and S[x][y] == '.'
s023604199.py(48):         while len(q) > 0:
s023604199.py(49):             i,j,d = q.popleft()
s023604199.py(50):             s.add((i,j))
s023604199.py(51):             res = max(d,res)
s023604199.py(53):             if check(i+1,j):
 --- modulename: s023604199, funcname: <lambda>
s023604199.py(43):         check = lambda x,y: (not (x,y) in s) and x >= 0 and x < h and y >=0 and y < w and S[x][y] == '.'
s023604199.py(56):             if check(i-1,j):
 --- modulename: s023604199, funcname: <lambda>
s023604199.py(43):         check = lambda x,y: (not (x,y) in s) and x >= 0 and x < h and y >=0 and y < w and S[x][y] == '.'
s023604199.py(59):             if check(i,j+1):
 --- modulename: s023604199, funcname: <lambda>
s023604199.py(43):         check = lambda x,y: (not (x,y) in s) and x >= 0 and x < h and y >=0 and y < w and S[x][y] == '.'
s023604199.py(62):             if check(i,j-1):
 --- modulename: s023604199, funcname: <lambda>
s023604199.py(43):         check = lambda x,y: (not (x,y) in s) and x >= 0 and x < h and y >=0 and y < w and S[x][y] == '.'
s023604199.py(63):                 s.add((i,j-1))            
s023604199.py(64):                 q.append((i,j-1,d+1))
s023604199.py(48):         while len(q) > 0:
s023604199.py(49):             i,j,d = q.popleft()
s023604199.py(50):             s.add((i,j))
s023604199.py(51):             res = max(d,res)
s023604199.py(53):             if check(i+1,j):
 --- modulename: s023604199, funcname: <lambda>
s023604199.py(43):         check = lambda x,y: (not (x,y) in s) and x >= 0 and x < h and y >=0 and y < w and S[x][y] == '.'
s023604199.py(56):             if check(i-1,j):
 --- modulename: s023604199, funcname: <lambda>
s023604199.py(43):         check = lambda x,y: (not (x,y) in s) and x >= 0 and x < h and y >=0 and y < w and S[x][y] == '.'
s023604199.py(59):             if check(i,j+1):
 --- modulename: s023604199, funcname: <lambda>
s023604199.py(43):         check = lambda x,y: (not (x,y) in s) and x >= 0 and x < h and y >=0 and y < w and S[x][y] == '.'
s023604199.py(62):             if check(i,j-1):
 --- modulename: s023604199, funcname: <lambda>
s023604199.py(43):         check = lambda x,y: (not (x,y) in s) and x >= 0 and x < h and y >=0 and y < w and S[x][y] == '.'
s023604199.py(48):         while len(q) > 0:
s023604199.py(49):             i,j,d = q.popleft()
s023604199.py(50):             s.add((i,j))
s023604199.py(51):             res = max(d,res)
s023604199.py(53):             if check(i+1,j):
 --- modulename: s023604199, funcname: <lambda>
s023604199.py(43):         check = lambda x,y: (not (x,y) in s) and x >= 0 and x < h and y >=0 and y < w and S[x][y] == '.'
s023604199.py(56):             if check(i-1,j):
 --- modulename: s023604199, funcname: <lambda>
s023604199.py(43):         check = lambda x,y: (not (x,y) in s) and x >= 0 and x < h and y >=0 and y < w and S[x][y] == '.'
s023604199.py(59):             if check(i,j+1):
 --- modulename: s023604199, funcname: <lambda>
s023604199.py(43):         check = lambda x,y: (not (x,y) in s) and x >= 0 and x < h and y >=0 and y < w and S[x][y] == '.'
s023604199.py(62):             if check(i,j-1):
 --- modulename: s023604199, funcname: <lambda>
s023604199.py(43):         check = lambda x,y: (not (x,y) in s) and x >= 0 and x < h and y >=0 and y < w and S[x][y] == '.'
s023604199.py(48):         while len(q) > 0:
s023604199.py(40):     for j in range(w):
s023604199.py(39): for i in range(h):
s023604199.py(66): print(res)
4
