 --- modulename: s639795659, funcname: <module>
s639795659.py(1): def main():
s639795659.py(49): main()
 --- modulename: s639795659, funcname: main
s639795659.py(2):   n = int(input())
 --- modulename: codecs, funcname: getstate
codecs.py(333):         return (self.buffer, 0)
 --- modulename: codecs, funcname: decode
codecs.py(321):         data = self.buffer + input
codecs.py(322):         (result, consumed) = self._buffer_decode(data, self.errors, final)
codecs.py(324):         self.buffer = data[consumed:]
codecs.py(325):         return result
s639795659.py(3):   lst = []
s639795659.py(4):   for _ in range(n):
s639795659.py(5):     word, score = input().split()
s639795659.py(6):     lst.append((word, int(score)))
s639795659.py(4):   for _ in range(n):
s639795659.py(5):     word, score = input().split()
s639795659.py(6):     lst.append((word, int(score)))
s639795659.py(4):   for _ in range(n):
s639795659.py(5):     word, score = input().split()
s639795659.py(6):     lst.append((word, int(score)))
s639795659.py(4):   for _ in range(n):
s639795659.py(5):     word, score = input().split()
s639795659.py(6):     lst.append((word, int(score)))
s639795659.py(4):   for _ in range(n):
s639795659.py(5):     word, score = input().split()
s639795659.py(6):     lst.append((word, int(score)))
s639795659.py(4):   for _ in range(n):
s639795659.py(5):     word, score = input().split()
s639795659.py(6):     lst.append((word, int(score)))
s639795659.py(4):   for _ in range(n):
s639795659.py(7):   mp = ["#" * 6] + ["#" + input() + "#" for _ in range(4)] + ["#" * 6]
 --- modulename: s639795659, funcname: <listcomp>
s639795659.py(7):   mp = ["#" * 6] + ["#" + input() + "#" for _ in range(4)] + ["#" * 6]
s639795659.py(7):   mp = ["#" * 6] + ["#" + input() + "#" for _ in range(4)] + ["#" * 6]
s639795659.py(7):   mp = ["#" * 6] + ["#" + input() + "#" for _ in range(4)] + ["#" * 6]
s639795659.py(7):   mp = ["#" * 6] + ["#" + input() + "#" for _ in range(4)] + ["#" * 6]
s639795659.py(7):   mp = ["#" * 6] + ["#" + input() + "#" for _ in range(4)] + ["#" * 6]
s639795659.py(8):   t = int(input())
s639795659.py(10):   def search(word):
s639795659.py(31):   items = []
s639795659.py(32):   for word, score in lst:
s639795659.py(33):     cnt = search(word)
 --- modulename: s639795659, funcname: search
s639795659.py(11):     used = [[False] * 6 for _ in range(6)]
 --- modulename: s639795659, funcname: <listcomp>
s639795659.py(11):     used = [[False] * 6 for _ in range(6)]
s639795659.py(11):     used = [[False] * 6 for _ in range(6)]
s639795659.py(11):     used = [[False] * 6 for _ in range(6)]
s639795659.py(11):     used = [[False] * 6 for _ in range(6)]
s639795659.py(11):     used = [[False] * 6 for _ in range(6)]
s639795659.py(11):     used = [[False] * 6 for _ in range(6)]
s639795659.py(11):     used = [[False] * 6 for _ in range(6)]
s639795659.py(12):     vec = ((1, 0), (1, -1), (0, -1), (-1, -1), (-1, 0), (-1, 1), (0, 1), (1, 1))
s639795659.py(14):     def _search(word, pos, x, y):
s639795659.py(25):     ret = 0
s639795659.py(26):     for y in range(1, 5):
s639795659.py(27):       for x in range(1, 5):
s639795659.py(28):         if mp[y][x] == word[0]:ret += _search(word, 0, x, y)  
 --- modulename: s639795659, funcname: _search
s639795659.py(15):       if pos == len(word) - 1:return 1
s639795659.py(16):       used[y][x] = True
s639795659.py(17):       ret = 0
s639795659.py(18):       for dx, dy in vec:
s639795659.py(19):         nx, ny = x + dx, y + dy
s639795659.py(20):         if not used[ny][nx] and mp[ny][nx] == word[pos + 1]:
s639795659.py(18):       for dx, dy in vec:
s639795659.py(19):         nx, ny = x + dx, y + dy
s639795659.py(20):         if not used[ny][nx] and mp[ny][nx] == word[pos + 1]:
s639795659.py(18):       for dx, dy in vec:
s639795659.py(19):         nx, ny = x + dx, y + dy
s639795659.py(20):         if not used[ny][nx] and mp[ny][nx] == word[pos + 1]:
s639795659.py(18):       for dx, dy in vec:
s639795659.py(19):         nx, ny = x + dx, y + dy
s639795659.py(20):         if not used[ny][nx] and mp[ny][nx] == word[pos + 1]:
s639795659.py(18):       for dx, dy in vec:
s639795659.py(19):         nx, ny = x + dx, y + dy
s639795659.py(20):         if not used[ny][nx] and mp[ny][nx] == word[pos + 1]:
s639795659.py(18):       for dx, dy in vec:
s639795659.py(19):         nx, ny = x + dx, y + dy
s639795659.py(20):         if not used[ny][nx] and mp[ny][nx] == word[pos + 1]:
s639795659.py(18):       for dx, dy in vec:
s639795659.py(19):         nx, ny = x + dx, y + dy
s639795659.py(20):         if not used[ny][nx] and mp[ny][nx] == word[pos + 1]:
s639795659.py(18):       for dx, dy in vec:
s639795659.py(19):         nx, ny = x + dx, y + dy
s639795659.py(20):         if not used[ny][nx] and mp[ny][nx] == word[pos + 1]:
s639795659.py(21):           ret += _search(word, pos + 1, nx, ny)
 --- modulename: s639795659, funcname: _search
s639795659.py(15):       if pos == len(word) - 1:return 1
s639795659.py(16):       used[y][x] = True
s639795659.py(17):       ret = 0
s639795659.py(18):       for dx, dy in vec:
s639795659.py(19):         nx, ny = x + dx, y + dy
s639795659.py(20):         if not used[ny][nx] and mp[ny][nx] == word[pos + 1]:
s639795659.py(18):       for dx, dy in vec:
s639795659.py(19):         nx, ny = x + dx, y + dy
s639795659.py(20):         if not used[ny][nx] and mp[ny][nx] == word[pos + 1]:
s639795659.py(18):       for dx, dy in vec:
s639795659.py(19):         nx, ny = x + dx, y + dy
s639795659.py(20):         if not used[ny][nx] and mp[ny][nx] == word[pos + 1]:
s639795659.py(18):       for dx, dy in vec:
s639795659.py(19):         nx, ny = x + dx, y + dy
s639795659.py(20):         if not used[ny][nx] and mp[ny][nx] == word[pos + 1]:
s639795659.py(18):       for dx, dy in vec:
s639795659.py(19):         nx, ny = x + dx, y + dy
s639795659.py(20):         if not used[ny][nx] and mp[ny][nx] == word[pos + 1]:
s639795659.py(18):       for dx, dy in vec:
s639795659.py(19):         nx, ny = x + dx, y + dy
s639795659.py(20):         if not used[ny][nx] and mp[ny][nx] == word[pos + 1]:
s639795659.py(18):       for dx, dy in vec:
s639795659.py(19):         nx, ny = x + dx, y + dy
s639795659.py(20):         if not used[ny][nx] and mp[ny][nx] == word[pos + 1]:
s639795659.py(18):       for dx, dy in vec:
s639795659.py(19):         nx, ny = x + dx, y + dy
s639795659.py(20):         if not used[ny][nx] and mp[ny][nx] == word[pos + 1]:
s639795659.py(21):           ret += _search(word, pos + 1, nx, ny)
 --- modulename: s639795659, funcname: _search
s639795659.py(15):       if pos == len(word) - 1:return 1
s639795659.py(16):       used[y][x] = True
s639795659.py(17):       ret = 0
s639795659.py(18):       for dx, dy in vec:
s639795659.py(19):         nx, ny = x + dx, y + dy
s639795659.py(20):         if not used[ny][nx] and mp[ny][nx] == word[pos + 1]:
s639795659.py(18):       for dx, dy in vec:
s639795659.py(19):         nx, ny = x + dx, y + dy
s639795659.py(20):         if not used[ny][nx] and mp[ny][nx] == word[pos + 1]:
s639795659.py(18):       for dx, dy in vec:
s639795659.py(19):         nx, ny = x + dx, y + dy
s639795659.py(20):         if not used[ny][nx] and mp[ny][nx] == word[pos + 1]:
s639795659.py(18):       for dx, dy in vec:
s639795659.py(19):         nx, ny = x + dx, y + dy
s639795659.py(20):         if not used[ny][nx] and mp[ny][nx] == word[pos + 1]:
s639795659.py(18):       for dx, dy in vec:
s639795659.py(19):         nx, ny = x + dx, y + dy
s639795659.py(20):         if not used[ny][nx] and mp[ny][nx] == word[pos + 1]:
s639795659.py(18):       for dx, dy in vec:
s639795659.py(19):         nx, ny = x + dx, y + dy
s639795659.py(20):         if not used[ny][nx] and mp[ny][nx] == word[pos + 1]:
s639795659.py(18):       for dx, dy in vec:
s639795659.py(19):         nx, ny = x + dx, y + dy
s639795659.py(20):         if not used[ny][nx] and mp[ny][nx] == word[pos + 1]:
s639795659.py(18):       for dx, dy in vec:
s639795659.py(19):         nx, ny = x + dx, y + dy
s639795659.py(20):         if not used[ny][nx] and mp[ny][nx] == word[pos + 1]:
s639795659.py(21):           ret += _search(word, pos + 1, nx, ny)
 --- modulename: s639795659, funcname: _search
s639795659.py(15):       if pos == len(word) - 1:return 1
s639795659.py(18):       for dx, dy in vec:
s639795659.py(22):       used[y][x] = False
s639795659.py(23):       return ret
s639795659.py(18):       for dx, dy in vec:
s639795659.py(22):       used[y][x] = False
s639795659.py(23):       return ret
s639795659.py(18):       for dx, dy in vec:
s639795659.py(22):       used[y][x] = False
s639795659.py(23):       return ret
s639795659.py(27):       for x in range(1, 5):
s639795659.py(28):         if mp[y][x] == word[0]:ret += _search(word, 0, x, y)  
s639795659.py(27):       for x in range(1, 5):
s639795659.py(28):         if mp[y][x] == word[0]:ret += _search(word, 0, x, y)  
s639795659.py(27):       for x in range(1, 5):
s639795659.py(28):         if mp[y][x] == word[0]:ret += _search(word, 0, x, y)  
 --- modulename: s639795659, funcname: _search
s639795659.py(15):       if pos == len(word) - 1:return 1
s639795659.py(16):       used[y][x] = True
s639795659.py(17):       ret = 0
s639795659.py(18):       for dx, dy in vec:
s639795659.py(19):         nx, ny = x + dx, y + dy
s639795659.py(20):         if not used[ny][nx] and mp[ny][nx] == word[pos + 1]:
s639795659.py(18):       for dx, dy in vec:
s639795659.py(19):         nx, ny = x + dx, y + dy
s639795659.py(20):         if not used[ny][nx] and mp[ny][nx] == word[pos + 1]:
s639795659.py(18):       for dx, dy in vec:
s639795659.py(19):         nx, ny = x + dx, y + dy
s639795659.py(20):         if not used[ny][nx] and mp[ny][nx] == word[pos + 1]:
s639795659.py(18):       for dx, dy in vec:
s639795659.py(19):         nx, ny = x + dx, y + dy
s639795659.py(20):         if not used[ny][nx] and mp[ny][nx] == word[pos + 1]:
s639795659.py(18):       for dx, dy in vec:
s639795659.py(19):         nx, ny = x + dx, y + dy
s639795659.py(20):         if not used[ny][nx] and mp[ny][nx] == word[pos + 1]:
s639795659.py(18):       for dx, dy in vec:
s639795659.py(19):         nx, ny = x + dx, y + dy
s639795659.py(20):         if not used[ny][nx] and mp[ny][nx] == word[pos + 1]:
s639795659.py(18):       for dx, dy in vec:
s639795659.py(19):         nx, ny = x + dx, y + dy
s639795659.py(20):         if not used[ny][nx] and mp[ny][nx] == word[pos + 1]:
s639795659.py(21):           ret += _search(word, pos + 1, nx, ny)
 --- modulename: s639795659, funcname: _search
s639795659.py(15):       if pos == len(word) - 1:return 1
s639795659.py(16):       used[y][x] = True
s639795659.py(17):       ret = 0
s639795659.py(18):       for dx, dy in vec:
s639795659.py(19):         nx, ny = x + dx, y + dy
s639795659.py(20):         if not used[ny][nx] and mp[ny][nx] == word[pos + 1]:
s639795659.py(18):       for dx, dy in vec:
s639795659.py(19):         nx, ny = x + dx, y + dy
s639795659.py(20):         if not used[ny][nx] and mp[ny][nx] == word[pos + 1]:
s639795659.py(18):       for dx, dy in vec:
s639795659.py(19):         nx, ny = x + dx, y + dy
s639795659.py(20):         if not used[ny][nx] and mp[ny][nx] == word[pos + 1]:
s639795659.py(18):       for dx, dy in vec:
s639795659.py(19):         nx, ny = x + dx, y + dy
s639795659.py(20):         if not used[ny][nx] and mp[ny][nx] == word[pos + 1]:
s639795659.py(18):       for dx, dy in vec:
s639795659.py(19):         nx, ny = x + dx, y + dy
s639795659.py(20):         if not used[ny][nx] and mp[ny][nx] == word[pos + 1]:
s639795659.py(18):       for dx, dy in vec:
s639795659.py(19):         nx, ny = x + dx, y + dy
s639795659.py(20):         if not used[ny][nx] and mp[ny][nx] == word[pos + 1]:
s639795659.py(21):           ret += _search(word, pos + 1, nx, ny)
 --- modulename: s639795659, funcname: _search
s639795659.py(15):       if pos == len(word) - 1:return 1
s639795659.py(16):       used[y][x] = True
s639795659.py(17):       ret = 0
s639795659.py(18):       for dx, dy in vec:
s639795659.py(19):         nx, ny = x + dx, y + dy
s639795659.py(20):         if not used[ny][nx] and mp[ny][nx] == word[pos + 1]:
s639795659.py(18):       for dx, dy in vec:
s639795659.py(19):         nx, ny = x + dx, y + dy
s639795659.py(20):         if not used[ny][nx] and mp[ny][nx] == word[pos + 1]:
s639795659.py(18):       for dx, dy in vec:
s639795659.py(19):         nx, ny = x + dx, y + dy
s639795659.py(20):         if not used[ny][nx] and mp[ny][nx] == word[pos + 1]:
s639795659.py(18):       for dx, dy in vec:
s639795659.py(19):         nx, ny = x + dx, y + dy
s639795659.py(20):         if not used[ny][nx] and mp[ny][nx] == word[pos + 1]:
s639795659.py(18):       for dx, dy in vec:
s639795659.py(19):         nx, ny = x + dx, y + dy
s639795659.py(20):         if not used[ny][nx] and mp[ny][nx] == word[pos + 1]:
s639795659.py(18):       for dx, dy in vec:
s639795659.py(19):         nx, ny = x + dx, y + dy
s639795659.py(20):         if not used[ny][nx] and mp[ny][nx] == word[pos + 1]:
s639795659.py(18):       for dx, dy in vec:
s639795659.py(19):         nx, ny = x + dx, y + dy
s639795659.py(20):         if not used[ny][nx] and mp[ny][nx] == word[pos + 1]:
s639795659.py(18):       for dx, dy in vec:
s639795659.py(19):         nx, ny = x + dx, y + dy
s639795659.py(20):         if not used[ny][nx] and mp[ny][nx] == word[pos + 1]:
s639795659.py(21):           ret += _search(word, pos + 1, nx, ny)
 --- modulename: s639795659, funcname: _search
s639795659.py(15):       if pos == len(word) - 1:return 1
s639795659.py(18):       for dx, dy in vec:
s639795659.py(22):       used[y][x] = False
s639795659.py(23):       return ret
s639795659.py(18):       for dx, dy in vec:
s639795659.py(19):         nx, ny = x + dx, y + dy
s639795659.py(20):         if not used[ny][nx] and mp[ny][nx] == word[pos + 1]:
s639795659.py(18):       for dx, dy in vec:
s639795659.py(19):         nx, ny = x + dx, y + dy
s639795659.py(20):         if not used[ny][nx] and mp[ny][nx] == word[pos + 1]:
s639795659.py(18):       for dx, dy in vec:
s639795659.py(22):       used[y][x] = False
s639795659.py(23):       return ret
s639795659.py(18):       for dx, dy in vec:
s639795659.py(19):         nx, ny = x + dx, y + dy
s639795659.py(20):         if not used[ny][nx] and mp[ny][nx] == word[pos + 1]:
s639795659.py(18):       for dx, dy in vec:
s639795659.py(22):       used[y][x] = False
s639795659.py(23):       return ret
s639795659.py(27):       for x in range(1, 5):
s639795659.py(26):     for y in range(1, 5):
s639795659.py(27):       for x in range(1, 5):
s639795659.py(28):         if mp[y][x] == word[0]:ret += _search(word, 0, x, y)  
s639795659.py(27):       for x in range(1, 5):
s639795659.py(28):         if mp[y][x] == word[0]:ret += _search(word, 0, x, y)  
s639795659.py(27):       for x in range(1, 5):
s639795659.py(28):         if mp[y][x] == word[0]:ret += _search(word, 0, x, y)  
s639795659.py(27):       for x in range(1, 5):
s639795659.py(28):         if mp[y][x] == word[0]:ret += _search(word, 0, x, y)  
s639795659.py(27):       for x in range(1, 5):
s639795659.py(26):     for y in range(1, 5):
s639795659.py(27):       for x in range(1, 5):
s639795659.py(28):         if mp[y][x] == word[0]:ret += _search(word, 0, x, y)  
s639795659.py(27):       for x in range(1, 5):
s639795659.py(28):         if mp[y][x] == word[0]:ret += _search(word, 0, x, y)  
s639795659.py(27):       for x in range(1, 5):
s639795659.py(28):         if mp[y][x] == word[0]:ret += _search(word, 0, x, y)  
s639795659.py(27):       for x in range(1, 5):
s639795659.py(28):         if mp[y][x] == word[0]:ret += _search(word, 0, x, y)  
s639795659.py(27):       for x in range(1, 5):
s639795659.py(26):     for y in range(1, 5):
s639795659.py(27):       for x in range(1, 5):
s639795659.py(28):         if mp[y][x] == word[0]:ret += _search(word, 0, x, y)  
s639795659.py(27):       for x in range(1, 5):
s639795659.py(28):         if mp[y][x] == word[0]:ret += _search(word, 0, x, y)  
s639795659.py(27):       for x in range(1, 5):
s639795659.py(28):         if mp[y][x] == word[0]:ret += _search(word, 0, x, y)  
s639795659.py(27):       for x in range(1, 5):
s639795659.py(28):         if mp[y][x] == word[0]:ret += _search(word, 0, x, y)  
s639795659.py(27):       for x in range(1, 5):
s639795659.py(26):     for y in range(1, 5):
s639795659.py(29):     return ret
s639795659.py(34):     acc = 1
s639795659.py(35):     weight = len(word)
s639795659.py(36):     while cnt >= acc:
s639795659.py(37):       cnt -= acc
s639795659.py(38):       items.append((score * acc, weight * acc))
s639795659.py(39):       acc *= 2
s639795659.py(36):     while cnt >= acc:
s639795659.py(40):     if cnt:
s639795659.py(41):       items.append((score * cnt, weight * cnt))
s639795659.py(32):   for word, score in lst:
s639795659.py(33):     cnt = search(word)
 --- modulename: s639795659, funcname: search
s639795659.py(11):     used = [[False] * 6 for _ in range(6)]
 --- modulename: s639795659, funcname: <listcomp>
s639795659.py(11):     used = [[False] * 6 for _ in range(6)]
s639795659.py(11):     used = [[False] * 6 for _ in range(6)]
s639795659.py(11):     used = [[False] * 6 for _ in range(6)]
s639795659.py(11):     used = [[False] * 6 for _ in range(6)]
s639795659.py(11):     used = [[False] * 6 for _ in range(6)]
s639795659.py(11):     used = [[False] * 6 for _ in range(6)]
s639795659.py(11):     used = [[False] * 6 for _ in range(6)]
s639795659.py(12):     vec = ((1, 0), (1, -1), (0, -1), (-1, -1), (-1, 0), (-1, 1), (0, 1), (1, 1))
s639795659.py(14):     def _search(word, pos, x, y):
s639795659.py(25):     ret = 0
s639795659.py(26):     for y in range(1, 5):
s639795659.py(27):       for x in range(1, 5):
s639795659.py(28):         if mp[y][x] == word[0]:ret += _search(word, 0, x, y)  
s639795659.py(27):       for x in range(1, 5):
s639795659.py(28):         if mp[y][x] == word[0]:ret += _search(word, 0, x, y)  
s639795659.py(27):       for x in range(1, 5):
s639795659.py(28):         if mp[y][x] == word[0]:ret += _search(word, 0, x, y)  
 --- modulename: s639795659, funcname: _search
s639795659.py(15):       if pos == len(word) - 1:return 1
s639795659.py(16):       used[y][x] = True
s639795659.py(17):       ret = 0
s639795659.py(18):       for dx, dy in vec:
s639795659.py(19):         nx, ny = x + dx, y + dy
s639795659.py(20):         if not used[ny][nx] and mp[ny][nx] == word[pos + 1]:
s639795659.py(18):       for dx, dy in vec:
s639795659.py(19):         nx, ny = x + dx, y + dy
s639795659.py(20):         if not used[ny][nx] and mp[ny][nx] == word[pos + 1]:
s639795659.py(18):       for dx, dy in vec:
s639795659.py(19):         nx, ny = x + dx, y + dy
s639795659.py(20):         if not used[ny][nx] and mp[ny][nx] == word[pos + 1]:
s639795659.py(18):       for dx, dy in vec:
s639795659.py(19):         nx, ny = x + dx, y + dy
s639795659.py(20):         if not used[ny][nx] and mp[ny][nx] == word[pos + 1]:
s639795659.py(18):       for dx, dy in vec:
s639795659.py(19):         nx, ny = x + dx, y + dy
s639795659.py(20):         if not used[ny][nx] and mp[ny][nx] == word[pos + 1]:
s639795659.py(18):       for dx, dy in vec:
s639795659.py(19):         nx, ny = x + dx, y + dy
s639795659.py(20):         if not used[ny][nx] and mp[ny][nx] == word[pos + 1]:
s639795659.py(21):           ret += _search(word, pos + 1, nx, ny)
 --- modulename: s639795659, funcname: _search
s639795659.py(15):       if pos == len(word) - 1:return 1
s639795659.py(16):       used[y][x] = True
s639795659.py(17):       ret = 0
s639795659.py(18):       for dx, dy in vec:
s639795659.py(19):         nx, ny = x + dx, y + dy
s639795659.py(20):         if not used[ny][nx] and mp[ny][nx] == word[pos + 1]:
s639795659.py(18):       for dx, dy in vec:
s639795659.py(19):         nx, ny = x + dx, y + dy
s639795659.py(20):         if not used[ny][nx] and mp[ny][nx] == word[pos + 1]:
s639795659.py(18):       for dx, dy in vec:
s639795659.py(19):         nx, ny = x + dx, y + dy
s639795659.py(20):         if not used[ny][nx] and mp[ny][nx] == word[pos + 1]:
s639795659.py(18):       for dx, dy in vec:
s639795659.py(19):         nx, ny = x + dx, y + dy
s639795659.py(20):         if not used[ny][nx] and mp[ny][nx] == word[pos + 1]:
s639795659.py(18):       for dx, dy in vec:
s639795659.py(19):         nx, ny = x + dx, y + dy
s639795659.py(20):         if not used[ny][nx] and mp[ny][nx] == word[pos + 1]:
s639795659.py(18):       for dx, dy in vec:
s639795659.py(19):         nx, ny = x + dx, y + dy
s639795659.py(20):         if not used[ny][nx] and mp[ny][nx] == word[pos + 1]:
s639795659.py(18):       for dx, dy in vec:
s639795659.py(19):         nx, ny = x + dx, y + dy
s639795659.py(20):         if not used[ny][nx] and mp[ny][nx] == word[pos + 1]:
s639795659.py(18):       for dx, dy in vec:
s639795659.py(19):         nx, ny = x + dx, y + dy
s639795659.py(20):         if not used[ny][nx] and mp[ny][nx] == word[pos + 1]:
s639795659.py(18):       for dx, dy in vec:
s639795659.py(22):       used[y][x] = False
s639795659.py(23):       return ret
s639795659.py(18):       for dx, dy in vec:
s639795659.py(19):         nx, ny = x + dx, y + dy
s639795659.py(20):         if not used[ny][nx] and mp[ny][nx] == word[pos + 1]:
s639795659.py(18):       for dx, dy in vec:
s639795659.py(19):         nx, ny = x + dx, y + dy
s639795659.py(20):         if not used[ny][nx] and mp[ny][nx] == word[pos + 1]:
s639795659.py(21):           ret += _search(word, pos + 1, nx, ny)
 --- modulename: s639795659, funcname: _search
s639795659.py(15):       if pos == len(word) - 1:return 1
s639795659.py(16):       used[y][x] = True
s639795659.py(17):       ret = 0
s639795659.py(18):       for dx, dy in vec:
s639795659.py(19):         nx, ny = x + dx, y + dy
s639795659.py(20):         if not used[ny][nx] and mp[ny][nx] == word[pos + 1]:
s639795659.py(18):       for dx, dy in vec:
s639795659.py(19):         nx, ny = x + dx, y + dy
s639795659.py(20):         if not used[ny][nx] and mp[ny][nx] == word[pos + 1]:
s639795659.py(18):       for dx, dy in vec:
s639795659.py(19):         nx, ny = x + dx, y + dy
s639795659.py(20):         if not used[ny][nx] and mp[ny][nx] == word[pos + 1]:
s639795659.py(18):       for dx, dy in vec:
s639795659.py(19):         nx, ny = x + dx, y + dy
s639795659.py(20):         if not used[ny][nx] and mp[ny][nx] == word[pos + 1]:
s639795659.py(18):       for dx, dy in vec:
s639795659.py(19):         nx, ny = x + dx, y + dy
s639795659.py(20):         if not used[ny][nx] and mp[ny][nx] == word[pos + 1]:
s639795659.py(18):       for dx, dy in vec:
s639795659.py(19):         nx, ny = x + dx, y + dy
s639795659.py(20):         if not used[ny][nx] and mp[ny][nx] == word[pos + 1]:
s639795659.py(18):       for dx, dy in vec:
s639795659.py(19):         nx, ny = x + dx, y + dy
s639795659.py(20):         if not used[ny][nx] and mp[ny][nx] == word[pos + 1]:
s639795659.py(21):           ret += _search(word, pos + 1, nx, ny)
 --- modulename: s639795659, funcname: _search
s639795659.py(15):       if pos == len(word) - 1:return 1
s639795659.py(16):       used[y][x] = True
s639795659.py(17):       ret = 0
s639795659.py(18):       for dx, dy in vec:
s639795659.py(19):         nx, ny = x + dx, y + dy
s639795659.py(20):         if not used[ny][nx] and mp[ny][nx] == word[pos + 1]:
s639795659.py(18):       for dx, dy in vec:
s639795659.py(19):         nx, ny = x + dx, y + dy
s639795659.py(20):         if not used[ny][nx] and mp[ny][nx] == word[pos + 1]:
s639795659.py(18):       for dx, dy in vec:
s639795659.py(19):         nx, ny = x + dx, y + dy
s639795659.py(20):         if not used[ny][nx] and mp[ny][nx] == word[pos + 1]:
s639795659.py(18):       for dx, dy in vec:
s639795659.py(19):         nx, ny = x + dx, y + dy
s639795659.py(20):         if not used[ny][nx] and mp[ny][nx] == word[pos + 1]:
s639795659.py(18):       for dx, dy in vec:
s639795659.py(19):         nx, ny = x + dx, y + dy
s639795659.py(20):         if not used[ny][nx] and mp[ny][nx] == word[pos + 1]:
s639795659.py(18):       for dx, dy in vec:
s639795659.py(19):         nx, ny = x + dx, y + dy
s639795659.py(20):         if not used[ny][nx] and mp[ny][nx] == word[pos + 1]:
s639795659.py(21):           ret += _search(word, pos + 1, nx, ny)
 --- modulename: s639795659, funcname: _search
s639795659.py(15):       if pos == len(word) - 1:return 1
s639795659.py(16):       used[y][x] = True
s639795659.py(17):       ret = 0
s639795659.py(18):       for dx, dy in vec:
s639795659.py(19):         nx, ny = x + dx, y + dy
s639795659.py(20):         if not used[ny][nx] and mp[ny][nx] == word[pos + 1]:
s639795659.py(18):       for dx, dy in vec:
s639795659.py(19):         nx, ny = x + dx, y + dy
s639795659.py(20):         if not used[ny][nx] and mp[ny][nx] == word[pos + 1]:
s639795659.py(18):       for dx, dy in vec:
s639795659.py(19):         nx, ny = x + dx, y + dy
s639795659.py(20):         if not used[ny][nx] and mp[ny][nx] == word[pos + 1]:
s639795659.py(18):       for dx, dy in vec:
s639795659.py(19):         nx, ny = x + dx, y + dy
s639795659.py(20):         if not used[ny][nx] and mp[ny][nx] == word[pos + 1]:
s639795659.py(21):           ret += _search(word, pos + 1, nx, ny)
 --- modulename: s639795659, funcname: _search
s639795659.py(15):       if pos == len(word) - 1:return 1
s639795659.py(18):       for dx, dy in vec:
s639795659.py(19):         nx, ny = x + dx, y + dy
s639795659.py(20):         if not used[ny][nx] and mp[ny][nx] == word[pos + 1]:
s639795659.py(18):       for dx, dy in vec:
s639795659.py(19):         nx, ny = x + dx, y + dy
s639795659.py(20):         if not used[ny][nx] and mp[ny][nx] == word[pos + 1]:
s639795659.py(18):       for dx, dy in vec:
s639795659.py(19):         nx, ny = x + dx, y + dy
s639795659.py(20):         if not used[ny][nx] and mp[ny][nx] == word[pos + 1]:
s639795659.py(18):       for dx, dy in vec:
s639795659.py(19):         nx, ny = x + dx, y + dy
s639795659.py(20):         if not used[ny][nx] and mp[ny][nx] == word[pos + 1]:
s639795659.py(18):       for dx, dy in vec:
s639795659.py(22):       used[y][x] = False
s639795659.py(23):       return ret
s639795659.py(18):       for dx, dy in vec:
s639795659.py(19):         nx, ny = x + dx, y + dy
s639795659.py(20):         if not used[ny][nx] and mp[ny][nx] == word[pos + 1]:
s639795659.py(18):       for dx, dy in vec:
s639795659.py(19):         nx, ny = x + dx, y + dy
s639795659.py(20):         if not used[ny][nx] and mp[ny][nx] == word[pos + 1]:
s639795659.py(18):       for dx, dy in vec:
s639795659.py(22):       used[y][x] = False
s639795659.py(23):       return ret
s639795659.py(18):       for dx, dy in vec:
s639795659.py(19):         nx, ny = x + dx, y + dy
s639795659.py(20):         if not used[ny][nx] and mp[ny][nx] == word[pos + 1]:
s639795659.py(18):       for dx, dy in vec:
s639795659.py(22):       used[y][x] = False
s639795659.py(23):       return ret
s639795659.py(18):       for dx, dy in vec:
s639795659.py(22):       used[y][x] = False
s639795659.py(23):       return ret
s639795659.py(27):       for x in range(1, 5):
s639795659.py(28):         if mp[y][x] == word[0]:ret += _search(word, 0, x, y)  
s639795659.py(27):       for x in range(1, 5):
s639795659.py(26):     for y in range(1, 5):
s639795659.py(27):       for x in range(1, 5):
s639795659.py(28):         if mp[y][x] == word[0]:ret += _search(word, 0, x, y)  
s639795659.py(27):       for x in range(1, 5):
s639795659.py(28):         if mp[y][x] == word[0]:ret += _search(word, 0, x, y)  
s639795659.py(27):       for x in range(1, 5):
s639795659.py(28):         if mp[y][x] == word[0]:ret += _search(word, 0, x, y)  
 --- modulename: s639795659, funcname: _search
s639795659.py(15):       if pos == len(word) - 1:return 1
s639795659.py(16):       used[y][x] = True
s639795659.py(17):       ret = 0
s639795659.py(18):       for dx, dy in vec:
s639795659.py(19):         nx, ny = x + dx, y + dy
s639795659.py(20):         if not used[ny][nx] and mp[ny][nx] == word[pos + 1]:
s639795659.py(21):           ret += _search(word, pos + 1, nx, ny)
 --- modulename: s639795659, funcname: _search
s639795659.py(15):       if pos == len(word) - 1:return 1
s639795659.py(16):       used[y][x] = True
s639795659.py(17):       ret = 0
s639795659.py(18):       for dx, dy in vec:
s639795659.py(19):         nx, ny = x + dx, y + dy
s639795659.py(20):         if not used[ny][nx] and mp[ny][nx] == word[pos + 1]:
s639795659.py(18):       for dx, dy in vec:
s639795659.py(19):         nx, ny = x + dx, y + dy
s639795659.py(20):         if not used[ny][nx] and mp[ny][nx] == word[pos + 1]:
s639795659.py(18):       for dx, dy in vec:
s639795659.py(19):         nx, ny = x + dx, y + dy
s639795659.py(20):         if not used[ny][nx] and mp[ny][nx] == word[pos + 1]:
s639795659.py(18):       for dx, dy in vec:
s639795659.py(19):         nx, ny = x + dx, y + dy
s639795659.py(20):         if not used[ny][nx] and mp[ny][nx] == word[pos + 1]:
s639795659.py(18):       for dx, dy in vec:
s639795659.py(19):         nx, ny = x + dx, y + dy
s639795659.py(20):         if not used[ny][nx] and mp[ny][nx] == word[pos + 1]:
s639795659.py(18):       for dx, dy in vec:
s639795659.py(19):         nx, ny = x + dx, y + dy
s639795659.py(20):         if not used[ny][nx] and mp[ny][nx] == word[pos + 1]:
s639795659.py(18):       for dx, dy in vec:
s639795659.py(19):         nx, ny = x + dx, y + dy
s639795659.py(20):         if not used[ny][nx] and mp[ny][nx] == word[pos + 1]:
s639795659.py(21):           ret += _search(word, pos + 1, nx, ny)
 --- modulename: s639795659, funcname: _search
s639795659.py(15):       if pos == len(word) - 1:return 1
s639795659.py(16):       used[y][x] = True
s639795659.py(17):       ret = 0
s639795659.py(18):       for dx, dy in vec:
s639795659.py(19):         nx, ny = x + dx, y + dy
s639795659.py(20):         if not used[ny][nx] and mp[ny][nx] == word[pos + 1]:
s639795659.py(18):       for dx, dy in vec:
s639795659.py(19):         nx, ny = x + dx, y + dy
s639795659.py(20):         if not used[ny][nx] and mp[ny][nx] == word[pos + 1]:
s639795659.py(18):       for dx, dy in vec:
s639795659.py(19):         nx, ny = x + dx, y + dy
s639795659.py(20):         if not used[ny][nx] and mp[ny][nx] == word[pos + 1]:
s639795659.py(18):       for dx, dy in vec:
s639795659.py(19):         nx, ny = x + dx, y + dy
s639795659.py(20):         if not used[ny][nx] and mp[ny][nx] == word[pos + 1]:
s639795659.py(18):       for dx, dy in vec:
s639795659.py(19):         nx, ny = x + dx, y + dy
s639795659.py(20):         if not used[ny][nx] and mp[ny][nx] == word[pos + 1]:
s639795659.py(18):       for dx, dy in vec:
s639795659.py(19):         nx, ny = x + dx, y + dy
s639795659.py(20):         if not used[ny][nx] and mp[ny][nx] == word[pos + 1]:
s639795659.py(21):           ret += _search(word, pos + 1, nx, ny)
 --- modulename: s639795659, funcname: _search
s639795659.py(15):       if pos == len(word) - 1:return 1
s639795659.py(16):       used[y][x] = True
s639795659.py(17):       ret = 0
s639795659.py(18):       for dx, dy in vec:
s639795659.py(19):         nx, ny = x + dx, y + dy
s639795659.py(20):         if not used[ny][nx] and mp[ny][nx] == word[pos + 1]:
s639795659.py(18):       for dx, dy in vec:
s639795659.py(19):         nx, ny = x + dx, y + dy
s639795659.py(20):         if not used[ny][nx] and mp[ny][nx] == word[pos + 1]:
s639795659.py(18):       for dx, dy in vec:
s639795659.py(19):         nx, ny = x + dx, y + dy
s639795659.py(20):         if not used[ny][nx] and mp[ny][nx] == word[pos + 1]:
s639795659.py(18):       for dx, dy in vec:
s639795659.py(19):         nx, ny = x + dx, y + dy
s639795659.py(20):         if not used[ny][nx] and mp[ny][nx] == word[pos + 1]:
s639795659.py(21):           ret += _search(word, pos + 1, nx, ny)
 --- modulename: s639795659, funcname: _search
s639795659.py(15):       if pos == len(word) - 1:return 1
s639795659.py(18):       for dx, dy in vec:
s639795659.py(19):         nx, ny = x + dx, y + dy
s639795659.py(20):         if not used[ny][nx] and mp[ny][nx] == word[pos + 1]:
s639795659.py(18):       for dx, dy in vec:
s639795659.py(19):         nx, ny = x + dx, y + dy
s639795659.py(20):         if not used[ny][nx] and mp[ny][nx] == word[pos + 1]:
s639795659.py(18):       for dx, dy in vec:
s639795659.py(19):         nx, ny = x + dx, y + dy
s639795659.py(20):         if not used[ny][nx] and mp[ny][nx] == word[pos + 1]:
s639795659.py(18):       for dx, dy in vec:
s639795659.py(19):         nx, ny = x + dx, y + dy
s639795659.py(20):         if not used[ny][nx] and mp[ny][nx] == word[pos + 1]:
s639795659.py(18):       for dx, dy in vec:
s639795659.py(22):       used[y][x] = False
s639795659.py(23):       return ret
s639795659.py(18):       for dx, dy in vec:
s639795659.py(19):         nx, ny = x + dx, y + dy
s639795659.py(20):         if not used[ny][nx] and mp[ny][nx] == word[pos + 1]:
s639795659.py(18):       for dx, dy in vec:
s639795659.py(19):         nx, ny = x + dx, y + dy
s639795659.py(20):         if not used[ny][nx] and mp[ny][nx] == word[pos + 1]:
s639795659.py(18):       for dx, dy in vec:
s639795659.py(22):       used[y][x] = False
s639795659.py(23):       return ret
s639795659.py(18):       for dx, dy in vec:
s639795659.py(19):         nx, ny = x + dx, y + dy
s639795659.py(20):         if not used[ny][nx] and mp[ny][nx] == word[pos + 1]:
s639795659.py(18):       for dx, dy in vec:
s639795659.py(22):       used[y][x] = False
s639795659.py(23):       return ret
s639795659.py(18):       for dx, dy in vec:
s639795659.py(19):         nx, ny = x + dx, y + dy
s639795659.py(20):         if not used[ny][nx] and mp[ny][nx] == word[pos + 1]:
s639795659.py(18):       for dx, dy in vec:
s639795659.py(19):         nx, ny = x + dx, y + dy
s639795659.py(20):         if not used[ny][nx] and mp[ny][nx] == word[pos + 1]:
s639795659.py(18):       for dx, dy in vec:
s639795659.py(19):         nx, ny = x + dx, y + dy
s639795659.py(20):         if not used[ny][nx] and mp[ny][nx] == word[pos + 1]:
s639795659.py(18):       for dx, dy in vec:
s639795659.py(19):         nx, ny = x + dx, y + dy
s639795659.py(20):         if not used[ny][nx] and mp[ny][nx] == word[pos + 1]:
s639795659.py(21):           ret += _search(word, pos + 1, nx, ny)
 --- modulename: s639795659, funcname: _search
s639795659.py(15):       if pos == len(word) - 1:return 1
s639795659.py(16):       used[y][x] = True
s639795659.py(17):       ret = 0
s639795659.py(18):       for dx, dy in vec:
s639795659.py(19):         nx, ny = x + dx, y + dy
s639795659.py(20):         if not used[ny][nx] and mp[ny][nx] == word[pos + 1]:
s639795659.py(18):       for dx, dy in vec:
s639795659.py(19):         nx, ny = x + dx, y + dy
s639795659.py(20):         if not used[ny][nx] and mp[ny][nx] == word[pos + 1]:
s639795659.py(18):       for dx, dy in vec:
s639795659.py(19):         nx, ny = x + dx, y + dy
s639795659.py(20):         if not used[ny][nx] and mp[ny][nx] == word[pos + 1]:
s639795659.py(18):       for dx, dy in vec:
s639795659.py(19):         nx, ny = x + dx, y + dy
s639795659.py(20):         if not used[ny][nx] and mp[ny][nx] == word[pos + 1]:
s639795659.py(18):       for dx, dy in vec:
s639795659.py(19):         nx, ny = x + dx, y + dy
s639795659.py(20):         if not used[ny][nx] and mp[ny][nx] == word[pos + 1]:
s639795659.py(18):       for dx, dy in vec:
s639795659.py(19):         nx, ny = x + dx, y + dy
s639795659.py(20):         if not used[ny][nx] and mp[ny][nx] == word[pos + 1]:
s639795659.py(18):       for dx, dy in vec:
s639795659.py(19):         nx, ny = x + dx, y + dy
s639795659.py(20):         if not used[ny][nx] and mp[ny][nx] == word[pos + 1]:
s639795659.py(18):       for dx, dy in vec:
s639795659.py(19):         nx, ny = x + dx, y + dy
s639795659.py(20):         if not used[ny][nx] and mp[ny][nx] == word[pos + 1]:
s639795659.py(18):       for dx, dy in vec:
s639795659.py(22):       used[y][x] = False
s639795659.py(23):       return ret
s639795659.py(18):       for dx, dy in vec:
s639795659.py(19):         nx, ny = x + dx, y + dy
s639795659.py(20):         if not used[ny][nx] and mp[ny][nx] == word[pos + 1]:
s639795659.py(18):       for dx, dy in vec:
s639795659.py(19):         nx, ny = x + dx, y + dy
s639795659.py(20):         if not used[ny][nx] and mp[ny][nx] == word[pos + 1]:
s639795659.py(18):       for dx, dy in vec:
s639795659.py(19):         nx, ny = x + dx, y + dy
s639795659.py(20):         if not used[ny][nx] and mp[ny][nx] == word[pos + 1]:
s639795659.py(18):       for dx, dy in vec:
s639795659.py(22):       used[y][x] = False
s639795659.py(23):       return ret
s639795659.py(27):       for x in range(1, 5):
s639795659.py(28):         if mp[y][x] == word[0]:ret += _search(word, 0, x, y)  
s639795659.py(27):       for x in range(1, 5):
s639795659.py(26):     for y in range(1, 5):
s639795659.py(27):       for x in range(1, 5):
s639795659.py(28):         if mp[y][x] == word[0]:ret += _search(word, 0, x, y)  
s639795659.py(27):       for x in range(1, 5):
s639795659.py(28):         if mp[y][x] == word[0]:ret += _search(word, 0, x, y)  
s639795659.py(27):       for x in range(1, 5):
s639795659.py(28):         if mp[y][x] == word[0]:ret += _search(word, 0, x, y)  
s639795659.py(27):       for x in range(1, 5):
s639795659.py(28):         if mp[y][x] == word[0]:ret += _search(word, 0, x, y)  
s639795659.py(27):       for x in range(1, 5):
s639795659.py(26):     for y in range(1, 5):
s639795659.py(27):       for x in range(1, 5):
s639795659.py(28):         if mp[y][x] == word[0]:ret += _search(word, 0, x, y)  
s639795659.py(27):       for x in range(1, 5):
s639795659.py(28):         if mp[y][x] == word[0]:ret += _search(word, 0, x, y)  
 --- modulename: s639795659, funcname: _search
s639795659.py(15):       if pos == len(word) - 1:return 1
s639795659.py(16):       used[y][x] = True
s639795659.py(17):       ret = 0
s639795659.py(18):       for dx, dy in vec:
s639795659.py(19):         nx, ny = x + dx, y + dy
s639795659.py(20):         if not used[ny][nx] and mp[ny][nx] == word[pos + 1]:
s639795659.py(18):       for dx, dy in vec:
s639795659.py(19):         nx, ny = x + dx, y + dy
s639795659.py(20):         if not used[ny][nx] and mp[ny][nx] == word[pos + 1]:
s639795659.py(18):       for dx, dy in vec:
s639795659.py(19):         nx, ny = x + dx, y + dy
s639795659.py(20):         if not used[ny][nx] and mp[ny][nx] == word[pos + 1]:
s639795659.py(18):       for dx, dy in vec:
s639795659.py(19):         nx, ny = x + dx, y + dy
s639795659.py(20):         if not used[ny][nx] and mp[ny][nx] == word[pos + 1]:
s639795659.py(21):           ret += _search(word, pos + 1, nx, ny)
 --- modulename: s639795659, funcname: _search
s639795659.py(15):       if pos == len(word) - 1:return 1
s639795659.py(16):       used[y][x] = True
s639795659.py(17):       ret = 0
s639795659.py(18):       for dx, dy in vec:
s639795659.py(19):         nx, ny = x + dx, y + dy
s639795659.py(20):         if not used[ny][nx] and mp[ny][nx] == word[pos + 1]:
s639795659.py(18):       for dx, dy in vec:
s639795659.py(19):         nx, ny = x + dx, y + dy
s639795659.py(20):         if not used[ny][nx] and mp[ny][nx] == word[pos + 1]:
s639795659.py(18):       for dx, dy in vec:
s639795659.py(19):         nx, ny = x + dx, y + dy
s639795659.py(20):         if not used[ny][nx] and mp[ny][nx] == word[pos + 1]:
s639795659.py(18):       for dx, dy in vec:
s639795659.py(19):         nx, ny = x + dx, y + dy
s639795659.py(20):         if not used[ny][nx] and mp[ny][nx] == word[pos + 1]:
s639795659.py(18):       for dx, dy in vec:
s639795659.py(19):         nx, ny = x + dx, y + dy
s639795659.py(20):         if not used[ny][nx] and mp[ny][nx] == word[pos + 1]:
s639795659.py(18):       for dx, dy in vec:
s639795659.py(19):         nx, ny = x + dx, y + dy
s639795659.py(20):         if not used[ny][nx] and mp[ny][nx] == word[pos + 1]:
s639795659.py(18):       for dx, dy in vec:
s639795659.py(19):         nx, ny = x + dx, y + dy
s639795659.py(20):         if not used[ny][nx] and mp[ny][nx] == word[pos + 1]:
s639795659.py(18):       for dx, dy in vec:
s639795659.py(19):         nx, ny = x + dx, y + dy
s639795659.py(20):         if not used[ny][nx] and mp[ny][nx] == word[pos + 1]:
s639795659.py(18):       for dx, dy in vec:
s639795659.py(22):       used[y][x] = False
s639795659.py(23):       return ret
s639795659.py(18):       for dx, dy in vec:
s639795659.py(19):         nx, ny = x + dx, y + dy
s639795659.py(20):         if not used[ny][nx] and mp[ny][nx] == word[pos + 1]:
s639795659.py(18):       for dx, dy in vec:
s639795659.py(19):         nx, ny = x + dx, y + dy
s639795659.py(20):         if not used[ny][nx] and mp[ny][nx] == word[pos + 1]:
s639795659.py(18):       for dx, dy in vec:
s639795659.py(19):         nx, ny = x + dx, y + dy
s639795659.py(20):         if not used[ny][nx] and mp[ny][nx] == word[pos + 1]:
s639795659.py(18):       for dx, dy in vec:
s639795659.py(19):         nx, ny = x + dx, y + dy
s639795659.py(20):         if not used[ny][nx] and mp[ny][nx] == word[pos + 1]:
s639795659.py(18):       for dx, dy in vec:
s639795659.py(22):       used[y][x] = False
s639795659.py(23):       return ret
s639795659.py(27):       for x in range(1, 5):
s639795659.py(28):         if mp[y][x] == word[0]:ret += _search(word, 0, x, y)  
s639795659.py(27):       for x in range(1, 5):
s639795659.py(28):         if mp[y][x] == word[0]:ret += _search(word, 0, x, y)  
s639795659.py(27):       for x in range(1, 5):
s639795659.py(26):     for y in range(1, 5):
s639795659.py(29):     return ret
s639795659.py(34):     acc = 1
s639795659.py(35):     weight = len(word)
s639795659.py(36):     while cnt >= acc:
s639795659.py(37):       cnt -= acc
s639795659.py(38):       items.append((score * acc, weight * acc))
s639795659.py(39):       acc *= 2
s639795659.py(36):     while cnt >= acc:
s639795659.py(40):     if cnt:
s639795659.py(41):       items.append((score * cnt, weight * cnt))
s639795659.py(32):   for word, score in lst:
s639795659.py(33):     cnt = search(word)
 --- modulename: s639795659, funcname: search
s639795659.py(11):     used = [[False] * 6 for _ in range(6)]
 --- modulename: s639795659, funcname: <listcomp>
s639795659.py(11):     used = [[False] * 6 for _ in range(6)]
s639795659.py(11):     used = [[False] * 6 for _ in range(6)]
s639795659.py(11):     used = [[False] * 6 for _ in range(6)]
s639795659.py(11):     used = [[False] * 6 for _ in range(6)]
s639795659.py(11):     used = [[False] * 6 for _ in range(6)]
s639795659.py(11):     used = [[False] * 6 for _ in range(6)]
s639795659.py(11):     used = [[False] * 6 for _ in range(6)]
s639795659.py(12):     vec = ((1, 0), (1, -1), (0, -1), (-1, -1), (-1, 0), (-1, 1), (0, 1), (1, 1))
s639795659.py(14):     def _search(word, pos, x, y):
s639795659.py(25):     ret = 0
s639795659.py(26):     for y in range(1, 5):
s639795659.py(27):       for x in range(1, 5):
s639795659.py(28):         if mp[y][x] == word[0]:ret += _search(word, 0, x, y)  
s639795659.py(27):       for x in range(1, 5):
s639795659.py(28):         if mp[y][x] == word[0]:ret += _search(word, 0, x, y)  
s639795659.py(27):       for x in range(1, 5):
s639795659.py(28):         if mp[y][x] == word[0]:ret += _search(word, 0, x, y)  
 --- modulename: s639795659, funcname: _search
s639795659.py(15):       if pos == len(word) - 1:return 1
s639795659.py(16):       used[y][x] = True
s639795659.py(17):       ret = 0
s639795659.py(18):       for dx, dy in vec:
s639795659.py(19):         nx, ny = x + dx, y + dy
s639795659.py(20):         if not used[ny][nx] and mp[ny][nx] == word[pos + 1]:
s639795659.py(18):       for dx, dy in vec:
s639795659.py(19):         nx, ny = x + dx, y + dy
s639795659.py(20):         if not used[ny][nx] and mp[ny][nx] == word[pos + 1]:
s639795659.py(18):       for dx, dy in vec:
s639795659.py(19):         nx, ny = x + dx, y + dy
s639795659.py(20):         if not used[ny][nx] and mp[ny][nx] == word[pos + 1]:
s639795659.py(18):       for dx, dy in vec:
s639795659.py(19):         nx, ny = x + dx, y + dy
s639795659.py(20):         if not used[ny][nx] and mp[ny][nx] == word[pos + 1]:
s639795659.py(18):       for dx, dy in vec:
s639795659.py(19):         nx, ny = x + dx, y + dy
s639795659.py(20):         if not used[ny][nx] and mp[ny][nx] == word[pos + 1]:
s639795659.py(18):       for dx, dy in vec:
s639795659.py(19):         nx, ny = x + dx, y + dy
s639795659.py(20):         if not used[ny][nx] and mp[ny][nx] == word[pos + 1]:
s639795659.py(21):           ret += _search(word, pos + 1, nx, ny)
 --- modulename: s639795659, funcname: _search
s639795659.py(15):       if pos == len(word) - 1:return 1
s639795659.py(16):       used[y][x] = True
s639795659.py(17):       ret = 0
s639795659.py(18):       for dx, dy in vec:
s639795659.py(19):         nx, ny = x + dx, y + dy
s639795659.py(20):         if not used[ny][nx] and mp[ny][nx] == word[pos + 1]:
s639795659.py(18):       for dx, dy in vec:
s639795659.py(19):         nx, ny = x + dx, y + dy
s639795659.py(20):         if not used[ny][nx] and mp[ny][nx] == word[pos + 1]:
s639795659.py(18):       for dx, dy in vec:
s639795659.py(19):         nx, ny = x + dx, y + dy
s639795659.py(20):         if not used[ny][nx] and mp[ny][nx] == word[pos + 1]:
s639795659.py(18):       for dx, dy in vec:
s639795659.py(19):         nx, ny = x + dx, y + dy
s639795659.py(20):         if not used[ny][nx] and mp[ny][nx] == word[pos + 1]:
s639795659.py(18):       for dx, dy in vec:
s639795659.py(19):         nx, ny = x + dx, y + dy
s639795659.py(20):         if not used[ny][nx] and mp[ny][nx] == word[pos + 1]:
s639795659.py(18):       for dx, dy in vec:
s639795659.py(19):         nx, ny = x + dx, y + dy
s639795659.py(20):         if not used[ny][nx] and mp[ny][nx] == word[pos + 1]:
s639795659.py(18):       for dx, dy in vec:
s639795659.py(19):         nx, ny = x + dx, y + dy
s639795659.py(20):         if not used[ny][nx] and mp[ny][nx] == word[pos + 1]:
s639795659.py(18):       for dx, dy in vec:
s639795659.py(19):         nx, ny = x + dx, y + dy
s639795659.py(20):         if not used[ny][nx] and mp[ny][nx] == word[pos + 1]:
s639795659.py(18):       for dx, dy in vec:
s639795659.py(22):       used[y][x] = False
s639795659.py(23):       return ret
s639795659.py(18):       for dx, dy in vec:
s639795659.py(19):         nx, ny = x + dx, y + dy
s639795659.py(20):         if not used[ny][nx] and mp[ny][nx] == word[pos + 1]:
s639795659.py(18):       for dx, dy in vec:
s639795659.py(19):         nx, ny = x + dx, y + dy
s639795659.py(20):         if not used[ny][nx] and mp[ny][nx] == word[pos + 1]:
s639795659.py(21):           ret += _search(word, pos + 1, nx, ny)
 --- modulename: s639795659, funcname: _search
s639795659.py(15):       if pos == len(word) - 1:return 1
s639795659.py(16):       used[y][x] = True
s639795659.py(17):       ret = 0
s639795659.py(18):       for dx, dy in vec:
s639795659.py(19):         nx, ny = x + dx, y + dy
s639795659.py(20):         if not used[ny][nx] and mp[ny][nx] == word[pos + 1]:
s639795659.py(18):       for dx, dy in vec:
s639795659.py(19):         nx, ny = x + dx, y + dy
s639795659.py(20):         if not used[ny][nx] and mp[ny][nx] == word[pos + 1]:
s639795659.py(18):       for dx, dy in vec:
s639795659.py(19):         nx, ny = x + dx, y + dy
s639795659.py(20):         if not used[ny][nx] and mp[ny][nx] == word[pos + 1]:
s639795659.py(18):       for dx, dy in vec:
s639795659.py(19):         nx, ny = x + dx, y + dy
s639795659.py(20):         if not used[ny][nx] and mp[ny][nx] == word[pos + 1]:
s639795659.py(18):       for dx, dy in vec:
s639795659.py(19):         nx, ny = x + dx, y + dy
s639795659.py(20):         if not used[ny][nx] and mp[ny][nx] == word[pos + 1]:
s639795659.py(18):       for dx, dy in vec:
s639795659.py(19):         nx, ny = x + dx, y + dy
s639795659.py(20):         if not used[ny][nx] and mp[ny][nx] == word[pos + 1]:
s639795659.py(18):       for dx, dy in vec:
s639795659.py(19):         nx, ny = x + dx, y + dy
s639795659.py(20):         if not used[ny][nx] and mp[ny][nx] == word[pos + 1]:
s639795659.py(21):           ret += _search(word, pos + 1, nx, ny)
 --- modulename: s639795659, funcname: _search
s639795659.py(15):       if pos == len(word) - 1:return 1
s639795659.py(16):       used[y][x] = True
s639795659.py(17):       ret = 0
s639795659.py(18):       for dx, dy in vec:
s639795659.py(19):         nx, ny = x + dx, y + dy
s639795659.py(20):         if not used[ny][nx] and mp[ny][nx] == word[pos + 1]:
s639795659.py(18):       for dx, dy in vec:
s639795659.py(19):         nx, ny = x + dx, y + dy
s639795659.py(20):         if not used[ny][nx] and mp[ny][nx] == word[pos + 1]:
s639795659.py(18):       for dx, dy in vec:
s639795659.py(19):         nx, ny = x + dx, y + dy
s639795659.py(20):         if not used[ny][nx] and mp[ny][nx] == word[pos + 1]:
s639795659.py(18):       for dx, dy in vec:
s639795659.py(19):         nx, ny = x + dx, y + dy
s639795659.py(20):         if not used[ny][nx] and mp[ny][nx] == word[pos + 1]:
s639795659.py(18):       for dx, dy in vec:
s639795659.py(19):         nx, ny = x + dx, y + dy
s639795659.py(20):         if not used[ny][nx] and mp[ny][nx] == word[pos + 1]:
s639795659.py(18):       for dx, dy in vec:
s639795659.py(19):         nx, ny = x + dx, y + dy
s639795659.py(20):         if not used[ny][nx] and mp[ny][nx] == word[pos + 1]:
s639795659.py(21):           ret += _search(word, pos + 1, nx, ny)
 --- modulename: s639795659, funcname: _search
s639795659.py(15):       if pos == len(word) - 1:return 1
s639795659.py(18):       for dx, dy in vec:
s639795659.py(19):         nx, ny = x + dx, y + dy
s639795659.py(20):         if not used[ny][nx] and mp[ny][nx] == word[pos + 1]:
s639795659.py(18):       for dx, dy in vec:
s639795659.py(19):         nx, ny = x + dx, y + dy
s639795659.py(20):         if not used[ny][nx] and mp[ny][nx] == word[pos + 1]:
s639795659.py(18):       for dx, dy in vec:
s639795659.py(22):       used[y][x] = False
s639795659.py(23):       return ret
s639795659.py(18):       for dx, dy in vec:
s639795659.py(19):         nx, ny = x + dx, y + dy
s639795659.py(20):         if not used[ny][nx] and mp[ny][nx] == word[pos + 1]:
s639795659.py(18):       for dx, dy in vec:
s639795659.py(22):       used[y][x] = False
s639795659.py(23):       return ret
s639795659.py(18):       for dx, dy in vec:
s639795659.py(22):       used[y][x] = False
s639795659.py(23):       return ret
s639795659.py(27):       for x in range(1, 5):
s639795659.py(28):         if mp[y][x] == word[0]:ret += _search(word, 0, x, y)  
s639795659.py(27):       for x in range(1, 5):
s639795659.py(26):     for y in range(1, 5):
s639795659.py(27):       for x in range(1, 5):
s639795659.py(28):         if mp[y][x] == word[0]:ret += _search(word, 0, x, y)  
s639795659.py(27):       for x in range(1, 5):
s639795659.py(28):         if mp[y][x] == word[0]:ret += _search(word, 0, x, y)  
s639795659.py(27):       for x in range(1, 5):
s639795659.py(28):         if mp[y][x] == word[0]:ret += _search(word, 0, x, y)  
 --- modulename: s639795659, funcname: _search
s639795659.py(15):       if pos == len(word) - 1:return 1
s639795659.py(16):       used[y][x] = True
s639795659.py(17):       ret = 0
s639795659.py(18):       for dx, dy in vec:
s639795659.py(19):         nx, ny = x + dx, y + dy
s639795659.py(20):         if not used[ny][nx] and mp[ny][nx] == word[pos + 1]:
s639795659.py(21):           ret += _search(word, pos + 1, nx, ny)
 --- modulename: s639795659, funcname: _search
s639795659.py(15):       if pos == len(word) - 1:return 1
s639795659.py(16):       used[y][x] = True
s639795659.py(17):       ret = 0
s639795659.py(18):       for dx, dy in vec:
s639795659.py(19):         nx, ny = x + dx, y + dy
s639795659.py(20):         if not used[ny][nx] and mp[ny][nx] == word[pos + 1]:
s639795659.py(18):       for dx, dy in vec:
s639795659.py(19):         nx, ny = x + dx, y + dy
s639795659.py(20):         if not used[ny][nx] and mp[ny][nx] == word[pos + 1]:
s639795659.py(18):       for dx, dy in vec:
s639795659.py(19):         nx, ny = x + dx, y + dy
s639795659.py(20):         if not used[ny][nx] and mp[ny][nx] == word[pos + 1]:
s639795659.py(18):       for dx, dy in vec:
s639795659.py(19):         nx, ny = x + dx, y + dy
s639795659.py(20):         if not used[ny][nx] and mp[ny][nx] == word[pos + 1]:
s639795659.py(18):       for dx, dy in vec:
s639795659.py(19):         nx, ny = x + dx, y + dy
s639795659.py(20):         if not used[ny][nx] and mp[ny][nx] == word[pos + 1]:
s639795659.py(18):       for dx, dy in vec:
s639795659.py(19):         nx, ny = x + dx, y + dy
s639795659.py(20):         if not used[ny][nx] and mp[ny][nx] == word[pos + 1]:
s639795659.py(18):       for dx, dy in vec:
s639795659.py(19):         nx, ny = x + dx, y + dy
s639795659.py(20):         if not used[ny][nx] and mp[ny][nx] == word[pos + 1]:
s639795659.py(21):           ret += _search(word, pos + 1, nx, ny)
 --- modulename: s639795659, funcname: _search
s639795659.py(15):       if pos == len(word) - 1:return 1
s639795659.py(16):       used[y][x] = True
s639795659.py(17):       ret = 0
s639795659.py(18):       for dx, dy in vec:
s639795659.py(19):         nx, ny = x + dx, y + dy
s639795659.py(20):         if not used[ny][nx] and mp[ny][nx] == word[pos + 1]:
s639795659.py(18):       for dx, dy in vec:
s639795659.py(19):         nx, ny = x + dx, y + dy
s639795659.py(20):         if not used[ny][nx] and mp[ny][nx] == word[pos + 1]:
s639795659.py(18):       for dx, dy in vec:
s639795659.py(19):         nx, ny = x + dx, y + dy
s639795659.py(20):         if not used[ny][nx] and mp[ny][nx] == word[pos + 1]:
s639795659.py(18):       for dx, dy in vec:
s639795659.py(19):         nx, ny = x + dx, y + dy
s639795659.py(20):         if not used[ny][nx] and mp[ny][nx] == word[pos + 1]:
s639795659.py(18):       for dx, dy in vec:
s639795659.py(19):         nx, ny = x + dx, y + dy
s639795659.py(20):         if not used[ny][nx] and mp[ny][nx] == word[pos + 1]:
s639795659.py(18):       for dx, dy in vec:
s639795659.py(19):         nx, ny = x + dx, y + dy
s639795659.py(20):         if not used[ny][nx] and mp[ny][nx] == word[pos + 1]:
s639795659.py(21):           ret += _search(word, pos + 1, nx, ny)
 --- modulename: s639795659, funcname: _search
s639795659.py(15):       if pos == len(word) - 1:return 1
s639795659.py(18):       for dx, dy in vec:
s639795659.py(19):         nx, ny = x + dx, y + dy
s639795659.py(20):         if not used[ny][nx] and mp[ny][nx] == word[pos + 1]:
s639795659.py(18):       for dx, dy in vec:
s639795659.py(19):         nx, ny = x + dx, y + dy
s639795659.py(20):         if not used[ny][nx] and mp[ny][nx] == word[pos + 1]:
s639795659.py(18):       for dx, dy in vec:
s639795659.py(22):       used[y][x] = False
s639795659.py(23):       return ret
s639795659.py(18):       for dx, dy in vec:
s639795659.py(19):         nx, ny = x + dx, y + dy
s639795659.py(20):         if not used[ny][nx] and mp[ny][nx] == word[pos + 1]:
s639795659.py(18):       for dx, dy in vec:
s639795659.py(22):       used[y][x] = False
s639795659.py(23):       return ret
s639795659.py(18):       for dx, dy in vec:
s639795659.py(19):         nx, ny = x + dx, y + dy
s639795659.py(20):         if not used[ny][nx] and mp[ny][nx] == word[pos + 1]:
s639795659.py(18):       for dx, dy in vec:
s639795659.py(19):         nx, ny = x + dx, y + dy
s639795659.py(20):         if not used[ny][nx] and mp[ny][nx] == word[pos + 1]:
s639795659.py(18):       for dx, dy in vec:
s639795659.py(19):         nx, ny = x + dx, y + dy
s639795659.py(20):         if not used[ny][nx] and mp[ny][nx] == word[pos + 1]:
s639795659.py(18):       for dx, dy in vec:
s639795659.py(19):         nx, ny = x + dx, y + dy
s639795659.py(20):         if not used[ny][nx] and mp[ny][nx] == word[pos + 1]:
s639795659.py(21):           ret += _search(word, pos + 1, nx, ny)
 --- modulename: s639795659, funcname: _search
s639795659.py(15):       if pos == len(word) - 1:return 1
s639795659.py(16):       used[y][x] = True
s639795659.py(17):       ret = 0
s639795659.py(18):       for dx, dy in vec:
s639795659.py(19):         nx, ny = x + dx, y + dy
s639795659.py(20):         if not used[ny][nx] and mp[ny][nx] == word[pos + 1]:
s639795659.py(18):       for dx, dy in vec:
s639795659.py(19):         nx, ny = x + dx, y + dy
s639795659.py(20):         if not used[ny][nx] and mp[ny][nx] == word[pos + 1]:
s639795659.py(18):       for dx, dy in vec:
s639795659.py(19):         nx, ny = x + dx, y + dy
s639795659.py(20):         if not used[ny][nx] and mp[ny][nx] == word[pos + 1]:
s639795659.py(18):       for dx, dy in vec:
s639795659.py(19):         nx, ny = x + dx, y + dy
s639795659.py(20):         if not used[ny][nx] and mp[ny][nx] == word[pos + 1]:
s639795659.py(18):       for dx, dy in vec:
s639795659.py(19):         nx, ny = x + dx, y + dy
s639795659.py(20):         if not used[ny][nx] and mp[ny][nx] == word[pos + 1]:
s639795659.py(18):       for dx, dy in vec:
s639795659.py(19):         nx, ny = x + dx, y + dy
s639795659.py(20):         if not used[ny][nx] and mp[ny][nx] == word[pos + 1]:
s639795659.py(18):       for dx, dy in vec:
s639795659.py(19):         nx, ny = x + dx, y + dy
s639795659.py(20):         if not used[ny][nx] and mp[ny][nx] == word[pos + 1]:
s639795659.py(18):       for dx, dy in vec:
s639795659.py(19):         nx, ny = x + dx, y + dy
s639795659.py(20):         if not used[ny][nx] and mp[ny][nx] == word[pos + 1]:
s639795659.py(18):       for dx, dy in vec:
s639795659.py(22):       used[y][x] = False
s639795659.py(23):       return ret
s639795659.py(18):       for dx, dy in vec:
s639795659.py(19):         nx, ny = x + dx, y + dy
s639795659.py(20):         if not used[ny][nx] and mp[ny][nx] == word[pos + 1]:
s639795659.py(18):       for dx, dy in vec:
s639795659.py(19):         nx, ny = x + dx, y + dy
s639795659.py(20):         if not used[ny][nx] and mp[ny][nx] == word[pos + 1]:
s639795659.py(18):       for dx, dy in vec:
s639795659.py(19):         nx, ny = x + dx, y + dy
s639795659.py(20):         if not used[ny][nx] and mp[ny][nx] == word[pos + 1]:
s639795659.py(18):       for dx, dy in vec:
s639795659.py(22):       used[y][x] = False
s639795659.py(23):       return ret
s639795659.py(27):       for x in range(1, 5):
s639795659.py(28):         if mp[y][x] == word[0]:ret += _search(word, 0, x, y)  
s639795659.py(27):       for x in range(1, 5):
s639795659.py(26):     for y in range(1, 5):
s639795659.py(27):       for x in range(1, 5):
s639795659.py(28):         if mp[y][x] == word[0]:ret += _search(word, 0, x, y)  
s639795659.py(27):       for x in range(1, 5):
s639795659.py(28):         if mp[y][x] == word[0]:ret += _search(word, 0, x, y)  
s639795659.py(27):       for x in range(1, 5):
s639795659.py(28):         if mp[y][x] == word[0]:ret += _search(word, 0, x, y)  
s639795659.py(27):       for x in range(1, 5):
s639795659.py(28):         if mp[y][x] == word[0]:ret += _search(word, 0, x, y)  
s639795659.py(27):       for x in range(1, 5):
s639795659.py(26):     for y in range(1, 5):
s639795659.py(27):       for x in range(1, 5):
s639795659.py(28):         if mp[y][x] == word[0]:ret += _search(word, 0, x, y)  
s639795659.py(27):       for x in range(1, 5):
s639795659.py(28):         if mp[y][x] == word[0]:ret += _search(word, 0, x, y)  
 --- modulename: s639795659, funcname: _search
s639795659.py(15):       if pos == len(word) - 1:return 1
s639795659.py(16):       used[y][x] = True
s639795659.py(17):       ret = 0
s639795659.py(18):       for dx, dy in vec:
s639795659.py(19):         nx, ny = x + dx, y + dy
s639795659.py(20):         if not used[ny][nx] and mp[ny][nx] == word[pos + 1]:
s639795659.py(18):       for dx, dy in vec:
s639795659.py(19):         nx, ny = x + dx, y + dy
s639795659.py(20):         if not used[ny][nx] and mp[ny][nx] == word[pos + 1]:
s639795659.py(18):       for dx, dy in vec:
s639795659.py(19):         nx, ny = x + dx, y + dy
s639795659.py(20):         if not used[ny][nx] and mp[ny][nx] == word[pos + 1]:
s639795659.py(18):       for dx, dy in vec:
s639795659.py(19):         nx, ny = x + dx, y + dy
s639795659.py(20):         if not used[ny][nx] and mp[ny][nx] == word[pos + 1]:
s639795659.py(21):           ret += _search(word, pos + 1, nx, ny)
 --- modulename: s639795659, funcname: _search
s639795659.py(15):       if pos == len(word) - 1:return 1
s639795659.py(16):       used[y][x] = True
s639795659.py(17):       ret = 0
s639795659.py(18):       for dx, dy in vec:
s639795659.py(19):         nx, ny = x + dx, y + dy
s639795659.py(20):         if not used[ny][nx] and mp[ny][nx] == word[pos + 1]:
s639795659.py(18):       for dx, dy in vec:
s639795659.py(19):         nx, ny = x + dx, y + dy
s639795659.py(20):         if not used[ny][nx] and mp[ny][nx] == word[pos + 1]:
s639795659.py(18):       for dx, dy in vec:
s639795659.py(19):         nx, ny = x + dx, y + dy
s639795659.py(20):         if not used[ny][nx] and mp[ny][nx] == word[pos + 1]:
s639795659.py(18):       for dx, dy in vec:
s639795659.py(19):         nx, ny = x + dx, y + dy
s639795659.py(20):         if not used[ny][nx] and mp[ny][nx] == word[pos + 1]:
s639795659.py(18):       for dx, dy in vec:
s639795659.py(19):         nx, ny = x + dx, y + dy
s639795659.py(20):         if not used[ny][nx] and mp[ny][nx] == word[pos + 1]:
s639795659.py(18):       for dx, dy in vec:
s639795659.py(19):         nx, ny = x + dx, y + dy
s639795659.py(20):         if not used[ny][nx] and mp[ny][nx] == word[pos + 1]:
s639795659.py(18):       for dx, dy in vec:
s639795659.py(19):         nx, ny = x + dx, y + dy
s639795659.py(20):         if not used[ny][nx] and mp[ny][nx] == word[pos + 1]:
s639795659.py(18):       for dx, dy in vec:
s639795659.py(19):         nx, ny = x + dx, y + dy
s639795659.py(20):         if not used[ny][nx] and mp[ny][nx] == word[pos + 1]:
s639795659.py(18):       for dx, dy in vec:
s639795659.py(22):       used[y][x] = False
s639795659.py(23):       return ret
s639795659.py(18):       for dx, dy in vec:
s639795659.py(19):         nx, ny = x + dx, y + dy
s639795659.py(20):         if not used[ny][nx] and mp[ny][nx] == word[pos + 1]:
s639795659.py(18):       for dx, dy in vec:
s639795659.py(19):         nx, ny = x + dx, y + dy
s639795659.py(20):         if not used[ny][nx] and mp[ny][nx] == word[pos + 1]:
s639795659.py(18):       for dx, dy in vec:
s639795659.py(19):         nx, ny = x + dx, y + dy
s639795659.py(20):         if not used[ny][nx] and mp[ny][nx] == word[pos + 1]:
s639795659.py(18):       for dx, dy in vec:
s639795659.py(19):         nx, ny = x + dx, y + dy
s639795659.py(20):         if not used[ny][nx] and mp[ny][nx] == word[pos + 1]:
s639795659.py(18):       for dx, dy in vec:
s639795659.py(22):       used[y][x] = False
s639795659.py(23):       return ret
s639795659.py(27):       for x in range(1, 5):
s639795659.py(28):         if mp[y][x] == word[0]:ret += _search(word, 0, x, y)  
s639795659.py(27):       for x in range(1, 5):
s639795659.py(28):         if mp[y][x] == word[0]:ret += _search(word, 0, x, y)  
s639795659.py(27):       for x in range(1, 5):
s639795659.py(26):     for y in range(1, 5):
s639795659.py(29):     return ret
s639795659.py(34):     acc = 1
s639795659.py(35):     weight = len(word)
s639795659.py(36):     while cnt >= acc:
s639795659.py(37):       cnt -= acc
s639795659.py(38):       items.append((score * acc, weight * acc))
s639795659.py(39):       acc *= 2
s639795659.py(36):     while cnt >= acc:
s639795659.py(40):     if cnt:
s639795659.py(41):       items.append((score * cnt, weight * cnt))
s639795659.py(32):   for word, score in lst:
s639795659.py(33):     cnt = search(word)
 --- modulename: s639795659, funcname: search
s639795659.py(11):     used = [[False] * 6 for _ in range(6)]
 --- modulename: s639795659, funcname: <listcomp>
s639795659.py(11):     used = [[False] * 6 for _ in range(6)]
s639795659.py(11):     used = [[False] * 6 for _ in range(6)]
s639795659.py(11):     used = [[False] * 6 for _ in range(6)]
s639795659.py(11):     used = [[False] * 6 for _ in range(6)]
s639795659.py(11):     used = [[False] * 6 for _ in range(6)]
s639795659.py(11):     used = [[False] * 6 for _ in range(6)]
s639795659.py(11):     used = [[False] * 6 for _ in range(6)]
s639795659.py(12):     vec = ((1, 0), (1, -1), (0, -1), (-1, -1), (-1, 0), (-1, 1), (0, 1), (1, 1))
s639795659.py(14):     def _search(word, pos, x, y):
s639795659.py(25):     ret = 0
s639795659.py(26):     for y in range(1, 5):
s639795659.py(27):       for x in range(1, 5):
s639795659.py(28):         if mp[y][x] == word[0]:ret += _search(word, 0, x, y)  
 --- modulename: s639795659, funcname: _search
s639795659.py(15):       if pos == len(word) - 1:return 1
s639795659.py(16):       used[y][x] = True
s639795659.py(17):       ret = 0
s639795659.py(18):       for dx, dy in vec:
s639795659.py(19):         nx, ny = x + dx, y + dy
s639795659.py(20):         if not used[ny][nx] and mp[ny][nx] == word[pos + 1]:
s639795659.py(18):       for dx, dy in vec:
s639795659.py(19):         nx, ny = x + dx, y + dy
s639795659.py(20):         if not used[ny][nx] and mp[ny][nx] == word[pos + 1]:
s639795659.py(18):       for dx, dy in vec:
s639795659.py(19):         nx, ny = x + dx, y + dy
s639795659.py(20):         if not used[ny][nx] and mp[ny][nx] == word[pos + 1]:
s639795659.py(18):       for dx, dy in vec:
s639795659.py(19):         nx, ny = x + dx, y + dy
s639795659.py(20):         if not used[ny][nx] and mp[ny][nx] == word[pos + 1]:
s639795659.py(18):       for dx, dy in vec:
s639795659.py(19):         nx, ny = x + dx, y + dy
s639795659.py(20):         if not used[ny][nx] and mp[ny][nx] == word[pos + 1]:
s639795659.py(18):       for dx, dy in vec:
s639795659.py(19):         nx, ny = x + dx, y + dy
s639795659.py(20):         if not used[ny][nx] and mp[ny][nx] == word[pos + 1]:
s639795659.py(18):       for dx, dy in vec:
s639795659.py(19):         nx, ny = x + dx, y + dy
s639795659.py(20):         if not used[ny][nx] and mp[ny][nx] == word[pos + 1]:
s639795659.py(18):       for dx, dy in vec:
s639795659.py(19):         nx, ny = x + dx, y + dy
s639795659.py(20):         if not used[ny][nx] and mp[ny][nx] == word[pos + 1]:
s639795659.py(18):       for dx, dy in vec:
s639795659.py(22):       used[y][x] = False
s639795659.py(23):       return ret
s639795659.py(27):       for x in range(1, 5):
s639795659.py(28):         if mp[y][x] == word[0]:ret += _search(word, 0, x, y)  
s639795659.py(27):       for x in range(1, 5):
s639795659.py(28):         if mp[y][x] == word[0]:ret += _search(word, 0, x, y)  
s639795659.py(27):       for x in range(1, 5):
s639795659.py(28):         if mp[y][x] == word[0]:ret += _search(word, 0, x, y)  
 --- modulename: s639795659, funcname: _search
s639795659.py(15):       if pos == len(word) - 1:return 1
s639795659.py(16):       used[y][x] = True
s639795659.py(17):       ret = 0
s639795659.py(18):       for dx, dy in vec:
s639795659.py(19):         nx, ny = x + dx, y + dy
s639795659.py(20):         if not used[ny][nx] and mp[ny][nx] == word[pos + 1]:
s639795659.py(18):       for dx, dy in vec:
s639795659.py(19):         nx, ny = x + dx, y + dy
s639795659.py(20):         if not used[ny][nx] and mp[ny][nx] == word[pos + 1]:
s639795659.py(18):       for dx, dy in vec:
s639795659.py(19):         nx, ny = x + dx, y + dy
s639795659.py(20):         if not used[ny][nx] and mp[ny][nx] == word[pos + 1]:
s639795659.py(18):       for dx, dy in vec:
s639795659.py(19):         nx, ny = x + dx, y + dy
s639795659.py(20):         if not used[ny][nx] and mp[ny][nx] == word[pos + 1]:
s639795659.py(18):       for dx, dy in vec:
s639795659.py(19):         nx, ny = x + dx, y + dy
s639795659.py(20):         if not used[ny][nx] and mp[ny][nx] == word[pos + 1]:
s639795659.py(21):           ret += _search(word, pos + 1, nx, ny)
 --- modulename: s639795659, funcname: _search
s639795659.py(15):       if pos == len(word) - 1:return 1
s639795659.py(16):       used[y][x] = True
s639795659.py(17):       ret = 0
s639795659.py(18):       for dx, dy in vec:
s639795659.py(19):         nx, ny = x + dx, y + dy
s639795659.py(20):         if not used[ny][nx] and mp[ny][nx] == word[pos + 1]:
s639795659.py(18):       for dx, dy in vec:
s639795659.py(19):         nx, ny = x + dx, y + dy
s639795659.py(20):         if not used[ny][nx] and mp[ny][nx] == word[pos + 1]:
s639795659.py(18):       for dx, dy in vec:
s639795659.py(19):         nx, ny = x + dx, y + dy
s639795659.py(20):         if not used[ny][nx] and mp[ny][nx] == word[pos + 1]:
s639795659.py(18):       for dx, dy in vec:
s639795659.py(19):         nx, ny = x + dx, y + dy
s639795659.py(20):         if not used[ny][nx] and mp[ny][nx] == word[pos + 1]:
s639795659.py(18):       for dx, dy in vec:
s639795659.py(19):         nx, ny = x + dx, y + dy
s639795659.py(20):         if not used[ny][nx] and mp[ny][nx] == word[pos + 1]:
s639795659.py(18):       for dx, dy in vec:
s639795659.py(19):         nx, ny = x + dx, y + dy
s639795659.py(20):         if not used[ny][nx] and mp[ny][nx] == word[pos + 1]:
s639795659.py(18):       for dx, dy in vec:
s639795659.py(19):         nx, ny = x + dx, y + dy
s639795659.py(20):         if not used[ny][nx] and mp[ny][nx] == word[pos + 1]:
s639795659.py(21):           ret += _search(word, pos + 1, nx, ny)
 --- modulename: s639795659, funcname: _search
s639795659.py(15):       if pos == len(word) - 1:return 1
s639795659.py(18):       for dx, dy in vec:
s639795659.py(19):         nx, ny = x + dx, y + dy
s639795659.py(20):         if not used[ny][nx] and mp[ny][nx] == word[pos + 1]:
s639795659.py(18):       for dx, dy in vec:
s639795659.py(22):       used[y][x] = False
s639795659.py(23):       return ret
s639795659.py(18):       for dx, dy in vec:
s639795659.py(19):         nx, ny = x + dx, y + dy
s639795659.py(20):         if not used[ny][nx] and mp[ny][nx] == word[pos + 1]:
s639795659.py(21):           ret += _search(word, pos + 1, nx, ny)
 --- modulename: s639795659, funcname: _search
s639795659.py(15):       if pos == len(word) - 1:return 1
s639795659.py(16):       used[y][x] = True
s639795659.py(17):       ret = 0
s639795659.py(18):       for dx, dy in vec:
s639795659.py(19):         nx, ny = x + dx, y + dy
s639795659.py(20):         if not used[ny][nx] and mp[ny][nx] == word[pos + 1]:
s639795659.py(18):       for dx, dy in vec:
s639795659.py(19):         nx, ny = x + dx, y + dy
s639795659.py(20):         if not used[ny][nx] and mp[ny][nx] == word[pos + 1]:
s639795659.py(18):       for dx, dy in vec:
s639795659.py(19):         nx, ny = x + dx, y + dy
s639795659.py(20):         if not used[ny][nx] and mp[ny][nx] == word[pos + 1]:
s639795659.py(21):           ret += _search(word, pos + 1, nx, ny)
 --- modulename: s639795659, funcname: _search
s639795659.py(15):       if pos == len(word) - 1:return 1
s639795659.py(18):       for dx, dy in vec:
s639795659.py(19):         nx, ny = x + dx, y + dy
s639795659.py(20):         if not used[ny][nx] and mp[ny][nx] == word[pos + 1]:
s639795659.py(18):       for dx, dy in vec:
s639795659.py(19):         nx, ny = x + dx, y + dy
s639795659.py(20):         if not used[ny][nx] and mp[ny][nx] == word[pos + 1]:
s639795659.py(18):       for dx, dy in vec:
s639795659.py(19):         nx, ny = x + dx, y + dy
s639795659.py(20):         if not used[ny][nx] and mp[ny][nx] == word[pos + 1]:
s639795659.py(18):       for dx, dy in vec:
s639795659.py(19):         nx, ny = x + dx, y + dy
s639795659.py(20):         if not used[ny][nx] and mp[ny][nx] == word[pos + 1]:
s639795659.py(18):       for dx, dy in vec:
s639795659.py(19):         nx, ny = x + dx, y + dy
s639795659.py(20):         if not used[ny][nx] and mp[ny][nx] == word[pos + 1]:
s639795659.py(18):       for dx, dy in vec:
s639795659.py(22):       used[y][x] = False
s639795659.py(23):       return ret
s639795659.py(18):       for dx, dy in vec:
s639795659.py(19):         nx, ny = x + dx, y + dy
s639795659.py(20):         if not used[ny][nx] and mp[ny][nx] == word[pos + 1]:
s639795659.py(18):       for dx, dy in vec:
s639795659.py(19):         nx, ny = x + dx, y + dy
s639795659.py(20):         if not used[ny][nx] and mp[ny][nx] == word[pos + 1]:
s639795659.py(18):       for dx, dy in vec:
s639795659.py(22):       used[y][x] = False
s639795659.py(23):       return ret
s639795659.py(27):       for x in range(1, 5):
s639795659.py(26):     for y in range(1, 5):
s639795659.py(27):       for x in range(1, 5):
s639795659.py(28):         if mp[y][x] == word[0]:ret += _search(word, 0, x, y)  
s639795659.py(27):       for x in range(1, 5):
s639795659.py(28):         if mp[y][x] == word[0]:ret += _search(word, 0, x, y)  
s639795659.py(27):       for x in range(1, 5):
s639795659.py(28):         if mp[y][x] == word[0]:ret += _search(word, 0, x, y)  
s639795659.py(27):       for x in range(1, 5):
s639795659.py(28):         if mp[y][x] == word[0]:ret += _search(word, 0, x, y)  
s639795659.py(27):       for x in range(1, 5):
s639795659.py(26):     for y in range(1, 5):
s639795659.py(27):       for x in range(1, 5):
s639795659.py(28):         if mp[y][x] == word[0]:ret += _search(word, 0, x, y)  
s639795659.py(27):       for x in range(1, 5):
s639795659.py(28):         if mp[y][x] == word[0]:ret += _search(word, 0, x, y)  
s639795659.py(27):       for x in range(1, 5):
s639795659.py(28):         if mp[y][x] == word[0]:ret += _search(word, 0, x, y)  
s639795659.py(27):       for x in range(1, 5):
s639795659.py(28):         if mp[y][x] == word[0]:ret += _search(word, 0, x, y)  
s639795659.py(27):       for x in range(1, 5):
s639795659.py(26):     for y in range(1, 5):
s639795659.py(27):       for x in range(1, 5):
s639795659.py(28):         if mp[y][x] == word[0]:ret += _search(word, 0, x, y)  
s639795659.py(27):       for x in range(1, 5):
s639795659.py(28):         if mp[y][x] == word[0]:ret += _search(word, 0, x, y)  
s639795659.py(27):       for x in range(1, 5):
s639795659.py(28):         if mp[y][x] == word[0]:ret += _search(word, 0, x, y)  
s639795659.py(27):       for x in range(1, 5):
s639795659.py(28):         if mp[y][x] == word[0]:ret += _search(word, 0, x, y)  
s639795659.py(27):       for x in range(1, 5):
s639795659.py(26):     for y in range(1, 5):
s639795659.py(29):     return ret
s639795659.py(34):     acc = 1
s639795659.py(35):     weight = len(word)
s639795659.py(36):     while cnt >= acc:
s639795659.py(37):       cnt -= acc
s639795659.py(38):       items.append((score * acc, weight * acc))
s639795659.py(39):       acc *= 2
s639795659.py(36):     while cnt >= acc:
s639795659.py(40):     if cnt:
s639795659.py(41):       items.append((score * cnt, weight * cnt))
s639795659.py(32):   for word, score in lst:
s639795659.py(33):     cnt = search(word)
 --- modulename: s639795659, funcname: search
s639795659.py(11):     used = [[False] * 6 for _ in range(6)]
 --- modulename: s639795659, funcname: <listcomp>
s639795659.py(11):     used = [[False] * 6 for _ in range(6)]
s639795659.py(11):     used = [[False] * 6 for _ in range(6)]
s639795659.py(11):     used = [[False] * 6 for _ in range(6)]
s639795659.py(11):     used = [[False] * 6 for _ in range(6)]
s639795659.py(11):     used = [[False] * 6 for _ in range(6)]
s639795659.py(11):     used = [[False] * 6 for _ in range(6)]
s639795659.py(11):     used = [[False] * 6 for _ in range(6)]
s639795659.py(12):     vec = ((1, 0), (1, -1), (0, -1), (-1, -1), (-1, 0), (-1, 1), (0, 1), (1, 1))
s639795659.py(14):     def _search(word, pos, x, y):
s639795659.py(25):     ret = 0
s639795659.py(26):     for y in range(1, 5):
s639795659.py(27):       for x in range(1, 5):
s639795659.py(28):         if mp[y][x] == word[0]:ret += _search(word, 0, x, y)  
 --- modulename: s639795659, funcname: _search
s639795659.py(15):       if pos == len(word) - 1:return 1
s639795659.py(16):       used[y][x] = True
s639795659.py(17):       ret = 0
s639795659.py(18):       for dx, dy in vec:
s639795659.py(19):         nx, ny = x + dx, y + dy
s639795659.py(20):         if not used[ny][nx] and mp[ny][nx] == word[pos + 1]:
s639795659.py(21):           ret += _search(word, pos + 1, nx, ny)
 --- modulename: s639795659, funcname: _search
s639795659.py(15):       if pos == len(word) - 1:return 1
s639795659.py(18):       for dx, dy in vec:
s639795659.py(19):         nx, ny = x + dx, y + dy
s639795659.py(20):         if not used[ny][nx] and mp[ny][nx] == word[pos + 1]:
s639795659.py(18):       for dx, dy in vec:
s639795659.py(19):         nx, ny = x + dx, y + dy
s639795659.py(20):         if not used[ny][nx] and mp[ny][nx] == word[pos + 1]:
s639795659.py(18):       for dx, dy in vec:
s639795659.py(19):         nx, ny = x + dx, y + dy
s639795659.py(20):         if not used[ny][nx] and mp[ny][nx] == word[pos + 1]:
s639795659.py(18):       for dx, dy in vec:
s639795659.py(19):         nx, ny = x + dx, y + dy
s639795659.py(20):         if not used[ny][nx] and mp[ny][nx] == word[pos + 1]:
s639795659.py(18):       for dx, dy in vec:
s639795659.py(19):         nx, ny = x + dx, y + dy
s639795659.py(20):         if not used[ny][nx] and mp[ny][nx] == word[pos + 1]:
s639795659.py(18):       for dx, dy in vec:
s639795659.py(19):         nx, ny = x + dx, y + dy
s639795659.py(20):         if not used[ny][nx] and mp[ny][nx] == word[pos + 1]:
s639795659.py(18):       for dx, dy in vec:
s639795659.py(19):         nx, ny = x + dx, y + dy
s639795659.py(20):         if not used[ny][nx] and mp[ny][nx] == word[pos + 1]:
s639795659.py(18):       for dx, dy in vec:
s639795659.py(22):       used[y][x] = False
s639795659.py(23):       return ret
s639795659.py(27):       for x in range(1, 5):
s639795659.py(28):         if mp[y][x] == word[0]:ret += _search(word, 0, x, y)  
s639795659.py(27):       for x in range(1, 5):
s639795659.py(28):         if mp[y][x] == word[0]:ret += _search(word, 0, x, y)  
s639795659.py(27):       for x in range(1, 5):
s639795659.py(28):         if mp[y][x] == word[0]:ret += _search(word, 0, x, y)  
 --- modulename: s639795659, funcname: _search
s639795659.py(15):       if pos == len(word) - 1:return 1
s639795659.py(16):       used[y][x] = True
s639795659.py(17):       ret = 0
s639795659.py(18):       for dx, dy in vec:
s639795659.py(19):         nx, ny = x + dx, y + dy
s639795659.py(20):         if not used[ny][nx] and mp[ny][nx] == word[pos + 1]:
s639795659.py(18):       for dx, dy in vec:
s639795659.py(19):         nx, ny = x + dx, y + dy
s639795659.py(20):         if not used[ny][nx] and mp[ny][nx] == word[pos + 1]:
s639795659.py(18):       for dx, dy in vec:
s639795659.py(19):         nx, ny = x + dx, y + dy
s639795659.py(20):         if not used[ny][nx] and mp[ny][nx] == word[pos + 1]:
s639795659.py(18):       for dx, dy in vec:
s639795659.py(19):         nx, ny = x + dx, y + dy
s639795659.py(20):         if not used[ny][nx] and mp[ny][nx] == word[pos + 1]:
s639795659.py(18):       for dx, dy in vec:
s639795659.py(19):         nx, ny = x + dx, y + dy
s639795659.py(20):         if not used[ny][nx] and mp[ny][nx] == word[pos + 1]:
s639795659.py(18):       for dx, dy in vec:
s639795659.py(19):         nx, ny = x + dx, y + dy
s639795659.py(20):         if not used[ny][nx] and mp[ny][nx] == word[pos + 1]:
s639795659.py(18):       for dx, dy in vec:
s639795659.py(19):         nx, ny = x + dx, y + dy
s639795659.py(20):         if not used[ny][nx] and mp[ny][nx] == word[pos + 1]:
s639795659.py(18):       for dx, dy in vec:
s639795659.py(19):         nx, ny = x + dx, y + dy
s639795659.py(20):         if not used[ny][nx] and mp[ny][nx] == word[pos + 1]:
s639795659.py(18):       for dx, dy in vec:
s639795659.py(22):       used[y][x] = False
s639795659.py(23):       return ret
s639795659.py(27):       for x in range(1, 5):
s639795659.py(26):     for y in range(1, 5):
s639795659.py(27):       for x in range(1, 5):
s639795659.py(28):         if mp[y][x] == word[0]:ret += _search(word, 0, x, y)  
s639795659.py(27):       for x in range(1, 5):
s639795659.py(28):         if mp[y][x] == word[0]:ret += _search(word, 0, x, y)  
s639795659.py(27):       for x in range(1, 5):
s639795659.py(28):         if mp[y][x] == word[0]:ret += _search(word, 0, x, y)  
s639795659.py(27):       for x in range(1, 5):
s639795659.py(28):         if mp[y][x] == word[0]:ret += _search(word, 0, x, y)  
s639795659.py(27):       for x in range(1, 5):
s639795659.py(26):     for y in range(1, 5):
s639795659.py(27):       for x in range(1, 5):
s639795659.py(28):         if mp[y][x] == word[0]:ret += _search(word, 0, x, y)  
s639795659.py(27):       for x in range(1, 5):
s639795659.py(28):         if mp[y][x] == word[0]:ret += _search(word, 0, x, y)  
s639795659.py(27):       for x in range(1, 5):
s639795659.py(28):         if mp[y][x] == word[0]:ret += _search(word, 0, x, y)  
s639795659.py(27):       for x in range(1, 5):
s639795659.py(28):         if mp[y][x] == word[0]:ret += _search(word, 0, x, y)  
s639795659.py(27):       for x in range(1, 5):
s639795659.py(26):     for y in range(1, 5):
s639795659.py(27):       for x in range(1, 5):
s639795659.py(28):         if mp[y][x] == word[0]:ret += _search(word, 0, x, y)  
s639795659.py(27):       for x in range(1, 5):
s639795659.py(28):         if mp[y][x] == word[0]:ret += _search(word, 0, x, y)  
s639795659.py(27):       for x in range(1, 5):
s639795659.py(28):         if mp[y][x] == word[0]:ret += _search(word, 0, x, y)  
s639795659.py(27):       for x in range(1, 5):
s639795659.py(28):         if mp[y][x] == word[0]:ret += _search(word, 0, x, y)  
s639795659.py(27):       for x in range(1, 5):
s639795659.py(26):     for y in range(1, 5):
s639795659.py(29):     return ret
s639795659.py(34):     acc = 1
s639795659.py(35):     weight = len(word)
s639795659.py(36):     while cnt >= acc:
s639795659.py(37):       cnt -= acc
s639795659.py(38):       items.append((score * acc, weight * acc))
s639795659.py(39):       acc *= 2
s639795659.py(36):     while cnt >= acc:
s639795659.py(40):     if cnt:
s639795659.py(32):   for word, score in lst:
s639795659.py(33):     cnt = search(word)
 --- modulename: s639795659, funcname: search
s639795659.py(11):     used = [[False] * 6 for _ in range(6)]
 --- modulename: s639795659, funcname: <listcomp>
s639795659.py(11):     used = [[False] * 6 for _ in range(6)]
s639795659.py(11):     used = [[False] * 6 for _ in range(6)]
s639795659.py(11):     used = [[False] * 6 for _ in range(6)]
s639795659.py(11):     used = [[False] * 6 for _ in range(6)]
s639795659.py(11):     used = [[False] * 6 for _ in range(6)]
s639795659.py(11):     used = [[False] * 6 for _ in range(6)]
s639795659.py(11):     used = [[False] * 6 for _ in range(6)]
s639795659.py(12):     vec = ((1, 0), (1, -1), (0, -1), (-1, -1), (-1, 0), (-1, 1), (0, 1), (1, 1))
s639795659.py(14):     def _search(word, pos, x, y):
s639795659.py(25):     ret = 0
s639795659.py(26):     for y in range(1, 5):
s639795659.py(27):       for x in range(1, 5):
s639795659.py(28):         if mp[y][x] == word[0]:ret += _search(word, 0, x, y)  
s639795659.py(27):       for x in range(1, 5):
s639795659.py(28):         if mp[y][x] == word[0]:ret += _search(word, 0, x, y)  
s639795659.py(27):       for x in range(1, 5):
s639795659.py(28):         if mp[y][x] == word[0]:ret += _search(word, 0, x, y)  
s639795659.py(27):       for x in range(1, 5):
s639795659.py(28):         if mp[y][x] == word[0]:ret += _search(word, 0, x, y)  
s639795659.py(27):       for x in range(1, 5):
s639795659.py(26):     for y in range(1, 5):
s639795659.py(27):       for x in range(1, 5):
s639795659.py(28):         if mp[y][x] == word[0]:ret += _search(word, 0, x, y)  
 --- modulename: s639795659, funcname: _search
s639795659.py(15):       if pos == len(word) - 1:return 1
s639795659.py(16):       used[y][x] = True
s639795659.py(17):       ret = 0
s639795659.py(18):       for dx, dy in vec:
s639795659.py(19):         nx, ny = x + dx, y + dy
s639795659.py(20):         if not used[ny][nx] and mp[ny][nx] == word[pos + 1]:
s639795659.py(21):           ret += _search(word, pos + 1, nx, ny)
 --- modulename: s639795659, funcname: _search
s639795659.py(15):       if pos == len(word) - 1:return 1
s639795659.py(16):       used[y][x] = True
s639795659.py(17):       ret = 0
s639795659.py(18):       for dx, dy in vec:
s639795659.py(19):         nx, ny = x + dx, y + dy
s639795659.py(20):         if not used[ny][nx] and mp[ny][nx] == word[pos + 1]:
s639795659.py(18):       for dx, dy in vec:
s639795659.py(19):         nx, ny = x + dx, y + dy
s639795659.py(20):         if not used[ny][nx] and mp[ny][nx] == word[pos + 1]:
s639795659.py(18):       for dx, dy in vec:
s639795659.py(19):         nx, ny = x + dx, y + dy
s639795659.py(20):         if not used[ny][nx] and mp[ny][nx] == word[pos + 1]:
s639795659.py(18):       for dx, dy in vec:
s639795659.py(19):         nx, ny = x + dx, y + dy
s639795659.py(20):         if not used[ny][nx] and mp[ny][nx] == word[pos + 1]:
s639795659.py(18):       for dx, dy in vec:
s639795659.py(19):         nx, ny = x + dx, y + dy
s639795659.py(20):         if not used[ny][nx] and mp[ny][nx] == word[pos + 1]:
s639795659.py(18):       for dx, dy in vec:
s639795659.py(19):         nx, ny = x + dx, y + dy
s639795659.py(20):         if not used[ny][nx] and mp[ny][nx] == word[pos + 1]:
s639795659.py(18):       for dx, dy in vec:
s639795659.py(19):         nx, ny = x + dx, y + dy
s639795659.py(20):         if not used[ny][nx] and mp[ny][nx] == word[pos + 1]:
s639795659.py(18):       for dx, dy in vec:
s639795659.py(19):         nx, ny = x + dx, y + dy
s639795659.py(20):         if not used[ny][nx] and mp[ny][nx] == word[pos + 1]:
s639795659.py(18):       for dx, dy in vec:
s639795659.py(22):       used[y][x] = False
s639795659.py(23):       return ret
s639795659.py(18):       for dx, dy in vec:
s639795659.py(19):         nx, ny = x + dx, y + dy
s639795659.py(20):         if not used[ny][nx] and mp[ny][nx] == word[pos + 1]:
s639795659.py(18):       for dx, dy in vec:
s639795659.py(19):         nx, ny = x + dx, y + dy
s639795659.py(20):         if not used[ny][nx] and mp[ny][nx] == word[pos + 1]:
s639795659.py(18):       for dx, dy in vec:
s639795659.py(19):         nx, ny = x + dx, y + dy
s639795659.py(20):         if not used[ny][nx] and mp[ny][nx] == word[pos + 1]:
s639795659.py(18):       for dx, dy in vec:
s639795659.py(19):         nx, ny = x + dx, y + dy
s639795659.py(20):         if not used[ny][nx] and mp[ny][nx] == word[pos + 1]:
s639795659.py(18):       for dx, dy in vec:
s639795659.py(19):         nx, ny = x + dx, y + dy
s639795659.py(20):         if not used[ny][nx] and mp[ny][nx] == word[pos + 1]:
s639795659.py(18):       for dx, dy in vec:
s639795659.py(19):         nx, ny = x + dx, y + dy
s639795659.py(20):         if not used[ny][nx] and mp[ny][nx] == word[pos + 1]:
s639795659.py(21):           ret += _search(word, pos + 1, nx, ny)
 --- modulename: s639795659, funcname: _search
s639795659.py(15):       if pos == len(word) - 1:return 1
s639795659.py(16):       used[y][x] = True
s639795659.py(17):       ret = 0
s639795659.py(18):       for dx, dy in vec:
s639795659.py(19):         nx, ny = x + dx, y + dy
s639795659.py(20):         if not used[ny][nx] and mp[ny][nx] == word[pos + 1]:
s639795659.py(18):       for dx, dy in vec:
s639795659.py(19):         nx, ny = x + dx, y + dy
s639795659.py(20):         if not used[ny][nx] and mp[ny][nx] == word[pos + 1]:
s639795659.py(18):       for dx, dy in vec:
s639795659.py(19):         nx, ny = x + dx, y + dy
s639795659.py(20):         if not used[ny][nx] and mp[ny][nx] == word[pos + 1]:
s639795659.py(18):       for dx, dy in vec:
s639795659.py(19):         nx, ny = x + dx, y + dy
s639795659.py(20):         if not used[ny][nx] and mp[ny][nx] == word[pos + 1]:
s639795659.py(18):       for dx, dy in vec:
s639795659.py(19):         nx, ny = x + dx, y + dy
s639795659.py(20):         if not used[ny][nx] and mp[ny][nx] == word[pos + 1]:
s639795659.py(18):       for dx, dy in vec:
s639795659.py(19):         nx, ny = x + dx, y + dy
s639795659.py(20):         if not used[ny][nx] and mp[ny][nx] == word[pos + 1]:
s639795659.py(18):       for dx, dy in vec:
s639795659.py(19):         nx, ny = x + dx, y + dy
s639795659.py(20):         if not used[ny][nx] and mp[ny][nx] == word[pos + 1]:
s639795659.py(21):           ret += _search(word, pos + 1, nx, ny)
 --- modulename: s639795659, funcname: _search
s639795659.py(15):       if pos == len(word) - 1:return 1
s639795659.py(16):       used[y][x] = True
s639795659.py(17):       ret = 0
s639795659.py(18):       for dx, dy in vec:
s639795659.py(19):         nx, ny = x + dx, y + dy
s639795659.py(20):         if not used[ny][nx] and mp[ny][nx] == word[pos + 1]:
s639795659.py(21):           ret += _search(word, pos + 1, nx, ny)
 --- modulename: s639795659, funcname: _search
s639795659.py(15):       if pos == len(word) - 1:return 1
s639795659.py(18):       for dx, dy in vec:
s639795659.py(19):         nx, ny = x + dx, y + dy
s639795659.py(20):         if not used[ny][nx] and mp[ny][nx] == word[pos + 1]:
s639795659.py(18):       for dx, dy in vec:
s639795659.py(19):         nx, ny = x + dx, y + dy
s639795659.py(20):         if not used[ny][nx] and mp[ny][nx] == word[pos + 1]:
s639795659.py(18):       for dx, dy in vec:
s639795659.py(19):         nx, ny = x + dx, y + dy
s639795659.py(20):         if not used[ny][nx] and mp[ny][nx] == word[pos + 1]:
s639795659.py(18):       for dx, dy in vec:
s639795659.py(19):         nx, ny = x + dx, y + dy
s639795659.py(20):         if not used[ny][nx] and mp[ny][nx] == word[pos + 1]:
s639795659.py(18):       for dx, dy in vec:
s639795659.py(19):         nx, ny = x + dx, y + dy
s639795659.py(20):         if not used[ny][nx] and mp[ny][nx] == word[pos + 1]:
s639795659.py(18):       for dx, dy in vec:
s639795659.py(19):         nx, ny = x + dx, y + dy
s639795659.py(20):         if not used[ny][nx] and mp[ny][nx] == word[pos + 1]:
s639795659.py(18):       for dx, dy in vec:
s639795659.py(19):         nx, ny = x + dx, y + dy
s639795659.py(20):         if not used[ny][nx] and mp[ny][nx] == word[pos + 1]:
s639795659.py(18):       for dx, dy in vec:
s639795659.py(22):       used[y][x] = False
s639795659.py(23):       return ret
s639795659.py(18):       for dx, dy in vec:
s639795659.py(19):         nx, ny = x + dx, y + dy
s639795659.py(20):         if not used[ny][nx] and mp[ny][nx] == word[pos + 1]:
s639795659.py(18):       for dx, dy in vec:
s639795659.py(22):       used[y][x] = False
s639795659.py(23):       return ret
s639795659.py(18):       for dx, dy in vec:
s639795659.py(19):         nx, ny = x + dx, y + dy
s639795659.py(20):         if not used[ny][nx] and mp[ny][nx] == word[pos + 1]:
s639795659.py(18):       for dx, dy in vec:
s639795659.py(22):       used[y][x] = False
s639795659.py(23):       return ret
s639795659.py(27):       for x in range(1, 5):
s639795659.py(28):         if mp[y][x] == word[0]:ret += _search(word, 0, x, y)  
s639795659.py(27):       for x in range(1, 5):
s639795659.py(28):         if mp[y][x] == word[0]:ret += _search(word, 0, x, y)  
s639795659.py(27):       for x in range(1, 5):
s639795659.py(28):         if mp[y][x] == word[0]:ret += _search(word, 0, x, y)  
s639795659.py(27):       for x in range(1, 5):
s639795659.py(26):     for y in range(1, 5):
s639795659.py(27):       for x in range(1, 5):
s639795659.py(28):         if mp[y][x] == word[0]:ret += _search(word, 0, x, y)  
s639795659.py(27):       for x in range(1, 5):
s639795659.py(28):         if mp[y][x] == word[0]:ret += _search(word, 0, x, y)  
s639795659.py(27):       for x in range(1, 5):
s639795659.py(28):         if mp[y][x] == word[0]:ret += _search(word, 0, x, y)  
s639795659.py(27):       for x in range(1, 5):
s639795659.py(28):         if mp[y][x] == word[0]:ret += _search(word, 0, x, y)  
s639795659.py(27):       for x in range(1, 5):
s639795659.py(26):     for y in range(1, 5):
s639795659.py(27):       for x in range(1, 5):
s639795659.py(28):         if mp[y][x] == word[0]:ret += _search(word, 0, x, y)  
s639795659.py(27):       for x in range(1, 5):
s639795659.py(28):         if mp[y][x] == word[0]:ret += _search(word, 0, x, y)  
s639795659.py(27):       for x in range(1, 5):
s639795659.py(28):         if mp[y][x] == word[0]:ret += _search(word, 0, x, y)  
s639795659.py(27):       for x in range(1, 5):
s639795659.py(28):         if mp[y][x] == word[0]:ret += _search(word, 0, x, y)  
s639795659.py(27):       for x in range(1, 5):
s639795659.py(26):     for y in range(1, 5):
s639795659.py(29):     return ret
s639795659.py(34):     acc = 1
s639795659.py(35):     weight = len(word)
s639795659.py(36):     while cnt >= acc:
s639795659.py(37):       cnt -= acc
s639795659.py(38):       items.append((score * acc, weight * acc))
s639795659.py(39):       acc *= 2
s639795659.py(36):     while cnt >= acc:
s639795659.py(40):     if cnt:
s639795659.py(32):   for word, score in lst:
s639795659.py(43):   dp = [0] * (t + 1)
s639795659.py(44):   for v, w in items:
s639795659.py(45):     for x in range(t - w, -1, -1):
s639795659.py(46):       if dp[x + w] < dp[x] + v:dp[x + w] = dp[x] + v
s639795659.py(45):     for x in range(t - w, -1, -1):
s639795659.py(46):       if dp[x + w] < dp[x] + v:dp[x + w] = dp[x] + v
s639795659.py(45):     for x in range(t - w, -1, -1):
s639795659.py(46):       if dp[x + w] < dp[x] + v:dp[x + w] = dp[x] + v
s639795659.py(45):     for x in range(t - w, -1, -1):
s639795659.py(46):       if dp[x + w] < dp[x] + v:dp[x + w] = dp[x] + v
s639795659.py(45):     for x in range(t - w, -1, -1):
s639795659.py(46):       if dp[x + w] < dp[x] + v:dp[x + w] = dp[x] + v
s639795659.py(45):     for x in range(t - w, -1, -1):
s639795659.py(46):       if dp[x + w] < dp[x] + v:dp[x + w] = dp[x] + v
s639795659.py(45):     for x in range(t - w, -1, -1):
s639795659.py(46):       if dp[x + w] < dp[x] + v:dp[x + w] = dp[x] + v
s639795659.py(45):     for x in range(t - w, -1, -1):
s639795659.py(46):       if dp[x + w] < dp[x] + v:dp[x + w] = dp[x] + v
s639795659.py(45):     for x in range(t - w, -1, -1):
s639795659.py(46):       if dp[x + w] < dp[x] + v:dp[x + w] = dp[x] + v
s639795659.py(45):     for x in range(t - w, -1, -1):
s639795659.py(46):       if dp[x + w] < dp[x] + v:dp[x + w] = dp[x] + v
s639795659.py(45):     for x in range(t - w, -1, -1):
s639795659.py(46):       if dp[x + w] < dp[x] + v:dp[x + w] = dp[x] + v
s639795659.py(45):     for x in range(t - w, -1, -1):
s639795659.py(46):       if dp[x + w] < dp[x] + v:dp[x + w] = dp[x] + v
s639795659.py(45):     for x in range(t - w, -1, -1):
s639795659.py(46):       if dp[x + w] < dp[x] + v:dp[x + w] = dp[x] + v
s639795659.py(45):     for x in range(t - w, -1, -1):
s639795659.py(46):       if dp[x + w] < dp[x] + v:dp[x + w] = dp[x] + v
s639795659.py(45):     for x in range(t - w, -1, -1):
s639795659.py(46):       if dp[x + w] < dp[x] + v:dp[x + w] = dp[x] + v
s639795659.py(45):     for x in range(t - w, -1, -1):
s639795659.py(46):       if dp[x + w] < dp[x] + v:dp[x + w] = dp[x] + v
s639795659.py(45):     for x in range(t - w, -1, -1):
s639795659.py(46):       if dp[x + w] < dp[x] + v:dp[x + w] = dp[x] + v
s639795659.py(45):     for x in range(t - w, -1, -1):
s639795659.py(46):       if dp[x + w] < dp[x] + v:dp[x + w] = dp[x] + v
s639795659.py(45):     for x in range(t - w, -1, -1):
s639795659.py(44):   for v, w in items:
s639795659.py(45):     for x in range(t - w, -1, -1):
s639795659.py(46):       if dp[x + w] < dp[x] + v:dp[x + w] = dp[x] + v
s639795659.py(45):     for x in range(t - w, -1, -1):
s639795659.py(46):       if dp[x + w] < dp[x] + v:dp[x + w] = dp[x] + v
s639795659.py(45):     for x in range(t - w, -1, -1):
s639795659.py(46):       if dp[x + w] < dp[x] + v:dp[x + w] = dp[x] + v
s639795659.py(45):     for x in range(t - w, -1, -1):
s639795659.py(46):       if dp[x + w] < dp[x] + v:dp[x + w] = dp[x] + v
s639795659.py(45):     for x in range(t - w, -1, -1):
s639795659.py(46):       if dp[x + w] < dp[x] + v:dp[x + w] = dp[x] + v
s639795659.py(45):     for x in range(t - w, -1, -1):
s639795659.py(46):       if dp[x + w] < dp[x] + v:dp[x + w] = dp[x] + v
s639795659.py(45):     for x in range(t - w, -1, -1):
s639795659.py(46):       if dp[x + w] < dp[x] + v:dp[x + w] = dp[x] + v
s639795659.py(45):     for x in range(t - w, -1, -1):
s639795659.py(46):       if dp[x + w] < dp[x] + v:dp[x + w] = dp[x] + v
s639795659.py(45):     for x in range(t - w, -1, -1):
s639795659.py(46):       if dp[x + w] < dp[x] + v:dp[x + w] = dp[x] + v
s639795659.py(45):     for x in range(t - w, -1, -1):
s639795659.py(46):       if dp[x + w] < dp[x] + v:dp[x + w] = dp[x] + v
s639795659.py(45):     for x in range(t - w, -1, -1):
s639795659.py(46):       if dp[x + w] < dp[x] + v:dp[x + w] = dp[x] + v
s639795659.py(45):     for x in range(t - w, -1, -1):
s639795659.py(46):       if dp[x + w] < dp[x] + v:dp[x + w] = dp[x] + v
s639795659.py(45):     for x in range(t - w, -1, -1):
s639795659.py(46):       if dp[x + w] < dp[x] + v:dp[x + w] = dp[x] + v
s639795659.py(45):     for x in range(t - w, -1, -1):
s639795659.py(46):       if dp[x + w] < dp[x] + v:dp[x + w] = dp[x] + v
s639795659.py(45):     for x in range(t - w, -1, -1):
s639795659.py(46):       if dp[x + w] < dp[x] + v:dp[x + w] = dp[x] + v
s639795659.py(45):     for x in range(t - w, -1, -1):
s639795659.py(46):       if dp[x + w] < dp[x] + v:dp[x + w] = dp[x] + v
s639795659.py(45):     for x in range(t - w, -1, -1):
s639795659.py(46):       if dp[x + w] < dp[x] + v:dp[x + w] = dp[x] + v
s639795659.py(45):     for x in range(t - w, -1, -1):
s639795659.py(46):       if dp[x + w] < dp[x] + v:dp[x + w] = dp[x] + v
s639795659.py(45):     for x in range(t - w, -1, -1):
s639795659.py(44):   for v, w in items:
s639795659.py(45):     for x in range(t - w, -1, -1):
s639795659.py(46):       if dp[x + w] < dp[x] + v:dp[x + w] = dp[x] + v
s639795659.py(45):     for x in range(t - w, -1, -1):
s639795659.py(46):       if dp[x + w] < dp[x] + v:dp[x + w] = dp[x] + v
s639795659.py(45):     for x in range(t - w, -1, -1):
s639795659.py(46):       if dp[x + w] < dp[x] + v:dp[x + w] = dp[x] + v
s639795659.py(45):     for x in range(t - w, -1, -1):
s639795659.py(46):       if dp[x + w] < dp[x] + v:dp[x + w] = dp[x] + v
s639795659.py(45):     for x in range(t - w, -1, -1):
s639795659.py(46):       if dp[x + w] < dp[x] + v:dp[x + w] = dp[x] + v
s639795659.py(45):     for x in range(t - w, -1, -1):
s639795659.py(46):       if dp[x + w] < dp[x] + v:dp[x + w] = dp[x] + v
s639795659.py(45):     for x in range(t - w, -1, -1):
s639795659.py(46):       if dp[x + w] < dp[x] + v:dp[x + w] = dp[x] + v
s639795659.py(45):     for x in range(t - w, -1, -1):
s639795659.py(46):       if dp[x + w] < dp[x] + v:dp[x + w] = dp[x] + v
s639795659.py(45):     for x in range(t - w, -1, -1):
s639795659.py(46):       if dp[x + w] < dp[x] + v:dp[x + w] = dp[x] + v
s639795659.py(45):     for x in range(t - w, -1, -1):
s639795659.py(46):       if dp[x + w] < dp[x] + v:dp[x + w] = dp[x] + v
s639795659.py(45):     for x in range(t - w, -1, -1):
s639795659.py(46):       if dp[x + w] < dp[x] + v:dp[x + w] = dp[x] + v
s639795659.py(45):     for x in range(t - w, -1, -1):
s639795659.py(46):       if dp[x + w] < dp[x] + v:dp[x + w] = dp[x] + v
s639795659.py(45):     for x in range(t - w, -1, -1):
s639795659.py(46):       if dp[x + w] < dp[x] + v:dp[x + w] = dp[x] + v
s639795659.py(45):     for x in range(t - w, -1, -1):
s639795659.py(46):       if dp[x + w] < dp[x] + v:dp[x + w] = dp[x] + v
s639795659.py(45):     for x in range(t - w, -1, -1):
s639795659.py(46):       if dp[x + w] < dp[x] + v:dp[x + w] = dp[x] + v
s639795659.py(45):     for x in range(t - w, -1, -1):
s639795659.py(46):       if dp[x + w] < dp[x] + v:dp[x + w] = dp[x] + v
s639795659.py(45):     for x in range(t - w, -1, -1):
s639795659.py(46):       if dp[x + w] < dp[x] + v:dp[x + w] = dp[x] + v
s639795659.py(45):     for x in range(t - w, -1, -1):
s639795659.py(44):   for v, w in items:
s639795659.py(45):     for x in range(t - w, -1, -1):
s639795659.py(46):       if dp[x + w] < dp[x] + v:dp[x + w] = dp[x] + v
s639795659.py(45):     for x in range(t - w, -1, -1):
s639795659.py(46):       if dp[x + w] < dp[x] + v:dp[x + w] = dp[x] + v
s639795659.py(45):     for x in range(t - w, -1, -1):
s639795659.py(46):       if dp[x + w] < dp[x] + v:dp[x + w] = dp[x] + v
s639795659.py(45):     for x in range(t - w, -1, -1):
s639795659.py(46):       if dp[x + w] < dp[x] + v:dp[x + w] = dp[x] + v
s639795659.py(45):     for x in range(t - w, -1, -1):
s639795659.py(46):       if dp[x + w] < dp[x] + v:dp[x + w] = dp[x] + v
s639795659.py(45):     for x in range(t - w, -1, -1):
s639795659.py(46):       if dp[x + w] < dp[x] + v:dp[x + w] = dp[x] + v
s639795659.py(45):     for x in range(t - w, -1, -1):
s639795659.py(46):       if dp[x + w] < dp[x] + v:dp[x + w] = dp[x] + v
s639795659.py(45):     for x in range(t - w, -1, -1):
s639795659.py(46):       if dp[x + w] < dp[x] + v:dp[x + w] = dp[x] + v
s639795659.py(45):     for x in range(t - w, -1, -1):
s639795659.py(46):       if dp[x + w] < dp[x] + v:dp[x + w] = dp[x] + v
s639795659.py(45):     for x in range(t - w, -1, -1):
s639795659.py(46):       if dp[x + w] < dp[x] + v:dp[x + w] = dp[x] + v
s639795659.py(45):     for x in range(t - w, -1, -1):
s639795659.py(46):       if dp[x + w] < dp[x] + v:dp[x + w] = dp[x] + v
s639795659.py(45):     for x in range(t - w, -1, -1):
s639795659.py(46):       if dp[x + w] < dp[x] + v:dp[x + w] = dp[x] + v
s639795659.py(45):     for x in range(t - w, -1, -1):
s639795659.py(46):       if dp[x + w] < dp[x] + v:dp[x + w] = dp[x] + v
s639795659.py(45):     for x in range(t - w, -1, -1):
s639795659.py(46):       if dp[x + w] < dp[x] + v:dp[x + w] = dp[x] + v
s639795659.py(45):     for x in range(t - w, -1, -1):
s639795659.py(46):       if dp[x + w] < dp[x] + v:dp[x + w] = dp[x] + v
s639795659.py(45):     for x in range(t - w, -1, -1):
s639795659.py(46):       if dp[x + w] < dp[x] + v:dp[x + w] = dp[x] + v
s639795659.py(45):     for x in range(t - w, -1, -1):
s639795659.py(46):       if dp[x + w] < dp[x] + v:dp[x + w] = dp[x] + v
s639795659.py(45):     for x in range(t - w, -1, -1):
s639795659.py(44):   for v, w in items:
s639795659.py(45):     for x in range(t - w, -1, -1):
s639795659.py(46):       if dp[x + w] < dp[x] + v:dp[x + w] = dp[x] + v
s639795659.py(45):     for x in range(t - w, -1, -1):
s639795659.py(46):       if dp[x + w] < dp[x] + v:dp[x + w] = dp[x] + v
s639795659.py(45):     for x in range(t - w, -1, -1):
s639795659.py(46):       if dp[x + w] < dp[x] + v:dp[x + w] = dp[x] + v
s639795659.py(45):     for x in range(t - w, -1, -1):
s639795659.py(46):       if dp[x + w] < dp[x] + v:dp[x + w] = dp[x] + v
s639795659.py(45):     for x in range(t - w, -1, -1):
s639795659.py(46):       if dp[x + w] < dp[x] + v:dp[x + w] = dp[x] + v
s639795659.py(45):     for x in range(t - w, -1, -1):
s639795659.py(46):       if dp[x + w] < dp[x] + v:dp[x + w] = dp[x] + v
s639795659.py(45):     for x in range(t - w, -1, -1):
s639795659.py(46):       if dp[x + w] < dp[x] + v:dp[x + w] = dp[x] + v
s639795659.py(45):     for x in range(t - w, -1, -1):
s639795659.py(46):       if dp[x + w] < dp[x] + v:dp[x + w] = dp[x] + v
s639795659.py(45):     for x in range(t - w, -1, -1):
s639795659.py(46):       if dp[x + w] < dp[x] + v:dp[x + w] = dp[x] + v
s639795659.py(45):     for x in range(t - w, -1, -1):
s639795659.py(46):       if dp[x + w] < dp[x] + v:dp[x + w] = dp[x] + v
s639795659.py(45):     for x in range(t - w, -1, -1):
s639795659.py(46):       if dp[x + w] < dp[x] + v:dp[x + w] = dp[x] + v
s639795659.py(45):     for x in range(t - w, -1, -1):
s639795659.py(46):       if dp[x + w] < dp[x] + v:dp[x + w] = dp[x] + v
s639795659.py(45):     for x in range(t - w, -1, -1):
s639795659.py(46):       if dp[x + w] < dp[x] + v:dp[x + w] = dp[x] + v
s639795659.py(45):     for x in range(t - w, -1, -1):
s639795659.py(46):       if dp[x + w] < dp[x] + v:dp[x + w] = dp[x] + v
s639795659.py(45):     for x in range(t - w, -1, -1):
s639795659.py(46):       if dp[x + w] < dp[x] + v:dp[x + w] = dp[x] + v
s639795659.py(45):     for x in range(t - w, -1, -1):
s639795659.py(46):       if dp[x + w] < dp[x] + v:dp[x + w] = dp[x] + v
s639795659.py(45):     for x in range(t - w, -1, -1):
s639795659.py(46):       if dp[x + w] < dp[x] + v:dp[x + w] = dp[x] + v
s639795659.py(45):     for x in range(t - w, -1, -1):
s639795659.py(46):       if dp[x + w] < dp[x] + v:dp[x + w] = dp[x] + v
s639795659.py(45):     for x in range(t - w, -1, -1):
s639795659.py(44):   for v, w in items:
s639795659.py(45):     for x in range(t - w, -1, -1):
s639795659.py(46):       if dp[x + w] < dp[x] + v:dp[x + w] = dp[x] + v
s639795659.py(45):     for x in range(t - w, -1, -1):
s639795659.py(46):       if dp[x + w] < dp[x] + v:dp[x + w] = dp[x] + v
s639795659.py(45):     for x in range(t - w, -1, -1):
s639795659.py(46):       if dp[x + w] < dp[x] + v:dp[x + w] = dp[x] + v
s639795659.py(45):     for x in range(t - w, -1, -1):
s639795659.py(46):       if dp[x + w] < dp[x] + v:dp[x + w] = dp[x] + v
s639795659.py(45):     for x in range(t - w, -1, -1):
s639795659.py(46):       if dp[x + w] < dp[x] + v:dp[x + w] = dp[x] + v
s639795659.py(45):     for x in range(t - w, -1, -1):
s639795659.py(46):       if dp[x + w] < dp[x] + v:dp[x + w] = dp[x] + v
s639795659.py(45):     for x in range(t - w, -1, -1):
s639795659.py(46):       if dp[x + w] < dp[x] + v:dp[x + w] = dp[x] + v
s639795659.py(45):     for x in range(t - w, -1, -1):
s639795659.py(46):       if dp[x + w] < dp[x] + v:dp[x + w] = dp[x] + v
s639795659.py(45):     for x in range(t - w, -1, -1):
s639795659.py(46):       if dp[x + w] < dp[x] + v:dp[x + w] = dp[x] + v
s639795659.py(45):     for x in range(t - w, -1, -1):
s639795659.py(46):       if dp[x + w] < dp[x] + v:dp[x + w] = dp[x] + v
s639795659.py(45):     for x in range(t - w, -1, -1):
s639795659.py(46):       if dp[x + w] < dp[x] + v:dp[x + w] = dp[x] + v
s639795659.py(45):     for x in range(t - w, -1, -1):
s639795659.py(46):       if dp[x + w] < dp[x] + v:dp[x + w] = dp[x] + v
s639795659.py(45):     for x in range(t - w, -1, -1):
s639795659.py(46):       if dp[x + w] < dp[x] + v:dp[x + w] = dp[x] + v
s639795659.py(45):     for x in range(t - w, -1, -1):
s639795659.py(46):       if dp[x + w] < dp[x] + v:dp[x + w] = dp[x] + v
s639795659.py(45):     for x in range(t - w, -1, -1):
s639795659.py(46):       if dp[x + w] < dp[x] + v:dp[x + w] = dp[x] + v
s639795659.py(45):     for x in range(t - w, -1, -1):
s639795659.py(46):       if dp[x + w] < dp[x] + v:dp[x + w] = dp[x] + v
s639795659.py(45):     for x in range(t - w, -1, -1):
s639795659.py(46):       if dp[x + w] < dp[x] + v:dp[x + w] = dp[x] + v
s639795659.py(45):     for x in range(t - w, -1, -1):
s639795659.py(46):       if dp[x + w] < dp[x] + v:dp[x + w] = dp[x] + v
s639795659.py(45):     for x in range(t - w, -1, -1):
s639795659.py(44):   for v, w in items:
s639795659.py(45):     for x in range(t - w, -1, -1):
s639795659.py(46):       if dp[x + w] < dp[x] + v:dp[x + w] = dp[x] + v
s639795659.py(45):     for x in range(t - w, -1, -1):
s639795659.py(46):       if dp[x + w] < dp[x] + v:dp[x + w] = dp[x] + v
s639795659.py(45):     for x in range(t - w, -1, -1):
s639795659.py(46):       if dp[x + w] < dp[x] + v:dp[x + w] = dp[x] + v
s639795659.py(45):     for x in range(t - w, -1, -1):
s639795659.py(46):       if dp[x + w] < dp[x] + v:dp[x + w] = dp[x] + v
s639795659.py(45):     for x in range(t - w, -1, -1):
s639795659.py(46):       if dp[x + w] < dp[x] + v:dp[x + w] = dp[x] + v
s639795659.py(45):     for x in range(t - w, -1, -1):
s639795659.py(46):       if dp[x + w] < dp[x] + v:dp[x + w] = dp[x] + v
s639795659.py(45):     for x in range(t - w, -1, -1):
s639795659.py(46):       if dp[x + w] < dp[x] + v:dp[x + w] = dp[x] + v
s639795659.py(45):     for x in range(t - w, -1, -1):
s639795659.py(46):       if dp[x + w] < dp[x] + v:dp[x + w] = dp[x] + v
s639795659.py(45):     for x in range(t - w, -1, -1):
s639795659.py(46):       if dp[x + w] < dp[x] + v:dp[x + w] = dp[x] + v
s639795659.py(45):     for x in range(t - w, -1, -1):
s639795659.py(46):       if dp[x + w] < dp[x] + v:dp[x + w] = dp[x] + v
s639795659.py(45):     for x in range(t - w, -1, -1):
s639795659.py(46):       if dp[x + w] < dp[x] + v:dp[x + w] = dp[x] + v
s639795659.py(45):     for x in range(t - w, -1, -1):
s639795659.py(46):       if dp[x + w] < dp[x] + v:dp[x + w] = dp[x] + v
s639795659.py(45):     for x in range(t - w, -1, -1):
s639795659.py(46):       if dp[x + w] < dp[x] + v:dp[x + w] = dp[x] + v
s639795659.py(45):     for x in range(t - w, -1, -1):
s639795659.py(46):       if dp[x + w] < dp[x] + v:dp[x + w] = dp[x] + v
s639795659.py(45):     for x in range(t - w, -1, -1):
s639795659.py(46):       if dp[x + w] < dp[x] + v:dp[x + w] = dp[x] + v
s639795659.py(45):     for x in range(t - w, -1, -1):
s639795659.py(46):       if dp[x + w] < dp[x] + v:dp[x + w] = dp[x] + v
s639795659.py(45):     for x in range(t - w, -1, -1):
s639795659.py(46):       if dp[x + w] < dp[x] + v:dp[x + w] = dp[x] + v
s639795659.py(45):     for x in range(t - w, -1, -1):
s639795659.py(46):       if dp[x + w] < dp[x] + v:dp[x + w] = dp[x] + v
s639795659.py(45):     for x in range(t - w, -1, -1):
s639795659.py(46):       if dp[x + w] < dp[x] + v:dp[x + w] = dp[x] + v
s639795659.py(45):     for x in range(t - w, -1, -1):
s639795659.py(44):   for v, w in items:
s639795659.py(45):     for x in range(t - w, -1, -1):
s639795659.py(46):       if dp[x + w] < dp[x] + v:dp[x + w] = dp[x] + v
s639795659.py(45):     for x in range(t - w, -1, -1):
s639795659.py(46):       if dp[x + w] < dp[x] + v:dp[x + w] = dp[x] + v
s639795659.py(45):     for x in range(t - w, -1, -1):
s639795659.py(46):       if dp[x + w] < dp[x] + v:dp[x + w] = dp[x] + v
s639795659.py(45):     for x in range(t - w, -1, -1):
s639795659.py(46):       if dp[x + w] < dp[x] + v:dp[x + w] = dp[x] + v
s639795659.py(45):     for x in range(t - w, -1, -1):
s639795659.py(46):       if dp[x + w] < dp[x] + v:dp[x + w] = dp[x] + v
s639795659.py(45):     for x in range(t - w, -1, -1):
s639795659.py(46):       if dp[x + w] < dp[x] + v:dp[x + w] = dp[x] + v
s639795659.py(45):     for x in range(t - w, -1, -1):
s639795659.py(46):       if dp[x + w] < dp[x] + v:dp[x + w] = dp[x] + v
s639795659.py(45):     for x in range(t - w, -1, -1):
s639795659.py(46):       if dp[x + w] < dp[x] + v:dp[x + w] = dp[x] + v
s639795659.py(45):     for x in range(t - w, -1, -1):
s639795659.py(46):       if dp[x + w] < dp[x] + v:dp[x + w] = dp[x] + v
s639795659.py(45):     for x in range(t - w, -1, -1):
s639795659.py(46):       if dp[x + w] < dp[x] + v:dp[x + w] = dp[x] + v
s639795659.py(45):     for x in range(t - w, -1, -1):
s639795659.py(46):       if dp[x + w] < dp[x] + v:dp[x + w] = dp[x] + v
s639795659.py(45):     for x in range(t - w, -1, -1):
s639795659.py(46):       if dp[x + w] < dp[x] + v:dp[x + w] = dp[x] + v
s639795659.py(45):     for x in range(t - w, -1, -1):
s639795659.py(46):       if dp[x + w] < dp[x] + v:dp[x + w] = dp[x] + v
s639795659.py(45):     for x in range(t - w, -1, -1):
s639795659.py(46):       if dp[x + w] < dp[x] + v:dp[x + w] = dp[x] + v
s639795659.py(45):     for x in range(t - w, -1, -1):
s639795659.py(46):       if dp[x + w] < dp[x] + v:dp[x + w] = dp[x] + v
s639795659.py(45):     for x in range(t - w, -1, -1):
s639795659.py(46):       if dp[x + w] < dp[x] + v:dp[x + w] = dp[x] + v
s639795659.py(45):     for x in range(t - w, -1, -1):
s639795659.py(46):       if dp[x + w] < dp[x] + v:dp[x + w] = dp[x] + v
s639795659.py(45):     for x in range(t - w, -1, -1):
s639795659.py(46):       if dp[x + w] < dp[x] + v:dp[x + w] = dp[x] + v
s639795659.py(45):     for x in range(t - w, -1, -1):
s639795659.py(46):       if dp[x + w] < dp[x] + v:dp[x + w] = dp[x] + v
s639795659.py(45):     for x in range(t - w, -1, -1):
s639795659.py(44):   for v, w in items:
s639795659.py(45):     for x in range(t - w, -1, -1):
s639795659.py(46):       if dp[x + w] < dp[x] + v:dp[x + w] = dp[x] + v
s639795659.py(45):     for x in range(t - w, -1, -1):
s639795659.py(46):       if dp[x + w] < dp[x] + v:dp[x + w] = dp[x] + v
s639795659.py(45):     for x in range(t - w, -1, -1):
s639795659.py(46):       if dp[x + w] < dp[x] + v:dp[x + w] = dp[x] + v
s639795659.py(45):     for x in range(t - w, -1, -1):
s639795659.py(46):       if dp[x + w] < dp[x] + v:dp[x + w] = dp[x] + v
s639795659.py(45):     for x in range(t - w, -1, -1):
s639795659.py(46):       if dp[x + w] < dp[x] + v:dp[x + w] = dp[x] + v
s639795659.py(45):     for x in range(t - w, -1, -1):
s639795659.py(46):       if dp[x + w] < dp[x] + v:dp[x + w] = dp[x] + v
s639795659.py(45):     for x in range(t - w, -1, -1):
s639795659.py(46):       if dp[x + w] < dp[x] + v:dp[x + w] = dp[x] + v
s639795659.py(45):     for x in range(t - w, -1, -1):
s639795659.py(46):       if dp[x + w] < dp[x] + v:dp[x + w] = dp[x] + v
s639795659.py(45):     for x in range(t - w, -1, -1):
s639795659.py(46):       if dp[x + w] < dp[x] + v:dp[x + w] = dp[x] + v
s639795659.py(45):     for x in range(t - w, -1, -1):
s639795659.py(46):       if dp[x + w] < dp[x] + v:dp[x + w] = dp[x] + v
s639795659.py(45):     for x in range(t - w, -1, -1):
s639795659.py(46):       if dp[x + w] < dp[x] + v:dp[x + w] = dp[x] + v
s639795659.py(45):     for x in range(t - w, -1, -1):
s639795659.py(46):       if dp[x + w] < dp[x] + v:dp[x + w] = dp[x] + v
s639795659.py(45):     for x in range(t - w, -1, -1):
s639795659.py(46):       if dp[x + w] < dp[x] + v:dp[x + w] = dp[x] + v
s639795659.py(45):     for x in range(t - w, -1, -1):
s639795659.py(46):       if dp[x + w] < dp[x] + v:dp[x + w] = dp[x] + v
s639795659.py(45):     for x in range(t - w, -1, -1):
s639795659.py(46):       if dp[x + w] < dp[x] + v:dp[x + w] = dp[x] + v
s639795659.py(45):     for x in range(t - w, -1, -1):
s639795659.py(46):       if dp[x + w] < dp[x] + v:dp[x + w] = dp[x] + v
s639795659.py(45):     for x in range(t - w, -1, -1):
s639795659.py(46):       if dp[x + w] < dp[x] + v:dp[x + w] = dp[x] + v
s639795659.py(45):     for x in range(t - w, -1, -1):
s639795659.py(46):       if dp[x + w] < dp[x] + v:dp[x + w] = dp[x] + v
s639795659.py(45):     for x in range(t - w, -1, -1):
s639795659.py(46):       if dp[x + w] < dp[x] + v:dp[x + w] = dp[x] + v
s639795659.py(45):     for x in range(t - w, -1, -1):
s639795659.py(46):       if dp[x + w] < dp[x] + v:dp[x + w] = dp[x] + v
s639795659.py(45):     for x in range(t - w, -1, -1):
s639795659.py(44):   for v, w in items:
s639795659.py(45):     for x in range(t - w, -1, -1):
s639795659.py(46):       if dp[x + w] < dp[x] + v:dp[x + w] = dp[x] + v
s639795659.py(45):     for x in range(t - w, -1, -1):
s639795659.py(46):       if dp[x + w] < dp[x] + v:dp[x + w] = dp[x] + v
s639795659.py(45):     for x in range(t - w, -1, -1):
s639795659.py(46):       if dp[x + w] < dp[x] + v:dp[x + w] = dp[x] + v
s639795659.py(45):     for x in range(t - w, -1, -1):
s639795659.py(46):       if dp[x + w] < dp[x] + v:dp[x + w] = dp[x] + v
s639795659.py(45):     for x in range(t - w, -1, -1):
s639795659.py(46):       if dp[x + w] < dp[x] + v:dp[x + w] = dp[x] + v
s639795659.py(45):     for x in range(t - w, -1, -1):
s639795659.py(46):       if dp[x + w] < dp[x] + v:dp[x + w] = dp[x] + v
s639795659.py(45):     for x in range(t - w, -1, -1):
s639795659.py(46):       if dp[x + w] < dp[x] + v:dp[x + w] = dp[x] + v
s639795659.py(45):     for x in range(t - w, -1, -1):
s639795659.py(46):       if dp[x + w] < dp[x] + v:dp[x + w] = dp[x] + v
s639795659.py(45):     for x in range(t - w, -1, -1):
s639795659.py(46):       if dp[x + w] < dp[x] + v:dp[x + w] = dp[x] + v
s639795659.py(45):     for x in range(t - w, -1, -1):
s639795659.py(46):       if dp[x + w] < dp[x] + v:dp[x + w] = dp[x] + v
s639795659.py(45):     for x in range(t - w, -1, -1):
s639795659.py(46):       if dp[x + w] < dp[x] + v:dp[x + w] = dp[x] + v
s639795659.py(45):     for x in range(t - w, -1, -1):
s639795659.py(46):       if dp[x + w] < dp[x] + v:dp[x + w] = dp[x] + v
s639795659.py(45):     for x in range(t - w, -1, -1):
s639795659.py(46):       if dp[x + w] < dp[x] + v:dp[x + w] = dp[x] + v
s639795659.py(45):     for x in range(t - w, -1, -1):
s639795659.py(46):       if dp[x + w] < dp[x] + v:dp[x + w] = dp[x] + v
s639795659.py(45):     for x in range(t - w, -1, -1):
s639795659.py(46):       if dp[x + w] < dp[x] + v:dp[x + w] = dp[x] + v
s639795659.py(45):     for x in range(t - w, -1, -1):
s639795659.py(46):       if dp[x + w] < dp[x] + v:dp[x + w] = dp[x] + v
s639795659.py(45):     for x in range(t - w, -1, -1):
s639795659.py(46):       if dp[x + w] < dp[x] + v:dp[x + w] = dp[x] + v
s639795659.py(45):     for x in range(t - w, -1, -1):
s639795659.py(46):       if dp[x + w] < dp[x] + v:dp[x + w] = dp[x] + v
s639795659.py(45):     for x in range(t - w, -1, -1):
s639795659.py(44):   for v, w in items:
s639795659.py(47):   print(max(dp)) 
40
