 --- modulename: s472548313, funcname: <module>
s472548313.py(3): H,W = map(int,input().split())
 --- modulename: codecs, funcname: getstate
codecs.py(333):         return (self.buffer, 0)
 --- modulename: codecs, funcname: decode
codecs.py(321):         data = self.buffer + input
codecs.py(322):         (result, consumed) = self._buffer_decode(data, self.errors, final)
codecs.py(324):         self.buffer = data[consumed:]
codecs.py(325):         return result
s472548313.py(4): CH,CW = map(int,input().split())
s472548313.py(5): DH,DW = map(int,input().split())
s472548313.py(6): S=[None]*H
s472548313.py(7): for i in range(H):
s472548313.py(8):     S[i] = input()
s472548313.py(7): for i in range(H):
s472548313.py(8):     S[i] = input()
s472548313.py(7): for i in range(H):
s472548313.py(8):     S[i] = input()
s472548313.py(7): for i in range(H):
s472548313.py(8):     S[i] = input()
s472548313.py(7): for i in range(H):
s472548313.py(10): from collections import deque
 --- modulename: _bootstrap, funcname: _handle_fromlist
<frozen importlib._bootstrap>(1043): <frozen importlib._bootstrap>(1044): <frozen importlib._bootstrap>(1051): <frozen importlib._bootstrap>(1055): <frozen importlib._bootstrap>(1043): <frozen importlib._bootstrap>(1067): s472548313.py(11): def in_area(x,y):
s472548313.py(14): def cango_step(x,y):
s472548313.py(19): def cango_warponly(x,y):
s472548313.py(28): q = deque([(-1,-1,CH-1,CW-1,0)]) 
s472548313.py(29): been = [[False]*W for _ in range(H)]
 --- modulename: s472548313, funcname: <listcomp>
s472548313.py(29): been = [[False]*W for _ in range(H)]
s472548313.py(29): been = [[False]*W for _ in range(H)]
s472548313.py(29): been = [[False]*W for _ in range(H)]
s472548313.py(29): been = [[False]*W for _ in range(H)]
s472548313.py(29): been = [[False]*W for _ in range(H)]
s472548313.py(30): INF=10**20
s472548313.py(31): shortest =[[INF]*W for _ in range(H)]
 --- modulename: s472548313, funcname: <listcomp>
s472548313.py(31): shortest =[[INF]*W for _ in range(H)]
s472548313.py(31): shortest =[[INF]*W for _ in range(H)]
s472548313.py(31): shortest =[[INF]*W for _ in range(H)]
s472548313.py(31): shortest =[[INF]*W for _ in range(H)]
s472548313.py(31): shortest =[[INF]*W for _ in range(H)]
s472548313.py(32): shortest[CH-1][CW-1] = 0
s472548313.py(34): reach=False
s472548313.py(35): while q:
s472548313.py(36):     x_old,y_old,x_now,y_now,time = q.pop()
s472548313.py(43):     cand = cango_step(x_now,y_now)
 --- modulename: s472548313, funcname: cango_step
s472548313.py(15):     cand0 =[(x+1,y),(x-1,y),(x,y+1),(x,y-1)]
s472548313.py(16):     cand=[c for c in cand0 if in_area(*c)]
 --- modulename: s472548313, funcname: <listcomp>
s472548313.py(16):     cand=[c for c in cand0 if in_area(*c)]
 --- modulename: s472548313, funcname: in_area
s472548313.py(12):     return 0<=x<=H-1 and 0<=y<=W-1
s472548313.py(16):     cand=[c for c in cand0 if in_area(*c)]
 --- modulename: s472548313, funcname: in_area
s472548313.py(12):     return 0<=x<=H-1 and 0<=y<=W-1
s472548313.py(16):     cand=[c for c in cand0 if in_area(*c)]
 --- modulename: s472548313, funcname: in_area
s472548313.py(12):     return 0<=x<=H-1 and 0<=y<=W-1
s472548313.py(16):     cand=[c for c in cand0 if in_area(*c)]
 --- modulename: s472548313, funcname: in_area
s472548313.py(12):     return 0<=x<=H-1 and 0<=y<=W-1
s472548313.py(16):     cand=[c for c in cand0 if in_area(*c)]
s472548313.py(17):     return cand
s472548313.py(44):     for x_new,y_new in cand:
s472548313.py(45):         if S[x_new][y_new]=="." and shortest[x_new][y_new]>time:
s472548313.py(46):             q.append((x_now,y_now,x_new,y_new,time))
s472548313.py(47):             shortest[x_new][y_new]=time
s472548313.py(44):     for x_new,y_new in cand:
s472548313.py(45):         if S[x_new][y_new]=="." and shortest[x_new][y_new]>time:
s472548313.py(46):             q.append((x_now,y_now,x_new,y_new,time))
s472548313.py(47):             shortest[x_new][y_new]=time
s472548313.py(44):     for x_new,y_new in cand:
s472548313.py(49):     cand = cango_warponly(x_now,y_now)
 --- modulename: s472548313, funcname: cango_warponly
s472548313.py(20):     cand0 =[(x-2,y-2),(x-2,y-1),(x-2,y),(x-2,y+1),(x-2,y+2),
s472548313.py(21):             (x+2,y-2),(x+2,y-1),(x+2,y),(x+2,y+1),(x+2,y+2),
s472548313.py(22):             (x+1,y-2),(x,y-2),(x-1,y-2),
s472548313.py(23):             (x+1,y+2),(x,y+2),(x-1,y+2),
s472548313.py(24):             (x+1,y+1),(x+1,y-1),(x-1,y+1),(x-1,y-1)]
s472548313.py(20):     cand0 =[(x-2,y-2),(x-2,y-1),(x-2,y),(x-2,y+1),(x-2,y+2),
s472548313.py(25):     cand=[c for c in cand0 if in_area(*c)]
 --- modulename: s472548313, funcname: <listcomp>
s472548313.py(25):     cand=[c for c in cand0 if in_area(*c)]
 --- modulename: s472548313, funcname: in_area
s472548313.py(12):     return 0<=x<=H-1 and 0<=y<=W-1
s472548313.py(25):     cand=[c for c in cand0 if in_area(*c)]
 --- modulename: s472548313, funcname: in_area
s472548313.py(12):     return 0<=x<=H-1 and 0<=y<=W-1
s472548313.py(25):     cand=[c for c in cand0 if in_area(*c)]
 --- modulename: s472548313, funcname: in_area
s472548313.py(12):     return 0<=x<=H-1 and 0<=y<=W-1
s472548313.py(25):     cand=[c for c in cand0 if in_area(*c)]
 --- modulename: s472548313, funcname: in_area
s472548313.py(12):     return 0<=x<=H-1 and 0<=y<=W-1
s472548313.py(25):     cand=[c for c in cand0 if in_area(*c)]
 --- modulename: s472548313, funcname: in_area
s472548313.py(12):     return 0<=x<=H-1 and 0<=y<=W-1
s472548313.py(25):     cand=[c for c in cand0 if in_area(*c)]
 --- modulename: s472548313, funcname: in_area
s472548313.py(12):     return 0<=x<=H-1 and 0<=y<=W-1
s472548313.py(25):     cand=[c for c in cand0 if in_area(*c)]
 --- modulename: s472548313, funcname: in_area
s472548313.py(12):     return 0<=x<=H-1 and 0<=y<=W-1
s472548313.py(25):     cand=[c for c in cand0 if in_area(*c)]
 --- modulename: s472548313, funcname: in_area
s472548313.py(12):     return 0<=x<=H-1 and 0<=y<=W-1
s472548313.py(25):     cand=[c for c in cand0 if in_area(*c)]
 --- modulename: s472548313, funcname: in_area
s472548313.py(12):     return 0<=x<=H-1 and 0<=y<=W-1
s472548313.py(25):     cand=[c for c in cand0 if in_area(*c)]
 --- modulename: s472548313, funcname: in_area
s472548313.py(12):     return 0<=x<=H-1 and 0<=y<=W-1
s472548313.py(25):     cand=[c for c in cand0 if in_area(*c)]
 --- modulename: s472548313, funcname: in_area
s472548313.py(12):     return 0<=x<=H-1 and 0<=y<=W-1
s472548313.py(25):     cand=[c for c in cand0 if in_area(*c)]
 --- modulename: s472548313, funcname: in_area
s472548313.py(12):     return 0<=x<=H-1 and 0<=y<=W-1
s472548313.py(25):     cand=[c for c in cand0 if in_area(*c)]
 --- modulename: s472548313, funcname: in_area
s472548313.py(12):     return 0<=x<=H-1 and 0<=y<=W-1
s472548313.py(25):     cand=[c for c in cand0 if in_area(*c)]
 --- modulename: s472548313, funcname: in_area
s472548313.py(12):     return 0<=x<=H-1 and 0<=y<=W-1
s472548313.py(25):     cand=[c for c in cand0 if in_area(*c)]
 --- modulename: s472548313, funcname: in_area
s472548313.py(12):     return 0<=x<=H-1 and 0<=y<=W-1
s472548313.py(25):     cand=[c for c in cand0 if in_area(*c)]
 --- modulename: s472548313, funcname: in_area
s472548313.py(12):     return 0<=x<=H-1 and 0<=y<=W-1
s472548313.py(25):     cand=[c for c in cand0 if in_area(*c)]
 --- modulename: s472548313, funcname: in_area
s472548313.py(12):     return 0<=x<=H-1 and 0<=y<=W-1
s472548313.py(25):     cand=[c for c in cand0 if in_area(*c)]
 --- modulename: s472548313, funcname: in_area
s472548313.py(12):     return 0<=x<=H-1 and 0<=y<=W-1
s472548313.py(25):     cand=[c for c in cand0 if in_area(*c)]
 --- modulename: s472548313, funcname: in_area
s472548313.py(12):     return 0<=x<=H-1 and 0<=y<=W-1
s472548313.py(25):     cand=[c for c in cand0 if in_area(*c)]
 --- modulename: s472548313, funcname: in_area
s472548313.py(12):     return 0<=x<=H-1 and 0<=y<=W-1
s472548313.py(25):     cand=[c for c in cand0 if in_area(*c)]
s472548313.py(26):     return cand
s472548313.py(50):     for x_new,y_new in cand:
s472548313.py(51):         if S[x_new][y_new]=="." and shortest[x_new][y_new]>time+1:
s472548313.py(52):             q.appendleft((x_now,y_now,x_new,y_new,time+1))
s472548313.py(53):             shortest[x_new][y_new]=time+1
s472548313.py(50):     for x_new,y_new in cand:
s472548313.py(51):         if S[x_new][y_new]=="." and shortest[x_new][y_new]>time+1:
s472548313.py(50):     for x_new,y_new in cand:
s472548313.py(51):         if S[x_new][y_new]=="." and shortest[x_new][y_new]>time+1:
s472548313.py(52):             q.appendleft((x_now,y_now,x_new,y_new,time+1))
s472548313.py(53):             shortest[x_new][y_new]=time+1
s472548313.py(50):     for x_new,y_new in cand:
s472548313.py(51):         if S[x_new][y_new]=="." and shortest[x_new][y_new]>time+1:
s472548313.py(50):     for x_new,y_new in cand:
s472548313.py(51):         if S[x_new][y_new]=="." and shortest[x_new][y_new]>time+1:
s472548313.py(50):     for x_new,y_new in cand:
s472548313.py(51):         if S[x_new][y_new]=="." and shortest[x_new][y_new]>time+1:
s472548313.py(52):             q.appendleft((x_now,y_now,x_new,y_new,time+1))
s472548313.py(53):             shortest[x_new][y_new]=time+1
s472548313.py(50):     for x_new,y_new in cand:
s472548313.py(35): while q:
s472548313.py(36):     x_old,y_old,x_now,y_now,time = q.pop()
s472548313.py(43):     cand = cango_step(x_now,y_now)
 --- modulename: s472548313, funcname: cango_step
s472548313.py(15):     cand0 =[(x+1,y),(x-1,y),(x,y+1),(x,y-1)]
s472548313.py(16):     cand=[c for c in cand0 if in_area(*c)]
 --- modulename: s472548313, funcname: <listcomp>
s472548313.py(16):     cand=[c for c in cand0 if in_area(*c)]
 --- modulename: s472548313, funcname: in_area
s472548313.py(12):     return 0<=x<=H-1 and 0<=y<=W-1
s472548313.py(16):     cand=[c for c in cand0 if in_area(*c)]
 --- modulename: s472548313, funcname: in_area
s472548313.py(12):     return 0<=x<=H-1 and 0<=y<=W-1
s472548313.py(16):     cand=[c for c in cand0 if in_area(*c)]
 --- modulename: s472548313, funcname: in_area
s472548313.py(12):     return 0<=x<=H-1 and 0<=y<=W-1
s472548313.py(16):     cand=[c for c in cand0 if in_area(*c)]
 --- modulename: s472548313, funcname: in_area
s472548313.py(12):     return 0<=x<=H-1 and 0<=y<=W-1
s472548313.py(16):     cand=[c for c in cand0 if in_area(*c)]
s472548313.py(17):     return cand
s472548313.py(44):     for x_new,y_new in cand:
s472548313.py(45):         if S[x_new][y_new]=="." and shortest[x_new][y_new]>time:
s472548313.py(46):             q.append((x_now,y_now,x_new,y_new,time))
s472548313.py(47):             shortest[x_new][y_new]=time
s472548313.py(44):     for x_new,y_new in cand:
s472548313.py(45):         if S[x_new][y_new]=="." and shortest[x_new][y_new]>time:
s472548313.py(44):     for x_new,y_new in cand:
s472548313.py(45):         if S[x_new][y_new]=="." and shortest[x_new][y_new]>time:
s472548313.py(44):     for x_new,y_new in cand:
s472548313.py(49):     cand = cango_warponly(x_now,y_now)
 --- modulename: s472548313, funcname: cango_warponly
s472548313.py(20):     cand0 =[(x-2,y-2),(x-2,y-1),(x-2,y),(x-2,y+1),(x-2,y+2),
s472548313.py(21):             (x+2,y-2),(x+2,y-1),(x+2,y),(x+2,y+1),(x+2,y+2),
s472548313.py(22):             (x+1,y-2),(x,y-2),(x-1,y-2),
s472548313.py(23):             (x+1,y+2),(x,y+2),(x-1,y+2),
s472548313.py(24):             (x+1,y+1),(x+1,y-1),(x-1,y+1),(x-1,y-1)]
s472548313.py(20):     cand0 =[(x-2,y-2),(x-2,y-1),(x-2,y),(x-2,y+1),(x-2,y+2),
s472548313.py(25):     cand=[c for c in cand0 if in_area(*c)]
 --- modulename: s472548313, funcname: <listcomp>
s472548313.py(25):     cand=[c for c in cand0 if in_area(*c)]
 --- modulename: s472548313, funcname: in_area
s472548313.py(12):     return 0<=x<=H-1 and 0<=y<=W-1
s472548313.py(25):     cand=[c for c in cand0 if in_area(*c)]
 --- modulename: s472548313, funcname: in_area
s472548313.py(12):     return 0<=x<=H-1 and 0<=y<=W-1
s472548313.py(25):     cand=[c for c in cand0 if in_area(*c)]
 --- modulename: s472548313, funcname: in_area
s472548313.py(12):     return 0<=x<=H-1 and 0<=y<=W-1
s472548313.py(25):     cand=[c for c in cand0 if in_area(*c)]
 --- modulename: s472548313, funcname: in_area
s472548313.py(12):     return 0<=x<=H-1 and 0<=y<=W-1
s472548313.py(25):     cand=[c for c in cand0 if in_area(*c)]
 --- modulename: s472548313, funcname: in_area
s472548313.py(12):     return 0<=x<=H-1 and 0<=y<=W-1
s472548313.py(25):     cand=[c for c in cand0 if in_area(*c)]
 --- modulename: s472548313, funcname: in_area
s472548313.py(12):     return 0<=x<=H-1 and 0<=y<=W-1
s472548313.py(25):     cand=[c for c in cand0 if in_area(*c)]
 --- modulename: s472548313, funcname: in_area
s472548313.py(12):     return 0<=x<=H-1 and 0<=y<=W-1
s472548313.py(25):     cand=[c for c in cand0 if in_area(*c)]
 --- modulename: s472548313, funcname: in_area
s472548313.py(12):     return 0<=x<=H-1 and 0<=y<=W-1
s472548313.py(25):     cand=[c for c in cand0 if in_area(*c)]
 --- modulename: s472548313, funcname: in_area
s472548313.py(12):     return 0<=x<=H-1 and 0<=y<=W-1
s472548313.py(25):     cand=[c for c in cand0 if in_area(*c)]
 --- modulename: s472548313, funcname: in_area
s472548313.py(12):     return 0<=x<=H-1 and 0<=y<=W-1
s472548313.py(25):     cand=[c for c in cand0 if in_area(*c)]
 --- modulename: s472548313, funcname: in_area
s472548313.py(12):     return 0<=x<=H-1 and 0<=y<=W-1
s472548313.py(25):     cand=[c for c in cand0 if in_area(*c)]
 --- modulename: s472548313, funcname: in_area
s472548313.py(12):     return 0<=x<=H-1 and 0<=y<=W-1
s472548313.py(25):     cand=[c for c in cand0 if in_area(*c)]
 --- modulename: s472548313, funcname: in_area
s472548313.py(12):     return 0<=x<=H-1 and 0<=y<=W-1
s472548313.py(25):     cand=[c for c in cand0 if in_area(*c)]
 --- modulename: s472548313, funcname: in_area
s472548313.py(12):     return 0<=x<=H-1 and 0<=y<=W-1
s472548313.py(25):     cand=[c for c in cand0 if in_area(*c)]
 --- modulename: s472548313, funcname: in_area
s472548313.py(12):     return 0<=x<=H-1 and 0<=y<=W-1
s472548313.py(25):     cand=[c for c in cand0 if in_area(*c)]
 --- modulename: s472548313, funcname: in_area
s472548313.py(12):     return 0<=x<=H-1 and 0<=y<=W-1
s472548313.py(25):     cand=[c for c in cand0 if in_area(*c)]
 --- modulename: s472548313, funcname: in_area
s472548313.py(12):     return 0<=x<=H-1 and 0<=y<=W-1
s472548313.py(25):     cand=[c for c in cand0 if in_area(*c)]
 --- modulename: s472548313, funcname: in_area
s472548313.py(12):     return 0<=x<=H-1 and 0<=y<=W-1
s472548313.py(25):     cand=[c for c in cand0 if in_area(*c)]
 --- modulename: s472548313, funcname: in_area
s472548313.py(12):     return 0<=x<=H-1 and 0<=y<=W-1
s472548313.py(25):     cand=[c for c in cand0 if in_area(*c)]
 --- modulename: s472548313, funcname: in_area
s472548313.py(12):     return 0<=x<=H-1 and 0<=y<=W-1
s472548313.py(25):     cand=[c for c in cand0 if in_area(*c)]
s472548313.py(26):     return cand
s472548313.py(50):     for x_new,y_new in cand:
s472548313.py(51):         if S[x_new][y_new]=="." and shortest[x_new][y_new]>time+1:
s472548313.py(50):     for x_new,y_new in cand:
s472548313.py(51):         if S[x_new][y_new]=="." and shortest[x_new][y_new]>time+1:
s472548313.py(50):     for x_new,y_new in cand:
s472548313.py(51):         if S[x_new][y_new]=="." and shortest[x_new][y_new]>time+1:
s472548313.py(50):     for x_new,y_new in cand:
s472548313.py(51):         if S[x_new][y_new]=="." and shortest[x_new][y_new]>time+1:
s472548313.py(52):             q.appendleft((x_now,y_now,x_new,y_new,time+1))
s472548313.py(53):             shortest[x_new][y_new]=time+1
s472548313.py(50):     for x_new,y_new in cand:
s472548313.py(51):         if S[x_new][y_new]=="." and shortest[x_new][y_new]>time+1:
s472548313.py(52):             q.appendleft((x_now,y_now,x_new,y_new,time+1))
s472548313.py(53):             shortest[x_new][y_new]=time+1
s472548313.py(50):     for x_new,y_new in cand:
s472548313.py(51):         if S[x_new][y_new]=="." and shortest[x_new][y_new]>time+1:
s472548313.py(52):             q.appendleft((x_now,y_now,x_new,y_new,time+1))
s472548313.py(53):             shortest[x_new][y_new]=time+1
s472548313.py(50):     for x_new,y_new in cand:
s472548313.py(51):         if S[x_new][y_new]=="." and shortest[x_new][y_new]>time+1:
s472548313.py(50):     for x_new,y_new in cand:
s472548313.py(51):         if S[x_new][y_new]=="." and shortest[x_new][y_new]>time+1:
s472548313.py(50):     for x_new,y_new in cand:
s472548313.py(35): while q:
s472548313.py(36):     x_old,y_old,x_now,y_now,time = q.pop()
s472548313.py(43):     cand = cango_step(x_now,y_now)
 --- modulename: s472548313, funcname: cango_step
s472548313.py(15):     cand0 =[(x+1,y),(x-1,y),(x,y+1),(x,y-1)]
s472548313.py(16):     cand=[c for c in cand0 if in_area(*c)]
 --- modulename: s472548313, funcname: <listcomp>
s472548313.py(16):     cand=[c for c in cand0 if in_area(*c)]
 --- modulename: s472548313, funcname: in_area
s472548313.py(12):     return 0<=x<=H-1 and 0<=y<=W-1
s472548313.py(16):     cand=[c for c in cand0 if in_area(*c)]
 --- modulename: s472548313, funcname: in_area
s472548313.py(12):     return 0<=x<=H-1 and 0<=y<=W-1
s472548313.py(16):     cand=[c for c in cand0 if in_area(*c)]
 --- modulename: s472548313, funcname: in_area
s472548313.py(12):     return 0<=x<=H-1 and 0<=y<=W-1
s472548313.py(16):     cand=[c for c in cand0 if in_area(*c)]
 --- modulename: s472548313, funcname: in_area
s472548313.py(12):     return 0<=x<=H-1 and 0<=y<=W-1
s472548313.py(16):     cand=[c for c in cand0 if in_area(*c)]
s472548313.py(17):     return cand
s472548313.py(44):     for x_new,y_new in cand:
s472548313.py(45):         if S[x_new][y_new]=="." and shortest[x_new][y_new]>time:
s472548313.py(44):     for x_new,y_new in cand:
s472548313.py(45):         if S[x_new][y_new]=="." and shortest[x_new][y_new]>time:
s472548313.py(44):     for x_new,y_new in cand:
s472548313.py(45):         if S[x_new][y_new]=="." and shortest[x_new][y_new]>time:
s472548313.py(44):     for x_new,y_new in cand:
s472548313.py(45):         if S[x_new][y_new]=="." and shortest[x_new][y_new]>time:
s472548313.py(44):     for x_new,y_new in cand:
s472548313.py(49):     cand = cango_warponly(x_now,y_now)
 --- modulename: s472548313, funcname: cango_warponly
s472548313.py(20):     cand0 =[(x-2,y-2),(x-2,y-1),(x-2,y),(x-2,y+1),(x-2,y+2),
s472548313.py(21):             (x+2,y-2),(x+2,y-1),(x+2,y),(x+2,y+1),(x+2,y+2),
s472548313.py(22):             (x+1,y-2),(x,y-2),(x-1,y-2),
s472548313.py(23):             (x+1,y+2),(x,y+2),(x-1,y+2),
s472548313.py(24):             (x+1,y+1),(x+1,y-1),(x-1,y+1),(x-1,y-1)]
s472548313.py(20):     cand0 =[(x-2,y-2),(x-2,y-1),(x-2,y),(x-2,y+1),(x-2,y+2),
s472548313.py(25):     cand=[c for c in cand0 if in_area(*c)]
 --- modulename: s472548313, funcname: <listcomp>
s472548313.py(25):     cand=[c for c in cand0 if in_area(*c)]
 --- modulename: s472548313, funcname: in_area
s472548313.py(12):     return 0<=x<=H-1 and 0<=y<=W-1
s472548313.py(25):     cand=[c for c in cand0 if in_area(*c)]
 --- modulename: s472548313, funcname: in_area
s472548313.py(12):     return 0<=x<=H-1 and 0<=y<=W-1
s472548313.py(25):     cand=[c for c in cand0 if in_area(*c)]
 --- modulename: s472548313, funcname: in_area
s472548313.py(12):     return 0<=x<=H-1 and 0<=y<=W-1
s472548313.py(25):     cand=[c for c in cand0 if in_area(*c)]
 --- modulename: s472548313, funcname: in_area
s472548313.py(12):     return 0<=x<=H-1 and 0<=y<=W-1
s472548313.py(25):     cand=[c for c in cand0 if in_area(*c)]
 --- modulename: s472548313, funcname: in_area
s472548313.py(12):     return 0<=x<=H-1 and 0<=y<=W-1
s472548313.py(25):     cand=[c for c in cand0 if in_area(*c)]
 --- modulename: s472548313, funcname: in_area
s472548313.py(12):     return 0<=x<=H-1 and 0<=y<=W-1
s472548313.py(25):     cand=[c for c in cand0 if in_area(*c)]
 --- modulename: s472548313, funcname: in_area
s472548313.py(12):     return 0<=x<=H-1 and 0<=y<=W-1
s472548313.py(25):     cand=[c for c in cand0 if in_area(*c)]
 --- modulename: s472548313, funcname: in_area
s472548313.py(12):     return 0<=x<=H-1 and 0<=y<=W-1
s472548313.py(25):     cand=[c for c in cand0 if in_area(*c)]
 --- modulename: s472548313, funcname: in_area
s472548313.py(12):     return 0<=x<=H-1 and 0<=y<=W-1
s472548313.py(25):     cand=[c for c in cand0 if in_area(*c)]
 --- modulename: s472548313, funcname: in_area
s472548313.py(12):     return 0<=x<=H-1 and 0<=y<=W-1
s472548313.py(25):     cand=[c for c in cand0 if in_area(*c)]
 --- modulename: s472548313, funcname: in_area
s472548313.py(12):     return 0<=x<=H-1 and 0<=y<=W-1
s472548313.py(25):     cand=[c for c in cand0 if in_area(*c)]
 --- modulename: s472548313, funcname: in_area
s472548313.py(12):     return 0<=x<=H-1 and 0<=y<=W-1
s472548313.py(25):     cand=[c for c in cand0 if in_area(*c)]
 --- modulename: s472548313, funcname: in_area
s472548313.py(12):     return 0<=x<=H-1 and 0<=y<=W-1
s472548313.py(25):     cand=[c for c in cand0 if in_area(*c)]
 --- modulename: s472548313, funcname: in_area
s472548313.py(12):     return 0<=x<=H-1 and 0<=y<=W-1
s472548313.py(25):     cand=[c for c in cand0 if in_area(*c)]
 --- modulename: s472548313, funcname: in_area
s472548313.py(12):     return 0<=x<=H-1 and 0<=y<=W-1
s472548313.py(25):     cand=[c for c in cand0 if in_area(*c)]
 --- modulename: s472548313, funcname: in_area
s472548313.py(12):     return 0<=x<=H-1 and 0<=y<=W-1
s472548313.py(25):     cand=[c for c in cand0 if in_area(*c)]
 --- modulename: s472548313, funcname: in_area
s472548313.py(12):     return 0<=x<=H-1 and 0<=y<=W-1
s472548313.py(25):     cand=[c for c in cand0 if in_area(*c)]
 --- modulename: s472548313, funcname: in_area
s472548313.py(12):     return 0<=x<=H-1 and 0<=y<=W-1
s472548313.py(25):     cand=[c for c in cand0 if in_area(*c)]
 --- modulename: s472548313, funcname: in_area
s472548313.py(12):     return 0<=x<=H-1 and 0<=y<=W-1
s472548313.py(25):     cand=[c for c in cand0 if in_area(*c)]
 --- modulename: s472548313, funcname: in_area
s472548313.py(12):     return 0<=x<=H-1 and 0<=y<=W-1
s472548313.py(25):     cand=[c for c in cand0 if in_area(*c)]
s472548313.py(26):     return cand
s472548313.py(50):     for x_new,y_new in cand:
s472548313.py(51):         if S[x_new][y_new]=="." and shortest[x_new][y_new]>time+1:
s472548313.py(52):             q.appendleft((x_now,y_now,x_new,y_new,time+1))
s472548313.py(53):             shortest[x_new][y_new]=time+1
s472548313.py(50):     for x_new,y_new in cand:
s472548313.py(51):         if S[x_new][y_new]=="." and shortest[x_new][y_new]>time+1:
s472548313.py(50):     for x_new,y_new in cand:
s472548313.py(51):         if S[x_new][y_new]=="." and shortest[x_new][y_new]>time+1:
s472548313.py(52):             q.appendleft((x_now,y_now,x_new,y_new,time+1))
s472548313.py(53):             shortest[x_new][y_new]=time+1
s472548313.py(50):     for x_new,y_new in cand:
s472548313.py(51):         if S[x_new][y_new]=="." and shortest[x_new][y_new]>time+1:
s472548313.py(52):             q.appendleft((x_now,y_now,x_new,y_new,time+1))
s472548313.py(53):             shortest[x_new][y_new]=time+1
s472548313.py(50):     for x_new,y_new in cand:
s472548313.py(51):         if S[x_new][y_new]=="." and shortest[x_new][y_new]>time+1:
s472548313.py(50):     for x_new,y_new in cand:
s472548313.py(51):         if S[x_new][y_new]=="." and shortest[x_new][y_new]>time+1:
s472548313.py(50):     for x_new,y_new in cand:
s472548313.py(51):         if S[x_new][y_new]=="." and shortest[x_new][y_new]>time+1:
s472548313.py(50):     for x_new,y_new in cand:
s472548313.py(51):         if S[x_new][y_new]=="." and shortest[x_new][y_new]>time+1:
s472548313.py(50):     for x_new,y_new in cand:
s472548313.py(51):         if S[x_new][y_new]=="." and shortest[x_new][y_new]>time+1:
s472548313.py(50):     for x_new,y_new in cand:
s472548313.py(51):         if S[x_new][y_new]=="." and shortest[x_new][y_new]>time+1:
s472548313.py(50):     for x_new,y_new in cand:
s472548313.py(51):         if S[x_new][y_new]=="." and shortest[x_new][y_new]>time+1:
s472548313.py(50):     for x_new,y_new in cand:
s472548313.py(35): while q:
s472548313.py(36):     x_old,y_old,x_now,y_now,time = q.pop()
s472548313.py(43):     cand = cango_step(x_now,y_now)
 --- modulename: s472548313, funcname: cango_step
s472548313.py(15):     cand0 =[(x+1,y),(x-1,y),(x,y+1),(x,y-1)]
s472548313.py(16):     cand=[c for c in cand0 if in_area(*c)]
 --- modulename: s472548313, funcname: <listcomp>
s472548313.py(16):     cand=[c for c in cand0 if in_area(*c)]
 --- modulename: s472548313, funcname: in_area
s472548313.py(12):     return 0<=x<=H-1 and 0<=y<=W-1
s472548313.py(16):     cand=[c for c in cand0 if in_area(*c)]
 --- modulename: s472548313, funcname: in_area
s472548313.py(12):     return 0<=x<=H-1 and 0<=y<=W-1
s472548313.py(16):     cand=[c for c in cand0 if in_area(*c)]
 --- modulename: s472548313, funcname: in_area
s472548313.py(12):     return 0<=x<=H-1 and 0<=y<=W-1
s472548313.py(16):     cand=[c for c in cand0 if in_area(*c)]
 --- modulename: s472548313, funcname: in_area
s472548313.py(12):     return 0<=x<=H-1 and 0<=y<=W-1
s472548313.py(16):     cand=[c for c in cand0 if in_area(*c)]
s472548313.py(17):     return cand
s472548313.py(44):     for x_new,y_new in cand:
s472548313.py(45):         if S[x_new][y_new]=="." and shortest[x_new][y_new]>time:
s472548313.py(46):             q.append((x_now,y_now,x_new,y_new,time))
s472548313.py(47):             shortest[x_new][y_new]=time
s472548313.py(44):     for x_new,y_new in cand:
s472548313.py(45):         if S[x_new][y_new]=="." and shortest[x_new][y_new]>time:
s472548313.py(44):     for x_new,y_new in cand:
s472548313.py(45):         if S[x_new][y_new]=="." and shortest[x_new][y_new]>time:
s472548313.py(44):     for x_new,y_new in cand:
s472548313.py(49):     cand = cango_warponly(x_now,y_now)
 --- modulename: s472548313, funcname: cango_warponly
s472548313.py(20):     cand0 =[(x-2,y-2),(x-2,y-1),(x-2,y),(x-2,y+1),(x-2,y+2),
s472548313.py(21):             (x+2,y-2),(x+2,y-1),(x+2,y),(x+2,y+1),(x+2,y+2),
s472548313.py(22):             (x+1,y-2),(x,y-2),(x-1,y-2),
s472548313.py(23):             (x+1,y+2),(x,y+2),(x-1,y+2),
s472548313.py(24):             (x+1,y+1),(x+1,y-1),(x-1,y+1),(x-1,y-1)]
s472548313.py(20):     cand0 =[(x-2,y-2),(x-2,y-1),(x-2,y),(x-2,y+1),(x-2,y+2),
s472548313.py(25):     cand=[c for c in cand0 if in_area(*c)]
 --- modulename: s472548313, funcname: <listcomp>
s472548313.py(25):     cand=[c for c in cand0 if in_area(*c)]
 --- modulename: s472548313, funcname: in_area
s472548313.py(12):     return 0<=x<=H-1 and 0<=y<=W-1
s472548313.py(25):     cand=[c for c in cand0 if in_area(*c)]
 --- modulename: s472548313, funcname: in_area
s472548313.py(12):     return 0<=x<=H-1 and 0<=y<=W-1
s472548313.py(25):     cand=[c for c in cand0 if in_area(*c)]
 --- modulename: s472548313, funcname: in_area
s472548313.py(12):     return 0<=x<=H-1 and 0<=y<=W-1
s472548313.py(25):     cand=[c for c in cand0 if in_area(*c)]
 --- modulename: s472548313, funcname: in_area
s472548313.py(12):     return 0<=x<=H-1 and 0<=y<=W-1
s472548313.py(25):     cand=[c for c in cand0 if in_area(*c)]
 --- modulename: s472548313, funcname: in_area
s472548313.py(12):     return 0<=x<=H-1 and 0<=y<=W-1
s472548313.py(25):     cand=[c for c in cand0 if in_area(*c)]
 --- modulename: s472548313, funcname: in_area
s472548313.py(12):     return 0<=x<=H-1 and 0<=y<=W-1
s472548313.py(25):     cand=[c for c in cand0 if in_area(*c)]
 --- modulename: s472548313, funcname: in_area
s472548313.py(12):     return 0<=x<=H-1 and 0<=y<=W-1
s472548313.py(25):     cand=[c for c in cand0 if in_area(*c)]
 --- modulename: s472548313, funcname: in_area
s472548313.py(12):     return 0<=x<=H-1 and 0<=y<=W-1
s472548313.py(25):     cand=[c for c in cand0 if in_area(*c)]
 --- modulename: s472548313, funcname: in_area
s472548313.py(12):     return 0<=x<=H-1 and 0<=y<=W-1
s472548313.py(25):     cand=[c for c in cand0 if in_area(*c)]
 --- modulename: s472548313, funcname: in_area
s472548313.py(12):     return 0<=x<=H-1 and 0<=y<=W-1
s472548313.py(25):     cand=[c for c in cand0 if in_area(*c)]
 --- modulename: s472548313, funcname: in_area
s472548313.py(12):     return 0<=x<=H-1 and 0<=y<=W-1
s472548313.py(25):     cand=[c for c in cand0 if in_area(*c)]
 --- modulename: s472548313, funcname: in_area
s472548313.py(12):     return 0<=x<=H-1 and 0<=y<=W-1
s472548313.py(25):     cand=[c for c in cand0 if in_area(*c)]
 --- modulename: s472548313, funcname: in_area
s472548313.py(12):     return 0<=x<=H-1 and 0<=y<=W-1
s472548313.py(25):     cand=[c for c in cand0 if in_area(*c)]
 --- modulename: s472548313, funcname: in_area
s472548313.py(12):     return 0<=x<=H-1 and 0<=y<=W-1
s472548313.py(25):     cand=[c for c in cand0 if in_area(*c)]
 --- modulename: s472548313, funcname: in_area
s472548313.py(12):     return 0<=x<=H-1 and 0<=y<=W-1
s472548313.py(25):     cand=[c for c in cand0 if in_area(*c)]
 --- modulename: s472548313, funcname: in_area
s472548313.py(12):     return 0<=x<=H-1 and 0<=y<=W-1
s472548313.py(25):     cand=[c for c in cand0 if in_area(*c)]
 --- modulename: s472548313, funcname: in_area
s472548313.py(12):     return 0<=x<=H-1 and 0<=y<=W-1
s472548313.py(25):     cand=[c for c in cand0 if in_area(*c)]
 --- modulename: s472548313, funcname: in_area
s472548313.py(12):     return 0<=x<=H-1 and 0<=y<=W-1
s472548313.py(25):     cand=[c for c in cand0 if in_area(*c)]
 --- modulename: s472548313, funcname: in_area
s472548313.py(12):     return 0<=x<=H-1 and 0<=y<=W-1
s472548313.py(25):     cand=[c for c in cand0 if in_area(*c)]
 --- modulename: s472548313, funcname: in_area
s472548313.py(12):     return 0<=x<=H-1 and 0<=y<=W-1
s472548313.py(25):     cand=[c for c in cand0 if in_area(*c)]
s472548313.py(26):     return cand
s472548313.py(50):     for x_new,y_new in cand:
s472548313.py(51):         if S[x_new][y_new]=="." and shortest[x_new][y_new]>time+1:
s472548313.py(50):     for x_new,y_new in cand:
s472548313.py(51):         if S[x_new][y_new]=="." and shortest[x_new][y_new]>time+1:
s472548313.py(50):     for x_new,y_new in cand:
s472548313.py(51):         if S[x_new][y_new]=="." and shortest[x_new][y_new]>time+1:
s472548313.py(50):     for x_new,y_new in cand:
s472548313.py(51):         if S[x_new][y_new]=="." and shortest[x_new][y_new]>time+1:
s472548313.py(50):     for x_new,y_new in cand:
s472548313.py(51):         if S[x_new][y_new]=="." and shortest[x_new][y_new]>time+1:
s472548313.py(50):     for x_new,y_new in cand:
s472548313.py(51):         if S[x_new][y_new]=="." and shortest[x_new][y_new]>time+1:
s472548313.py(50):     for x_new,y_new in cand:
s472548313.py(51):         if S[x_new][y_new]=="." and shortest[x_new][y_new]>time+1:
s472548313.py(50):     for x_new,y_new in cand:
s472548313.py(51):         if S[x_new][y_new]=="." and shortest[x_new][y_new]>time+1:
s472548313.py(50):     for x_new,y_new in cand:
s472548313.py(35): while q:
s472548313.py(36):     x_old,y_old,x_now,y_now,time = q.pop()
s472548313.py(43):     cand = cango_step(x_now,y_now)
 --- modulename: s472548313, funcname: cango_step
s472548313.py(15):     cand0 =[(x+1,y),(x-1,y),(x,y+1),(x,y-1)]
s472548313.py(16):     cand=[c for c in cand0 if in_area(*c)]
 --- modulename: s472548313, funcname: <listcomp>
s472548313.py(16):     cand=[c for c in cand0 if in_area(*c)]
 --- modulename: s472548313, funcname: in_area
s472548313.py(12):     return 0<=x<=H-1 and 0<=y<=W-1
s472548313.py(16):     cand=[c for c in cand0 if in_area(*c)]
 --- modulename: s472548313, funcname: in_area
s472548313.py(12):     return 0<=x<=H-1 and 0<=y<=W-1
s472548313.py(16):     cand=[c for c in cand0 if in_area(*c)]
 --- modulename: s472548313, funcname: in_area
s472548313.py(12):     return 0<=x<=H-1 and 0<=y<=W-1
s472548313.py(16):     cand=[c for c in cand0 if in_area(*c)]
 --- modulename: s472548313, funcname: in_area
s472548313.py(12):     return 0<=x<=H-1 and 0<=y<=W-1
s472548313.py(16):     cand=[c for c in cand0 if in_area(*c)]
s472548313.py(17):     return cand
s472548313.py(44):     for x_new,y_new in cand:
s472548313.py(45):         if S[x_new][y_new]=="." and shortest[x_new][y_new]>time:
s472548313.py(46):             q.append((x_now,y_now,x_new,y_new,time))
s472548313.py(47):             shortest[x_new][y_new]=time
s472548313.py(44):     for x_new,y_new in cand:
s472548313.py(45):         if S[x_new][y_new]=="." and shortest[x_new][y_new]>time:
s472548313.py(44):     for x_new,y_new in cand:
s472548313.py(45):         if S[x_new][y_new]=="." and shortest[x_new][y_new]>time:
s472548313.py(44):     for x_new,y_new in cand:
s472548313.py(49):     cand = cango_warponly(x_now,y_now)
 --- modulename: s472548313, funcname: cango_warponly
s472548313.py(20):     cand0 =[(x-2,y-2),(x-2,y-1),(x-2,y),(x-2,y+1),(x-2,y+2),
s472548313.py(21):             (x+2,y-2),(x+2,y-1),(x+2,y),(x+2,y+1),(x+2,y+2),
s472548313.py(22):             (x+1,y-2),(x,y-2),(x-1,y-2),
s472548313.py(23):             (x+1,y+2),(x,y+2),(x-1,y+2),
s472548313.py(24):             (x+1,y+1),(x+1,y-1),(x-1,y+1),(x-1,y-1)]
s472548313.py(20):     cand0 =[(x-2,y-2),(x-2,y-1),(x-2,y),(x-2,y+1),(x-2,y+2),
s472548313.py(25):     cand=[c for c in cand0 if in_area(*c)]
 --- modulename: s472548313, funcname: <listcomp>
s472548313.py(25):     cand=[c for c in cand0 if in_area(*c)]
 --- modulename: s472548313, funcname: in_area
s472548313.py(12):     return 0<=x<=H-1 and 0<=y<=W-1
s472548313.py(25):     cand=[c for c in cand0 if in_area(*c)]
 --- modulename: s472548313, funcname: in_area
s472548313.py(12):     return 0<=x<=H-1 and 0<=y<=W-1
s472548313.py(25):     cand=[c for c in cand0 if in_area(*c)]
 --- modulename: s472548313, funcname: in_area
s472548313.py(12):     return 0<=x<=H-1 and 0<=y<=W-1
s472548313.py(25):     cand=[c for c in cand0 if in_area(*c)]
 --- modulename: s472548313, funcname: in_area
s472548313.py(12):     return 0<=x<=H-1 and 0<=y<=W-1
s472548313.py(25):     cand=[c for c in cand0 if in_area(*c)]
 --- modulename: s472548313, funcname: in_area
s472548313.py(12):     return 0<=x<=H-1 and 0<=y<=W-1
s472548313.py(25):     cand=[c for c in cand0 if in_area(*c)]
 --- modulename: s472548313, funcname: in_area
s472548313.py(12):     return 0<=x<=H-1 and 0<=y<=W-1
s472548313.py(25):     cand=[c for c in cand0 if in_area(*c)]
 --- modulename: s472548313, funcname: in_area
s472548313.py(12):     return 0<=x<=H-1 and 0<=y<=W-1
s472548313.py(25):     cand=[c for c in cand0 if in_area(*c)]
 --- modulename: s472548313, funcname: in_area
s472548313.py(12):     return 0<=x<=H-1 and 0<=y<=W-1
s472548313.py(25):     cand=[c for c in cand0 if in_area(*c)]
 --- modulename: s472548313, funcname: in_area
s472548313.py(12):     return 0<=x<=H-1 and 0<=y<=W-1
s472548313.py(25):     cand=[c for c in cand0 if in_area(*c)]
 --- modulename: s472548313, funcname: in_area
s472548313.py(12):     return 0<=x<=H-1 and 0<=y<=W-1
s472548313.py(25):     cand=[c for c in cand0 if in_area(*c)]
 --- modulename: s472548313, funcname: in_area
s472548313.py(12):     return 0<=x<=H-1 and 0<=y<=W-1
s472548313.py(25):     cand=[c for c in cand0 if in_area(*c)]
 --- modulename: s472548313, funcname: in_area
s472548313.py(12):     return 0<=x<=H-1 and 0<=y<=W-1
s472548313.py(25):     cand=[c for c in cand0 if in_area(*c)]
 --- modulename: s472548313, funcname: in_area
s472548313.py(12):     return 0<=x<=H-1 and 0<=y<=W-1
s472548313.py(25):     cand=[c for c in cand0 if in_area(*c)]
 --- modulename: s472548313, funcname: in_area
s472548313.py(12):     return 0<=x<=H-1 and 0<=y<=W-1
s472548313.py(25):     cand=[c for c in cand0 if in_area(*c)]
 --- modulename: s472548313, funcname: in_area
s472548313.py(12):     return 0<=x<=H-1 and 0<=y<=W-1
s472548313.py(25):     cand=[c for c in cand0 if in_area(*c)]
 --- modulename: s472548313, funcname: in_area
s472548313.py(12):     return 0<=x<=H-1 and 0<=y<=W-1
s472548313.py(25):     cand=[c for c in cand0 if in_area(*c)]
 --- modulename: s472548313, funcname: in_area
s472548313.py(12):     return 0<=x<=H-1 and 0<=y<=W-1
s472548313.py(25):     cand=[c for c in cand0 if in_area(*c)]
 --- modulename: s472548313, funcname: in_area
s472548313.py(12):     return 0<=x<=H-1 and 0<=y<=W-1
s472548313.py(25):     cand=[c for c in cand0 if in_area(*c)]
 --- modulename: s472548313, funcname: in_area
s472548313.py(12):     return 0<=x<=H-1 and 0<=y<=W-1
s472548313.py(25):     cand=[c for c in cand0 if in_area(*c)]
 --- modulename: s472548313, funcname: in_area
s472548313.py(12):     return 0<=x<=H-1 and 0<=y<=W-1
s472548313.py(25):     cand=[c for c in cand0 if in_area(*c)]
s472548313.py(26):     return cand
s472548313.py(50):     for x_new,y_new in cand:
s472548313.py(51):         if S[x_new][y_new]=="." and shortest[x_new][y_new]>time+1:
s472548313.py(50):     for x_new,y_new in cand:
s472548313.py(51):         if S[x_new][y_new]=="." and shortest[x_new][y_new]>time+1:
s472548313.py(50):     for x_new,y_new in cand:
s472548313.py(51):         if S[x_new][y_new]=="." and shortest[x_new][y_new]>time+1:
s472548313.py(50):     for x_new,y_new in cand:
s472548313.py(51):         if S[x_new][y_new]=="." and shortest[x_new][y_new]>time+1:
s472548313.py(50):     for x_new,y_new in cand:
s472548313.py(51):         if S[x_new][y_new]=="." and shortest[x_new][y_new]>time+1:
s472548313.py(50):     for x_new,y_new in cand:
s472548313.py(51):         if S[x_new][y_new]=="." and shortest[x_new][y_new]>time+1:
s472548313.py(50):     for x_new,y_new in cand:
s472548313.py(51):         if S[x_new][y_new]=="." and shortest[x_new][y_new]>time+1:
s472548313.py(50):     for x_new,y_new in cand:
s472548313.py(51):         if S[x_new][y_new]=="." and shortest[x_new][y_new]>time+1:
s472548313.py(50):     for x_new,y_new in cand:
s472548313.py(35): while q:
s472548313.py(36):     x_old,y_old,x_now,y_now,time = q.pop()
s472548313.py(43):     cand = cango_step(x_now,y_now)
 --- modulename: s472548313, funcname: cango_step
s472548313.py(15):     cand0 =[(x+1,y),(x-1,y),(x,y+1),(x,y-1)]
s472548313.py(16):     cand=[c for c in cand0 if in_area(*c)]
 --- modulename: s472548313, funcname: <listcomp>
s472548313.py(16):     cand=[c for c in cand0 if in_area(*c)]
 --- modulename: s472548313, funcname: in_area
s472548313.py(12):     return 0<=x<=H-1 and 0<=y<=W-1
s472548313.py(16):     cand=[c for c in cand0 if in_area(*c)]
 --- modulename: s472548313, funcname: in_area
s472548313.py(12):     return 0<=x<=H-1 and 0<=y<=W-1
s472548313.py(16):     cand=[c for c in cand0 if in_area(*c)]
 --- modulename: s472548313, funcname: in_area
s472548313.py(12):     return 0<=x<=H-1 and 0<=y<=W-1
s472548313.py(16):     cand=[c for c in cand0 if in_area(*c)]
 --- modulename: s472548313, funcname: in_area
s472548313.py(12):     return 0<=x<=H-1 and 0<=y<=W-1
s472548313.py(16):     cand=[c for c in cand0 if in_area(*c)]
s472548313.py(17):     return cand
s472548313.py(44):     for x_new,y_new in cand:
s472548313.py(45):         if S[x_new][y_new]=="." and shortest[x_new][y_new]>time:
s472548313.py(44):     for x_new,y_new in cand:
s472548313.py(45):         if S[x_new][y_new]=="." and shortest[x_new][y_new]>time:
s472548313.py(44):     for x_new,y_new in cand:
s472548313.py(49):     cand = cango_warponly(x_now,y_now)
 --- modulename: s472548313, funcname: cango_warponly
s472548313.py(20):     cand0 =[(x-2,y-2),(x-2,y-1),(x-2,y),(x-2,y+1),(x-2,y+2),
s472548313.py(21):             (x+2,y-2),(x+2,y-1),(x+2,y),(x+2,y+1),(x+2,y+2),
s472548313.py(22):             (x+1,y-2),(x,y-2),(x-1,y-2),
s472548313.py(23):             (x+1,y+2),(x,y+2),(x-1,y+2),
s472548313.py(24):             (x+1,y+1),(x+1,y-1),(x-1,y+1),(x-1,y-1)]
s472548313.py(20):     cand0 =[(x-2,y-2),(x-2,y-1),(x-2,y),(x-2,y+1),(x-2,y+2),
s472548313.py(25):     cand=[c for c in cand0 if in_area(*c)]
 --- modulename: s472548313, funcname: <listcomp>
s472548313.py(25):     cand=[c for c in cand0 if in_area(*c)]
 --- modulename: s472548313, funcname: in_area
s472548313.py(12):     return 0<=x<=H-1 and 0<=y<=W-1
s472548313.py(25):     cand=[c for c in cand0 if in_area(*c)]
 --- modulename: s472548313, funcname: in_area
s472548313.py(12):     return 0<=x<=H-1 and 0<=y<=W-1
s472548313.py(25):     cand=[c for c in cand0 if in_area(*c)]
 --- modulename: s472548313, funcname: in_area
s472548313.py(12):     return 0<=x<=H-1 and 0<=y<=W-1
s472548313.py(25):     cand=[c for c in cand0 if in_area(*c)]
 --- modulename: s472548313, funcname: in_area
s472548313.py(12):     return 0<=x<=H-1 and 0<=y<=W-1
s472548313.py(25):     cand=[c for c in cand0 if in_area(*c)]
 --- modulename: s472548313, funcname: in_area
s472548313.py(12):     return 0<=x<=H-1 and 0<=y<=W-1
s472548313.py(25):     cand=[c for c in cand0 if in_area(*c)]
 --- modulename: s472548313, funcname: in_area
s472548313.py(12):     return 0<=x<=H-1 and 0<=y<=W-1
s472548313.py(25):     cand=[c for c in cand0 if in_area(*c)]
 --- modulename: s472548313, funcname: in_area
s472548313.py(12):     return 0<=x<=H-1 and 0<=y<=W-1
s472548313.py(25):     cand=[c for c in cand0 if in_area(*c)]
 --- modulename: s472548313, funcname: in_area
s472548313.py(12):     return 0<=x<=H-1 and 0<=y<=W-1
s472548313.py(25):     cand=[c for c in cand0 if in_area(*c)]
 --- modulename: s472548313, funcname: in_area
s472548313.py(12):     return 0<=x<=H-1 and 0<=y<=W-1
s472548313.py(25):     cand=[c for c in cand0 if in_area(*c)]
 --- modulename: s472548313, funcname: in_area
s472548313.py(12):     return 0<=x<=H-1 and 0<=y<=W-1
s472548313.py(25):     cand=[c for c in cand0 if in_area(*c)]
 --- modulename: s472548313, funcname: in_area
s472548313.py(12):     return 0<=x<=H-1 and 0<=y<=W-1
s472548313.py(25):     cand=[c for c in cand0 if in_area(*c)]
 --- modulename: s472548313, funcname: in_area
s472548313.py(12):     return 0<=x<=H-1 and 0<=y<=W-1
s472548313.py(25):     cand=[c for c in cand0 if in_area(*c)]
 --- modulename: s472548313, funcname: in_area
s472548313.py(12):     return 0<=x<=H-1 and 0<=y<=W-1
s472548313.py(25):     cand=[c for c in cand0 if in_area(*c)]
 --- modulename: s472548313, funcname: in_area
s472548313.py(12):     return 0<=x<=H-1 and 0<=y<=W-1
s472548313.py(25):     cand=[c for c in cand0 if in_area(*c)]
 --- modulename: s472548313, funcname: in_area
s472548313.py(12):     return 0<=x<=H-1 and 0<=y<=W-1
s472548313.py(25):     cand=[c for c in cand0 if in_area(*c)]
 --- modulename: s472548313, funcname: in_area
s472548313.py(12):     return 0<=x<=H-1 and 0<=y<=W-1
s472548313.py(25):     cand=[c for c in cand0 if in_area(*c)]
 --- modulename: s472548313, funcname: in_area
s472548313.py(12):     return 0<=x<=H-1 and 0<=y<=W-1
s472548313.py(25):     cand=[c for c in cand0 if in_area(*c)]
 --- modulename: s472548313, funcname: in_area
s472548313.py(12):     return 0<=x<=H-1 and 0<=y<=W-1
s472548313.py(25):     cand=[c for c in cand0 if in_area(*c)]
 --- modulename: s472548313, funcname: in_area
s472548313.py(12):     return 0<=x<=H-1 and 0<=y<=W-1
s472548313.py(25):     cand=[c for c in cand0 if in_area(*c)]
 --- modulename: s472548313, funcname: in_area
s472548313.py(12):     return 0<=x<=H-1 and 0<=y<=W-1
s472548313.py(25):     cand=[c for c in cand0 if in_area(*c)]
s472548313.py(26):     return cand
s472548313.py(50):     for x_new,y_new in cand:
s472548313.py(51):         if S[x_new][y_new]=="." and shortest[x_new][y_new]>time+1:
s472548313.py(50):     for x_new,y_new in cand:
s472548313.py(51):         if S[x_new][y_new]=="." and shortest[x_new][y_new]>time+1:
s472548313.py(50):     for x_new,y_new in cand:
s472548313.py(51):         if S[x_new][y_new]=="." and shortest[x_new][y_new]>time+1:
s472548313.py(50):     for x_new,y_new in cand:
s472548313.py(51):         if S[x_new][y_new]=="." and shortest[x_new][y_new]>time+1:
s472548313.py(50):     for x_new,y_new in cand:
s472548313.py(51):         if S[x_new][y_new]=="." and shortest[x_new][y_new]>time+1:
s472548313.py(50):     for x_new,y_new in cand:
s472548313.py(51):         if S[x_new][y_new]=="." and shortest[x_new][y_new]>time+1:
s472548313.py(50):     for x_new,y_new in cand:
s472548313.py(35): while q:
s472548313.py(36):     x_old,y_old,x_now,y_now,time = q.pop()
s472548313.py(43):     cand = cango_step(x_now,y_now)
 --- modulename: s472548313, funcname: cango_step
s472548313.py(15):     cand0 =[(x+1,y),(x-1,y),(x,y+1),(x,y-1)]
s472548313.py(16):     cand=[c for c in cand0 if in_area(*c)]
 --- modulename: s472548313, funcname: <listcomp>
s472548313.py(16):     cand=[c for c in cand0 if in_area(*c)]
 --- modulename: s472548313, funcname: in_area
s472548313.py(12):     return 0<=x<=H-1 and 0<=y<=W-1
s472548313.py(16):     cand=[c for c in cand0 if in_area(*c)]
 --- modulename: s472548313, funcname: in_area
s472548313.py(12):     return 0<=x<=H-1 and 0<=y<=W-1
s472548313.py(16):     cand=[c for c in cand0 if in_area(*c)]
 --- modulename: s472548313, funcname: in_area
s472548313.py(12):     return 0<=x<=H-1 and 0<=y<=W-1
s472548313.py(16):     cand=[c for c in cand0 if in_area(*c)]
 --- modulename: s472548313, funcname: in_area
s472548313.py(12):     return 0<=x<=H-1 and 0<=y<=W-1
s472548313.py(16):     cand=[c for c in cand0 if in_area(*c)]
s472548313.py(17):     return cand
s472548313.py(44):     for x_new,y_new in cand:
s472548313.py(45):         if S[x_new][y_new]=="." and shortest[x_new][y_new]>time:
s472548313.py(44):     for x_new,y_new in cand:
s472548313.py(45):         if S[x_new][y_new]=="." and shortest[x_new][y_new]>time:
s472548313.py(44):     for x_new,y_new in cand:
s472548313.py(45):         if S[x_new][y_new]=="." and shortest[x_new][y_new]>time:
s472548313.py(44):     for x_new,y_new in cand:
s472548313.py(49):     cand = cango_warponly(x_now,y_now)
 --- modulename: s472548313, funcname: cango_warponly
s472548313.py(20):     cand0 =[(x-2,y-2),(x-2,y-1),(x-2,y),(x-2,y+1),(x-2,y+2),
s472548313.py(21):             (x+2,y-2),(x+2,y-1),(x+2,y),(x+2,y+1),(x+2,y+2),
s472548313.py(22):             (x+1,y-2),(x,y-2),(x-1,y-2),
s472548313.py(23):             (x+1,y+2),(x,y+2),(x-1,y+2),
s472548313.py(24):             (x+1,y+1),(x+1,y-1),(x-1,y+1),(x-1,y-1)]
s472548313.py(20):     cand0 =[(x-2,y-2),(x-2,y-1),(x-2,y),(x-2,y+1),(x-2,y+2),
s472548313.py(25):     cand=[c for c in cand0 if in_area(*c)]
 --- modulename: s472548313, funcname: <listcomp>
s472548313.py(25):     cand=[c for c in cand0 if in_area(*c)]
 --- modulename: s472548313, funcname: in_area
s472548313.py(12):     return 0<=x<=H-1 and 0<=y<=W-1
s472548313.py(25):     cand=[c for c in cand0 if in_area(*c)]
 --- modulename: s472548313, funcname: in_area
s472548313.py(12):     return 0<=x<=H-1 and 0<=y<=W-1
s472548313.py(25):     cand=[c for c in cand0 if in_area(*c)]
 --- modulename: s472548313, funcname: in_area
s472548313.py(12):     return 0<=x<=H-1 and 0<=y<=W-1
s472548313.py(25):     cand=[c for c in cand0 if in_area(*c)]
 --- modulename: s472548313, funcname: in_area
s472548313.py(12):     return 0<=x<=H-1 and 0<=y<=W-1
s472548313.py(25):     cand=[c for c in cand0 if in_area(*c)]
 --- modulename: s472548313, funcname: in_area
s472548313.py(12):     return 0<=x<=H-1 and 0<=y<=W-1
s472548313.py(25):     cand=[c for c in cand0 if in_area(*c)]
 --- modulename: s472548313, funcname: in_area
s472548313.py(12):     return 0<=x<=H-1 and 0<=y<=W-1
s472548313.py(25):     cand=[c for c in cand0 if in_area(*c)]
 --- modulename: s472548313, funcname: in_area
s472548313.py(12):     return 0<=x<=H-1 and 0<=y<=W-1
s472548313.py(25):     cand=[c for c in cand0 if in_area(*c)]
 --- modulename: s472548313, funcname: in_area
s472548313.py(12):     return 0<=x<=H-1 and 0<=y<=W-1
s472548313.py(25):     cand=[c for c in cand0 if in_area(*c)]
 --- modulename: s472548313, funcname: in_area
s472548313.py(12):     return 0<=x<=H-1 and 0<=y<=W-1
s472548313.py(25):     cand=[c for c in cand0 if in_area(*c)]
 --- modulename: s472548313, funcname: in_area
s472548313.py(12):     return 0<=x<=H-1 and 0<=y<=W-1
s472548313.py(25):     cand=[c for c in cand0 if in_area(*c)]
 --- modulename: s472548313, funcname: in_area
s472548313.py(12):     return 0<=x<=H-1 and 0<=y<=W-1
s472548313.py(25):     cand=[c for c in cand0 if in_area(*c)]
 --- modulename: s472548313, funcname: in_area
s472548313.py(12):     return 0<=x<=H-1 and 0<=y<=W-1
s472548313.py(25):     cand=[c for c in cand0 if in_area(*c)]
 --- modulename: s472548313, funcname: in_area
s472548313.py(12):     return 0<=x<=H-1 and 0<=y<=W-1
s472548313.py(25):     cand=[c for c in cand0 if in_area(*c)]
 --- modulename: s472548313, funcname: in_area
s472548313.py(12):     return 0<=x<=H-1 and 0<=y<=W-1
s472548313.py(25):     cand=[c for c in cand0 if in_area(*c)]
 --- modulename: s472548313, funcname: in_area
s472548313.py(12):     return 0<=x<=H-1 and 0<=y<=W-1
s472548313.py(25):     cand=[c for c in cand0 if in_area(*c)]
 --- modulename: s472548313, funcname: in_area
s472548313.py(12):     return 0<=x<=H-1 and 0<=y<=W-1
s472548313.py(25):     cand=[c for c in cand0 if in_area(*c)]
 --- modulename: s472548313, funcname: in_area
s472548313.py(12):     return 0<=x<=H-1 and 0<=y<=W-1
s472548313.py(25):     cand=[c for c in cand0 if in_area(*c)]
 --- modulename: s472548313, funcname: in_area
s472548313.py(12):     return 0<=x<=H-1 and 0<=y<=W-1
s472548313.py(25):     cand=[c for c in cand0 if in_area(*c)]
 --- modulename: s472548313, funcname: in_area
s472548313.py(12):     return 0<=x<=H-1 and 0<=y<=W-1
s472548313.py(25):     cand=[c for c in cand0 if in_area(*c)]
 --- modulename: s472548313, funcname: in_area
s472548313.py(12):     return 0<=x<=H-1 and 0<=y<=W-1
s472548313.py(25):     cand=[c for c in cand0 if in_area(*c)]
s472548313.py(26):     return cand
s472548313.py(50):     for x_new,y_new in cand:
s472548313.py(51):         if S[x_new][y_new]=="." and shortest[x_new][y_new]>time+1:
s472548313.py(50):     for x_new,y_new in cand:
s472548313.py(51):         if S[x_new][y_new]=="." and shortest[x_new][y_new]>time+1:
s472548313.py(50):     for x_new,y_new in cand:
s472548313.py(51):         if S[x_new][y_new]=="." and shortest[x_new][y_new]>time+1:
s472548313.py(50):     for x_new,y_new in cand:
s472548313.py(51):         if S[x_new][y_new]=="." and shortest[x_new][y_new]>time+1:
s472548313.py(50):     for x_new,y_new in cand:
s472548313.py(51):         if S[x_new][y_new]=="." and shortest[x_new][y_new]>time+1:
s472548313.py(50):     for x_new,y_new in cand:
s472548313.py(51):         if S[x_new][y_new]=="." and shortest[x_new][y_new]>time+1:
s472548313.py(50):     for x_new,y_new in cand:
s472548313.py(51):         if S[x_new][y_new]=="." and shortest[x_new][y_new]>time+1:
s472548313.py(50):     for x_new,y_new in cand:
s472548313.py(51):         if S[x_new][y_new]=="." and shortest[x_new][y_new]>time+1:
s472548313.py(50):     for x_new,y_new in cand:
s472548313.py(35): while q:
s472548313.py(36):     x_old,y_old,x_now,y_now,time = q.pop()
s472548313.py(43):     cand = cango_step(x_now,y_now)
 --- modulename: s472548313, funcname: cango_step
s472548313.py(15):     cand0 =[(x+1,y),(x-1,y),(x,y+1),(x,y-1)]
s472548313.py(16):     cand=[c for c in cand0 if in_area(*c)]
 --- modulename: s472548313, funcname: <listcomp>
s472548313.py(16):     cand=[c for c in cand0 if in_area(*c)]
 --- modulename: s472548313, funcname: in_area
s472548313.py(12):     return 0<=x<=H-1 and 0<=y<=W-1
s472548313.py(16):     cand=[c for c in cand0 if in_area(*c)]
 --- modulename: s472548313, funcname: in_area
s472548313.py(12):     return 0<=x<=H-1 and 0<=y<=W-1
s472548313.py(16):     cand=[c for c in cand0 if in_area(*c)]
 --- modulename: s472548313, funcname: in_area
s472548313.py(12):     return 0<=x<=H-1 and 0<=y<=W-1
s472548313.py(16):     cand=[c for c in cand0 if in_area(*c)]
 --- modulename: s472548313, funcname: in_area
s472548313.py(12):     return 0<=x<=H-1 and 0<=y<=W-1
s472548313.py(16):     cand=[c for c in cand0 if in_area(*c)]
s472548313.py(17):     return cand
s472548313.py(44):     for x_new,y_new in cand:
s472548313.py(45):         if S[x_new][y_new]=="." and shortest[x_new][y_new]>time:
s472548313.py(44):     for x_new,y_new in cand:
s472548313.py(45):         if S[x_new][y_new]=="." and shortest[x_new][y_new]>time:
s472548313.py(44):     for x_new,y_new in cand:
s472548313.py(45):         if S[x_new][y_new]=="." and shortest[x_new][y_new]>time:
s472548313.py(44):     for x_new,y_new in cand:
s472548313.py(45):         if S[x_new][y_new]=="." and shortest[x_new][y_new]>time:
s472548313.py(44):     for x_new,y_new in cand:
s472548313.py(49):     cand = cango_warponly(x_now,y_now)
 --- modulename: s472548313, funcname: cango_warponly
s472548313.py(20):     cand0 =[(x-2,y-2),(x-2,y-1),(x-2,y),(x-2,y+1),(x-2,y+2),
s472548313.py(21):             (x+2,y-2),(x+2,y-1),(x+2,y),(x+2,y+1),(x+2,y+2),
s472548313.py(22):             (x+1,y-2),(x,y-2),(x-1,y-2),
s472548313.py(23):             (x+1,y+2),(x,y+2),(x-1,y+2),
s472548313.py(24):             (x+1,y+1),(x+1,y-1),(x-1,y+1),(x-1,y-1)]
s472548313.py(20):     cand0 =[(x-2,y-2),(x-2,y-1),(x-2,y),(x-2,y+1),(x-2,y+2),
s472548313.py(25):     cand=[c for c in cand0 if in_area(*c)]
 --- modulename: s472548313, funcname: <listcomp>
s472548313.py(25):     cand=[c for c in cand0 if in_area(*c)]
 --- modulename: s472548313, funcname: in_area
s472548313.py(12):     return 0<=x<=H-1 and 0<=y<=W-1
s472548313.py(25):     cand=[c for c in cand0 if in_area(*c)]
 --- modulename: s472548313, funcname: in_area
s472548313.py(12):     return 0<=x<=H-1 and 0<=y<=W-1
s472548313.py(25):     cand=[c for c in cand0 if in_area(*c)]
 --- modulename: s472548313, funcname: in_area
s472548313.py(12):     return 0<=x<=H-1 and 0<=y<=W-1
s472548313.py(25):     cand=[c for c in cand0 if in_area(*c)]
 --- modulename: s472548313, funcname: in_area
s472548313.py(12):     return 0<=x<=H-1 and 0<=y<=W-1
s472548313.py(25):     cand=[c for c in cand0 if in_area(*c)]
 --- modulename: s472548313, funcname: in_area
s472548313.py(12):     return 0<=x<=H-1 and 0<=y<=W-1
s472548313.py(25):     cand=[c for c in cand0 if in_area(*c)]
 --- modulename: s472548313, funcname: in_area
s472548313.py(12):     return 0<=x<=H-1 and 0<=y<=W-1
s472548313.py(25):     cand=[c for c in cand0 if in_area(*c)]
 --- modulename: s472548313, funcname: in_area
s472548313.py(12):     return 0<=x<=H-1 and 0<=y<=W-1
s472548313.py(25):     cand=[c for c in cand0 if in_area(*c)]
 --- modulename: s472548313, funcname: in_area
s472548313.py(12):     return 0<=x<=H-1 and 0<=y<=W-1
s472548313.py(25):     cand=[c for c in cand0 if in_area(*c)]
 --- modulename: s472548313, funcname: in_area
s472548313.py(12):     return 0<=x<=H-1 and 0<=y<=W-1
s472548313.py(25):     cand=[c for c in cand0 if in_area(*c)]
 --- modulename: s472548313, funcname: in_area
s472548313.py(12):     return 0<=x<=H-1 and 0<=y<=W-1
s472548313.py(25):     cand=[c for c in cand0 if in_area(*c)]
 --- modulename: s472548313, funcname: in_area
s472548313.py(12):     return 0<=x<=H-1 and 0<=y<=W-1
s472548313.py(25):     cand=[c for c in cand0 if in_area(*c)]
 --- modulename: s472548313, funcname: in_area
s472548313.py(12):     return 0<=x<=H-1 and 0<=y<=W-1
s472548313.py(25):     cand=[c for c in cand0 if in_area(*c)]
 --- modulename: s472548313, funcname: in_area
s472548313.py(12):     return 0<=x<=H-1 and 0<=y<=W-1
s472548313.py(25):     cand=[c for c in cand0 if in_area(*c)]
 --- modulename: s472548313, funcname: in_area
s472548313.py(12):     return 0<=x<=H-1 and 0<=y<=W-1
s472548313.py(25):     cand=[c for c in cand0 if in_area(*c)]
 --- modulename: s472548313, funcname: in_area
s472548313.py(12):     return 0<=x<=H-1 and 0<=y<=W-1
s472548313.py(25):     cand=[c for c in cand0 if in_area(*c)]
 --- modulename: s472548313, funcname: in_area
s472548313.py(12):     return 0<=x<=H-1 and 0<=y<=W-1
s472548313.py(25):     cand=[c for c in cand0 if in_area(*c)]
 --- modulename: s472548313, funcname: in_area
s472548313.py(12):     return 0<=x<=H-1 and 0<=y<=W-1
s472548313.py(25):     cand=[c for c in cand0 if in_area(*c)]
 --- modulename: s472548313, funcname: in_area
s472548313.py(12):     return 0<=x<=H-1 and 0<=y<=W-1
s472548313.py(25):     cand=[c for c in cand0 if in_area(*c)]
 --- modulename: s472548313, funcname: in_area
s472548313.py(12):     return 0<=x<=H-1 and 0<=y<=W-1
s472548313.py(25):     cand=[c for c in cand0 if in_area(*c)]
 --- modulename: s472548313, funcname: in_area
s472548313.py(12):     return 0<=x<=H-1 and 0<=y<=W-1
s472548313.py(25):     cand=[c for c in cand0 if in_area(*c)]
s472548313.py(26):     return cand
s472548313.py(50):     for x_new,y_new in cand:
s472548313.py(51):         if S[x_new][y_new]=="." and shortest[x_new][y_new]>time+1:
s472548313.py(50):     for x_new,y_new in cand:
s472548313.py(51):         if S[x_new][y_new]=="." and shortest[x_new][y_new]>time+1:
s472548313.py(50):     for x_new,y_new in cand:
s472548313.py(51):         if S[x_new][y_new]=="." and shortest[x_new][y_new]>time+1:
s472548313.py(50):     for x_new,y_new in cand:
s472548313.py(51):         if S[x_new][y_new]=="." and shortest[x_new][y_new]>time+1:
s472548313.py(50):     for x_new,y_new in cand:
s472548313.py(51):         if S[x_new][y_new]=="." and shortest[x_new][y_new]>time+1:
s472548313.py(50):     for x_new,y_new in cand:
s472548313.py(51):         if S[x_new][y_new]=="." and shortest[x_new][y_new]>time+1:
s472548313.py(50):     for x_new,y_new in cand:
s472548313.py(51):         if S[x_new][y_new]=="." and shortest[x_new][y_new]>time+1:
s472548313.py(50):     for x_new,y_new in cand:
s472548313.py(51):         if S[x_new][y_new]=="." and shortest[x_new][y_new]>time+1:
s472548313.py(50):     for x_new,y_new in cand:
s472548313.py(51):         if S[x_new][y_new]=="." and shortest[x_new][y_new]>time+1:
s472548313.py(50):     for x_new,y_new in cand:
s472548313.py(51):         if S[x_new][y_new]=="." and shortest[x_new][y_new]>time+1:
s472548313.py(50):     for x_new,y_new in cand:
s472548313.py(51):         if S[x_new][y_new]=="." and shortest[x_new][y_new]>time+1:
s472548313.py(50):     for x_new,y_new in cand:
s472548313.py(35): while q:
s472548313.py(36):     x_old,y_old,x_now,y_now,time = q.pop()
s472548313.py(43):     cand = cango_step(x_now,y_now)
 --- modulename: s472548313, funcname: cango_step
s472548313.py(15):     cand0 =[(x+1,y),(x-1,y),(x,y+1),(x,y-1)]
s472548313.py(16):     cand=[c for c in cand0 if in_area(*c)]
 --- modulename: s472548313, funcname: <listcomp>
s472548313.py(16):     cand=[c for c in cand0 if in_area(*c)]
 --- modulename: s472548313, funcname: in_area
s472548313.py(12):     return 0<=x<=H-1 and 0<=y<=W-1
s472548313.py(16):     cand=[c for c in cand0 if in_area(*c)]
 --- modulename: s472548313, funcname: in_area
s472548313.py(12):     return 0<=x<=H-1 and 0<=y<=W-1
s472548313.py(16):     cand=[c for c in cand0 if in_area(*c)]
 --- modulename: s472548313, funcname: in_area
s472548313.py(12):     return 0<=x<=H-1 and 0<=y<=W-1
s472548313.py(16):     cand=[c for c in cand0 if in_area(*c)]
 --- modulename: s472548313, funcname: in_area
s472548313.py(12):     return 0<=x<=H-1 and 0<=y<=W-1
s472548313.py(16):     cand=[c for c in cand0 if in_area(*c)]
s472548313.py(17):     return cand
s472548313.py(44):     for x_new,y_new in cand:
s472548313.py(45):         if S[x_new][y_new]=="." and shortest[x_new][y_new]>time:
s472548313.py(44):     for x_new,y_new in cand:
s472548313.py(45):         if S[x_new][y_new]=="." and shortest[x_new][y_new]>time:
s472548313.py(44):     for x_new,y_new in cand:
s472548313.py(45):         if S[x_new][y_new]=="." and shortest[x_new][y_new]>time:
s472548313.py(44):     for x_new,y_new in cand:
s472548313.py(45):         if S[x_new][y_new]=="." and shortest[x_new][y_new]>time:
s472548313.py(44):     for x_new,y_new in cand:
s472548313.py(49):     cand = cango_warponly(x_now,y_now)
 --- modulename: s472548313, funcname: cango_warponly
s472548313.py(20):     cand0 =[(x-2,y-2),(x-2,y-1),(x-2,y),(x-2,y+1),(x-2,y+2),
s472548313.py(21):             (x+2,y-2),(x+2,y-1),(x+2,y),(x+2,y+1),(x+2,y+2),
s472548313.py(22):             (x+1,y-2),(x,y-2),(x-1,y-2),
s472548313.py(23):             (x+1,y+2),(x,y+2),(x-1,y+2),
s472548313.py(24):             (x+1,y+1),(x+1,y-1),(x-1,y+1),(x-1,y-1)]
s472548313.py(20):     cand0 =[(x-2,y-2),(x-2,y-1),(x-2,y),(x-2,y+1),(x-2,y+2),
s472548313.py(25):     cand=[c for c in cand0 if in_area(*c)]
 --- modulename: s472548313, funcname: <listcomp>
s472548313.py(25):     cand=[c for c in cand0 if in_area(*c)]
 --- modulename: s472548313, funcname: in_area
s472548313.py(12):     return 0<=x<=H-1 and 0<=y<=W-1
s472548313.py(25):     cand=[c for c in cand0 if in_area(*c)]
 --- modulename: s472548313, funcname: in_area
s472548313.py(12):     return 0<=x<=H-1 and 0<=y<=W-1
s472548313.py(25):     cand=[c for c in cand0 if in_area(*c)]
 --- modulename: s472548313, funcname: in_area
s472548313.py(12):     return 0<=x<=H-1 and 0<=y<=W-1
s472548313.py(25):     cand=[c for c in cand0 if in_area(*c)]
 --- modulename: s472548313, funcname: in_area
s472548313.py(12):     return 0<=x<=H-1 and 0<=y<=W-1
s472548313.py(25):     cand=[c for c in cand0 if in_area(*c)]
 --- modulename: s472548313, funcname: in_area
s472548313.py(12):     return 0<=x<=H-1 and 0<=y<=W-1
s472548313.py(25):     cand=[c for c in cand0 if in_area(*c)]
 --- modulename: s472548313, funcname: in_area
s472548313.py(12):     return 0<=x<=H-1 and 0<=y<=W-1
s472548313.py(25):     cand=[c for c in cand0 if in_area(*c)]
 --- modulename: s472548313, funcname: in_area
s472548313.py(12):     return 0<=x<=H-1 and 0<=y<=W-1
s472548313.py(25):     cand=[c for c in cand0 if in_area(*c)]
 --- modulename: s472548313, funcname: in_area
s472548313.py(12):     return 0<=x<=H-1 and 0<=y<=W-1
s472548313.py(25):     cand=[c for c in cand0 if in_area(*c)]
 --- modulename: s472548313, funcname: in_area
s472548313.py(12):     return 0<=x<=H-1 and 0<=y<=W-1
s472548313.py(25):     cand=[c for c in cand0 if in_area(*c)]
 --- modulename: s472548313, funcname: in_area
s472548313.py(12):     return 0<=x<=H-1 and 0<=y<=W-1
s472548313.py(25):     cand=[c for c in cand0 if in_area(*c)]
 --- modulename: s472548313, funcname: in_area
s472548313.py(12):     return 0<=x<=H-1 and 0<=y<=W-1
s472548313.py(25):     cand=[c for c in cand0 if in_area(*c)]
 --- modulename: s472548313, funcname: in_area
s472548313.py(12):     return 0<=x<=H-1 and 0<=y<=W-1
s472548313.py(25):     cand=[c for c in cand0 if in_area(*c)]
 --- modulename: s472548313, funcname: in_area
s472548313.py(12):     return 0<=x<=H-1 and 0<=y<=W-1
s472548313.py(25):     cand=[c for c in cand0 if in_area(*c)]
 --- modulename: s472548313, funcname: in_area
s472548313.py(12):     return 0<=x<=H-1 and 0<=y<=W-1
s472548313.py(25):     cand=[c for c in cand0 if in_area(*c)]
 --- modulename: s472548313, funcname: in_area
s472548313.py(12):     return 0<=x<=H-1 and 0<=y<=W-1
s472548313.py(25):     cand=[c for c in cand0 if in_area(*c)]
 --- modulename: s472548313, funcname: in_area
s472548313.py(12):     return 0<=x<=H-1 and 0<=y<=W-1
s472548313.py(25):     cand=[c for c in cand0 if in_area(*c)]
 --- modulename: s472548313, funcname: in_area
s472548313.py(12):     return 0<=x<=H-1 and 0<=y<=W-1
s472548313.py(25):     cand=[c for c in cand0 if in_area(*c)]
 --- modulename: s472548313, funcname: in_area
s472548313.py(12):     return 0<=x<=H-1 and 0<=y<=W-1
s472548313.py(25):     cand=[c for c in cand0 if in_area(*c)]
 --- modulename: s472548313, funcname: in_area
s472548313.py(12):     return 0<=x<=H-1 and 0<=y<=W-1
s472548313.py(25):     cand=[c for c in cand0 if in_area(*c)]
 --- modulename: s472548313, funcname: in_area
s472548313.py(12):     return 0<=x<=H-1 and 0<=y<=W-1
s472548313.py(25):     cand=[c for c in cand0 if in_area(*c)]
s472548313.py(26):     return cand
s472548313.py(50):     for x_new,y_new in cand:
s472548313.py(51):         if S[x_new][y_new]=="." and shortest[x_new][y_new]>time+1:
s472548313.py(50):     for x_new,y_new in cand:
s472548313.py(51):         if S[x_new][y_new]=="." and shortest[x_new][y_new]>time+1:
s472548313.py(50):     for x_new,y_new in cand:
s472548313.py(51):         if S[x_new][y_new]=="." and shortest[x_new][y_new]>time+1:
s472548313.py(50):     for x_new,y_new in cand:
s472548313.py(51):         if S[x_new][y_new]=="." and shortest[x_new][y_new]>time+1:
s472548313.py(50):     for x_new,y_new in cand:
s472548313.py(51):         if S[x_new][y_new]=="." and shortest[x_new][y_new]>time+1:
s472548313.py(50):     for x_new,y_new in cand:
s472548313.py(51):         if S[x_new][y_new]=="." and shortest[x_new][y_new]>time+1:
s472548313.py(50):     for x_new,y_new in cand:
s472548313.py(51):         if S[x_new][y_new]=="." and shortest[x_new][y_new]>time+1:
s472548313.py(50):     for x_new,y_new in cand:
s472548313.py(51):         if S[x_new][y_new]=="." and shortest[x_new][y_new]>time+1:
s472548313.py(50):     for x_new,y_new in cand:
s472548313.py(51):         if S[x_new][y_new]=="." and shortest[x_new][y_new]>time+1:
s472548313.py(50):     for x_new,y_new in cand:
s472548313.py(51):         if S[x_new][y_new]=="." and shortest[x_new][y_new]>time+1:
s472548313.py(50):     for x_new,y_new in cand:
s472548313.py(51):         if S[x_new][y_new]=="." and shortest[x_new][y_new]>time+1:
s472548313.py(50):     for x_new,y_new in cand:
s472548313.py(35): while q:
s472548313.py(36):     x_old,y_old,x_now,y_now,time = q.pop()
s472548313.py(43):     cand = cango_step(x_now,y_now)
 --- modulename: s472548313, funcname: cango_step
s472548313.py(15):     cand0 =[(x+1,y),(x-1,y),(x,y+1),(x,y-1)]
s472548313.py(16):     cand=[c for c in cand0 if in_area(*c)]
 --- modulename: s472548313, funcname: <listcomp>
s472548313.py(16):     cand=[c for c in cand0 if in_area(*c)]
 --- modulename: s472548313, funcname: in_area
s472548313.py(12):     return 0<=x<=H-1 and 0<=y<=W-1
s472548313.py(16):     cand=[c for c in cand0 if in_area(*c)]
 --- modulename: s472548313, funcname: in_area
s472548313.py(12):     return 0<=x<=H-1 and 0<=y<=W-1
s472548313.py(16):     cand=[c for c in cand0 if in_area(*c)]
 --- modulename: s472548313, funcname: in_area
s472548313.py(12):     return 0<=x<=H-1 and 0<=y<=W-1
s472548313.py(16):     cand=[c for c in cand0 if in_area(*c)]
 --- modulename: s472548313, funcname: in_area
s472548313.py(12):     return 0<=x<=H-1 and 0<=y<=W-1
s472548313.py(16):     cand=[c for c in cand0 if in_area(*c)]
s472548313.py(17):     return cand
s472548313.py(44):     for x_new,y_new in cand:
s472548313.py(45):         if S[x_new][y_new]=="." and shortest[x_new][y_new]>time:
s472548313.py(44):     for x_new,y_new in cand:
s472548313.py(45):         if S[x_new][y_new]=="." and shortest[x_new][y_new]>time:
s472548313.py(44):     for x_new,y_new in cand:
s472548313.py(45):         if S[x_new][y_new]=="." and shortest[x_new][y_new]>time:
s472548313.py(44):     for x_new,y_new in cand:
s472548313.py(49):     cand = cango_warponly(x_now,y_now)
 --- modulename: s472548313, funcname: cango_warponly
s472548313.py(20):     cand0 =[(x-2,y-2),(x-2,y-1),(x-2,y),(x-2,y+1),(x-2,y+2),
s472548313.py(21):             (x+2,y-2),(x+2,y-1),(x+2,y),(x+2,y+1),(x+2,y+2),
s472548313.py(22):             (x+1,y-2),(x,y-2),(x-1,y-2),
s472548313.py(23):             (x+1,y+2),(x,y+2),(x-1,y+2),
s472548313.py(24):             (x+1,y+1),(x+1,y-1),(x-1,y+1),(x-1,y-1)]
s472548313.py(20):     cand0 =[(x-2,y-2),(x-2,y-1),(x-2,y),(x-2,y+1),(x-2,y+2),
s472548313.py(25):     cand=[c for c in cand0 if in_area(*c)]
 --- modulename: s472548313, funcname: <listcomp>
s472548313.py(25):     cand=[c for c in cand0 if in_area(*c)]
 --- modulename: s472548313, funcname: in_area
s472548313.py(12):     return 0<=x<=H-1 and 0<=y<=W-1
s472548313.py(25):     cand=[c for c in cand0 if in_area(*c)]
 --- modulename: s472548313, funcname: in_area
s472548313.py(12):     return 0<=x<=H-1 and 0<=y<=W-1
s472548313.py(25):     cand=[c for c in cand0 if in_area(*c)]
 --- modulename: s472548313, funcname: in_area
s472548313.py(12):     return 0<=x<=H-1 and 0<=y<=W-1
s472548313.py(25):     cand=[c for c in cand0 if in_area(*c)]
 --- modulename: s472548313, funcname: in_area
s472548313.py(12):     return 0<=x<=H-1 and 0<=y<=W-1
s472548313.py(25):     cand=[c for c in cand0 if in_area(*c)]
 --- modulename: s472548313, funcname: in_area
s472548313.py(12):     return 0<=x<=H-1 and 0<=y<=W-1
s472548313.py(25):     cand=[c for c in cand0 if in_area(*c)]
 --- modulename: s472548313, funcname: in_area
s472548313.py(12):     return 0<=x<=H-1 and 0<=y<=W-1
s472548313.py(25):     cand=[c for c in cand0 if in_area(*c)]
 --- modulename: s472548313, funcname: in_area
s472548313.py(12):     return 0<=x<=H-1 and 0<=y<=W-1
s472548313.py(25):     cand=[c for c in cand0 if in_area(*c)]
 --- modulename: s472548313, funcname: in_area
s472548313.py(12):     return 0<=x<=H-1 and 0<=y<=W-1
s472548313.py(25):     cand=[c for c in cand0 if in_area(*c)]
 --- modulename: s472548313, funcname: in_area
s472548313.py(12):     return 0<=x<=H-1 and 0<=y<=W-1
s472548313.py(25):     cand=[c for c in cand0 if in_area(*c)]
 --- modulename: s472548313, funcname: in_area
s472548313.py(12):     return 0<=x<=H-1 and 0<=y<=W-1
s472548313.py(25):     cand=[c for c in cand0 if in_area(*c)]
 --- modulename: s472548313, funcname: in_area
s472548313.py(12):     return 0<=x<=H-1 and 0<=y<=W-1
s472548313.py(25):     cand=[c for c in cand0 if in_area(*c)]
 --- modulename: s472548313, funcname: in_area
s472548313.py(12):     return 0<=x<=H-1 and 0<=y<=W-1
s472548313.py(25):     cand=[c for c in cand0 if in_area(*c)]
 --- modulename: s472548313, funcname: in_area
s472548313.py(12):     return 0<=x<=H-1 and 0<=y<=W-1
s472548313.py(25):     cand=[c for c in cand0 if in_area(*c)]
 --- modulename: s472548313, funcname: in_area
s472548313.py(12):     return 0<=x<=H-1 and 0<=y<=W-1
s472548313.py(25):     cand=[c for c in cand0 if in_area(*c)]
 --- modulename: s472548313, funcname: in_area
s472548313.py(12):     return 0<=x<=H-1 and 0<=y<=W-1
s472548313.py(25):     cand=[c for c in cand0 if in_area(*c)]
 --- modulename: s472548313, funcname: in_area
s472548313.py(12):     return 0<=x<=H-1 and 0<=y<=W-1
s472548313.py(25):     cand=[c for c in cand0 if in_area(*c)]
 --- modulename: s472548313, funcname: in_area
s472548313.py(12):     return 0<=x<=H-1 and 0<=y<=W-1
s472548313.py(25):     cand=[c for c in cand0 if in_area(*c)]
 --- modulename: s472548313, funcname: in_area
s472548313.py(12):     return 0<=x<=H-1 and 0<=y<=W-1
s472548313.py(25):     cand=[c for c in cand0 if in_area(*c)]
 --- modulename: s472548313, funcname: in_area
s472548313.py(12):     return 0<=x<=H-1 and 0<=y<=W-1
s472548313.py(25):     cand=[c for c in cand0 if in_area(*c)]
 --- modulename: s472548313, funcname: in_area
s472548313.py(12):     return 0<=x<=H-1 and 0<=y<=W-1
s472548313.py(25):     cand=[c for c in cand0 if in_area(*c)]
s472548313.py(26):     return cand
s472548313.py(50):     for x_new,y_new in cand:
s472548313.py(51):         if S[x_new][y_new]=="." and shortest[x_new][y_new]>time+1:
s472548313.py(50):     for x_new,y_new in cand:
s472548313.py(51):         if S[x_new][y_new]=="." and shortest[x_new][y_new]>time+1:
s472548313.py(50):     for x_new,y_new in cand:
s472548313.py(51):         if S[x_new][y_new]=="." and shortest[x_new][y_new]>time+1:
s472548313.py(50):     for x_new,y_new in cand:
s472548313.py(51):         if S[x_new][y_new]=="." and shortest[x_new][y_new]>time+1:
s472548313.py(50):     for x_new,y_new in cand:
s472548313.py(51):         if S[x_new][y_new]=="." and shortest[x_new][y_new]>time+1:
s472548313.py(50):     for x_new,y_new in cand:
s472548313.py(51):         if S[x_new][y_new]=="." and shortest[x_new][y_new]>time+1:
s472548313.py(50):     for x_new,y_new in cand:
s472548313.py(51):         if S[x_new][y_new]=="." and shortest[x_new][y_new]>time+1:
s472548313.py(50):     for x_new,y_new in cand:
s472548313.py(51):         if S[x_new][y_new]=="." and shortest[x_new][y_new]>time+1:
s472548313.py(50):     for x_new,y_new in cand:
s472548313.py(35): while q:
s472548313.py(36):     x_old,y_old,x_now,y_now,time = q.pop()
s472548313.py(43):     cand = cango_step(x_now,y_now)
 --- modulename: s472548313, funcname: cango_step
s472548313.py(15):     cand0 =[(x+1,y),(x-1,y),(x,y+1),(x,y-1)]
s472548313.py(16):     cand=[c for c in cand0 if in_area(*c)]
 --- modulename: s472548313, funcname: <listcomp>
s472548313.py(16):     cand=[c for c in cand0 if in_area(*c)]
 --- modulename: s472548313, funcname: in_area
s472548313.py(12):     return 0<=x<=H-1 and 0<=y<=W-1
s472548313.py(16):     cand=[c for c in cand0 if in_area(*c)]
 --- modulename: s472548313, funcname: in_area
s472548313.py(12):     return 0<=x<=H-1 and 0<=y<=W-1
s472548313.py(16):     cand=[c for c in cand0 if in_area(*c)]
 --- modulename: s472548313, funcname: in_area
s472548313.py(12):     return 0<=x<=H-1 and 0<=y<=W-1
s472548313.py(16):     cand=[c for c in cand0 if in_area(*c)]
 --- modulename: s472548313, funcname: in_area
s472548313.py(12):     return 0<=x<=H-1 and 0<=y<=W-1
s472548313.py(16):     cand=[c for c in cand0 if in_area(*c)]
s472548313.py(17):     return cand
s472548313.py(44):     for x_new,y_new in cand:
s472548313.py(45):         if S[x_new][y_new]=="." and shortest[x_new][y_new]>time:
s472548313.py(44):     for x_new,y_new in cand:
s472548313.py(45):         if S[x_new][y_new]=="." and shortest[x_new][y_new]>time:
s472548313.py(44):     for x_new,y_new in cand:
s472548313.py(45):         if S[x_new][y_new]=="." and shortest[x_new][y_new]>time:
s472548313.py(44):     for x_new,y_new in cand:
s472548313.py(49):     cand = cango_warponly(x_now,y_now)
 --- modulename: s472548313, funcname: cango_warponly
s472548313.py(20):     cand0 =[(x-2,y-2),(x-2,y-1),(x-2,y),(x-2,y+1),(x-2,y+2),
s472548313.py(21):             (x+2,y-2),(x+2,y-1),(x+2,y),(x+2,y+1),(x+2,y+2),
s472548313.py(22):             (x+1,y-2),(x,y-2),(x-1,y-2),
s472548313.py(23):             (x+1,y+2),(x,y+2),(x-1,y+2),
s472548313.py(24):             (x+1,y+1),(x+1,y-1),(x-1,y+1),(x-1,y-1)]
s472548313.py(20):     cand0 =[(x-2,y-2),(x-2,y-1),(x-2,y),(x-2,y+1),(x-2,y+2),
s472548313.py(25):     cand=[c for c in cand0 if in_area(*c)]
 --- modulename: s472548313, funcname: <listcomp>
s472548313.py(25):     cand=[c for c in cand0 if in_area(*c)]
 --- modulename: s472548313, funcname: in_area
s472548313.py(12):     return 0<=x<=H-1 and 0<=y<=W-1
s472548313.py(25):     cand=[c for c in cand0 if in_area(*c)]
 --- modulename: s472548313, funcname: in_area
s472548313.py(12):     return 0<=x<=H-1 and 0<=y<=W-1
s472548313.py(25):     cand=[c for c in cand0 if in_area(*c)]
 --- modulename: s472548313, funcname: in_area
s472548313.py(12):     return 0<=x<=H-1 and 0<=y<=W-1
s472548313.py(25):     cand=[c for c in cand0 if in_area(*c)]
 --- modulename: s472548313, funcname: in_area
s472548313.py(12):     return 0<=x<=H-1 and 0<=y<=W-1
s472548313.py(25):     cand=[c for c in cand0 if in_area(*c)]
 --- modulename: s472548313, funcname: in_area
s472548313.py(12):     return 0<=x<=H-1 and 0<=y<=W-1
s472548313.py(25):     cand=[c for c in cand0 if in_area(*c)]
 --- modulename: s472548313, funcname: in_area
s472548313.py(12):     return 0<=x<=H-1 and 0<=y<=W-1
s472548313.py(25):     cand=[c for c in cand0 if in_area(*c)]
 --- modulename: s472548313, funcname: in_area
s472548313.py(12):     return 0<=x<=H-1 and 0<=y<=W-1
s472548313.py(25):     cand=[c for c in cand0 if in_area(*c)]
 --- modulename: s472548313, funcname: in_area
s472548313.py(12):     return 0<=x<=H-1 and 0<=y<=W-1
s472548313.py(25):     cand=[c for c in cand0 if in_area(*c)]
 --- modulename: s472548313, funcname: in_area
s472548313.py(12):     return 0<=x<=H-1 and 0<=y<=W-1
s472548313.py(25):     cand=[c for c in cand0 if in_area(*c)]
 --- modulename: s472548313, funcname: in_area
s472548313.py(12):     return 0<=x<=H-1 and 0<=y<=W-1
s472548313.py(25):     cand=[c for c in cand0 if in_area(*c)]
 --- modulename: s472548313, funcname: in_area
s472548313.py(12):     return 0<=x<=H-1 and 0<=y<=W-1
s472548313.py(25):     cand=[c for c in cand0 if in_area(*c)]
 --- modulename: s472548313, funcname: in_area
s472548313.py(12):     return 0<=x<=H-1 and 0<=y<=W-1
s472548313.py(25):     cand=[c for c in cand0 if in_area(*c)]
 --- modulename: s472548313, funcname: in_area
s472548313.py(12):     return 0<=x<=H-1 and 0<=y<=W-1
s472548313.py(25):     cand=[c for c in cand0 if in_area(*c)]
 --- modulename: s472548313, funcname: in_area
s472548313.py(12):     return 0<=x<=H-1 and 0<=y<=W-1
s472548313.py(25):     cand=[c for c in cand0 if in_area(*c)]
 --- modulename: s472548313, funcname: in_area
s472548313.py(12):     return 0<=x<=H-1 and 0<=y<=W-1
s472548313.py(25):     cand=[c for c in cand0 if in_area(*c)]
 --- modulename: s472548313, funcname: in_area
s472548313.py(12):     return 0<=x<=H-1 and 0<=y<=W-1
s472548313.py(25):     cand=[c for c in cand0 if in_area(*c)]
 --- modulename: s472548313, funcname: in_area
s472548313.py(12):     return 0<=x<=H-1 and 0<=y<=W-1
s472548313.py(25):     cand=[c for c in cand0 if in_area(*c)]
 --- modulename: s472548313, funcname: in_area
s472548313.py(12):     return 0<=x<=H-1 and 0<=y<=W-1
s472548313.py(25):     cand=[c for c in cand0 if in_area(*c)]
 --- modulename: s472548313, funcname: in_area
s472548313.py(12):     return 0<=x<=H-1 and 0<=y<=W-1
s472548313.py(25):     cand=[c for c in cand0 if in_area(*c)]
 --- modulename: s472548313, funcname: in_area
s472548313.py(12):     return 0<=x<=H-1 and 0<=y<=W-1
s472548313.py(25):     cand=[c for c in cand0 if in_area(*c)]
s472548313.py(26):     return cand
s472548313.py(50):     for x_new,y_new in cand:
s472548313.py(51):         if S[x_new][y_new]=="." and shortest[x_new][y_new]>time+1:
s472548313.py(50):     for x_new,y_new in cand:
s472548313.py(51):         if S[x_new][y_new]=="." and shortest[x_new][y_new]>time+1:
s472548313.py(50):     for x_new,y_new in cand:
s472548313.py(51):         if S[x_new][y_new]=="." and shortest[x_new][y_new]>time+1:
s472548313.py(50):     for x_new,y_new in cand:
s472548313.py(51):         if S[x_new][y_new]=="." and shortest[x_new][y_new]>time+1:
s472548313.py(50):     for x_new,y_new in cand:
s472548313.py(51):         if S[x_new][y_new]=="." and shortest[x_new][y_new]>time+1:
s472548313.py(50):     for x_new,y_new in cand:
s472548313.py(51):         if S[x_new][y_new]=="." and shortest[x_new][y_new]>time+1:
s472548313.py(50):     for x_new,y_new in cand:
s472548313.py(51):         if S[x_new][y_new]=="." and shortest[x_new][y_new]>time+1:
s472548313.py(50):     for x_new,y_new in cand:
s472548313.py(51):         if S[x_new][y_new]=="." and shortest[x_new][y_new]>time+1:
s472548313.py(50):     for x_new,y_new in cand:
s472548313.py(35): while q:
s472548313.py(36):     x_old,y_old,x_now,y_now,time = q.pop()
s472548313.py(43):     cand = cango_step(x_now,y_now)
 --- modulename: s472548313, funcname: cango_step
s472548313.py(15):     cand0 =[(x+1,y),(x-1,y),(x,y+1),(x,y-1)]
s472548313.py(16):     cand=[c for c in cand0 if in_area(*c)]
 --- modulename: s472548313, funcname: <listcomp>
s472548313.py(16):     cand=[c for c in cand0 if in_area(*c)]
 --- modulename: s472548313, funcname: in_area
s472548313.py(12):     return 0<=x<=H-1 and 0<=y<=W-1
s472548313.py(16):     cand=[c for c in cand0 if in_area(*c)]
 --- modulename: s472548313, funcname: in_area
s472548313.py(12):     return 0<=x<=H-1 and 0<=y<=W-1
s472548313.py(16):     cand=[c for c in cand0 if in_area(*c)]
 --- modulename: s472548313, funcname: in_area
s472548313.py(12):     return 0<=x<=H-1 and 0<=y<=W-1
s472548313.py(16):     cand=[c for c in cand0 if in_area(*c)]
 --- modulename: s472548313, funcname: in_area
s472548313.py(12):     return 0<=x<=H-1 and 0<=y<=W-1
s472548313.py(16):     cand=[c for c in cand0 if in_area(*c)]
s472548313.py(17):     return cand
s472548313.py(44):     for x_new,y_new in cand:
s472548313.py(45):         if S[x_new][y_new]=="." and shortest[x_new][y_new]>time:
s472548313.py(44):     for x_new,y_new in cand:
s472548313.py(45):         if S[x_new][y_new]=="." and shortest[x_new][y_new]>time:
s472548313.py(44):     for x_new,y_new in cand:
s472548313.py(49):     cand = cango_warponly(x_now,y_now)
 --- modulename: s472548313, funcname: cango_warponly
s472548313.py(20):     cand0 =[(x-2,y-2),(x-2,y-1),(x-2,y),(x-2,y+1),(x-2,y+2),
s472548313.py(21):             (x+2,y-2),(x+2,y-1),(x+2,y),(x+2,y+1),(x+2,y+2),
s472548313.py(22):             (x+1,y-2),(x,y-2),(x-1,y-2),
s472548313.py(23):             (x+1,y+2),(x,y+2),(x-1,y+2),
s472548313.py(24):             (x+1,y+1),(x+1,y-1),(x-1,y+1),(x-1,y-1)]
s472548313.py(20):     cand0 =[(x-2,y-2),(x-2,y-1),(x-2,y),(x-2,y+1),(x-2,y+2),
s472548313.py(25):     cand=[c for c in cand0 if in_area(*c)]
 --- modulename: s472548313, funcname: <listcomp>
s472548313.py(25):     cand=[c for c in cand0 if in_area(*c)]
 --- modulename: s472548313, funcname: in_area
s472548313.py(12):     return 0<=x<=H-1 and 0<=y<=W-1
s472548313.py(25):     cand=[c for c in cand0 if in_area(*c)]
 --- modulename: s472548313, funcname: in_area
s472548313.py(12):     return 0<=x<=H-1 and 0<=y<=W-1
s472548313.py(25):     cand=[c for c in cand0 if in_area(*c)]
 --- modulename: s472548313, funcname: in_area
s472548313.py(12):     return 0<=x<=H-1 and 0<=y<=W-1
s472548313.py(25):     cand=[c for c in cand0 if in_area(*c)]
 --- modulename: s472548313, funcname: in_area
s472548313.py(12):     return 0<=x<=H-1 and 0<=y<=W-1
s472548313.py(25):     cand=[c for c in cand0 if in_area(*c)]
 --- modulename: s472548313, funcname: in_area
s472548313.py(12):     return 0<=x<=H-1 and 0<=y<=W-1
s472548313.py(25):     cand=[c for c in cand0 if in_area(*c)]
 --- modulename: s472548313, funcname: in_area
s472548313.py(12):     return 0<=x<=H-1 and 0<=y<=W-1
s472548313.py(25):     cand=[c for c in cand0 if in_area(*c)]
 --- modulename: s472548313, funcname: in_area
s472548313.py(12):     return 0<=x<=H-1 and 0<=y<=W-1
s472548313.py(25):     cand=[c for c in cand0 if in_area(*c)]
 --- modulename: s472548313, funcname: in_area
s472548313.py(12):     return 0<=x<=H-1 and 0<=y<=W-1
s472548313.py(25):     cand=[c for c in cand0 if in_area(*c)]
 --- modulename: s472548313, funcname: in_area
s472548313.py(12):     return 0<=x<=H-1 and 0<=y<=W-1
s472548313.py(25):     cand=[c for c in cand0 if in_area(*c)]
 --- modulename: s472548313, funcname: in_area
s472548313.py(12):     return 0<=x<=H-1 and 0<=y<=W-1
s472548313.py(25):     cand=[c for c in cand0 if in_area(*c)]
 --- modulename: s472548313, funcname: in_area
s472548313.py(12):     return 0<=x<=H-1 and 0<=y<=W-1
s472548313.py(25):     cand=[c for c in cand0 if in_area(*c)]
 --- modulename: s472548313, funcname: in_area
s472548313.py(12):     return 0<=x<=H-1 and 0<=y<=W-1
s472548313.py(25):     cand=[c for c in cand0 if in_area(*c)]
 --- modulename: s472548313, funcname: in_area
s472548313.py(12):     return 0<=x<=H-1 and 0<=y<=W-1
s472548313.py(25):     cand=[c for c in cand0 if in_area(*c)]
 --- modulename: s472548313, funcname: in_area
s472548313.py(12):     return 0<=x<=H-1 and 0<=y<=W-1
s472548313.py(25):     cand=[c for c in cand0 if in_area(*c)]
 --- modulename: s472548313, funcname: in_area
s472548313.py(12):     return 0<=x<=H-1 and 0<=y<=W-1
s472548313.py(25):     cand=[c for c in cand0 if in_area(*c)]
 --- modulename: s472548313, funcname: in_area
s472548313.py(12):     return 0<=x<=H-1 and 0<=y<=W-1
s472548313.py(25):     cand=[c for c in cand0 if in_area(*c)]
 --- modulename: s472548313, funcname: in_area
s472548313.py(12):     return 0<=x<=H-1 and 0<=y<=W-1
s472548313.py(25):     cand=[c for c in cand0 if in_area(*c)]
 --- modulename: s472548313, funcname: in_area
s472548313.py(12):     return 0<=x<=H-1 and 0<=y<=W-1
s472548313.py(25):     cand=[c for c in cand0 if in_area(*c)]
 --- modulename: s472548313, funcname: in_area
s472548313.py(12):     return 0<=x<=H-1 and 0<=y<=W-1
s472548313.py(25):     cand=[c for c in cand0 if in_area(*c)]
 --- modulename: s472548313, funcname: in_area
s472548313.py(12):     return 0<=x<=H-1 and 0<=y<=W-1
s472548313.py(25):     cand=[c for c in cand0 if in_area(*c)]
s472548313.py(26):     return cand
s472548313.py(50):     for x_new,y_new in cand:
s472548313.py(51):         if S[x_new][y_new]=="." and shortest[x_new][y_new]>time+1:
s472548313.py(50):     for x_new,y_new in cand:
s472548313.py(51):         if S[x_new][y_new]=="." and shortest[x_new][y_new]>time+1:
s472548313.py(50):     for x_new,y_new in cand:
s472548313.py(51):         if S[x_new][y_new]=="." and shortest[x_new][y_new]>time+1:
s472548313.py(50):     for x_new,y_new in cand:
s472548313.py(51):         if S[x_new][y_new]=="." and shortest[x_new][y_new]>time+1:
s472548313.py(50):     for x_new,y_new in cand:
s472548313.py(51):         if S[x_new][y_new]=="." and shortest[x_new][y_new]>time+1:
s472548313.py(50):     for x_new,y_new in cand:
s472548313.py(51):         if S[x_new][y_new]=="." and shortest[x_new][y_new]>time+1:
s472548313.py(50):     for x_new,y_new in cand:
s472548313.py(35): while q:
s472548313.py(36):     x_old,y_old,x_now,y_now,time = q.pop()
s472548313.py(43):     cand = cango_step(x_now,y_now)
 --- modulename: s472548313, funcname: cango_step
s472548313.py(15):     cand0 =[(x+1,y),(x-1,y),(x,y+1),(x,y-1)]
s472548313.py(16):     cand=[c for c in cand0 if in_area(*c)]
 --- modulename: s472548313, funcname: <listcomp>
s472548313.py(16):     cand=[c for c in cand0 if in_area(*c)]
 --- modulename: s472548313, funcname: in_area
s472548313.py(12):     return 0<=x<=H-1 and 0<=y<=W-1
s472548313.py(16):     cand=[c for c in cand0 if in_area(*c)]
 --- modulename: s472548313, funcname: in_area
s472548313.py(12):     return 0<=x<=H-1 and 0<=y<=W-1
s472548313.py(16):     cand=[c for c in cand0 if in_area(*c)]
 --- modulename: s472548313, funcname: in_area
s472548313.py(12):     return 0<=x<=H-1 and 0<=y<=W-1
s472548313.py(16):     cand=[c for c in cand0 if in_area(*c)]
 --- modulename: s472548313, funcname: in_area
s472548313.py(12):     return 0<=x<=H-1 and 0<=y<=W-1
s472548313.py(16):     cand=[c for c in cand0 if in_area(*c)]
s472548313.py(17):     return cand
s472548313.py(44):     for x_new,y_new in cand:
s472548313.py(45):         if S[x_new][y_new]=="." and shortest[x_new][y_new]>time:
s472548313.py(44):     for x_new,y_new in cand:
s472548313.py(45):         if S[x_new][y_new]=="." and shortest[x_new][y_new]>time:
s472548313.py(44):     for x_new,y_new in cand:
s472548313.py(49):     cand = cango_warponly(x_now,y_now)
 --- modulename: s472548313, funcname: cango_warponly
s472548313.py(20):     cand0 =[(x-2,y-2),(x-2,y-1),(x-2,y),(x-2,y+1),(x-2,y+2),
s472548313.py(21):             (x+2,y-2),(x+2,y-1),(x+2,y),(x+2,y+1),(x+2,y+2),
s472548313.py(22):             (x+1,y-2),(x,y-2),(x-1,y-2),
s472548313.py(23):             (x+1,y+2),(x,y+2),(x-1,y+2),
s472548313.py(24):             (x+1,y+1),(x+1,y-1),(x-1,y+1),(x-1,y-1)]
s472548313.py(20):     cand0 =[(x-2,y-2),(x-2,y-1),(x-2,y),(x-2,y+1),(x-2,y+2),
s472548313.py(25):     cand=[c for c in cand0 if in_area(*c)]
 --- modulename: s472548313, funcname: <listcomp>
s472548313.py(25):     cand=[c for c in cand0 if in_area(*c)]
 --- modulename: s472548313, funcname: in_area
s472548313.py(12):     return 0<=x<=H-1 and 0<=y<=W-1
s472548313.py(25):     cand=[c for c in cand0 if in_area(*c)]
 --- modulename: s472548313, funcname: in_area
s472548313.py(12):     return 0<=x<=H-1 and 0<=y<=W-1
s472548313.py(25):     cand=[c for c in cand0 if in_area(*c)]
 --- modulename: s472548313, funcname: in_area
s472548313.py(12):     return 0<=x<=H-1 and 0<=y<=W-1
s472548313.py(25):     cand=[c for c in cand0 if in_area(*c)]
 --- modulename: s472548313, funcname: in_area
s472548313.py(12):     return 0<=x<=H-1 and 0<=y<=W-1
s472548313.py(25):     cand=[c for c in cand0 if in_area(*c)]
 --- modulename: s472548313, funcname: in_area
s472548313.py(12):     return 0<=x<=H-1 and 0<=y<=W-1
s472548313.py(25):     cand=[c for c in cand0 if in_area(*c)]
 --- modulename: s472548313, funcname: in_area
s472548313.py(12):     return 0<=x<=H-1 and 0<=y<=W-1
s472548313.py(25):     cand=[c for c in cand0 if in_area(*c)]
 --- modulename: s472548313, funcname: in_area
s472548313.py(12):     return 0<=x<=H-1 and 0<=y<=W-1
s472548313.py(25):     cand=[c for c in cand0 if in_area(*c)]
 --- modulename: s472548313, funcname: in_area
s472548313.py(12):     return 0<=x<=H-1 and 0<=y<=W-1
s472548313.py(25):     cand=[c for c in cand0 if in_area(*c)]
 --- modulename: s472548313, funcname: in_area
s472548313.py(12):     return 0<=x<=H-1 and 0<=y<=W-1
s472548313.py(25):     cand=[c for c in cand0 if in_area(*c)]
 --- modulename: s472548313, funcname: in_area
s472548313.py(12):     return 0<=x<=H-1 and 0<=y<=W-1
s472548313.py(25):     cand=[c for c in cand0 if in_area(*c)]
 --- modulename: s472548313, funcname: in_area
s472548313.py(12):     return 0<=x<=H-1 and 0<=y<=W-1
s472548313.py(25):     cand=[c for c in cand0 if in_area(*c)]
 --- modulename: s472548313, funcname: in_area
s472548313.py(12):     return 0<=x<=H-1 and 0<=y<=W-1
s472548313.py(25):     cand=[c for c in cand0 if in_area(*c)]
 --- modulename: s472548313, funcname: in_area
s472548313.py(12):     return 0<=x<=H-1 and 0<=y<=W-1
s472548313.py(25):     cand=[c for c in cand0 if in_area(*c)]
 --- modulename: s472548313, funcname: in_area
s472548313.py(12):     return 0<=x<=H-1 and 0<=y<=W-1
s472548313.py(25):     cand=[c for c in cand0 if in_area(*c)]
 --- modulename: s472548313, funcname: in_area
s472548313.py(12):     return 0<=x<=H-1 and 0<=y<=W-1
s472548313.py(25):     cand=[c for c in cand0 if in_area(*c)]
 --- modulename: s472548313, funcname: in_area
s472548313.py(12):     return 0<=x<=H-1 and 0<=y<=W-1
s472548313.py(25):     cand=[c for c in cand0 if in_area(*c)]
 --- modulename: s472548313, funcname: in_area
s472548313.py(12):     return 0<=x<=H-1 and 0<=y<=W-1
s472548313.py(25):     cand=[c for c in cand0 if in_area(*c)]
 --- modulename: s472548313, funcname: in_area
s472548313.py(12):     return 0<=x<=H-1 and 0<=y<=W-1
s472548313.py(25):     cand=[c for c in cand0 if in_area(*c)]
 --- modulename: s472548313, funcname: in_area
s472548313.py(12):     return 0<=x<=H-1 and 0<=y<=W-1
s472548313.py(25):     cand=[c for c in cand0 if in_area(*c)]
 --- modulename: s472548313, funcname: in_area
s472548313.py(12):     return 0<=x<=H-1 and 0<=y<=W-1
s472548313.py(25):     cand=[c for c in cand0 if in_area(*c)]
s472548313.py(26):     return cand
s472548313.py(50):     for x_new,y_new in cand:
s472548313.py(51):         if S[x_new][y_new]=="." and shortest[x_new][y_new]>time+1:
s472548313.py(50):     for x_new,y_new in cand:
s472548313.py(51):         if S[x_new][y_new]=="." and shortest[x_new][y_new]>time+1:
s472548313.py(50):     for x_new,y_new in cand:
s472548313.py(51):         if S[x_new][y_new]=="." and shortest[x_new][y_new]>time+1:
s472548313.py(50):     for x_new,y_new in cand:
s472548313.py(51):         if S[x_new][y_new]=="." and shortest[x_new][y_new]>time+1:
s472548313.py(50):     for x_new,y_new in cand:
s472548313.py(51):         if S[x_new][y_new]=="." and shortest[x_new][y_new]>time+1:
s472548313.py(50):     for x_new,y_new in cand:
s472548313.py(51):         if S[x_new][y_new]=="." and shortest[x_new][y_new]>time+1:
s472548313.py(50):     for x_new,y_new in cand:
s472548313.py(35): while q:
s472548313.py(36):     x_old,y_old,x_now,y_now,time = q.pop()
s472548313.py(43):     cand = cango_step(x_now,y_now)
 --- modulename: s472548313, funcname: cango_step
s472548313.py(15):     cand0 =[(x+1,y),(x-1,y),(x,y+1),(x,y-1)]
s472548313.py(16):     cand=[c for c in cand0 if in_area(*c)]
 --- modulename: s472548313, funcname: <listcomp>
s472548313.py(16):     cand=[c for c in cand0 if in_area(*c)]
 --- modulename: s472548313, funcname: in_area
s472548313.py(12):     return 0<=x<=H-1 and 0<=y<=W-1
s472548313.py(16):     cand=[c for c in cand0 if in_area(*c)]
 --- modulename: s472548313, funcname: in_area
s472548313.py(12):     return 0<=x<=H-1 and 0<=y<=W-1
s472548313.py(16):     cand=[c for c in cand0 if in_area(*c)]
 --- modulename: s472548313, funcname: in_area
s472548313.py(12):     return 0<=x<=H-1 and 0<=y<=W-1
s472548313.py(16):     cand=[c for c in cand0 if in_area(*c)]
 --- modulename: s472548313, funcname: in_area
s472548313.py(12):     return 0<=x<=H-1 and 0<=y<=W-1
s472548313.py(16):     cand=[c for c in cand0 if in_area(*c)]
s472548313.py(17):     return cand
s472548313.py(44):     for x_new,y_new in cand:
s472548313.py(45):         if S[x_new][y_new]=="." and shortest[x_new][y_new]>time:
s472548313.py(44):     for x_new,y_new in cand:
s472548313.py(45):         if S[x_new][y_new]=="." and shortest[x_new][y_new]>time:
s472548313.py(44):     for x_new,y_new in cand:
s472548313.py(45):         if S[x_new][y_new]=="." and shortest[x_new][y_new]>time:
s472548313.py(44):     for x_new,y_new in cand:
s472548313.py(49):     cand = cango_warponly(x_now,y_now)
 --- modulename: s472548313, funcname: cango_warponly
s472548313.py(20):     cand0 =[(x-2,y-2),(x-2,y-1),(x-2,y),(x-2,y+1),(x-2,y+2),
s472548313.py(21):             (x+2,y-2),(x+2,y-1),(x+2,y),(x+2,y+1),(x+2,y+2),
s472548313.py(22):             (x+1,y-2),(x,y-2),(x-1,y-2),
s472548313.py(23):             (x+1,y+2),(x,y+2),(x-1,y+2),
s472548313.py(24):             (x+1,y+1),(x+1,y-1),(x-1,y+1),(x-1,y-1)]
s472548313.py(20):     cand0 =[(x-2,y-2),(x-2,y-1),(x-2,y),(x-2,y+1),(x-2,y+2),
s472548313.py(25):     cand=[c for c in cand0 if in_area(*c)]
 --- modulename: s472548313, funcname: <listcomp>
s472548313.py(25):     cand=[c for c in cand0 if in_area(*c)]
 --- modulename: s472548313, funcname: in_area
s472548313.py(12):     return 0<=x<=H-1 and 0<=y<=W-1
s472548313.py(25):     cand=[c for c in cand0 if in_area(*c)]
 --- modulename: s472548313, funcname: in_area
s472548313.py(12):     return 0<=x<=H-1 and 0<=y<=W-1
s472548313.py(25):     cand=[c for c in cand0 if in_area(*c)]
 --- modulename: s472548313, funcname: in_area
s472548313.py(12):     return 0<=x<=H-1 and 0<=y<=W-1
s472548313.py(25):     cand=[c for c in cand0 if in_area(*c)]
 --- modulename: s472548313, funcname: in_area
s472548313.py(12):     return 0<=x<=H-1 and 0<=y<=W-1
s472548313.py(25):     cand=[c for c in cand0 if in_area(*c)]
 --- modulename: s472548313, funcname: in_area
s472548313.py(12):     return 0<=x<=H-1 and 0<=y<=W-1
s472548313.py(25):     cand=[c for c in cand0 if in_area(*c)]
 --- modulename: s472548313, funcname: in_area
s472548313.py(12):     return 0<=x<=H-1 and 0<=y<=W-1
s472548313.py(25):     cand=[c for c in cand0 if in_area(*c)]
 --- modulename: s472548313, funcname: in_area
s472548313.py(12):     return 0<=x<=H-1 and 0<=y<=W-1
s472548313.py(25):     cand=[c for c in cand0 if in_area(*c)]
 --- modulename: s472548313, funcname: in_area
s472548313.py(12):     return 0<=x<=H-1 and 0<=y<=W-1
s472548313.py(25):     cand=[c for c in cand0 if in_area(*c)]
 --- modulename: s472548313, funcname: in_area
s472548313.py(12):     return 0<=x<=H-1 and 0<=y<=W-1
s472548313.py(25):     cand=[c for c in cand0 if in_area(*c)]
 --- modulename: s472548313, funcname: in_area
s472548313.py(12):     return 0<=x<=H-1 and 0<=y<=W-1
s472548313.py(25):     cand=[c for c in cand0 if in_area(*c)]
 --- modulename: s472548313, funcname: in_area
s472548313.py(12):     return 0<=x<=H-1 and 0<=y<=W-1
s472548313.py(25):     cand=[c for c in cand0 if in_area(*c)]
 --- modulename: s472548313, funcname: in_area
s472548313.py(12):     return 0<=x<=H-1 and 0<=y<=W-1
s472548313.py(25):     cand=[c for c in cand0 if in_area(*c)]
 --- modulename: s472548313, funcname: in_area
s472548313.py(12):     return 0<=x<=H-1 and 0<=y<=W-1
s472548313.py(25):     cand=[c for c in cand0 if in_area(*c)]
 --- modulename: s472548313, funcname: in_area
s472548313.py(12):     return 0<=x<=H-1 and 0<=y<=W-1
s472548313.py(25):     cand=[c for c in cand0 if in_area(*c)]
 --- modulename: s472548313, funcname: in_area
s472548313.py(12):     return 0<=x<=H-1 and 0<=y<=W-1
s472548313.py(25):     cand=[c for c in cand0 if in_area(*c)]
 --- modulename: s472548313, funcname: in_area
s472548313.py(12):     return 0<=x<=H-1 and 0<=y<=W-1
s472548313.py(25):     cand=[c for c in cand0 if in_area(*c)]
 --- modulename: s472548313, funcname: in_area
s472548313.py(12):     return 0<=x<=H-1 and 0<=y<=W-1
s472548313.py(25):     cand=[c for c in cand0 if in_area(*c)]
 --- modulename: s472548313, funcname: in_area
s472548313.py(12):     return 0<=x<=H-1 and 0<=y<=W-1
s472548313.py(25):     cand=[c for c in cand0 if in_area(*c)]
 --- modulename: s472548313, funcname: in_area
s472548313.py(12):     return 0<=x<=H-1 and 0<=y<=W-1
s472548313.py(25):     cand=[c for c in cand0 if in_area(*c)]
 --- modulename: s472548313, funcname: in_area
s472548313.py(12):     return 0<=x<=H-1 and 0<=y<=W-1
s472548313.py(25):     cand=[c for c in cand0 if in_area(*c)]
s472548313.py(26):     return cand
s472548313.py(50):     for x_new,y_new in cand:
s472548313.py(51):         if S[x_new][y_new]=="." and shortest[x_new][y_new]>time+1:
s472548313.py(50):     for x_new,y_new in cand:
s472548313.py(51):         if S[x_new][y_new]=="." and shortest[x_new][y_new]>time+1:
s472548313.py(50):     for x_new,y_new in cand:
s472548313.py(51):         if S[x_new][y_new]=="." and shortest[x_new][y_new]>time+1:
s472548313.py(50):     for x_new,y_new in cand:
s472548313.py(51):         if S[x_new][y_new]=="." and shortest[x_new][y_new]>time+1:
s472548313.py(50):     for x_new,y_new in cand:
s472548313.py(51):         if S[x_new][y_new]=="." and shortest[x_new][y_new]>time+1:
s472548313.py(50):     for x_new,y_new in cand:
s472548313.py(51):         if S[x_new][y_new]=="." and shortest[x_new][y_new]>time+1:
s472548313.py(50):     for x_new,y_new in cand:
s472548313.py(51):         if S[x_new][y_new]=="." and shortest[x_new][y_new]>time+1:
s472548313.py(50):     for x_new,y_new in cand:
s472548313.py(51):         if S[x_new][y_new]=="." and shortest[x_new][y_new]>time+1:
s472548313.py(50):     for x_new,y_new in cand:
s472548313.py(35): while q:
s472548313.py(36):     x_old,y_old,x_now,y_now,time = q.pop()
s472548313.py(43):     cand = cango_step(x_now,y_now)
 --- modulename: s472548313, funcname: cango_step
s472548313.py(15):     cand0 =[(x+1,y),(x-1,y),(x,y+1),(x,y-1)]
s472548313.py(16):     cand=[c for c in cand0 if in_area(*c)]
 --- modulename: s472548313, funcname: <listcomp>
s472548313.py(16):     cand=[c for c in cand0 if in_area(*c)]
 --- modulename: s472548313, funcname: in_area
s472548313.py(12):     return 0<=x<=H-1 and 0<=y<=W-1
s472548313.py(16):     cand=[c for c in cand0 if in_area(*c)]
 --- modulename: s472548313, funcname: in_area
s472548313.py(12):     return 0<=x<=H-1 and 0<=y<=W-1
s472548313.py(16):     cand=[c for c in cand0 if in_area(*c)]
 --- modulename: s472548313, funcname: in_area
s472548313.py(12):     return 0<=x<=H-1 and 0<=y<=W-1
s472548313.py(16):     cand=[c for c in cand0 if in_area(*c)]
 --- modulename: s472548313, funcname: in_area
s472548313.py(12):     return 0<=x<=H-1 and 0<=y<=W-1
s472548313.py(16):     cand=[c for c in cand0 if in_area(*c)]
s472548313.py(17):     return cand
s472548313.py(44):     for x_new,y_new in cand:
s472548313.py(45):         if S[x_new][y_new]=="." and shortest[x_new][y_new]>time:
s472548313.py(44):     for x_new,y_new in cand:
s472548313.py(45):         if S[x_new][y_new]=="." and shortest[x_new][y_new]>time:
s472548313.py(44):     for x_new,y_new in cand:
s472548313.py(49):     cand = cango_warponly(x_now,y_now)
 --- modulename: s472548313, funcname: cango_warponly
s472548313.py(20):     cand0 =[(x-2,y-2),(x-2,y-1),(x-2,y),(x-2,y+1),(x-2,y+2),
s472548313.py(21):             (x+2,y-2),(x+2,y-1),(x+2,y),(x+2,y+1),(x+2,y+2),
s472548313.py(22):             (x+1,y-2),(x,y-2),(x-1,y-2),
s472548313.py(23):             (x+1,y+2),(x,y+2),(x-1,y+2),
s472548313.py(24):             (x+1,y+1),(x+1,y-1),(x-1,y+1),(x-1,y-1)]
s472548313.py(20):     cand0 =[(x-2,y-2),(x-2,y-1),(x-2,y),(x-2,y+1),(x-2,y+2),
s472548313.py(25):     cand=[c for c in cand0 if in_area(*c)]
 --- modulename: s472548313, funcname: <listcomp>
s472548313.py(25):     cand=[c for c in cand0 if in_area(*c)]
 --- modulename: s472548313, funcname: in_area
s472548313.py(12):     return 0<=x<=H-1 and 0<=y<=W-1
s472548313.py(25):     cand=[c for c in cand0 if in_area(*c)]
 --- modulename: s472548313, funcname: in_area
s472548313.py(12):     return 0<=x<=H-1 and 0<=y<=W-1
s472548313.py(25):     cand=[c for c in cand0 if in_area(*c)]
 --- modulename: s472548313, funcname: in_area
s472548313.py(12):     return 0<=x<=H-1 and 0<=y<=W-1
s472548313.py(25):     cand=[c for c in cand0 if in_area(*c)]
 --- modulename: s472548313, funcname: in_area
s472548313.py(12):     return 0<=x<=H-1 and 0<=y<=W-1
s472548313.py(25):     cand=[c for c in cand0 if in_area(*c)]
 --- modulename: s472548313, funcname: in_area
s472548313.py(12):     return 0<=x<=H-1 and 0<=y<=W-1
s472548313.py(25):     cand=[c for c in cand0 if in_area(*c)]
 --- modulename: s472548313, funcname: in_area
s472548313.py(12):     return 0<=x<=H-1 and 0<=y<=W-1
s472548313.py(25):     cand=[c for c in cand0 if in_area(*c)]
 --- modulename: s472548313, funcname: in_area
s472548313.py(12):     return 0<=x<=H-1 and 0<=y<=W-1
s472548313.py(25):     cand=[c for c in cand0 if in_area(*c)]
 --- modulename: s472548313, funcname: in_area
s472548313.py(12):     return 0<=x<=H-1 and 0<=y<=W-1
s472548313.py(25):     cand=[c for c in cand0 if in_area(*c)]
 --- modulename: s472548313, funcname: in_area
s472548313.py(12):     return 0<=x<=H-1 and 0<=y<=W-1
s472548313.py(25):     cand=[c for c in cand0 if in_area(*c)]
 --- modulename: s472548313, funcname: in_area
s472548313.py(12):     return 0<=x<=H-1 and 0<=y<=W-1
s472548313.py(25):     cand=[c for c in cand0 if in_area(*c)]
 --- modulename: s472548313, funcname: in_area
s472548313.py(12):     return 0<=x<=H-1 and 0<=y<=W-1
s472548313.py(25):     cand=[c for c in cand0 if in_area(*c)]
 --- modulename: s472548313, funcname: in_area
s472548313.py(12):     return 0<=x<=H-1 and 0<=y<=W-1
s472548313.py(25):     cand=[c for c in cand0 if in_area(*c)]
 --- modulename: s472548313, funcname: in_area
s472548313.py(12):     return 0<=x<=H-1 and 0<=y<=W-1
s472548313.py(25):     cand=[c for c in cand0 if in_area(*c)]
 --- modulename: s472548313, funcname: in_area
s472548313.py(12):     return 0<=x<=H-1 and 0<=y<=W-1
s472548313.py(25):     cand=[c for c in cand0 if in_area(*c)]
 --- modulename: s472548313, funcname: in_area
s472548313.py(12):     return 0<=x<=H-1 and 0<=y<=W-1
s472548313.py(25):     cand=[c for c in cand0 if in_area(*c)]
 --- modulename: s472548313, funcname: in_area
s472548313.py(12):     return 0<=x<=H-1 and 0<=y<=W-1
s472548313.py(25):     cand=[c for c in cand0 if in_area(*c)]
 --- modulename: s472548313, funcname: in_area
s472548313.py(12):     return 0<=x<=H-1 and 0<=y<=W-1
s472548313.py(25):     cand=[c for c in cand0 if in_area(*c)]
 --- modulename: s472548313, funcname: in_area
s472548313.py(12):     return 0<=x<=H-1 and 0<=y<=W-1
s472548313.py(25):     cand=[c for c in cand0 if in_area(*c)]
 --- modulename: s472548313, funcname: in_area
s472548313.py(12):     return 0<=x<=H-1 and 0<=y<=W-1
s472548313.py(25):     cand=[c for c in cand0 if in_area(*c)]
 --- modulename: s472548313, funcname: in_area
s472548313.py(12):     return 0<=x<=H-1 and 0<=y<=W-1
s472548313.py(25):     cand=[c for c in cand0 if in_area(*c)]
s472548313.py(26):     return cand
s472548313.py(50):     for x_new,y_new in cand:
s472548313.py(51):         if S[x_new][y_new]=="." and shortest[x_new][y_new]>time+1:
s472548313.py(50):     for x_new,y_new in cand:
s472548313.py(51):         if S[x_new][y_new]=="." and shortest[x_new][y_new]>time+1:
s472548313.py(50):     for x_new,y_new in cand:
s472548313.py(51):         if S[x_new][y_new]=="." and shortest[x_new][y_new]>time+1:
s472548313.py(50):     for x_new,y_new in cand:
s472548313.py(51):         if S[x_new][y_new]=="." and shortest[x_new][y_new]>time+1:
s472548313.py(50):     for x_new,y_new in cand:
s472548313.py(51):         if S[x_new][y_new]=="." and shortest[x_new][y_new]>time+1:
s472548313.py(50):     for x_new,y_new in cand:
s472548313.py(51):         if S[x_new][y_new]=="." and shortest[x_new][y_new]>time+1:
s472548313.py(50):     for x_new,y_new in cand:
s472548313.py(35): while q:
s472548313.py(55): if shortest[DH-1][DW-1]==INF:
s472548313.py(58):     print(shortest[DH-1][DW-1])       
1
