 --- modulename: s253095511, funcname: <module>
s253095511.py(1): from collections import deque
 --- modulename: _bootstrap, funcname: _handle_fromlist
<frozen importlib._bootstrap>(1043): <frozen importlib._bootstrap>(1044): <frozen importlib._bootstrap>(1051): <frozen importlib._bootstrap>(1055): <frozen importlib._bootstrap>(1043): <frozen importlib._bootstrap>(1067): s253095511.py(2): INF = 10 ** 9
s253095511.py(4): class Edge:
 --- modulename: s253095511, funcname: Edge
s253095511.py(4): class Edge:
s253095511.py(5): 	def __init__(self, t, w):
s253095511.py(9): def around(i, j, H, W):
s253095511.py(48): def bfs(s):
s253095511.py(61): def solve(s):
s253095511.py(79): if __name__ == "__main__":
s253095511.py(80): 	H, W = map(int, input().split())
 --- modulename: codecs, funcname: getstate
codecs.py(333):         return (self.buffer, 0)
 --- modulename: codecs, funcname: decode
codecs.py(321):         data = self.buffer + input
codecs.py(322):         (result, consumed) = self._buffer_decode(data, self.errors, final)
codecs.py(324):         self.buffer = data[consumed:]
codecs.py(325):         return result
s253095511.py(81): 	S = [[0 for j in range(W)] for i in range(H)]
 --- modulename: s253095511, funcname: <listcomp>
s253095511.py(81): 	S = [[0 for j in range(W)] for i in range(H)]
 --- modulename: s253095511, funcname: <listcomp>
s253095511.py(81): 	S = [[0 for j in range(W)] for i in range(H)]
s253095511.py(81): 	S = [[0 for j in range(W)] for i in range(H)]
s253095511.py(81): 	S = [[0 for j in range(W)] for i in range(H)]
s253095511.py(81): 	S = [[0 for j in range(W)] for i in range(H)]
s253095511.py(81): 	S = [[0 for j in range(W)] for i in range(H)]
 --- modulename: s253095511, funcname: <listcomp>
s253095511.py(81): 	S = [[0 for j in range(W)] for i in range(H)]
s253095511.py(81): 	S = [[0 for j in range(W)] for i in range(H)]
s253095511.py(81): 	S = [[0 for j in range(W)] for i in range(H)]
s253095511.py(81): 	S = [[0 for j in range(W)] for i in range(H)]
s253095511.py(81): 	S = [[0 for j in range(W)] for i in range(H)]
 --- modulename: s253095511, funcname: <listcomp>
s253095511.py(81): 	S = [[0 for j in range(W)] for i in range(H)]
s253095511.py(81): 	S = [[0 for j in range(W)] for i in range(H)]
s253095511.py(81): 	S = [[0 for j in range(W)] for i in range(H)]
s253095511.py(81): 	S = [[0 for j in range(W)] for i in range(H)]
s253095511.py(81): 	S = [[0 for j in range(W)] for i in range(H)]
s253095511.py(83): 	for i in range(H):
s253095511.py(84): 		s = input()
s253095511.py(85): 		for j in range(W):
s253095511.py(86): 			if s[j] == "#":
s253095511.py(85): 		for j in range(W):
s253095511.py(86): 			if s[j] == "#":
s253095511.py(85): 		for j in range(W):
s253095511.py(86): 			if s[j] == "#":
s253095511.py(85): 		for j in range(W):
s253095511.py(83): 	for i in range(H):
s253095511.py(84): 		s = input()
s253095511.py(85): 		for j in range(W):
s253095511.py(86): 			if s[j] == "#":
s253095511.py(85): 		for j in range(W):
s253095511.py(86): 			if s[j] == "#":
s253095511.py(85): 		for j in range(W):
s253095511.py(86): 			if s[j] == "#":
s253095511.py(85): 		for j in range(W):
s253095511.py(83): 	for i in range(H):
s253095511.py(84): 		s = input()
s253095511.py(85): 		for j in range(W):
s253095511.py(86): 			if s[j] == "#":
s253095511.py(85): 		for j in range(W):
s253095511.py(86): 			if s[j] == "#":
s253095511.py(85): 		for j in range(W):
s253095511.py(86): 			if s[j] == "#":
s253095511.py(85): 		for j in range(W):
s253095511.py(83): 	for i in range(H):
s253095511.py(89): 	G = [[] for _ in range(H*W)]
 --- modulename: s253095511, funcname: <listcomp>
s253095511.py(89): 	G = [[] for _ in range(H*W)]
s253095511.py(89): 	G = [[] for _ in range(H*W)]
s253095511.py(89): 	G = [[] for _ in range(H*W)]
s253095511.py(89): 	G = [[] for _ in range(H*W)]
s253095511.py(89): 	G = [[] for _ in range(H*W)]
s253095511.py(89): 	G = [[] for _ in range(H*W)]
s253095511.py(89): 	G = [[] for _ in range(H*W)]
s253095511.py(89): 	G = [[] for _ in range(H*W)]
s253095511.py(89): 	G = [[] for _ in range(H*W)]
s253095511.py(89): 	G = [[] for _ in range(H*W)]
s253095511.py(90): 	for i in range(H):
s253095511.py(91): 		for j in range(W):
s253095511.py(92): 			if S[i][j] != 1:
s253095511.py(93): 				for (k, l) in around(i, j, H, W):
 --- modulename: s253095511, funcname: around
s253095511.py(10): 	if H == 1:
s253095511.py(17): 	elif W == 1:
s253095511.py(25): 		if i == 0:
s253095511.py(26): 			if j == 0:
s253095511.py(27): 				ans = [(i, j+1), (i+1, j)]
s253095511.py(46): 	return ans
s253095511.py(94): 					if S[k][l] != 1:
s253095511.py(95): 						G[i*W + j].append(Edge(k*W + l, 1))
 --- modulename: s253095511, funcname: __init__
s253095511.py(6): 		self.t = t
s253095511.py(7): 		self.w = w
s253095511.py(96): 						G[k*W + l].append(Edge(i*W + j, 1))
 --- modulename: s253095511, funcname: __init__
s253095511.py(6): 		self.t = t
s253095511.py(7): 		self.w = w
s253095511.py(93): 				for (k, l) in around(i, j, H, W):
s253095511.py(94): 					if S[k][l] != 1:
s253095511.py(95): 						G[i*W + j].append(Edge(k*W + l, 1))
 --- modulename: s253095511, funcname: __init__
s253095511.py(6): 		self.t = t
s253095511.py(7): 		self.w = w
s253095511.py(96): 						G[k*W + l].append(Edge(i*W + j, 1))
 --- modulename: s253095511, funcname: __init__
s253095511.py(6): 		self.t = t
s253095511.py(7): 		self.w = w
s253095511.py(93): 				for (k, l) in around(i, j, H, W):
s253095511.py(91): 		for j in range(W):
s253095511.py(92): 			if S[i][j] != 1:
s253095511.py(93): 				for (k, l) in around(i, j, H, W):
 --- modulename: s253095511, funcname: around
s253095511.py(10): 	if H == 1:
s253095511.py(17): 	elif W == 1:
s253095511.py(25): 		if i == 0:
s253095511.py(26): 			if j == 0:
s253095511.py(28): 			elif j == W-1:
s253095511.py(31): 				ans = [(i, j-1), (i, j+1), (i+1, j)]
s253095511.py(46): 	return ans
s253095511.py(94): 					if S[k][l] != 1:
s253095511.py(95): 						G[i*W + j].append(Edge(k*W + l, 1))
 --- modulename: s253095511, funcname: __init__
s253095511.py(6): 		self.t = t
s253095511.py(7): 		self.w = w
s253095511.py(96): 						G[k*W + l].append(Edge(i*W + j, 1))
 --- modulename: s253095511, funcname: __init__
s253095511.py(6): 		self.t = t
s253095511.py(7): 		self.w = w
s253095511.py(93): 				for (k, l) in around(i, j, H, W):
s253095511.py(94): 					if S[k][l] != 1:
s253095511.py(95): 						G[i*W + j].append(Edge(k*W + l, 1))
 --- modulename: s253095511, funcname: __init__
s253095511.py(6): 		self.t = t
s253095511.py(7): 		self.w = w
s253095511.py(96): 						G[k*W + l].append(Edge(i*W + j, 1))
 --- modulename: s253095511, funcname: __init__
s253095511.py(6): 		self.t = t
s253095511.py(7): 		self.w = w
s253095511.py(93): 				for (k, l) in around(i, j, H, W):
s253095511.py(94): 					if S[k][l] != 1:
s253095511.py(95): 						G[i*W + j].append(Edge(k*W + l, 1))
 --- modulename: s253095511, funcname: __init__
s253095511.py(6): 		self.t = t
s253095511.py(7): 		self.w = w
s253095511.py(96): 						G[k*W + l].append(Edge(i*W + j, 1))
 --- modulename: s253095511, funcname: __init__
s253095511.py(6): 		self.t = t
s253095511.py(7): 		self.w = w
s253095511.py(93): 				for (k, l) in around(i, j, H, W):
s253095511.py(91): 		for j in range(W):
s253095511.py(92): 			if S[i][j] != 1:
s253095511.py(93): 				for (k, l) in around(i, j, H, W):
 --- modulename: s253095511, funcname: around
s253095511.py(10): 	if H == 1:
s253095511.py(17): 	elif W == 1:
s253095511.py(25): 		if i == 0:
s253095511.py(26): 			if j == 0:
s253095511.py(28): 			elif j == W-1:
s253095511.py(29): 				ans = [(i, j-1), (i+1, j)]
s253095511.py(46): 	return ans
s253095511.py(94): 					if S[k][l] != 1:
s253095511.py(95): 						G[i*W + j].append(Edge(k*W + l, 1))
 --- modulename: s253095511, funcname: __init__
s253095511.py(6): 		self.t = t
s253095511.py(7): 		self.w = w
s253095511.py(96): 						G[k*W + l].append(Edge(i*W + j, 1))
 --- modulename: s253095511, funcname: __init__
s253095511.py(6): 		self.t = t
s253095511.py(7): 		self.w = w
s253095511.py(93): 				for (k, l) in around(i, j, H, W):
s253095511.py(94): 					if S[k][l] != 1:
s253095511.py(95): 						G[i*W + j].append(Edge(k*W + l, 1))
 --- modulename: s253095511, funcname: __init__
s253095511.py(6): 		self.t = t
s253095511.py(7): 		self.w = w
s253095511.py(96): 						G[k*W + l].append(Edge(i*W + j, 1))
 --- modulename: s253095511, funcname: __init__
s253095511.py(6): 		self.t = t
s253095511.py(7): 		self.w = w
s253095511.py(93): 				for (k, l) in around(i, j, H, W):
s253095511.py(91): 		for j in range(W):
s253095511.py(90): 	for i in range(H):
s253095511.py(91): 		for j in range(W):
s253095511.py(92): 			if S[i][j] != 1:
s253095511.py(93): 				for (k, l) in around(i, j, H, W):
 --- modulename: s253095511, funcname: around
s253095511.py(10): 	if H == 1:
s253095511.py(17): 	elif W == 1:
s253095511.py(25): 		if i == 0:
s253095511.py(32): 		elif i == H - 1:
s253095511.py(40): 			if j == 0:
s253095511.py(41): 				ans = [(i-1, j), (i, j+1), (i+1, j)]
s253095511.py(46): 	return ans
s253095511.py(94): 					if S[k][l] != 1:
s253095511.py(95): 						G[i*W + j].append(Edge(k*W + l, 1))
 --- modulename: s253095511, funcname: __init__
s253095511.py(6): 		self.t = t
s253095511.py(7): 		self.w = w
s253095511.py(96): 						G[k*W + l].append(Edge(i*W + j, 1))
 --- modulename: s253095511, funcname: __init__
s253095511.py(6): 		self.t = t
s253095511.py(7): 		self.w = w
s253095511.py(93): 				for (k, l) in around(i, j, H, W):
s253095511.py(94): 					if S[k][l] != 1:
s253095511.py(95): 						G[i*W + j].append(Edge(k*W + l, 1))
 --- modulename: s253095511, funcname: __init__
s253095511.py(6): 		self.t = t
s253095511.py(7): 		self.w = w
s253095511.py(96): 						G[k*W + l].append(Edge(i*W + j, 1))
 --- modulename: s253095511, funcname: __init__
s253095511.py(6): 		self.t = t
s253095511.py(7): 		self.w = w
s253095511.py(93): 				for (k, l) in around(i, j, H, W):
s253095511.py(94): 					if S[k][l] != 1:
s253095511.py(95): 						G[i*W + j].append(Edge(k*W + l, 1))
 --- modulename: s253095511, funcname: __init__
s253095511.py(6): 		self.t = t
s253095511.py(7): 		self.w = w
s253095511.py(96): 						G[k*W + l].append(Edge(i*W + j, 1))
 --- modulename: s253095511, funcname: __init__
s253095511.py(6): 		self.t = t
s253095511.py(7): 		self.w = w
s253095511.py(93): 				for (k, l) in around(i, j, H, W):
s253095511.py(91): 		for j in range(W):
s253095511.py(92): 			if S[i][j] != 1:
s253095511.py(93): 				for (k, l) in around(i, j, H, W):
 --- modulename: s253095511, funcname: around
s253095511.py(10): 	if H == 1:
s253095511.py(17): 	elif W == 1:
s253095511.py(25): 		if i == 0:
s253095511.py(32): 		elif i == H - 1:
s253095511.py(40): 			if j == 0:
s253095511.py(42): 			elif j == W-1:
s253095511.py(45): 				ans = [(i-1, j), (i, j-1), (i, j+1), (i+1, j)]
s253095511.py(46): 	return ans
s253095511.py(94): 					if S[k][l] != 1:
s253095511.py(95): 						G[i*W + j].append(Edge(k*W + l, 1))
 --- modulename: s253095511, funcname: __init__
s253095511.py(6): 		self.t = t
s253095511.py(7): 		self.w = w
s253095511.py(96): 						G[k*W + l].append(Edge(i*W + j, 1))
 --- modulename: s253095511, funcname: __init__
s253095511.py(6): 		self.t = t
s253095511.py(7): 		self.w = w
s253095511.py(93): 				for (k, l) in around(i, j, H, W):
s253095511.py(94): 					if S[k][l] != 1:
s253095511.py(95): 						G[i*W + j].append(Edge(k*W + l, 1))
 --- modulename: s253095511, funcname: __init__
s253095511.py(6): 		self.t = t
s253095511.py(7): 		self.w = w
s253095511.py(96): 						G[k*W + l].append(Edge(i*W + j, 1))
 --- modulename: s253095511, funcname: __init__
s253095511.py(6): 		self.t = t
s253095511.py(7): 		self.w = w
s253095511.py(93): 				for (k, l) in around(i, j, H, W):
s253095511.py(94): 					if S[k][l] != 1:
s253095511.py(95): 						G[i*W + j].append(Edge(k*W + l, 1))
 --- modulename: s253095511, funcname: __init__
s253095511.py(6): 		self.t = t
s253095511.py(7): 		self.w = w
s253095511.py(96): 						G[k*W + l].append(Edge(i*W + j, 1))
 --- modulename: s253095511, funcname: __init__
s253095511.py(6): 		self.t = t
s253095511.py(7): 		self.w = w
s253095511.py(93): 				for (k, l) in around(i, j, H, W):
s253095511.py(94): 					if S[k][l] != 1:
s253095511.py(95): 						G[i*W + j].append(Edge(k*W + l, 1))
 --- modulename: s253095511, funcname: __init__
s253095511.py(6): 		self.t = t
s253095511.py(7): 		self.w = w
s253095511.py(96): 						G[k*W + l].append(Edge(i*W + j, 1))
 --- modulename: s253095511, funcname: __init__
s253095511.py(6): 		self.t = t
s253095511.py(7): 		self.w = w
s253095511.py(93): 				for (k, l) in around(i, j, H, W):
s253095511.py(91): 		for j in range(W):
s253095511.py(92): 			if S[i][j] != 1:
s253095511.py(93): 				for (k, l) in around(i, j, H, W):
 --- modulename: s253095511, funcname: around
s253095511.py(10): 	if H == 1:
s253095511.py(17): 	elif W == 1:
s253095511.py(25): 		if i == 0:
s253095511.py(32): 		elif i == H - 1:
s253095511.py(40): 			if j == 0:
s253095511.py(42): 			elif j == W-1:
s253095511.py(43): 				ans = [(i-1, j), (i, j-1), (i+1, j)]
s253095511.py(46): 	return ans
s253095511.py(94): 					if S[k][l] != 1:
s253095511.py(95): 						G[i*W + j].append(Edge(k*W + l, 1))
 --- modulename: s253095511, funcname: __init__
s253095511.py(6): 		self.t = t
s253095511.py(7): 		self.w = w
s253095511.py(96): 						G[k*W + l].append(Edge(i*W + j, 1))
 --- modulename: s253095511, funcname: __init__
s253095511.py(6): 		self.t = t
s253095511.py(7): 		self.w = w
s253095511.py(93): 				for (k, l) in around(i, j, H, W):
s253095511.py(94): 					if S[k][l] != 1:
s253095511.py(95): 						G[i*W + j].append(Edge(k*W + l, 1))
 --- modulename: s253095511, funcname: __init__
s253095511.py(6): 		self.t = t
s253095511.py(7): 		self.w = w
s253095511.py(96): 						G[k*W + l].append(Edge(i*W + j, 1))
 --- modulename: s253095511, funcname: __init__
s253095511.py(6): 		self.t = t
s253095511.py(7): 		self.w = w
s253095511.py(93): 				for (k, l) in around(i, j, H, W):
s253095511.py(94): 					if S[k][l] != 1:
s253095511.py(95): 						G[i*W + j].append(Edge(k*W + l, 1))
 --- modulename: s253095511, funcname: __init__
s253095511.py(6): 		self.t = t
s253095511.py(7): 		self.w = w
s253095511.py(96): 						G[k*W + l].append(Edge(i*W + j, 1))
 --- modulename: s253095511, funcname: __init__
s253095511.py(6): 		self.t = t
s253095511.py(7): 		self.w = w
s253095511.py(93): 				for (k, l) in around(i, j, H, W):
s253095511.py(91): 		for j in range(W):
s253095511.py(90): 	for i in range(H):
s253095511.py(91): 		for j in range(W):
s253095511.py(92): 			if S[i][j] != 1:
s253095511.py(93): 				for (k, l) in around(i, j, H, W):
 --- modulename: s253095511, funcname: around
s253095511.py(10): 	if H == 1:
s253095511.py(17): 	elif W == 1:
s253095511.py(25): 		if i == 0:
s253095511.py(32): 		elif i == H - 1:
s253095511.py(33): 			if j == 0:
s253095511.py(34): 				ans = [(i-1, j), (i, j+1)]
s253095511.py(46): 	return ans
s253095511.py(94): 					if S[k][l] != 1:
s253095511.py(95): 						G[i*W + j].append(Edge(k*W + l, 1))
 --- modulename: s253095511, funcname: __init__
s253095511.py(6): 		self.t = t
s253095511.py(7): 		self.w = w
s253095511.py(96): 						G[k*W + l].append(Edge(i*W + j, 1))
 --- modulename: s253095511, funcname: __init__
s253095511.py(6): 		self.t = t
s253095511.py(7): 		self.w = w
s253095511.py(93): 				for (k, l) in around(i, j, H, W):
s253095511.py(94): 					if S[k][l] != 1:
s253095511.py(95): 						G[i*W + j].append(Edge(k*W + l, 1))
 --- modulename: s253095511, funcname: __init__
s253095511.py(6): 		self.t = t
s253095511.py(7): 		self.w = w
s253095511.py(96): 						G[k*W + l].append(Edge(i*W + j, 1))
 --- modulename: s253095511, funcname: __init__
s253095511.py(6): 		self.t = t
s253095511.py(7): 		self.w = w
s253095511.py(93): 				for (k, l) in around(i, j, H, W):
s253095511.py(91): 		for j in range(W):
s253095511.py(92): 			if S[i][j] != 1:
s253095511.py(93): 				for (k, l) in around(i, j, H, W):
 --- modulename: s253095511, funcname: around
s253095511.py(10): 	if H == 1:
s253095511.py(17): 	elif W == 1:
s253095511.py(25): 		if i == 0:
s253095511.py(32): 		elif i == H - 1:
s253095511.py(33): 			if j == 0:
s253095511.py(35): 			elif j == W-1:
s253095511.py(38): 				ans = [(i-1, j), (i, j-1), (i, j+1)]
s253095511.py(46): 	return ans
s253095511.py(94): 					if S[k][l] != 1:
s253095511.py(95): 						G[i*W + j].append(Edge(k*W + l, 1))
 --- modulename: s253095511, funcname: __init__
s253095511.py(6): 		self.t = t
s253095511.py(7): 		self.w = w
s253095511.py(96): 						G[k*W + l].append(Edge(i*W + j, 1))
 --- modulename: s253095511, funcname: __init__
s253095511.py(6): 		self.t = t
s253095511.py(7): 		self.w = w
s253095511.py(93): 				for (k, l) in around(i, j, H, W):
s253095511.py(94): 					if S[k][l] != 1:
s253095511.py(95): 						G[i*W + j].append(Edge(k*W + l, 1))
 --- modulename: s253095511, funcname: __init__
s253095511.py(6): 		self.t = t
s253095511.py(7): 		self.w = w
s253095511.py(96): 						G[k*W + l].append(Edge(i*W + j, 1))
 --- modulename: s253095511, funcname: __init__
s253095511.py(6): 		self.t = t
s253095511.py(7): 		self.w = w
s253095511.py(93): 				for (k, l) in around(i, j, H, W):
s253095511.py(94): 					if S[k][l] != 1:
s253095511.py(95): 						G[i*W + j].append(Edge(k*W + l, 1))
 --- modulename: s253095511, funcname: __init__
s253095511.py(6): 		self.t = t
s253095511.py(7): 		self.w = w
s253095511.py(96): 						G[k*W + l].append(Edge(i*W + j, 1))
 --- modulename: s253095511, funcname: __init__
s253095511.py(6): 		self.t = t
s253095511.py(7): 		self.w = w
s253095511.py(93): 				for (k, l) in around(i, j, H, W):
s253095511.py(91): 		for j in range(W):
s253095511.py(92): 			if S[i][j] != 1:
s253095511.py(93): 				for (k, l) in around(i, j, H, W):
 --- modulename: s253095511, funcname: around
s253095511.py(10): 	if H == 1:
s253095511.py(17): 	elif W == 1:
s253095511.py(25): 		if i == 0:
s253095511.py(32): 		elif i == H - 1:
s253095511.py(33): 			if j == 0:
s253095511.py(35): 			elif j == W-1:
s253095511.py(36): 				ans = [(i-1, j), (i, j-1)]
s253095511.py(46): 	return ans
s253095511.py(94): 					if S[k][l] != 1:
s253095511.py(95): 						G[i*W + j].append(Edge(k*W + l, 1))
 --- modulename: s253095511, funcname: __init__
s253095511.py(6): 		self.t = t
s253095511.py(7): 		self.w = w
s253095511.py(96): 						G[k*W + l].append(Edge(i*W + j, 1))
 --- modulename: s253095511, funcname: __init__
s253095511.py(6): 		self.t = t
s253095511.py(7): 		self.w = w
s253095511.py(93): 				for (k, l) in around(i, j, H, W):
s253095511.py(94): 					if S[k][l] != 1:
s253095511.py(95): 						G[i*W + j].append(Edge(k*W + l, 1))
 --- modulename: s253095511, funcname: __init__
s253095511.py(6): 		self.t = t
s253095511.py(7): 		self.w = w
s253095511.py(96): 						G[k*W + l].append(Edge(i*W + j, 1))
 --- modulename: s253095511, funcname: __init__
s253095511.py(6): 		self.t = t
s253095511.py(7): 		self.w = w
s253095511.py(93): 				for (k, l) in around(i, j, H, W):
s253095511.py(91): 		for j in range(W):
s253095511.py(90): 	for i in range(H):
s253095511.py(98): 	ans = 0
s253095511.py(99): 	for i in range(H):
s253095511.py(100): 		for j in range(W):
s253095511.py(101): 			if S[i][j] != 1:
s253095511.py(102): 				v = solve(i*W + j)
 --- modulename: s253095511, funcname: solve
s253095511.py(62): 	d = bfs(s)
 --- modulename: s253095511, funcname: bfs
s253095511.py(49): 	d = [INF for _ in range(H*W)]
 --- modulename: s253095511, funcname: <listcomp>
s253095511.py(49): 	d = [INF for _ in range(H*W)]
s253095511.py(49): 	d = [INF for _ in range(H*W)]
s253095511.py(49): 	d = [INF for _ in range(H*W)]
s253095511.py(49): 	d = [INF for _ in range(H*W)]
s253095511.py(49): 	d = [INF for _ in range(H*W)]
s253095511.py(49): 	d = [INF for _ in range(H*W)]
s253095511.py(49): 	d = [INF for _ in range(H*W)]
s253095511.py(49): 	d = [INF for _ in range(H*W)]
s253095511.py(49): 	d = [INF for _ in range(H*W)]
s253095511.py(49): 	d = [INF for _ in range(H*W)]
s253095511.py(50): 	Q = deque()
s253095511.py(51): 	Q.append(s)
s253095511.py(52): 	d[s] = 0
s253095511.py(53): 	while len(Q) > 0:
s253095511.py(54): 		u = Q.popleft()
s253095511.py(55): 		for e in G[u]:
s253095511.py(56): 			if d[e.t] == INF:
s253095511.py(57): 				d[e.t] = d[u] + e.w
s253095511.py(58): 				Q.append(e.t)
s253095511.py(55): 		for e in G[u]:
s253095511.py(56): 			if d[e.t] == INF:
s253095511.py(57): 				d[e.t] = d[u] + e.w
s253095511.py(58): 				Q.append(e.t)
s253095511.py(55): 		for e in G[u]:
s253095511.py(56): 			if d[e.t] == INF:
s253095511.py(55): 		for e in G[u]:
s253095511.py(56): 			if d[e.t] == INF:
s253095511.py(55): 		for e in G[u]:
s253095511.py(53): 	while len(Q) > 0:
s253095511.py(54): 		u = Q.popleft()
s253095511.py(55): 		for e in G[u]:
s253095511.py(56): 			if d[e.t] == INF:
s253095511.py(55): 		for e in G[u]:
s253095511.py(56): 			if d[e.t] == INF:
s253095511.py(55): 		for e in G[u]:
s253095511.py(56): 			if d[e.t] == INF:
s253095511.py(57): 				d[e.t] = d[u] + e.w
s253095511.py(58): 				Q.append(e.t)
s253095511.py(55): 		for e in G[u]:
s253095511.py(56): 			if d[e.t] == INF:
s253095511.py(57): 				d[e.t] = d[u] + e.w
s253095511.py(58): 				Q.append(e.t)
s253095511.py(55): 		for e in G[u]:
s253095511.py(56): 			if d[e.t] == INF:
s253095511.py(55): 		for e in G[u]:
s253095511.py(56): 			if d[e.t] == INF:
s253095511.py(55): 		for e in G[u]:
s253095511.py(53): 	while len(Q) > 0:
s253095511.py(54): 		u = Q.popleft()
s253095511.py(55): 		for e in G[u]:
s253095511.py(56): 			if d[e.t] == INF:
s253095511.py(55): 		for e in G[u]:
s253095511.py(56): 			if d[e.t] == INF:
s253095511.py(55): 		for e in G[u]:
s253095511.py(56): 			if d[e.t] == INF:
s253095511.py(55): 		for e in G[u]:
s253095511.py(56): 			if d[e.t] == INF:
s253095511.py(57): 				d[e.t] = d[u] + e.w
s253095511.py(58): 				Q.append(e.t)
s253095511.py(55): 		for e in G[u]:
s253095511.py(56): 			if d[e.t] == INF:
s253095511.py(55): 		for e in G[u]:
s253095511.py(56): 			if d[e.t] == INF:
s253095511.py(55): 		for e in G[u]:
s253095511.py(53): 	while len(Q) > 0:
s253095511.py(54): 		u = Q.popleft()
s253095511.py(55): 		for e in G[u]:
s253095511.py(56): 			if d[e.t] == INF:
s253095511.py(55): 		for e in G[u]:
s253095511.py(56): 			if d[e.t] == INF:
s253095511.py(55): 		for e in G[u]:
s253095511.py(56): 			if d[e.t] == INF:
s253095511.py(57): 				d[e.t] = d[u] + e.w
s253095511.py(58): 				Q.append(e.t)
s253095511.py(55): 		for e in G[u]:
s253095511.py(56): 			if d[e.t] == INF:
s253095511.py(55): 		for e in G[u]:
s253095511.py(53): 	while len(Q) > 0:
s253095511.py(54): 		u = Q.popleft()
s253095511.py(55): 		for e in G[u]:
s253095511.py(56): 			if d[e.t] == INF:
s253095511.py(55): 		for e in G[u]:
s253095511.py(56): 			if d[e.t] == INF:
s253095511.py(55): 		for e in G[u]:
s253095511.py(56): 			if d[e.t] == INF:
s253095511.py(55): 		for e in G[u]:
s253095511.py(56): 			if d[e.t] == INF:
s253095511.py(55): 		for e in G[u]:
s253095511.py(56): 			if d[e.t] == INF:
s253095511.py(55): 		for e in G[u]:
s253095511.py(56): 			if d[e.t] == INF:
s253095511.py(57): 				d[e.t] = d[u] + e.w
s253095511.py(58): 				Q.append(e.t)
s253095511.py(55): 		for e in G[u]:
s253095511.py(56): 			if d[e.t] == INF:
s253095511.py(55): 		for e in G[u]:
s253095511.py(56): 			if d[e.t] == INF:
s253095511.py(55): 		for e in G[u]:
s253095511.py(53): 	while len(Q) > 0:
s253095511.py(54): 		u = Q.popleft()
s253095511.py(55): 		for e in G[u]:
s253095511.py(56): 			if d[e.t] == INF:
s253095511.py(55): 		for e in G[u]:
s253095511.py(56): 			if d[e.t] == INF:
s253095511.py(55): 		for e in G[u]:
s253095511.py(56): 			if d[e.t] == INF:
s253095511.py(55): 		for e in G[u]:
s253095511.py(56): 			if d[e.t] == INF:
s253095511.py(55): 		for e in G[u]:
s253095511.py(53): 	while len(Q) > 0:
s253095511.py(54): 		u = Q.popleft()
s253095511.py(55): 		for e in G[u]:
s253095511.py(56): 			if d[e.t] == INF:
s253095511.py(55): 		for e in G[u]:
s253095511.py(56): 			if d[e.t] == INF:
s253095511.py(55): 		for e in G[u]:
s253095511.py(56): 			if d[e.t] == INF:
s253095511.py(55): 		for e in G[u]:
s253095511.py(56): 			if d[e.t] == INF:
s253095511.py(55): 		for e in G[u]:
s253095511.py(56): 			if d[e.t] == INF:
s253095511.py(57): 				d[e.t] = d[u] + e.w
s253095511.py(58): 				Q.append(e.t)
s253095511.py(55): 		for e in G[u]:
s253095511.py(56): 			if d[e.t] == INF:
s253095511.py(55): 		for e in G[u]:
s253095511.py(53): 	while len(Q) > 0:
s253095511.py(54): 		u = Q.popleft()
s253095511.py(55): 		for e in G[u]:
s253095511.py(56): 			if d[e.t] == INF:
s253095511.py(55): 		for e in G[u]:
s253095511.py(56): 			if d[e.t] == INF:
s253095511.py(55): 		for e in G[u]:
s253095511.py(56): 			if d[e.t] == INF:
s253095511.py(55): 		for e in G[u]:
s253095511.py(56): 			if d[e.t] == INF:
s253095511.py(55): 		for e in G[u]:
s253095511.py(56): 			if d[e.t] == INF:
s253095511.py(55): 		for e in G[u]:
s253095511.py(56): 			if d[e.t] == INF:
s253095511.py(55): 		for e in G[u]:
s253095511.py(53): 	while len(Q) > 0:
s253095511.py(54): 		u = Q.popleft()
s253095511.py(55): 		for e in G[u]:
s253095511.py(56): 			if d[e.t] == INF:
s253095511.py(55): 		for e in G[u]:
s253095511.py(56): 			if d[e.t] == INF:
s253095511.py(55): 		for e in G[u]:
s253095511.py(56): 			if d[e.t] == INF:
s253095511.py(55): 		for e in G[u]:
s253095511.py(56): 			if d[e.t] == INF:
s253095511.py(55): 		for e in G[u]:
s253095511.py(53): 	while len(Q) > 0:
s253095511.py(59): 	return d
s253095511.py(63): 	maxv = 0
s253095511.py(64): 	tgt = 0
s253095511.py(65): 	for i in range(W*H):
s253095511.py(66): 		if d[i] == INF:
s253095511.py(68): 		if maxv < d[i]:
s253095511.py(65): 	for i in range(W*H):
s253095511.py(66): 		if d[i] == INF:
s253095511.py(68): 		if maxv < d[i]:
s253095511.py(69): 			maxv = d[i]
s253095511.py(70): 			tgt = i
s253095511.py(65): 	for i in range(W*H):
s253095511.py(66): 		if d[i] == INF:
s253095511.py(68): 		if maxv < d[i]:
s253095511.py(69): 			maxv = d[i]
s253095511.py(70): 			tgt = i
s253095511.py(65): 	for i in range(W*H):
s253095511.py(66): 		if d[i] == INF:
s253095511.py(68): 		if maxv < d[i]:
s253095511.py(65): 	for i in range(W*H):
s253095511.py(66): 		if d[i] == INF:
s253095511.py(68): 		if maxv < d[i]:
s253095511.py(65): 	for i in range(W*H):
s253095511.py(66): 		if d[i] == INF:
s253095511.py(68): 		if maxv < d[i]:
s253095511.py(69): 			maxv = d[i]
s253095511.py(70): 			tgt = i
s253095511.py(65): 	for i in range(W*H):
s253095511.py(66): 		if d[i] == INF:
s253095511.py(68): 		if maxv < d[i]:
s253095511.py(65): 	for i in range(W*H):
s253095511.py(66): 		if d[i] == INF:
s253095511.py(68): 		if maxv < d[i]:
s253095511.py(65): 	for i in range(W*H):
s253095511.py(66): 		if d[i] == INF:
s253095511.py(68): 		if maxv < d[i]:
s253095511.py(69): 			maxv = d[i]
s253095511.py(70): 			tgt = i
s253095511.py(65): 	for i in range(W*H):
s253095511.py(71): 	d = bfs(tgt)
 --- modulename: s253095511, funcname: bfs
s253095511.py(49): 	d = [INF for _ in range(H*W)]
 --- modulename: s253095511, funcname: <listcomp>
s253095511.py(49): 	d = [INF for _ in range(H*W)]
s253095511.py(49): 	d = [INF for _ in range(H*W)]
s253095511.py(49): 	d = [INF for _ in range(H*W)]
s253095511.py(49): 	d = [INF for _ in range(H*W)]
s253095511.py(49): 	d = [INF for _ in range(H*W)]
s253095511.py(49): 	d = [INF for _ in range(H*W)]
s253095511.py(49): 	d = [INF for _ in range(H*W)]
s253095511.py(49): 	d = [INF for _ in range(H*W)]
s253095511.py(49): 	d = [INF for _ in range(H*W)]
s253095511.py(49): 	d = [INF for _ in range(H*W)]
s253095511.py(50): 	Q = deque()
s253095511.py(51): 	Q.append(s)
s253095511.py(52): 	d[s] = 0
s253095511.py(53): 	while len(Q) > 0:
s253095511.py(54): 		u = Q.popleft()
s253095511.py(55): 		for e in G[u]:
s253095511.py(56): 			if d[e.t] == INF:
s253095511.py(57): 				d[e.t] = d[u] + e.w
s253095511.py(58): 				Q.append(e.t)
s253095511.py(55): 		for e in G[u]:
s253095511.py(56): 			if d[e.t] == INF:
s253095511.py(57): 				d[e.t] = d[u] + e.w
s253095511.py(58): 				Q.append(e.t)
s253095511.py(55): 		for e in G[u]:
s253095511.py(56): 			if d[e.t] == INF:
s253095511.py(55): 		for e in G[u]:
s253095511.py(56): 			if d[e.t] == INF:
s253095511.py(55): 		for e in G[u]:
s253095511.py(53): 	while len(Q) > 0:
s253095511.py(54): 		u = Q.popleft()
s253095511.py(55): 		for e in G[u]:
s253095511.py(56): 			if d[e.t] == INF:
s253095511.py(57): 				d[e.t] = d[u] + e.w
s253095511.py(58): 				Q.append(e.t)
s253095511.py(55): 		for e in G[u]:
s253095511.py(56): 			if d[e.t] == INF:
s253095511.py(57): 				d[e.t] = d[u] + e.w
s253095511.py(58): 				Q.append(e.t)
s253095511.py(55): 		for e in G[u]:
s253095511.py(56): 			if d[e.t] == INF:
s253095511.py(55): 		for e in G[u]:
s253095511.py(56): 			if d[e.t] == INF:
s253095511.py(55): 		for e in G[u]:
s253095511.py(56): 			if d[e.t] == INF:
s253095511.py(55): 		for e in G[u]:
s253095511.py(56): 			if d[e.t] == INF:
s253095511.py(55): 		for e in G[u]:
s253095511.py(53): 	while len(Q) > 0:
s253095511.py(54): 		u = Q.popleft()
s253095511.py(55): 		for e in G[u]:
s253095511.py(56): 			if d[e.t] == INF:
s253095511.py(55): 		for e in G[u]:
s253095511.py(56): 			if d[e.t] == INF:
s253095511.py(57): 				d[e.t] = d[u] + e.w
s253095511.py(58): 				Q.append(e.t)
s253095511.py(55): 		for e in G[u]:
s253095511.py(56): 			if d[e.t] == INF:
s253095511.py(55): 		for e in G[u]:
s253095511.py(56): 			if d[e.t] == INF:
s253095511.py(55): 		for e in G[u]:
s253095511.py(56): 			if d[e.t] == INF:
s253095511.py(55): 		for e in G[u]:
s253095511.py(56): 			if d[e.t] == INF:
s253095511.py(55): 		for e in G[u]:
s253095511.py(53): 	while len(Q) > 0:
s253095511.py(54): 		u = Q.popleft()
s253095511.py(55): 		for e in G[u]:
s253095511.py(56): 			if d[e.t] == INF:
s253095511.py(57): 				d[e.t] = d[u] + e.w
s253095511.py(58): 				Q.append(e.t)
s253095511.py(55): 		for e in G[u]:
s253095511.py(56): 			if d[e.t] == INF:
s253095511.py(55): 		for e in G[u]:
s253095511.py(56): 			if d[e.t] == INF:
s253095511.py(55): 		for e in G[u]:
s253095511.py(56): 			if d[e.t] == INF:
s253095511.py(55): 		for e in G[u]:
s253095511.py(53): 	while len(Q) > 0:
s253095511.py(54): 		u = Q.popleft()
s253095511.py(55): 		for e in G[u]:
s253095511.py(56): 			if d[e.t] == INF:
s253095511.py(55): 		for e in G[u]:
s253095511.py(56): 			if d[e.t] == INF:
s253095511.py(57): 				d[e.t] = d[u] + e.w
s253095511.py(58): 				Q.append(e.t)
s253095511.py(55): 		for e in G[u]:
s253095511.py(56): 			if d[e.t] == INF:
s253095511.py(55): 		for e in G[u]:
s253095511.py(56): 			if d[e.t] == INF:
s253095511.py(55): 		for e in G[u]:
s253095511.py(56): 			if d[e.t] == INF:
s253095511.py(55): 		for e in G[u]:
s253095511.py(56): 			if d[e.t] == INF:
s253095511.py(55): 		for e in G[u]:
s253095511.py(56): 			if d[e.t] == INF:
s253095511.py(55): 		for e in G[u]:
s253095511.py(56): 			if d[e.t] == INF:
s253095511.py(55): 		for e in G[u]:
s253095511.py(53): 	while len(Q) > 0:
s253095511.py(54): 		u = Q.popleft()
s253095511.py(55): 		for e in G[u]:
s253095511.py(56): 			if d[e.t] == INF:
s253095511.py(55): 		for e in G[u]:
s253095511.py(56): 			if d[e.t] == INF:
s253095511.py(55): 		for e in G[u]:
s253095511.py(56): 			if d[e.t] == INF:
s253095511.py(55): 		for e in G[u]:
s253095511.py(56): 			if d[e.t] == INF:
s253095511.py(55): 		for e in G[u]:
s253095511.py(53): 	while len(Q) > 0:
s253095511.py(54): 		u = Q.popleft()
s253095511.py(55): 		for e in G[u]:
s253095511.py(56): 			if d[e.t] == INF:
s253095511.py(57): 				d[e.t] = d[u] + e.w
s253095511.py(58): 				Q.append(e.t)
s253095511.py(55): 		for e in G[u]:
s253095511.py(56): 			if d[e.t] == INF:
s253095511.py(55): 		for e in G[u]:
s253095511.py(56): 			if d[e.t] == INF:
s253095511.py(55): 		for e in G[u]:
s253095511.py(56): 			if d[e.t] == INF:
s253095511.py(55): 		for e in G[u]:
s253095511.py(56): 			if d[e.t] == INF:
s253095511.py(55): 		for e in G[u]:
s253095511.py(56): 			if d[e.t] == INF:
s253095511.py(55): 		for e in G[u]:
s253095511.py(53): 	while len(Q) > 0:
s253095511.py(54): 		u = Q.popleft()
s253095511.py(55): 		for e in G[u]:
s253095511.py(56): 			if d[e.t] == INF:
s253095511.py(55): 		for e in G[u]:
s253095511.py(56): 			if d[e.t] == INF:
s253095511.py(55): 		for e in G[u]:
s253095511.py(56): 			if d[e.t] == INF:
s253095511.py(55): 		for e in G[u]:
s253095511.py(56): 			if d[e.t] == INF:
s253095511.py(55): 		for e in G[u]:
s253095511.py(56): 			if d[e.t] == INF:
s253095511.py(55): 		for e in G[u]:
s253095511.py(56): 			if d[e.t] == INF:
s253095511.py(55): 		for e in G[u]:
s253095511.py(53): 	while len(Q) > 0:
s253095511.py(54): 		u = Q.popleft()
s253095511.py(55): 		for e in G[u]:
s253095511.py(56): 			if d[e.t] == INF:
s253095511.py(55): 		for e in G[u]:
s253095511.py(56): 			if d[e.t] == INF:
s253095511.py(55): 		for e in G[u]:
s253095511.py(56): 			if d[e.t] == INF:
s253095511.py(55): 		for e in G[u]:
s253095511.py(56): 			if d[e.t] == INF:
s253095511.py(55): 		for e in G[u]:
s253095511.py(53): 	while len(Q) > 0:
s253095511.py(59): 	return d
s253095511.py(72): 	maxv = 0
s253095511.py(73): 	for i in range(W*H):
s253095511.py(74): 		if d[i] == INF:
s253095511.py(76): 		maxv = max(maxv, d[i])
s253095511.py(73): 	for i in range(W*H):
s253095511.py(74): 		if d[i] == INF:
s253095511.py(76): 		maxv = max(maxv, d[i])
s253095511.py(73): 	for i in range(W*H):
s253095511.py(74): 		if d[i] == INF:
s253095511.py(76): 		maxv = max(maxv, d[i])
s253095511.py(73): 	for i in range(W*H):
s253095511.py(74): 		if d[i] == INF:
s253095511.py(76): 		maxv = max(maxv, d[i])
s253095511.py(73): 	for i in range(W*H):
s253095511.py(74): 		if d[i] == INF:
s253095511.py(76): 		maxv = max(maxv, d[i])
s253095511.py(73): 	for i in range(W*H):
s253095511.py(74): 		if d[i] == INF:
s253095511.py(76): 		maxv = max(maxv, d[i])
s253095511.py(73): 	for i in range(W*H):
s253095511.py(74): 		if d[i] == INF:
s253095511.py(76): 		maxv = max(maxv, d[i])
s253095511.py(73): 	for i in range(W*H):
s253095511.py(74): 		if d[i] == INF:
s253095511.py(76): 		maxv = max(maxv, d[i])
s253095511.py(73): 	for i in range(W*H):
s253095511.py(74): 		if d[i] == INF:
s253095511.py(76): 		maxv = max(maxv, d[i])
s253095511.py(73): 	for i in range(W*H):
s253095511.py(77): 	return maxv
s253095511.py(103): 				ans = max(ans, v)
s253095511.py(100): 		for j in range(W):
s253095511.py(101): 			if S[i][j] != 1:
s253095511.py(102): 				v = solve(i*W + j)
 --- modulename: s253095511, funcname: solve
s253095511.py(62): 	d = bfs(s)
 --- modulename: s253095511, funcname: bfs
s253095511.py(49): 	d = [INF for _ in range(H*W)]
 --- modulename: s253095511, funcname: <listcomp>
s253095511.py(49): 	d = [INF for _ in range(H*W)]
s253095511.py(49): 	d = [INF for _ in range(H*W)]
s253095511.py(49): 	d = [INF for _ in range(H*W)]
s253095511.py(49): 	d = [INF for _ in range(H*W)]
s253095511.py(49): 	d = [INF for _ in range(H*W)]
s253095511.py(49): 	d = [INF for _ in range(H*W)]
s253095511.py(49): 	d = [INF for _ in range(H*W)]
s253095511.py(49): 	d = [INF for _ in range(H*W)]
s253095511.py(49): 	d = [INF for _ in range(H*W)]
s253095511.py(49): 	d = [INF for _ in range(H*W)]
s253095511.py(50): 	Q = deque()
s253095511.py(51): 	Q.append(s)
s253095511.py(52): 	d[s] = 0
s253095511.py(53): 	while len(Q) > 0:
s253095511.py(54): 		u = Q.popleft()
s253095511.py(55): 		for e in G[u]:
s253095511.py(56): 			if d[e.t] == INF:
s253095511.py(57): 				d[e.t] = d[u] + e.w
s253095511.py(58): 				Q.append(e.t)
s253095511.py(55): 		for e in G[u]:
s253095511.py(56): 			if d[e.t] == INF:
s253095511.py(55): 		for e in G[u]:
s253095511.py(56): 			if d[e.t] == INF:
s253095511.py(57): 				d[e.t] = d[u] + e.w
s253095511.py(58): 				Q.append(e.t)
s253095511.py(55): 		for e in G[u]:
s253095511.py(56): 			if d[e.t] == INF:
s253095511.py(57): 				d[e.t] = d[u] + e.w
s253095511.py(58): 				Q.append(e.t)
s253095511.py(55): 		for e in G[u]:
s253095511.py(56): 			if d[e.t] == INF:
s253095511.py(55): 		for e in G[u]:
s253095511.py(56): 			if d[e.t] == INF:
s253095511.py(55): 		for e in G[u]:
s253095511.py(53): 	while len(Q) > 0:
s253095511.py(54): 		u = Q.popleft()
s253095511.py(55): 		for e in G[u]:
s253095511.py(56): 			if d[e.t] == INF:
s253095511.py(55): 		for e in G[u]:
s253095511.py(56): 			if d[e.t] == INF:
s253095511.py(57): 				d[e.t] = d[u] + e.w
s253095511.py(58): 				Q.append(e.t)
s253095511.py(55): 		for e in G[u]:
s253095511.py(56): 			if d[e.t] == INF:
s253095511.py(55): 		for e in G[u]:
s253095511.py(56): 			if d[e.t] == INF:
s253095511.py(55): 		for e in G[u]:
s253095511.py(53): 	while len(Q) > 0:
s253095511.py(54): 		u = Q.popleft()
s253095511.py(55): 		for e in G[u]:
s253095511.py(56): 			if d[e.t] == INF:
s253095511.py(55): 		for e in G[u]:
s253095511.py(56): 			if d[e.t] == INF:
s253095511.py(55): 		for e in G[u]:
s253095511.py(56): 			if d[e.t] == INF:
s253095511.py(57): 				d[e.t] = d[u] + e.w
s253095511.py(58): 				Q.append(e.t)
s253095511.py(55): 		for e in G[u]:
s253095511.py(56): 			if d[e.t] == INF:
s253095511.py(55): 		for e in G[u]:
s253095511.py(53): 	while len(Q) > 0:
s253095511.py(54): 		u = Q.popleft()
s253095511.py(55): 		for e in G[u]:
s253095511.py(56): 			if d[e.t] == INF:
s253095511.py(55): 		for e in G[u]:
s253095511.py(56): 			if d[e.t] == INF:
s253095511.py(55): 		for e in G[u]:
s253095511.py(56): 			if d[e.t] == INF:
s253095511.py(55): 		for e in G[u]:
s253095511.py(56): 			if d[e.t] == INF:
s253095511.py(55): 		for e in G[u]:
s253095511.py(56): 			if d[e.t] == INF:
s253095511.py(55): 		for e in G[u]:
s253095511.py(56): 			if d[e.t] == INF:
s253095511.py(57): 				d[e.t] = d[u] + e.w
s253095511.py(58): 				Q.append(e.t)
s253095511.py(55): 		for e in G[u]:
s253095511.py(56): 			if d[e.t] == INF:
s253095511.py(55): 		for e in G[u]:
s253095511.py(56): 			if d[e.t] == INF:
s253095511.py(55): 		for e in G[u]:
s253095511.py(53): 	while len(Q) > 0:
s253095511.py(54): 		u = Q.popleft()
s253095511.py(55): 		for e in G[u]:
s253095511.py(56): 			if d[e.t] == INF:
s253095511.py(55): 		for e in G[u]:
s253095511.py(56): 			if d[e.t] == INF:
s253095511.py(55): 		for e in G[u]:
s253095511.py(56): 			if d[e.t] == INF:
s253095511.py(55): 		for e in G[u]:
s253095511.py(56): 			if d[e.t] == INF:
s253095511.py(57): 				d[e.t] = d[u] + e.w
s253095511.py(58): 				Q.append(e.t)
s253095511.py(55): 		for e in G[u]:
s253095511.py(56): 			if d[e.t] == INF:
s253095511.py(55): 		for e in G[u]:
s253095511.py(56): 			if d[e.t] == INF:
s253095511.py(55): 		for e in G[u]:
s253095511.py(53): 	while len(Q) > 0:
s253095511.py(54): 		u = Q.popleft()
s253095511.py(55): 		for e in G[u]:
s253095511.py(56): 			if d[e.t] == INF:
s253095511.py(55): 		for e in G[u]:
s253095511.py(56): 			if d[e.t] == INF:
s253095511.py(55): 		for e in G[u]:
s253095511.py(56): 			if d[e.t] == INF:
s253095511.py(55): 		for e in G[u]:
s253095511.py(56): 			if d[e.t] == INF:
s253095511.py(55): 		for e in G[u]:
s253095511.py(56): 			if d[e.t] == INF:
s253095511.py(57): 				d[e.t] = d[u] + e.w
s253095511.py(58): 				Q.append(e.t)
s253095511.py(55): 		for e in G[u]:
s253095511.py(56): 			if d[e.t] == INF:
s253095511.py(55): 		for e in G[u]:
s253095511.py(53): 	while len(Q) > 0:
s253095511.py(54): 		u = Q.popleft()
s253095511.py(55): 		for e in G[u]:
s253095511.py(56): 			if d[e.t] == INF:
s253095511.py(55): 		for e in G[u]:
s253095511.py(56): 			if d[e.t] == INF:
s253095511.py(55): 		for e in G[u]:
s253095511.py(56): 			if d[e.t] == INF:
s253095511.py(55): 		for e in G[u]:
s253095511.py(56): 			if d[e.t] == INF:
s253095511.py(55): 		for e in G[u]:
s253095511.py(56): 			if d[e.t] == INF:
s253095511.py(55): 		for e in G[u]:
s253095511.py(56): 			if d[e.t] == INF:
s253095511.py(55): 		for e in G[u]:
s253095511.py(53): 	while len(Q) > 0:
s253095511.py(54): 		u = Q.popleft()
s253095511.py(55): 		for e in G[u]:
s253095511.py(56): 			if d[e.t] == INF:
s253095511.py(55): 		for e in G[u]:
s253095511.py(56): 			if d[e.t] == INF:
s253095511.py(55): 		for e in G[u]:
s253095511.py(56): 			if d[e.t] == INF:
s253095511.py(55): 		for e in G[u]:
s253095511.py(56): 			if d[e.t] == INF:
s253095511.py(55): 		for e in G[u]:
s253095511.py(53): 	while len(Q) > 0:
s253095511.py(54): 		u = Q.popleft()
s253095511.py(55): 		for e in G[u]:
s253095511.py(56): 			if d[e.t] == INF:
s253095511.py(55): 		for e in G[u]:
s253095511.py(56): 			if d[e.t] == INF:
s253095511.py(55): 		for e in G[u]:
s253095511.py(56): 			if d[e.t] == INF:
s253095511.py(55): 		for e in G[u]:
s253095511.py(56): 			if d[e.t] == INF:
s253095511.py(55): 		for e in G[u]:
s253095511.py(53): 	while len(Q) > 0:
s253095511.py(59): 	return d
s253095511.py(63): 	maxv = 0
s253095511.py(64): 	tgt = 0
s253095511.py(65): 	for i in range(W*H):
s253095511.py(66): 		if d[i] == INF:
s253095511.py(68): 		if maxv < d[i]:
s253095511.py(69): 			maxv = d[i]
s253095511.py(70): 			tgt = i
s253095511.py(65): 	for i in range(W*H):
s253095511.py(66): 		if d[i] == INF:
s253095511.py(68): 		if maxv < d[i]:
s253095511.py(65): 	for i in range(W*H):
s253095511.py(66): 		if d[i] == INF:
s253095511.py(68): 		if maxv < d[i]:
s253095511.py(65): 	for i in range(W*H):
s253095511.py(66): 		if d[i] == INF:
s253095511.py(68): 		if maxv < d[i]:
s253095511.py(69): 			maxv = d[i]
s253095511.py(70): 			tgt = i
s253095511.py(65): 	for i in range(W*H):
s253095511.py(66): 		if d[i] == INF:
s253095511.py(68): 		if maxv < d[i]:
s253095511.py(65): 	for i in range(W*H):
s253095511.py(66): 		if d[i] == INF:
s253095511.py(68): 		if maxv < d[i]:
s253095511.py(65): 	for i in range(W*H):
s253095511.py(66): 		if d[i] == INF:
s253095511.py(68): 		if maxv < d[i]:
s253095511.py(69): 			maxv = d[i]
s253095511.py(70): 			tgt = i
s253095511.py(65): 	for i in range(W*H):
s253095511.py(66): 		if d[i] == INF:
s253095511.py(68): 		if maxv < d[i]:
s253095511.py(65): 	for i in range(W*H):
s253095511.py(66): 		if d[i] == INF:
s253095511.py(68): 		if maxv < d[i]:
s253095511.py(65): 	for i in range(W*H):
s253095511.py(71): 	d = bfs(tgt)
 --- modulename: s253095511, funcname: bfs
s253095511.py(49): 	d = [INF for _ in range(H*W)]
 --- modulename: s253095511, funcname: <listcomp>
s253095511.py(49): 	d = [INF for _ in range(H*W)]
s253095511.py(49): 	d = [INF for _ in range(H*W)]
s253095511.py(49): 	d = [INF for _ in range(H*W)]
s253095511.py(49): 	d = [INF for _ in range(H*W)]
s253095511.py(49): 	d = [INF for _ in range(H*W)]
s253095511.py(49): 	d = [INF for _ in range(H*W)]
s253095511.py(49): 	d = [INF for _ in range(H*W)]
s253095511.py(49): 	d = [INF for _ in range(H*W)]
s253095511.py(49): 	d = [INF for _ in range(H*W)]
s253095511.py(49): 	d = [INF for _ in range(H*W)]
s253095511.py(50): 	Q = deque()
s253095511.py(51): 	Q.append(s)
s253095511.py(52): 	d[s] = 0
s253095511.py(53): 	while len(Q) > 0:
s253095511.py(54): 		u = Q.popleft()
s253095511.py(55): 		for e in G[u]:
s253095511.py(56): 			if d[e.t] == INF:
s253095511.py(57): 				d[e.t] = d[u] + e.w
s253095511.py(58): 				Q.append(e.t)
s253095511.py(55): 		for e in G[u]:
s253095511.py(56): 			if d[e.t] == INF:
s253095511.py(55): 		for e in G[u]:
s253095511.py(56): 			if d[e.t] == INF:
s253095511.py(57): 				d[e.t] = d[u] + e.w
s253095511.py(58): 				Q.append(e.t)
s253095511.py(55): 		for e in G[u]:
s253095511.py(56): 			if d[e.t] == INF:
s253095511.py(55): 		for e in G[u]:
s253095511.py(53): 	while len(Q) > 0:
s253095511.py(54): 		u = Q.popleft()
s253095511.py(55): 		for e in G[u]:
s253095511.py(56): 			if d[e.t] == INF:
s253095511.py(57): 				d[e.t] = d[u] + e.w
s253095511.py(58): 				Q.append(e.t)
s253095511.py(55): 		for e in G[u]:
s253095511.py(56): 			if d[e.t] == INF:
s253095511.py(55): 		for e in G[u]:
s253095511.py(56): 			if d[e.t] == INF:
s253095511.py(57): 				d[e.t] = d[u] + e.w
s253095511.py(58): 				Q.append(e.t)
s253095511.py(55): 		for e in G[u]:
s253095511.py(56): 			if d[e.t] == INF:
s253095511.py(55): 		for e in G[u]:
s253095511.py(56): 			if d[e.t] == INF:
s253095511.py(55): 		for e in G[u]:
s253095511.py(56): 			if d[e.t] == INF:
s253095511.py(55): 		for e in G[u]:
s253095511.py(53): 	while len(Q) > 0:
s253095511.py(54): 		u = Q.popleft()
s253095511.py(55): 		for e in G[u]:
s253095511.py(56): 			if d[e.t] == INF:
s253095511.py(55): 		for e in G[u]:
s253095511.py(56): 			if d[e.t] == INF:
s253095511.py(55): 		for e in G[u]:
s253095511.py(56): 			if d[e.t] == INF:
s253095511.py(55): 		for e in G[u]:
s253095511.py(56): 			if d[e.t] == INF:
s253095511.py(55): 		for e in G[u]:
s253095511.py(56): 			if d[e.t] == INF:
s253095511.py(57): 				d[e.t] = d[u] + e.w
s253095511.py(58): 				Q.append(e.t)
s253095511.py(55): 		for e in G[u]:
s253095511.py(56): 			if d[e.t] == INF:
s253095511.py(55): 		for e in G[u]:
s253095511.py(53): 	while len(Q) > 0:
s253095511.py(54): 		u = Q.popleft()
s253095511.py(55): 		for e in G[u]:
s253095511.py(56): 			if d[e.t] == INF:
s253095511.py(57): 				d[e.t] = d[u] + e.w
s253095511.py(58): 				Q.append(e.t)
s253095511.py(55): 		for e in G[u]:
s253095511.py(56): 			if d[e.t] == INF:
s253095511.py(55): 		for e in G[u]:
s253095511.py(56): 			if d[e.t] == INF:
s253095511.py(55): 		for e in G[u]:
s253095511.py(56): 			if d[e.t] == INF:
s253095511.py(55): 		for e in G[u]:
s253095511.py(53): 	while len(Q) > 0:
s253095511.py(54): 		u = Q.popleft()
s253095511.py(55): 		for e in G[u]:
s253095511.py(56): 			if d[e.t] == INF:
s253095511.py(55): 		for e in G[u]:
s253095511.py(56): 			if d[e.t] == INF:
s253095511.py(55): 		for e in G[u]:
s253095511.py(56): 			if d[e.t] == INF:
s253095511.py(55): 		for e in G[u]:
s253095511.py(56): 			if d[e.t] == INF:
s253095511.py(55): 		for e in G[u]:
s253095511.py(56): 			if d[e.t] == INF:
s253095511.py(57): 				d[e.t] = d[u] + e.w
s253095511.py(58): 				Q.append(e.t)
s253095511.py(55): 		for e in G[u]:
s253095511.py(56): 			if d[e.t] == INF:
s253095511.py(55): 		for e in G[u]:
s253095511.py(56): 			if d[e.t] == INF:
s253095511.py(55): 		for e in G[u]:
s253095511.py(56): 			if d[e.t] == INF:
s253095511.py(55): 		for e in G[u]:
s253095511.py(53): 	while len(Q) > 0:
s253095511.py(54): 		u = Q.popleft()
s253095511.py(55): 		for e in G[u]:
s253095511.py(56): 			if d[e.t] == INF:
s253095511.py(55): 		for e in G[u]:
s253095511.py(56): 			if d[e.t] == INF:
s253095511.py(55): 		for e in G[u]:
s253095511.py(56): 			if d[e.t] == INF:
s253095511.py(55): 		for e in G[u]:
s253095511.py(56): 			if d[e.t] == INF:
s253095511.py(55): 		for e in G[u]:
s253095511.py(53): 	while len(Q) > 0:
s253095511.py(54): 		u = Q.popleft()
s253095511.py(55): 		for e in G[u]:
s253095511.py(56): 			if d[e.t] == INF:
s253095511.py(55): 		for e in G[u]:
s253095511.py(56): 			if d[e.t] == INF:
s253095511.py(55): 		for e in G[u]:
s253095511.py(56): 			if d[e.t] == INF:
s253095511.py(57): 				d[e.t] = d[u] + e.w
s253095511.py(58): 				Q.append(e.t)
s253095511.py(55): 		for e in G[u]:
s253095511.py(56): 			if d[e.t] == INF:
s253095511.py(55): 		for e in G[u]:
s253095511.py(56): 			if d[e.t] == INF:
s253095511.py(55): 		for e in G[u]:
s253095511.py(56): 			if d[e.t] == INF:
s253095511.py(55): 		for e in G[u]:
s253095511.py(53): 	while len(Q) > 0:
s253095511.py(54): 		u = Q.popleft()
s253095511.py(55): 		for e in G[u]:
s253095511.py(56): 			if d[e.t] == INF:
s253095511.py(55): 		for e in G[u]:
s253095511.py(56): 			if d[e.t] == INF:
s253095511.py(55): 		for e in G[u]:
s253095511.py(56): 			if d[e.t] == INF:
s253095511.py(55): 		for e in G[u]:
s253095511.py(56): 			if d[e.t] == INF:
s253095511.py(55): 		for e in G[u]:
s253095511.py(56): 			if d[e.t] == INF:
s253095511.py(55): 		for e in G[u]:
s253095511.py(56): 			if d[e.t] == INF:
s253095511.py(55): 		for e in G[u]:
s253095511.py(53): 	while len(Q) > 0:
s253095511.py(54): 		u = Q.popleft()
s253095511.py(55): 		for e in G[u]:
s253095511.py(56): 			if d[e.t] == INF:
s253095511.py(55): 		for e in G[u]:
s253095511.py(56): 			if d[e.t] == INF:
s253095511.py(55): 		for e in G[u]:
s253095511.py(56): 			if d[e.t] == INF:
s253095511.py(55): 		for e in G[u]:
s253095511.py(56): 			if d[e.t] == INF:
s253095511.py(55): 		for e in G[u]:
s253095511.py(53): 	while len(Q) > 0:
s253095511.py(59): 	return d
s253095511.py(72): 	maxv = 0
s253095511.py(73): 	for i in range(W*H):
s253095511.py(74): 		if d[i] == INF:
s253095511.py(76): 		maxv = max(maxv, d[i])
s253095511.py(73): 	for i in range(W*H):
s253095511.py(74): 		if d[i] == INF:
s253095511.py(76): 		maxv = max(maxv, d[i])
s253095511.py(73): 	for i in range(W*H):
s253095511.py(74): 		if d[i] == INF:
s253095511.py(76): 		maxv = max(maxv, d[i])
s253095511.py(73): 	for i in range(W*H):
s253095511.py(74): 		if d[i] == INF:
s253095511.py(76): 		maxv = max(maxv, d[i])
s253095511.py(73): 	for i in range(W*H):
s253095511.py(74): 		if d[i] == INF:
s253095511.py(76): 		maxv = max(maxv, d[i])
s253095511.py(73): 	for i in range(W*H):
s253095511.py(74): 		if d[i] == INF:
s253095511.py(76): 		maxv = max(maxv, d[i])
s253095511.py(73): 	for i in range(W*H):
s253095511.py(74): 		if d[i] == INF:
s253095511.py(76): 		maxv = max(maxv, d[i])
s253095511.py(73): 	for i in range(W*H):
s253095511.py(74): 		if d[i] == INF:
s253095511.py(76): 		maxv = max(maxv, d[i])
s253095511.py(73): 	for i in range(W*H):
s253095511.py(74): 		if d[i] == INF:
s253095511.py(76): 		maxv = max(maxv, d[i])
s253095511.py(73): 	for i in range(W*H):
s253095511.py(77): 	return maxv
s253095511.py(103): 				ans = max(ans, v)
s253095511.py(100): 		for j in range(W):
s253095511.py(101): 			if S[i][j] != 1:
s253095511.py(102): 				v = solve(i*W + j)
 --- modulename: s253095511, funcname: solve
s253095511.py(62): 	d = bfs(s)
 --- modulename: s253095511, funcname: bfs
s253095511.py(49): 	d = [INF for _ in range(H*W)]
 --- modulename: s253095511, funcname: <listcomp>
s253095511.py(49): 	d = [INF for _ in range(H*W)]
s253095511.py(49): 	d = [INF for _ in range(H*W)]
s253095511.py(49): 	d = [INF for _ in range(H*W)]
s253095511.py(49): 	d = [INF for _ in range(H*W)]
s253095511.py(49): 	d = [INF for _ in range(H*W)]
s253095511.py(49): 	d = [INF for _ in range(H*W)]
s253095511.py(49): 	d = [INF for _ in range(H*W)]
s253095511.py(49): 	d = [INF for _ in range(H*W)]
s253095511.py(49): 	d = [INF for _ in range(H*W)]
s253095511.py(49): 	d = [INF for _ in range(H*W)]
s253095511.py(50): 	Q = deque()
s253095511.py(51): 	Q.append(s)
s253095511.py(52): 	d[s] = 0
s253095511.py(53): 	while len(Q) > 0:
s253095511.py(54): 		u = Q.popleft()
s253095511.py(55): 		for e in G[u]:
s253095511.py(56): 			if d[e.t] == INF:
s253095511.py(57): 				d[e.t] = d[u] + e.w
s253095511.py(58): 				Q.append(e.t)
s253095511.py(55): 		for e in G[u]:
s253095511.py(56): 			if d[e.t] == INF:
s253095511.py(55): 		for e in G[u]:
s253095511.py(56): 			if d[e.t] == INF:
s253095511.py(57): 				d[e.t] = d[u] + e.w
s253095511.py(58): 				Q.append(e.t)
s253095511.py(55): 		for e in G[u]:
s253095511.py(56): 			if d[e.t] == INF:
s253095511.py(55): 		for e in G[u]:
s253095511.py(53): 	while len(Q) > 0:
s253095511.py(54): 		u = Q.popleft()
s253095511.py(55): 		for e in G[u]:
s253095511.py(56): 			if d[e.t] == INF:
s253095511.py(57): 				d[e.t] = d[u] + e.w
s253095511.py(58): 				Q.append(e.t)
s253095511.py(55): 		for e in G[u]:
s253095511.py(56): 			if d[e.t] == INF:
s253095511.py(55): 		for e in G[u]:
s253095511.py(56): 			if d[e.t] == INF:
s253095511.py(55): 		for e in G[u]:
s253095511.py(56): 			if d[e.t] == INF:
s253095511.py(57): 				d[e.t] = d[u] + e.w
s253095511.py(58): 				Q.append(e.t)
s253095511.py(55): 		for e in G[u]:
s253095511.py(56): 			if d[e.t] == INF:
s253095511.py(55): 		for e in G[u]:
s253095511.py(56): 			if d[e.t] == INF:
s253095511.py(55): 		for e in G[u]:
s253095511.py(53): 	while len(Q) > 0:
s253095511.py(54): 		u = Q.popleft()
s253095511.py(55): 		for e in G[u]:
s253095511.py(56): 			if d[e.t] == INF:
s253095511.py(55): 		for e in G[u]:
s253095511.py(56): 			if d[e.t] == INF:
s253095511.py(55): 		for e in G[u]:
s253095511.py(56): 			if d[e.t] == INF:
s253095511.py(55): 		for e in G[u]:
s253095511.py(56): 			if d[e.t] == INF:
s253095511.py(55): 		for e in G[u]:
s253095511.py(56): 			if d[e.t] == INF:
s253095511.py(57): 				d[e.t] = d[u] + e.w
s253095511.py(58): 				Q.append(e.t)
s253095511.py(55): 		for e in G[u]:
s253095511.py(56): 			if d[e.t] == INF:
s253095511.py(55): 		for e in G[u]:
s253095511.py(53): 	while len(Q) > 0:
s253095511.py(54): 		u = Q.popleft()
s253095511.py(55): 		for e in G[u]:
s253095511.py(56): 			if d[e.t] == INF:
s253095511.py(55): 		for e in G[u]:
s253095511.py(56): 			if d[e.t] == INF:
s253095511.py(57): 				d[e.t] = d[u] + e.w
s253095511.py(58): 				Q.append(e.t)
s253095511.py(55): 		for e in G[u]:
s253095511.py(56): 			if d[e.t] == INF:
s253095511.py(55): 		for e in G[u]:
s253095511.py(56): 			if d[e.t] == INF:
s253095511.py(55): 		for e in G[u]:
s253095511.py(53): 	while len(Q) > 0:
s253095511.py(54): 		u = Q.popleft()
s253095511.py(55): 		for e in G[u]:
s253095511.py(56): 			if d[e.t] == INF:
s253095511.py(55): 		for e in G[u]:
s253095511.py(56): 			if d[e.t] == INF:
s253095511.py(55): 		for e in G[u]:
s253095511.py(56): 			if d[e.t] == INF:
s253095511.py(55): 		for e in G[u]:
s253095511.py(56): 			if d[e.t] == INF:
s253095511.py(55): 		for e in G[u]:
s253095511.py(56): 			if d[e.t] == INF:
s253095511.py(55): 		for e in G[u]:
s253095511.py(56): 			if d[e.t] == INF:
s253095511.py(57): 				d[e.t] = d[u] + e.w
s253095511.py(58): 				Q.append(e.t)
s253095511.py(55): 		for e in G[u]:
s253095511.py(56): 			if d[e.t] == INF:
s253095511.py(55): 		for e in G[u]:
s253095511.py(56): 			if d[e.t] == INF:
s253095511.py(55): 		for e in G[u]:
s253095511.py(53): 	while len(Q) > 0:
s253095511.py(54): 		u = Q.popleft()
s253095511.py(55): 		for e in G[u]:
s253095511.py(56): 			if d[e.t] == INF:
s253095511.py(55): 		for e in G[u]:
s253095511.py(56): 			if d[e.t] == INF:
s253095511.py(55): 		for e in G[u]:
s253095511.py(56): 			if d[e.t] == INF:
s253095511.py(55): 		for e in G[u]:
s253095511.py(56): 			if d[e.t] == INF:
s253095511.py(55): 		for e in G[u]:
s253095511.py(53): 	while len(Q) > 0:
s253095511.py(54): 		u = Q.popleft()
s253095511.py(55): 		for e in G[u]:
s253095511.py(56): 			if d[e.t] == INF:
s253095511.py(55): 		for e in G[u]:
s253095511.py(56): 			if d[e.t] == INF:
s253095511.py(55): 		for e in G[u]:
s253095511.py(56): 			if d[e.t] == INF:
s253095511.py(55): 		for e in G[u]:
s253095511.py(56): 			if d[e.t] == INF:
s253095511.py(57): 				d[e.t] = d[u] + e.w
s253095511.py(58): 				Q.append(e.t)
s253095511.py(55): 		for e in G[u]:
s253095511.py(56): 			if d[e.t] == INF:
s253095511.py(55): 		for e in G[u]:
s253095511.py(56): 			if d[e.t] == INF:
s253095511.py(55): 		for e in G[u]:
s253095511.py(53): 	while len(Q) > 0:
s253095511.py(54): 		u = Q.popleft()
s253095511.py(55): 		for e in G[u]:
s253095511.py(56): 			if d[e.t] == INF:
s253095511.py(55): 		for e in G[u]:
s253095511.py(56): 			if d[e.t] == INF:
s253095511.py(55): 		for e in G[u]:
s253095511.py(56): 			if d[e.t] == INF:
s253095511.py(55): 		for e in G[u]:
s253095511.py(56): 			if d[e.t] == INF:
s253095511.py(55): 		for e in G[u]:
s253095511.py(56): 			if d[e.t] == INF:
s253095511.py(55): 		for e in G[u]:
s253095511.py(56): 			if d[e.t] == INF:
s253095511.py(55): 		for e in G[u]:
s253095511.py(53): 	while len(Q) > 0:
s253095511.py(54): 		u = Q.popleft()
s253095511.py(55): 		for e in G[u]:
s253095511.py(56): 			if d[e.t] == INF:
s253095511.py(55): 		for e in G[u]:
s253095511.py(56): 			if d[e.t] == INF:
s253095511.py(55): 		for e in G[u]:
s253095511.py(56): 			if d[e.t] == INF:
s253095511.py(55): 		for e in G[u]:
s253095511.py(56): 			if d[e.t] == INF:
s253095511.py(55): 		for e in G[u]:
s253095511.py(53): 	while len(Q) > 0:
s253095511.py(59): 	return d
s253095511.py(63): 	maxv = 0
s253095511.py(64): 	tgt = 0
s253095511.py(65): 	for i in range(W*H):
s253095511.py(66): 		if d[i] == INF:
s253095511.py(68): 		if maxv < d[i]:
s253095511.py(69): 			maxv = d[i]
s253095511.py(70): 			tgt = i
s253095511.py(65): 	for i in range(W*H):
s253095511.py(66): 		if d[i] == INF:
s253095511.py(68): 		if maxv < d[i]:
s253095511.py(65): 	for i in range(W*H):
s253095511.py(66): 		if d[i] == INF:
s253095511.py(68): 		if maxv < d[i]:
s253095511.py(65): 	for i in range(W*H):
s253095511.py(66): 		if d[i] == INF:
s253095511.py(68): 		if maxv < d[i]:
s253095511.py(69): 			maxv = d[i]
s253095511.py(70): 			tgt = i
s253095511.py(65): 	for i in range(W*H):
s253095511.py(66): 		if d[i] == INF:
s253095511.py(68): 		if maxv < d[i]:
s253095511.py(65): 	for i in range(W*H):
s253095511.py(66): 		if d[i] == INF:
s253095511.py(68): 		if maxv < d[i]:
s253095511.py(65): 	for i in range(W*H):
s253095511.py(66): 		if d[i] == INF:
s253095511.py(68): 		if maxv < d[i]:
s253095511.py(69): 			maxv = d[i]
s253095511.py(70): 			tgt = i
s253095511.py(65): 	for i in range(W*H):
s253095511.py(66): 		if d[i] == INF:
s253095511.py(68): 		if maxv < d[i]:
s253095511.py(65): 	for i in range(W*H):
s253095511.py(66): 		if d[i] == INF:
s253095511.py(68): 		if maxv < d[i]:
s253095511.py(65): 	for i in range(W*H):
s253095511.py(71): 	d = bfs(tgt)
 --- modulename: s253095511, funcname: bfs
s253095511.py(49): 	d = [INF for _ in range(H*W)]
 --- modulename: s253095511, funcname: <listcomp>
s253095511.py(49): 	d = [INF for _ in range(H*W)]
s253095511.py(49): 	d = [INF for _ in range(H*W)]
s253095511.py(49): 	d = [INF for _ in range(H*W)]
s253095511.py(49): 	d = [INF for _ in range(H*W)]
s253095511.py(49): 	d = [INF for _ in range(H*W)]
s253095511.py(49): 	d = [INF for _ in range(H*W)]
s253095511.py(49): 	d = [INF for _ in range(H*W)]
s253095511.py(49): 	d = [INF for _ in range(H*W)]
s253095511.py(49): 	d = [INF for _ in range(H*W)]
s253095511.py(49): 	d = [INF for _ in range(H*W)]
s253095511.py(50): 	Q = deque()
s253095511.py(51): 	Q.append(s)
s253095511.py(52): 	d[s] = 0
s253095511.py(53): 	while len(Q) > 0:
s253095511.py(54): 		u = Q.popleft()
s253095511.py(55): 		for e in G[u]:
s253095511.py(56): 			if d[e.t] == INF:
s253095511.py(57): 				d[e.t] = d[u] + e.w
s253095511.py(58): 				Q.append(e.t)
s253095511.py(55): 		for e in G[u]:
s253095511.py(56): 			if d[e.t] == INF:
s253095511.py(55): 		for e in G[u]:
s253095511.py(56): 			if d[e.t] == INF:
s253095511.py(57): 				d[e.t] = d[u] + e.w
s253095511.py(58): 				Q.append(e.t)
s253095511.py(55): 		for e in G[u]:
s253095511.py(56): 			if d[e.t] == INF:
s253095511.py(55): 		for e in G[u]:
s253095511.py(53): 	while len(Q) > 0:
s253095511.py(54): 		u = Q.popleft()
s253095511.py(55): 		for e in G[u]:
s253095511.py(56): 			if d[e.t] == INF:
s253095511.py(57): 				d[e.t] = d[u] + e.w
s253095511.py(58): 				Q.append(e.t)
s253095511.py(55): 		for e in G[u]:
s253095511.py(56): 			if d[e.t] == INF:
s253095511.py(55): 		for e in G[u]:
s253095511.py(56): 			if d[e.t] == INF:
s253095511.py(57): 				d[e.t] = d[u] + e.w
s253095511.py(58): 				Q.append(e.t)
s253095511.py(55): 		for e in G[u]:
s253095511.py(56): 			if d[e.t] == INF:
s253095511.py(55): 		for e in G[u]:
s253095511.py(56): 			if d[e.t] == INF:
s253095511.py(55): 		for e in G[u]:
s253095511.py(56): 			if d[e.t] == INF:
s253095511.py(55): 		for e in G[u]:
s253095511.py(53): 	while len(Q) > 0:
s253095511.py(54): 		u = Q.popleft()
s253095511.py(55): 		for e in G[u]:
s253095511.py(56): 			if d[e.t] == INF:
s253095511.py(55): 		for e in G[u]:
s253095511.py(56): 			if d[e.t] == INF:
s253095511.py(55): 		for e in G[u]:
s253095511.py(56): 			if d[e.t] == INF:
s253095511.py(55): 		for e in G[u]:
s253095511.py(56): 			if d[e.t] == INF:
s253095511.py(55): 		for e in G[u]:
s253095511.py(56): 			if d[e.t] == INF:
s253095511.py(57): 				d[e.t] = d[u] + e.w
s253095511.py(58): 				Q.append(e.t)
s253095511.py(55): 		for e in G[u]:
s253095511.py(56): 			if d[e.t] == INF:
s253095511.py(55): 		for e in G[u]:
s253095511.py(53): 	while len(Q) > 0:
s253095511.py(54): 		u = Q.popleft()
s253095511.py(55): 		for e in G[u]:
s253095511.py(56): 			if d[e.t] == INF:
s253095511.py(57): 				d[e.t] = d[u] + e.w
s253095511.py(58): 				Q.append(e.t)
s253095511.py(55): 		for e in G[u]:
s253095511.py(56): 			if d[e.t] == INF:
s253095511.py(55): 		for e in G[u]:
s253095511.py(56): 			if d[e.t] == INF:
s253095511.py(55): 		for e in G[u]:
s253095511.py(56): 			if d[e.t] == INF:
s253095511.py(55): 		for e in G[u]:
s253095511.py(53): 	while len(Q) > 0:
s253095511.py(54): 		u = Q.popleft()
s253095511.py(55): 		for e in G[u]:
s253095511.py(56): 			if d[e.t] == INF:
s253095511.py(55): 		for e in G[u]:
s253095511.py(56): 			if d[e.t] == INF:
s253095511.py(55): 		for e in G[u]:
s253095511.py(56): 			if d[e.t] == INF:
s253095511.py(55): 		for e in G[u]:
s253095511.py(56): 			if d[e.t] == INF:
s253095511.py(55): 		for e in G[u]:
s253095511.py(56): 			if d[e.t] == INF:
s253095511.py(57): 				d[e.t] = d[u] + e.w
s253095511.py(58): 				Q.append(e.t)
s253095511.py(55): 		for e in G[u]:
s253095511.py(56): 			if d[e.t] == INF:
s253095511.py(55): 		for e in G[u]:
s253095511.py(56): 			if d[e.t] == INF:
s253095511.py(55): 		for e in G[u]:
s253095511.py(56): 			if d[e.t] == INF:
s253095511.py(55): 		for e in G[u]:
s253095511.py(53): 	while len(Q) > 0:
s253095511.py(54): 		u = Q.popleft()
s253095511.py(55): 		for e in G[u]:
s253095511.py(56): 			if d[e.t] == INF:
s253095511.py(55): 		for e in G[u]:
s253095511.py(56): 			if d[e.t] == INF:
s253095511.py(55): 		for e in G[u]:
s253095511.py(56): 			if d[e.t] == INF:
s253095511.py(55): 		for e in G[u]:
s253095511.py(56): 			if d[e.t] == INF:
s253095511.py(55): 		for e in G[u]:
s253095511.py(53): 	while len(Q) > 0:
s253095511.py(54): 		u = Q.popleft()
s253095511.py(55): 		for e in G[u]:
s253095511.py(56): 			if d[e.t] == INF:
s253095511.py(55): 		for e in G[u]:
s253095511.py(56): 			if d[e.t] == INF:
s253095511.py(55): 		for e in G[u]:
s253095511.py(56): 			if d[e.t] == INF:
s253095511.py(57): 				d[e.t] = d[u] + e.w
s253095511.py(58): 				Q.append(e.t)
s253095511.py(55): 		for e in G[u]:
s253095511.py(56): 			if d[e.t] == INF:
s253095511.py(55): 		for e in G[u]:
s253095511.py(56): 			if d[e.t] == INF:
s253095511.py(55): 		for e in G[u]:
s253095511.py(56): 			if d[e.t] == INF:
s253095511.py(55): 		for e in G[u]:
s253095511.py(53): 	while len(Q) > 0:
s253095511.py(54): 		u = Q.popleft()
s253095511.py(55): 		for e in G[u]:
s253095511.py(56): 			if d[e.t] == INF:
s253095511.py(55): 		for e in G[u]:
s253095511.py(56): 			if d[e.t] == INF:
s253095511.py(55): 		for e in G[u]:
s253095511.py(56): 			if d[e.t] == INF:
s253095511.py(55): 		for e in G[u]:
s253095511.py(56): 			if d[e.t] == INF:
s253095511.py(55): 		for e in G[u]:
s253095511.py(56): 			if d[e.t] == INF:
s253095511.py(55): 		for e in G[u]:
s253095511.py(56): 			if d[e.t] == INF:
s253095511.py(55): 		for e in G[u]:
s253095511.py(53): 	while len(Q) > 0:
s253095511.py(54): 		u = Q.popleft()
s253095511.py(55): 		for e in G[u]:
s253095511.py(56): 			if d[e.t] == INF:
s253095511.py(55): 		for e in G[u]:
s253095511.py(56): 			if d[e.t] == INF:
s253095511.py(55): 		for e in G[u]:
s253095511.py(56): 			if d[e.t] == INF:
s253095511.py(55): 		for e in G[u]:
s253095511.py(56): 			if d[e.t] == INF:
s253095511.py(55): 		for e in G[u]:
s253095511.py(53): 	while len(Q) > 0:
s253095511.py(59): 	return d
s253095511.py(72): 	maxv = 0
s253095511.py(73): 	for i in range(W*H):
s253095511.py(74): 		if d[i] == INF:
s253095511.py(76): 		maxv = max(maxv, d[i])
s253095511.py(73): 	for i in range(W*H):
s253095511.py(74): 		if d[i] == INF:
s253095511.py(76): 		maxv = max(maxv, d[i])
s253095511.py(73): 	for i in range(W*H):
s253095511.py(74): 		if d[i] == INF:
s253095511.py(76): 		maxv = max(maxv, d[i])
s253095511.py(73): 	for i in range(W*H):
s253095511.py(74): 		if d[i] == INF:
s253095511.py(76): 		maxv = max(maxv, d[i])
s253095511.py(73): 	for i in range(W*H):
s253095511.py(74): 		if d[i] == INF:
s253095511.py(76): 		maxv = max(maxv, d[i])
s253095511.py(73): 	for i in range(W*H):
s253095511.py(74): 		if d[i] == INF:
s253095511.py(76): 		maxv = max(maxv, d[i])
s253095511.py(73): 	for i in range(W*H):
s253095511.py(74): 		if d[i] == INF:
s253095511.py(76): 		maxv = max(maxv, d[i])
s253095511.py(73): 	for i in range(W*H):
s253095511.py(74): 		if d[i] == INF:
s253095511.py(76): 		maxv = max(maxv, d[i])
s253095511.py(73): 	for i in range(W*H):
s253095511.py(74): 		if d[i] == INF:
s253095511.py(76): 		maxv = max(maxv, d[i])
s253095511.py(73): 	for i in range(W*H):
s253095511.py(77): 	return maxv
s253095511.py(103): 				ans = max(ans, v)
s253095511.py(100): 		for j in range(W):
s253095511.py(99): 	for i in range(H):
s253095511.py(100): 		for j in range(W):
s253095511.py(101): 			if S[i][j] != 1:
s253095511.py(102): 				v = solve(i*W + j)
 --- modulename: s253095511, funcname: solve
s253095511.py(62): 	d = bfs(s)
 --- modulename: s253095511, funcname: bfs
s253095511.py(49): 	d = [INF for _ in range(H*W)]
 --- modulename: s253095511, funcname: <listcomp>
s253095511.py(49): 	d = [INF for _ in range(H*W)]
s253095511.py(49): 	d = [INF for _ in range(H*W)]
s253095511.py(49): 	d = [INF for _ in range(H*W)]
s253095511.py(49): 	d = [INF for _ in range(H*W)]
s253095511.py(49): 	d = [INF for _ in range(H*W)]
s253095511.py(49): 	d = [INF for _ in range(H*W)]
s253095511.py(49): 	d = [INF for _ in range(H*W)]
s253095511.py(49): 	d = [INF for _ in range(H*W)]
s253095511.py(49): 	d = [INF for _ in range(H*W)]
s253095511.py(49): 	d = [INF for _ in range(H*W)]
s253095511.py(50): 	Q = deque()
s253095511.py(51): 	Q.append(s)
s253095511.py(52): 	d[s] = 0
s253095511.py(53): 	while len(Q) > 0:
s253095511.py(54): 		u = Q.popleft()
s253095511.py(55): 		for e in G[u]:
s253095511.py(56): 			if d[e.t] == INF:
s253095511.py(57): 				d[e.t] = d[u] + e.w
s253095511.py(58): 				Q.append(e.t)
s253095511.py(55): 		for e in G[u]:
s253095511.py(56): 			if d[e.t] == INF:
s253095511.py(55): 		for e in G[u]:
s253095511.py(56): 			if d[e.t] == INF:
s253095511.py(57): 				d[e.t] = d[u] + e.w
s253095511.py(58): 				Q.append(e.t)
s253095511.py(55): 		for e in G[u]:
s253095511.py(56): 			if d[e.t] == INF:
s253095511.py(57): 				d[e.t] = d[u] + e.w
s253095511.py(58): 				Q.append(e.t)
s253095511.py(55): 		for e in G[u]:
s253095511.py(56): 			if d[e.t] == INF:
s253095511.py(55): 		for e in G[u]:
s253095511.py(56): 			if d[e.t] == INF:
s253095511.py(55): 		for e in G[u]:
s253095511.py(53): 	while len(Q) > 0:
s253095511.py(54): 		u = Q.popleft()
s253095511.py(55): 		for e in G[u]:
s253095511.py(56): 			if d[e.t] == INF:
s253095511.py(57): 				d[e.t] = d[u] + e.w
s253095511.py(58): 				Q.append(e.t)
s253095511.py(55): 		for e in G[u]:
s253095511.py(56): 			if d[e.t] == INF:
s253095511.py(55): 		for e in G[u]:
s253095511.py(56): 			if d[e.t] == INF:
s253095511.py(55): 		for e in G[u]:
s253095511.py(56): 			if d[e.t] == INF:
s253095511.py(55): 		for e in G[u]:
s253095511.py(53): 	while len(Q) > 0:
s253095511.py(54): 		u = Q.popleft()
s253095511.py(55): 		for e in G[u]:
s253095511.py(56): 			if d[e.t] == INF:
s253095511.py(55): 		for e in G[u]:
s253095511.py(56): 			if d[e.t] == INF:
s253095511.py(55): 		for e in G[u]:
s253095511.py(56): 			if d[e.t] == INF:
s253095511.py(55): 		for e in G[u]:
s253095511.py(56): 			if d[e.t] == INF:
s253095511.py(55): 		for e in G[u]:
s253095511.py(56): 			if d[e.t] == INF:
s253095511.py(57): 				d[e.t] = d[u] + e.w
s253095511.py(58): 				Q.append(e.t)
s253095511.py(55): 		for e in G[u]:
s253095511.py(56): 			if d[e.t] == INF:
s253095511.py(57): 				d[e.t] = d[u] + e.w
s253095511.py(58): 				Q.append(e.t)
s253095511.py(55): 		for e in G[u]:
s253095511.py(56): 			if d[e.t] == INF:
s253095511.py(55): 		for e in G[u]:
s253095511.py(56): 			if d[e.t] == INF:
s253095511.py(55): 		for e in G[u]:
s253095511.py(53): 	while len(Q) > 0:
s253095511.py(54): 		u = Q.popleft()
s253095511.py(55): 		for e in G[u]:
s253095511.py(56): 			if d[e.t] == INF:
s253095511.py(55): 		for e in G[u]:
s253095511.py(56): 			if d[e.t] == INF:
s253095511.py(55): 		for e in G[u]:
s253095511.py(56): 			if d[e.t] == INF:
s253095511.py(55): 		for e in G[u]:
s253095511.py(56): 			if d[e.t] == INF:
s253095511.py(55): 		for e in G[u]:
s253095511.py(53): 	while len(Q) > 0:
s253095511.py(54): 		u = Q.popleft()
s253095511.py(55): 		for e in G[u]:
s253095511.py(56): 			if d[e.t] == INF:
s253095511.py(55): 		for e in G[u]:
s253095511.py(56): 			if d[e.t] == INF:
s253095511.py(55): 		for e in G[u]:
s253095511.py(56): 			if d[e.t] == INF:
s253095511.py(57): 				d[e.t] = d[u] + e.w
s253095511.py(58): 				Q.append(e.t)
s253095511.py(55): 		for e in G[u]:
s253095511.py(56): 			if d[e.t] == INF:
s253095511.py(55): 		for e in G[u]:
s253095511.py(56): 			if d[e.t] == INF:
s253095511.py(55): 		for e in G[u]:
s253095511.py(56): 			if d[e.t] == INF:
s253095511.py(55): 		for e in G[u]:
s253095511.py(53): 	while len(Q) > 0:
s253095511.py(54): 		u = Q.popleft()
s253095511.py(55): 		for e in G[u]:
s253095511.py(56): 			if d[e.t] == INF:
s253095511.py(55): 		for e in G[u]:
s253095511.py(56): 			if d[e.t] == INF:
s253095511.py(55): 		for e in G[u]:
s253095511.py(56): 			if d[e.t] == INF:
s253095511.py(55): 		for e in G[u]:
s253095511.py(56): 			if d[e.t] == INF:
s253095511.py(55): 		for e in G[u]:
s253095511.py(56): 			if d[e.t] == INF:
s253095511.py(57): 				d[e.t] = d[u] + e.w
s253095511.py(58): 				Q.append(e.t)
s253095511.py(55): 		for e in G[u]:
s253095511.py(56): 			if d[e.t] == INF:
s253095511.py(55): 		for e in G[u]:
s253095511.py(53): 	while len(Q) > 0:
s253095511.py(54): 		u = Q.popleft()
s253095511.py(55): 		for e in G[u]:
s253095511.py(56): 			if d[e.t] == INF:
s253095511.py(55): 		for e in G[u]:
s253095511.py(56): 			if d[e.t] == INF:
s253095511.py(55): 		for e in G[u]:
s253095511.py(56): 			if d[e.t] == INF:
s253095511.py(55): 		for e in G[u]:
s253095511.py(56): 			if d[e.t] == INF:
s253095511.py(55): 		for e in G[u]:
s253095511.py(56): 			if d[e.t] == INF:
s253095511.py(55): 		for e in G[u]:
s253095511.py(56): 			if d[e.t] == INF:
s253095511.py(55): 		for e in G[u]:
s253095511.py(53): 	while len(Q) > 0:
s253095511.py(54): 		u = Q.popleft()
s253095511.py(55): 		for e in G[u]:
s253095511.py(56): 			if d[e.t] == INF:
s253095511.py(55): 		for e in G[u]:
s253095511.py(56): 			if d[e.t] == INF:
s253095511.py(55): 		for e in G[u]:
s253095511.py(56): 			if d[e.t] == INF:
s253095511.py(55): 		for e in G[u]:
s253095511.py(56): 			if d[e.t] == INF:
s253095511.py(55): 		for e in G[u]:
s253095511.py(53): 	while len(Q) > 0:
s253095511.py(54): 		u = Q.popleft()
s253095511.py(55): 		for e in G[u]:
s253095511.py(56): 			if d[e.t] == INF:
s253095511.py(55): 		for e in G[u]:
s253095511.py(56): 			if d[e.t] == INF:
s253095511.py(55): 		for e in G[u]:
s253095511.py(56): 			if d[e.t] == INF:
s253095511.py(55): 		for e in G[u]:
s253095511.py(56): 			if d[e.t] == INF:
s253095511.py(55): 		for e in G[u]:
s253095511.py(53): 	while len(Q) > 0:
s253095511.py(59): 	return d
s253095511.py(63): 	maxv = 0
s253095511.py(64): 	tgt = 0
s253095511.py(65): 	for i in range(W*H):
s253095511.py(66): 		if d[i] == INF:
s253095511.py(68): 		if maxv < d[i]:
s253095511.py(69): 			maxv = d[i]
s253095511.py(70): 			tgt = i
s253095511.py(65): 	for i in range(W*H):
s253095511.py(66): 		if d[i] == INF:
s253095511.py(68): 		if maxv < d[i]:
s253095511.py(69): 			maxv = d[i]
s253095511.py(70): 			tgt = i
s253095511.py(65): 	for i in range(W*H):
s253095511.py(66): 		if d[i] == INF:
s253095511.py(68): 		if maxv < d[i]:
s253095511.py(69): 			maxv = d[i]
s253095511.py(70): 			tgt = i
s253095511.py(65): 	for i in range(W*H):
s253095511.py(66): 		if d[i] == INF:
s253095511.py(68): 		if maxv < d[i]:
s253095511.py(65): 	for i in range(W*H):
s253095511.py(66): 		if d[i] == INF:
s253095511.py(68): 		if maxv < d[i]:
s253095511.py(65): 	for i in range(W*H):
s253095511.py(66): 		if d[i] == INF:
s253095511.py(68): 		if maxv < d[i]:
s253095511.py(65): 	for i in range(W*H):
s253095511.py(66): 		if d[i] == INF:
s253095511.py(68): 		if maxv < d[i]:
s253095511.py(65): 	for i in range(W*H):
s253095511.py(66): 		if d[i] == INF:
s253095511.py(68): 		if maxv < d[i]:
s253095511.py(65): 	for i in range(W*H):
s253095511.py(66): 		if d[i] == INF:
s253095511.py(68): 		if maxv < d[i]:
s253095511.py(65): 	for i in range(W*H):
s253095511.py(71): 	d = bfs(tgt)
 --- modulename: s253095511, funcname: bfs
s253095511.py(49): 	d = [INF for _ in range(H*W)]
 --- modulename: s253095511, funcname: <listcomp>
s253095511.py(49): 	d = [INF for _ in range(H*W)]
s253095511.py(49): 	d = [INF for _ in range(H*W)]
s253095511.py(49): 	d = [INF for _ in range(H*W)]
s253095511.py(49): 	d = [INF for _ in range(H*W)]
s253095511.py(49): 	d = [INF for _ in range(H*W)]
s253095511.py(49): 	d = [INF for _ in range(H*W)]
s253095511.py(49): 	d = [INF for _ in range(H*W)]
s253095511.py(49): 	d = [INF for _ in range(H*W)]
s253095511.py(49): 	d = [INF for _ in range(H*W)]
s253095511.py(49): 	d = [INF for _ in range(H*W)]
s253095511.py(50): 	Q = deque()
s253095511.py(51): 	Q.append(s)
s253095511.py(52): 	d[s] = 0
s253095511.py(53): 	while len(Q) > 0:
s253095511.py(54): 		u = Q.popleft()
s253095511.py(55): 		for e in G[u]:
s253095511.py(56): 			if d[e.t] == INF:
s253095511.py(57): 				d[e.t] = d[u] + e.w
s253095511.py(58): 				Q.append(e.t)
s253095511.py(55): 		for e in G[u]:
s253095511.py(56): 			if d[e.t] == INF:
s253095511.py(55): 		for e in G[u]:
s253095511.py(56): 			if d[e.t] == INF:
s253095511.py(57): 				d[e.t] = d[u] + e.w
s253095511.py(58): 				Q.append(e.t)
s253095511.py(55): 		for e in G[u]:
s253095511.py(56): 			if d[e.t] == INF:
s253095511.py(55): 		for e in G[u]:
s253095511.py(53): 	while len(Q) > 0:
s253095511.py(54): 		u = Q.popleft()
s253095511.py(55): 		for e in G[u]:
s253095511.py(56): 			if d[e.t] == INF:
s253095511.py(57): 				d[e.t] = d[u] + e.w
s253095511.py(58): 				Q.append(e.t)
s253095511.py(55): 		for e in G[u]:
s253095511.py(56): 			if d[e.t] == INF:
s253095511.py(55): 		for e in G[u]:
s253095511.py(56): 			if d[e.t] == INF:
s253095511.py(55): 		for e in G[u]:
s253095511.py(56): 			if d[e.t] == INF:
s253095511.py(57): 				d[e.t] = d[u] + e.w
s253095511.py(58): 				Q.append(e.t)
s253095511.py(55): 		for e in G[u]:
s253095511.py(56): 			if d[e.t] == INF:
s253095511.py(55): 		for e in G[u]:
s253095511.py(56): 			if d[e.t] == INF:
s253095511.py(55): 		for e in G[u]:
s253095511.py(53): 	while len(Q) > 0:
s253095511.py(54): 		u = Q.popleft()
s253095511.py(55): 		for e in G[u]:
s253095511.py(56): 			if d[e.t] == INF:
s253095511.py(55): 		for e in G[u]:
s253095511.py(56): 			if d[e.t] == INF:
s253095511.py(55): 		for e in G[u]:
s253095511.py(56): 			if d[e.t] == INF:
s253095511.py(55): 		for e in G[u]:
s253095511.py(56): 			if d[e.t] == INF:
s253095511.py(55): 		for e in G[u]:
s253095511.py(56): 			if d[e.t] == INF:
s253095511.py(57): 				d[e.t] = d[u] + e.w
s253095511.py(58): 				Q.append(e.t)
s253095511.py(55): 		for e in G[u]:
s253095511.py(56): 			if d[e.t] == INF:
s253095511.py(55): 		for e in G[u]:
s253095511.py(53): 	while len(Q) > 0:
s253095511.py(54): 		u = Q.popleft()
s253095511.py(55): 		for e in G[u]:
s253095511.py(56): 			if d[e.t] == INF:
s253095511.py(55): 		for e in G[u]:
s253095511.py(56): 			if d[e.t] == INF:
s253095511.py(57): 				d[e.t] = d[u] + e.w
s253095511.py(58): 				Q.append(e.t)
s253095511.py(55): 		for e in G[u]:
s253095511.py(56): 			if d[e.t] == INF:
s253095511.py(55): 		for e in G[u]:
s253095511.py(56): 			if d[e.t] == INF:
s253095511.py(55): 		for e in G[u]:
s253095511.py(53): 	while len(Q) > 0:
s253095511.py(54): 		u = Q.popleft()
s253095511.py(55): 		for e in G[u]:
s253095511.py(56): 			if d[e.t] == INF:
s253095511.py(55): 		for e in G[u]:
s253095511.py(56): 			if d[e.t] == INF:
s253095511.py(55): 		for e in G[u]:
s253095511.py(56): 			if d[e.t] == INF:
s253095511.py(55): 		for e in G[u]:
s253095511.py(56): 			if d[e.t] == INF:
s253095511.py(55): 		for e in G[u]:
s253095511.py(56): 			if d[e.t] == INF:
s253095511.py(55): 		for e in G[u]:
s253095511.py(56): 			if d[e.t] == INF:
s253095511.py(57): 				d[e.t] = d[u] + e.w
s253095511.py(58): 				Q.append(e.t)
s253095511.py(55): 		for e in G[u]:
s253095511.py(56): 			if d[e.t] == INF:
s253095511.py(55): 		for e in G[u]:
s253095511.py(56): 			if d[e.t] == INF:
s253095511.py(55): 		for e in G[u]:
s253095511.py(53): 	while len(Q) > 0:
s253095511.py(54): 		u = Q.popleft()
s253095511.py(55): 		for e in G[u]:
s253095511.py(56): 			if d[e.t] == INF:
s253095511.py(55): 		for e in G[u]:
s253095511.py(56): 			if d[e.t] == INF:
s253095511.py(55): 		for e in G[u]:
s253095511.py(56): 			if d[e.t] == INF:
s253095511.py(55): 		for e in G[u]:
s253095511.py(56): 			if d[e.t] == INF:
s253095511.py(55): 		for e in G[u]:
s253095511.py(53): 	while len(Q) > 0:
s253095511.py(54): 		u = Q.popleft()
s253095511.py(55): 		for e in G[u]:
s253095511.py(56): 			if d[e.t] == INF:
s253095511.py(55): 		for e in G[u]:
s253095511.py(56): 			if d[e.t] == INF:
s253095511.py(55): 		for e in G[u]:
s253095511.py(56): 			if d[e.t] == INF:
s253095511.py(55): 		for e in G[u]:
s253095511.py(56): 			if d[e.t] == INF:
s253095511.py(57): 				d[e.t] = d[u] + e.w
s253095511.py(58): 				Q.append(e.t)
s253095511.py(55): 		for e in G[u]:
s253095511.py(56): 			if d[e.t] == INF:
s253095511.py(55): 		for e in G[u]:
s253095511.py(56): 			if d[e.t] == INF:
s253095511.py(55): 		for e in G[u]:
s253095511.py(53): 	while len(Q) > 0:
s253095511.py(54): 		u = Q.popleft()
s253095511.py(55): 		for e in G[u]:
s253095511.py(56): 			if d[e.t] == INF:
s253095511.py(55): 		for e in G[u]:
s253095511.py(56): 			if d[e.t] == INF:
s253095511.py(55): 		for e in G[u]:
s253095511.py(56): 			if d[e.t] == INF:
s253095511.py(55): 		for e in G[u]:
s253095511.py(56): 			if d[e.t] == INF:
s253095511.py(55): 		for e in G[u]:
s253095511.py(56): 			if d[e.t] == INF:
s253095511.py(55): 		for e in G[u]:
s253095511.py(56): 			if d[e.t] == INF:
s253095511.py(55): 		for e in G[u]:
s253095511.py(53): 	while len(Q) > 0:
s253095511.py(54): 		u = Q.popleft()
s253095511.py(55): 		for e in G[u]:
s253095511.py(56): 			if d[e.t] == INF:
s253095511.py(55): 		for e in G[u]:
s253095511.py(56): 			if d[e.t] == INF:
s253095511.py(55): 		for e in G[u]:
s253095511.py(56): 			if d[e.t] == INF:
s253095511.py(55): 		for e in G[u]:
s253095511.py(56): 			if d[e.t] == INF:
s253095511.py(55): 		for e in G[u]:
s253095511.py(53): 	while len(Q) > 0:
s253095511.py(59): 	return d
s253095511.py(72): 	maxv = 0
s253095511.py(73): 	for i in range(W*H):
s253095511.py(74): 		if d[i] == INF:
s253095511.py(76): 		maxv = max(maxv, d[i])
s253095511.py(73): 	for i in range(W*H):
s253095511.py(74): 		if d[i] == INF:
s253095511.py(76): 		maxv = max(maxv, d[i])
s253095511.py(73): 	for i in range(W*H):
s253095511.py(74): 		if d[i] == INF:
s253095511.py(76): 		maxv = max(maxv, d[i])
s253095511.py(73): 	for i in range(W*H):
s253095511.py(74): 		if d[i] == INF:
s253095511.py(76): 		maxv = max(maxv, d[i])
s253095511.py(73): 	for i in range(W*H):
s253095511.py(74): 		if d[i] == INF:
s253095511.py(76): 		maxv = max(maxv, d[i])
s253095511.py(73): 	for i in range(W*H):
s253095511.py(74): 		if d[i] == INF:
s253095511.py(76): 		maxv = max(maxv, d[i])
s253095511.py(73): 	for i in range(W*H):
s253095511.py(74): 		if d[i] == INF:
s253095511.py(76): 		maxv = max(maxv, d[i])
s253095511.py(73): 	for i in range(W*H):
s253095511.py(74): 		if d[i] == INF:
s253095511.py(76): 		maxv = max(maxv, d[i])
s253095511.py(73): 	for i in range(W*H):
s253095511.py(74): 		if d[i] == INF:
s253095511.py(76): 		maxv = max(maxv, d[i])
s253095511.py(73): 	for i in range(W*H):
s253095511.py(77): 	return maxv
s253095511.py(103): 				ans = max(ans, v)
s253095511.py(100): 		for j in range(W):
s253095511.py(101): 			if S[i][j] != 1:
s253095511.py(102): 				v = solve(i*W + j)
 --- modulename: s253095511, funcname: solve
s253095511.py(62): 	d = bfs(s)
 --- modulename: s253095511, funcname: bfs
s253095511.py(49): 	d = [INF for _ in range(H*W)]
 --- modulename: s253095511, funcname: <listcomp>
s253095511.py(49): 	d = [INF for _ in range(H*W)]
s253095511.py(49): 	d = [INF for _ in range(H*W)]
s253095511.py(49): 	d = [INF for _ in range(H*W)]
s253095511.py(49): 	d = [INF for _ in range(H*W)]
s253095511.py(49): 	d = [INF for _ in range(H*W)]
s253095511.py(49): 	d = [INF for _ in range(H*W)]
s253095511.py(49): 	d = [INF for _ in range(H*W)]
s253095511.py(49): 	d = [INF for _ in range(H*W)]
s253095511.py(49): 	d = [INF for _ in range(H*W)]
s253095511.py(49): 	d = [INF for _ in range(H*W)]
s253095511.py(50): 	Q = deque()
s253095511.py(51): 	Q.append(s)
s253095511.py(52): 	d[s] = 0
s253095511.py(53): 	while len(Q) > 0:
s253095511.py(54): 		u = Q.popleft()
s253095511.py(55): 		for e in G[u]:
s253095511.py(56): 			if d[e.t] == INF:
s253095511.py(57): 				d[e.t] = d[u] + e.w
s253095511.py(58): 				Q.append(e.t)
s253095511.py(55): 		for e in G[u]:
s253095511.py(56): 			if d[e.t] == INF:
s253095511.py(57): 				d[e.t] = d[u] + e.w
s253095511.py(58): 				Q.append(e.t)
s253095511.py(55): 		for e in G[u]:
s253095511.py(56): 			if d[e.t] == INF:
s253095511.py(55): 		for e in G[u]:
s253095511.py(56): 			if d[e.t] == INF:
s253095511.py(55): 		for e in G[u]:
s253095511.py(56): 			if d[e.t] == INF:
s253095511.py(57): 				d[e.t] = d[u] + e.w
s253095511.py(58): 				Q.append(e.t)
s253095511.py(55): 		for e in G[u]:
s253095511.py(56): 			if d[e.t] == INF:
s253095511.py(57): 				d[e.t] = d[u] + e.w
s253095511.py(58): 				Q.append(e.t)
s253095511.py(55): 		for e in G[u]:
s253095511.py(56): 			if d[e.t] == INF:
s253095511.py(55): 		for e in G[u]:
s253095511.py(56): 			if d[e.t] == INF:
s253095511.py(55): 		for e in G[u]:
s253095511.py(53): 	while len(Q) > 0:
s253095511.py(54): 		u = Q.popleft()
s253095511.py(55): 		for e in G[u]:
s253095511.py(56): 			if d[e.t] == INF:
s253095511.py(57): 				d[e.t] = d[u] + e.w
s253095511.py(58): 				Q.append(e.t)
s253095511.py(55): 		for e in G[u]:
s253095511.py(56): 			if d[e.t] == INF:
s253095511.py(55): 		for e in G[u]:
s253095511.py(56): 			if d[e.t] == INF:
s253095511.py(57): 				d[e.t] = d[u] + e.w
s253095511.py(58): 				Q.append(e.t)
s253095511.py(55): 		for e in G[u]:
s253095511.py(56): 			if d[e.t] == INF:
s253095511.py(55): 		for e in G[u]:
s253095511.py(56): 			if d[e.t] == INF:
s253095511.py(55): 		for e in G[u]:
s253095511.py(56): 			if d[e.t] == INF:
s253095511.py(55): 		for e in G[u]:
s253095511.py(53): 	while len(Q) > 0:
s253095511.py(54): 		u = Q.popleft()
s253095511.py(55): 		for e in G[u]:
s253095511.py(56): 			if d[e.t] == INF:
s253095511.py(55): 		for e in G[u]:
s253095511.py(56): 			if d[e.t] == INF:
s253095511.py(55): 		for e in G[u]:
s253095511.py(56): 			if d[e.t] == INF:
s253095511.py(55): 		for e in G[u]:
s253095511.py(56): 			if d[e.t] == INF:
s253095511.py(57): 				d[e.t] = d[u] + e.w
s253095511.py(58): 				Q.append(e.t)
s253095511.py(55): 		for e in G[u]:
s253095511.py(56): 			if d[e.t] == INF:
s253095511.py(55): 		for e in G[u]:
s253095511.py(56): 			if d[e.t] == INF:
s253095511.py(55): 		for e in G[u]:
s253095511.py(53): 	while len(Q) > 0:
s253095511.py(54): 		u = Q.popleft()
s253095511.py(55): 		for e in G[u]:
s253095511.py(56): 			if d[e.t] == INF:
s253095511.py(55): 		for e in G[u]:
s253095511.py(56): 			if d[e.t] == INF:
s253095511.py(55): 		for e in G[u]:
s253095511.py(56): 			if d[e.t] == INF:
s253095511.py(55): 		for e in G[u]:
s253095511.py(56): 			if d[e.t] == INF:
s253095511.py(55): 		for e in G[u]:
s253095511.py(56): 			if d[e.t] == INF:
s253095511.py(57): 				d[e.t] = d[u] + e.w
s253095511.py(58): 				Q.append(e.t)
s253095511.py(55): 		for e in G[u]:
s253095511.py(56): 			if d[e.t] == INF:
s253095511.py(55): 		for e in G[u]:
s253095511.py(53): 	while len(Q) > 0:
s253095511.py(54): 		u = Q.popleft()
s253095511.py(55): 		for e in G[u]:
s253095511.py(56): 			if d[e.t] == INF:
s253095511.py(55): 		for e in G[u]:
s253095511.py(56): 			if d[e.t] == INF:
s253095511.py(55): 		for e in G[u]:
s253095511.py(56): 			if d[e.t] == INF:
s253095511.py(55): 		for e in G[u]:
s253095511.py(56): 			if d[e.t] == INF:
s253095511.py(55): 		for e in G[u]:
s253095511.py(56): 			if d[e.t] == INF:
s253095511.py(55): 		for e in G[u]:
s253095511.py(56): 			if d[e.t] == INF:
s253095511.py(55): 		for e in G[u]:
s253095511.py(53): 	while len(Q) > 0:
s253095511.py(54): 		u = Q.popleft()
s253095511.py(55): 		for e in G[u]:
s253095511.py(56): 			if d[e.t] == INF:
s253095511.py(55): 		for e in G[u]:
s253095511.py(56): 			if d[e.t] == INF:
s253095511.py(55): 		for e in G[u]:
s253095511.py(56): 			if d[e.t] == INF:
s253095511.py(55): 		for e in G[u]:
s253095511.py(56): 			if d[e.t] == INF:
s253095511.py(55): 		for e in G[u]:
s253095511.py(53): 	while len(Q) > 0:
s253095511.py(54): 		u = Q.popleft()
s253095511.py(55): 		for e in G[u]:
s253095511.py(56): 			if d[e.t] == INF:
s253095511.py(55): 		for e in G[u]:
s253095511.py(56): 			if d[e.t] == INF:
s253095511.py(55): 		for e in G[u]:
s253095511.py(56): 			if d[e.t] == INF:
s253095511.py(55): 		for e in G[u]:
s253095511.py(56): 			if d[e.t] == INF:
s253095511.py(55): 		for e in G[u]:
s253095511.py(53): 	while len(Q) > 0:
s253095511.py(54): 		u = Q.popleft()
s253095511.py(55): 		for e in G[u]:
s253095511.py(56): 			if d[e.t] == INF:
s253095511.py(55): 		for e in G[u]:
s253095511.py(56): 			if d[e.t] == INF:
s253095511.py(55): 		for e in G[u]:
s253095511.py(56): 			if d[e.t] == INF:
s253095511.py(55): 		for e in G[u]:
s253095511.py(56): 			if d[e.t] == INF:
s253095511.py(55): 		for e in G[u]:
s253095511.py(53): 	while len(Q) > 0:
s253095511.py(54): 		u = Q.popleft()
s253095511.py(55): 		for e in G[u]:
s253095511.py(56): 			if d[e.t] == INF:
s253095511.py(55): 		for e in G[u]:
s253095511.py(56): 			if d[e.t] == INF:
s253095511.py(55): 		for e in G[u]:
s253095511.py(56): 			if d[e.t] == INF:
s253095511.py(55): 		for e in G[u]:
s253095511.py(56): 			if d[e.t] == INF:
s253095511.py(55): 		for e in G[u]:
s253095511.py(53): 	while len(Q) > 0:
s253095511.py(59): 	return d
s253095511.py(63): 	maxv = 0
s253095511.py(64): 	tgt = 0
s253095511.py(65): 	for i in range(W*H):
s253095511.py(66): 		if d[i] == INF:
s253095511.py(68): 		if maxv < d[i]:
s253095511.py(69): 			maxv = d[i]
s253095511.py(70): 			tgt = i
s253095511.py(65): 	for i in range(W*H):
s253095511.py(66): 		if d[i] == INF:
s253095511.py(68): 		if maxv < d[i]:
s253095511.py(65): 	for i in range(W*H):
s253095511.py(66): 		if d[i] == INF:
s253095511.py(68): 		if maxv < d[i]:
s253095511.py(65): 	for i in range(W*H):
s253095511.py(66): 		if d[i] == INF:
s253095511.py(68): 		if maxv < d[i]:
s253095511.py(65): 	for i in range(W*H):
s253095511.py(66): 		if d[i] == INF:
s253095511.py(68): 		if maxv < d[i]:
s253095511.py(65): 	for i in range(W*H):
s253095511.py(66): 		if d[i] == INF:
s253095511.py(68): 		if maxv < d[i]:
s253095511.py(65): 	for i in range(W*H):
s253095511.py(66): 		if d[i] == INF:
s253095511.py(68): 		if maxv < d[i]:
s253095511.py(65): 	for i in range(W*H):
s253095511.py(66): 		if d[i] == INF:
s253095511.py(68): 		if maxv < d[i]:
s253095511.py(65): 	for i in range(W*H):
s253095511.py(66): 		if d[i] == INF:
s253095511.py(68): 		if maxv < d[i]:
s253095511.py(65): 	for i in range(W*H):
s253095511.py(71): 	d = bfs(tgt)
 --- modulename: s253095511, funcname: bfs
s253095511.py(49): 	d = [INF for _ in range(H*W)]
 --- modulename: s253095511, funcname: <listcomp>
s253095511.py(49): 	d = [INF for _ in range(H*W)]
s253095511.py(49): 	d = [INF for _ in range(H*W)]
s253095511.py(49): 	d = [INF for _ in range(H*W)]
s253095511.py(49): 	d = [INF for _ in range(H*W)]
s253095511.py(49): 	d = [INF for _ in range(H*W)]
s253095511.py(49): 	d = [INF for _ in range(H*W)]
s253095511.py(49): 	d = [INF for _ in range(H*W)]
s253095511.py(49): 	d = [INF for _ in range(H*W)]
s253095511.py(49): 	d = [INF for _ in range(H*W)]
s253095511.py(49): 	d = [INF for _ in range(H*W)]
s253095511.py(50): 	Q = deque()
s253095511.py(51): 	Q.append(s)
s253095511.py(52): 	d[s] = 0
s253095511.py(53): 	while len(Q) > 0:
s253095511.py(54): 		u = Q.popleft()
s253095511.py(55): 		for e in G[u]:
s253095511.py(56): 			if d[e.t] == INF:
s253095511.py(57): 				d[e.t] = d[u] + e.w
s253095511.py(58): 				Q.append(e.t)
s253095511.py(55): 		for e in G[u]:
s253095511.py(56): 			if d[e.t] == INF:
s253095511.py(57): 				d[e.t] = d[u] + e.w
s253095511.py(58): 				Q.append(e.t)
s253095511.py(55): 		for e in G[u]:
s253095511.py(56): 			if d[e.t] == INF:
s253095511.py(55): 		for e in G[u]:
s253095511.py(56): 			if d[e.t] == INF:
s253095511.py(55): 		for e in G[u]:
s253095511.py(53): 	while len(Q) > 0:
s253095511.py(54): 		u = Q.popleft()
s253095511.py(55): 		for e in G[u]:
s253095511.py(56): 			if d[e.t] == INF:
s253095511.py(55): 		for e in G[u]:
s253095511.py(56): 			if d[e.t] == INF:
s253095511.py(55): 		for e in G[u]:
s253095511.py(56): 			if d[e.t] == INF:
s253095511.py(57): 				d[e.t] = d[u] + e.w
s253095511.py(58): 				Q.append(e.t)
s253095511.py(55): 		for e in G[u]:
s253095511.py(56): 			if d[e.t] == INF:
s253095511.py(57): 				d[e.t] = d[u] + e.w
s253095511.py(58): 				Q.append(e.t)
s253095511.py(55): 		for e in G[u]:
s253095511.py(56): 			if d[e.t] == INF:
s253095511.py(55): 		for e in G[u]:
s253095511.py(56): 			if d[e.t] == INF:
s253095511.py(55): 		for e in G[u]:
s253095511.py(53): 	while len(Q) > 0:
s253095511.py(54): 		u = Q.popleft()
s253095511.py(55): 		for e in G[u]:
s253095511.py(56): 			if d[e.t] == INF:
s253095511.py(55): 		for e in G[u]:
s253095511.py(56): 			if d[e.t] == INF:
s253095511.py(55): 		for e in G[u]:
s253095511.py(56): 			if d[e.t] == INF:
s253095511.py(55): 		for e in G[u]:
s253095511.py(56): 			if d[e.t] == INF:
s253095511.py(57): 				d[e.t] = d[u] + e.w
s253095511.py(58): 				Q.append(e.t)
s253095511.py(55): 		for e in G[u]:
s253095511.py(56): 			if d[e.t] == INF:
s253095511.py(55): 		for e in G[u]:
s253095511.py(56): 			if d[e.t] == INF:
s253095511.py(55): 		for e in G[u]:
s253095511.py(53): 	while len(Q) > 0:
s253095511.py(54): 		u = Q.popleft()
s253095511.py(55): 		for e in G[u]:
s253095511.py(56): 			if d[e.t] == INF:
s253095511.py(55): 		for e in G[u]:
s253095511.py(56): 			if d[e.t] == INF:
s253095511.py(55): 		for e in G[u]:
s253095511.py(56): 			if d[e.t] == INF:
s253095511.py(57): 				d[e.t] = d[u] + e.w
s253095511.py(58): 				Q.append(e.t)
s253095511.py(55): 		for e in G[u]:
s253095511.py(56): 			if d[e.t] == INF:
s253095511.py(55): 		for e in G[u]:
s253095511.py(53): 	while len(Q) > 0:
s253095511.py(54): 		u = Q.popleft()
s253095511.py(55): 		for e in G[u]:
s253095511.py(56): 			if d[e.t] == INF:
s253095511.py(55): 		for e in G[u]:
s253095511.py(56): 			if d[e.t] == INF:
s253095511.py(55): 		for e in G[u]:
s253095511.py(56): 			if d[e.t] == INF:
s253095511.py(55): 		for e in G[u]:
s253095511.py(56): 			if d[e.t] == INF:
s253095511.py(55): 		for e in G[u]:
s253095511.py(56): 			if d[e.t] == INF:
s253095511.py(55): 		for e in G[u]:
s253095511.py(56): 			if d[e.t] == INF:
s253095511.py(57): 				d[e.t] = d[u] + e.w
s253095511.py(58): 				Q.append(e.t)
s253095511.py(55): 		for e in G[u]:
s253095511.py(56): 			if d[e.t] == INF:
s253095511.py(55): 		for e in G[u]:
s253095511.py(56): 			if d[e.t] == INF:
s253095511.py(55): 		for e in G[u]:
s253095511.py(53): 	while len(Q) > 0:
s253095511.py(54): 		u = Q.popleft()
s253095511.py(55): 		for e in G[u]:
s253095511.py(56): 			if d[e.t] == INF:
s253095511.py(55): 		for e in G[u]:
s253095511.py(56): 			if d[e.t] == INF:
s253095511.py(55): 		for e in G[u]:
s253095511.py(56): 			if d[e.t] == INF:
s253095511.py(55): 		for e in G[u]:
s253095511.py(56): 			if d[e.t] == INF:
s253095511.py(55): 		for e in G[u]:
s253095511.py(53): 	while len(Q) > 0:
s253095511.py(54): 		u = Q.popleft()
s253095511.py(55): 		for e in G[u]:
s253095511.py(56): 			if d[e.t] == INF:
s253095511.py(55): 		for e in G[u]:
s253095511.py(56): 			if d[e.t] == INF:
s253095511.py(55): 		for e in G[u]:
s253095511.py(56): 			if d[e.t] == INF:
s253095511.py(55): 		for e in G[u]:
s253095511.py(56): 			if d[e.t] == INF:
s253095511.py(55): 		for e in G[u]:
s253095511.py(56): 			if d[e.t] == INF:
s253095511.py(57): 				d[e.t] = d[u] + e.w
s253095511.py(58): 				Q.append(e.t)
s253095511.py(55): 		for e in G[u]:
s253095511.py(56): 			if d[e.t] == INF:
s253095511.py(55): 		for e in G[u]:
s253095511.py(53): 	while len(Q) > 0:
s253095511.py(54): 		u = Q.popleft()
s253095511.py(55): 		for e in G[u]:
s253095511.py(56): 			if d[e.t] == INF:
s253095511.py(55): 		for e in G[u]:
s253095511.py(56): 			if d[e.t] == INF:
s253095511.py(55): 		for e in G[u]:
s253095511.py(56): 			if d[e.t] == INF:
s253095511.py(55): 		for e in G[u]:
s253095511.py(56): 			if d[e.t] == INF:
s253095511.py(55): 		for e in G[u]:
s253095511.py(56): 			if d[e.t] == INF:
s253095511.py(55): 		for e in G[u]:
s253095511.py(56): 			if d[e.t] == INF:
s253095511.py(55): 		for e in G[u]:
s253095511.py(53): 	while len(Q) > 0:
s253095511.py(54): 		u = Q.popleft()
s253095511.py(55): 		for e in G[u]:
s253095511.py(56): 			if d[e.t] == INF:
s253095511.py(55): 		for e in G[u]:
s253095511.py(56): 			if d[e.t] == INF:
s253095511.py(55): 		for e in G[u]:
s253095511.py(56): 			if d[e.t] == INF:
s253095511.py(55): 		for e in G[u]:
s253095511.py(56): 			if d[e.t] == INF:
s253095511.py(55): 		for e in G[u]:
s253095511.py(53): 	while len(Q) > 0:
s253095511.py(59): 	return d
s253095511.py(72): 	maxv = 0
s253095511.py(73): 	for i in range(W*H):
s253095511.py(74): 		if d[i] == INF:
s253095511.py(76): 		maxv = max(maxv, d[i])
s253095511.py(73): 	for i in range(W*H):
s253095511.py(74): 		if d[i] == INF:
s253095511.py(76): 		maxv = max(maxv, d[i])
s253095511.py(73): 	for i in range(W*H):
s253095511.py(74): 		if d[i] == INF:
s253095511.py(76): 		maxv = max(maxv, d[i])
s253095511.py(73): 	for i in range(W*H):
s253095511.py(74): 		if d[i] == INF:
s253095511.py(76): 		maxv = max(maxv, d[i])
s253095511.py(73): 	for i in range(W*H):
s253095511.py(74): 		if d[i] == INF:
s253095511.py(76): 		maxv = max(maxv, d[i])
s253095511.py(73): 	for i in range(W*H):
s253095511.py(74): 		if d[i] == INF:
s253095511.py(76): 		maxv = max(maxv, d[i])
s253095511.py(73): 	for i in range(W*H):
s253095511.py(74): 		if d[i] == INF:
s253095511.py(76): 		maxv = max(maxv, d[i])
s253095511.py(73): 	for i in range(W*H):
s253095511.py(74): 		if d[i] == INF:
s253095511.py(76): 		maxv = max(maxv, d[i])
s253095511.py(73): 	for i in range(W*H):
s253095511.py(74): 		if d[i] == INF:
s253095511.py(76): 		maxv = max(maxv, d[i])
s253095511.py(73): 	for i in range(W*H):
s253095511.py(77): 	return maxv
s253095511.py(103): 				ans = max(ans, v)
s253095511.py(100): 		for j in range(W):
s253095511.py(101): 			if S[i][j] != 1:
s253095511.py(102): 				v = solve(i*W + j)
 --- modulename: s253095511, funcname: solve
s253095511.py(62): 	d = bfs(s)
 --- modulename: s253095511, funcname: bfs
s253095511.py(49): 	d = [INF for _ in range(H*W)]
 --- modulename: s253095511, funcname: <listcomp>
s253095511.py(49): 	d = [INF for _ in range(H*W)]
s253095511.py(49): 	d = [INF for _ in range(H*W)]
s253095511.py(49): 	d = [INF for _ in range(H*W)]
s253095511.py(49): 	d = [INF for _ in range(H*W)]
s253095511.py(49): 	d = [INF for _ in range(H*W)]
s253095511.py(49): 	d = [INF for _ in range(H*W)]
s253095511.py(49): 	d = [INF for _ in range(H*W)]
s253095511.py(49): 	d = [INF for _ in range(H*W)]
s253095511.py(49): 	d = [INF for _ in range(H*W)]
s253095511.py(49): 	d = [INF for _ in range(H*W)]
s253095511.py(50): 	Q = deque()
s253095511.py(51): 	Q.append(s)
s253095511.py(52): 	d[s] = 0
s253095511.py(53): 	while len(Q) > 0:
s253095511.py(54): 		u = Q.popleft()
s253095511.py(55): 		for e in G[u]:
s253095511.py(56): 			if d[e.t] == INF:
s253095511.py(57): 				d[e.t] = d[u] + e.w
s253095511.py(58): 				Q.append(e.t)
s253095511.py(55): 		for e in G[u]:
s253095511.py(56): 			if d[e.t] == INF:
s253095511.py(57): 				d[e.t] = d[u] + e.w
s253095511.py(58): 				Q.append(e.t)
s253095511.py(55): 		for e in G[u]:
s253095511.py(56): 			if d[e.t] == INF:
s253095511.py(55): 		for e in G[u]:
s253095511.py(56): 			if d[e.t] == INF:
s253095511.py(55): 		for e in G[u]:
s253095511.py(56): 			if d[e.t] == INF:
s253095511.py(57): 				d[e.t] = d[u] + e.w
s253095511.py(58): 				Q.append(e.t)
s253095511.py(55): 		for e in G[u]:
s253095511.py(56): 			if d[e.t] == INF:
s253095511.py(55): 		for e in G[u]:
s253095511.py(53): 	while len(Q) > 0:
s253095511.py(54): 		u = Q.popleft()
s253095511.py(55): 		for e in G[u]:
s253095511.py(56): 			if d[e.t] == INF:
s253095511.py(57): 				d[e.t] = d[u] + e.w
s253095511.py(58): 				Q.append(e.t)
s253095511.py(55): 		for e in G[u]:
s253095511.py(56): 			if d[e.t] == INF:
s253095511.py(55): 		for e in G[u]:
s253095511.py(56): 			if d[e.t] == INF:
s253095511.py(55): 		for e in G[u]:
s253095511.py(56): 			if d[e.t] == INF:
s253095511.py(55): 		for e in G[u]:
s253095511.py(53): 	while len(Q) > 0:
s253095511.py(54): 		u = Q.popleft()
s253095511.py(55): 		for e in G[u]:
s253095511.py(56): 			if d[e.t] == INF:
s253095511.py(55): 		for e in G[u]:
s253095511.py(56): 			if d[e.t] == INF:
s253095511.py(57): 				d[e.t] = d[u] + e.w
s253095511.py(58): 				Q.append(e.t)
s253095511.py(55): 		for e in G[u]:
s253095511.py(56): 			if d[e.t] == INF:
s253095511.py(55): 		for e in G[u]:
s253095511.py(56): 			if d[e.t] == INF:
s253095511.py(55): 		for e in G[u]:
s253095511.py(56): 			if d[e.t] == INF:
s253095511.py(55): 		for e in G[u]:
s253095511.py(56): 			if d[e.t] == INF:
s253095511.py(57): 				d[e.t] = d[u] + e.w
s253095511.py(58): 				Q.append(e.t)
s253095511.py(55): 		for e in G[u]:
s253095511.py(56): 			if d[e.t] == INF:
s253095511.py(55): 		for e in G[u]:
s253095511.py(56): 			if d[e.t] == INF:
s253095511.py(55): 		for e in G[u]:
s253095511.py(53): 	while len(Q) > 0:
s253095511.py(54): 		u = Q.popleft()
s253095511.py(55): 		for e in G[u]:
s253095511.py(56): 			if d[e.t] == INF:
s253095511.py(55): 		for e in G[u]:
s253095511.py(56): 			if d[e.t] == INF:
s253095511.py(55): 		for e in G[u]:
s253095511.py(56): 			if d[e.t] == INF:
s253095511.py(55): 		for e in G[u]:
s253095511.py(56): 			if d[e.t] == INF:
s253095511.py(55): 		for e in G[u]:
s253095511.py(53): 	while len(Q) > 0:
s253095511.py(54): 		u = Q.popleft()
s253095511.py(55): 		for e in G[u]:
s253095511.py(56): 			if d[e.t] == INF:
s253095511.py(57): 				d[e.t] = d[u] + e.w
s253095511.py(58): 				Q.append(e.t)
s253095511.py(55): 		for e in G[u]:
s253095511.py(56): 			if d[e.t] == INF:
s253095511.py(55): 		for e in G[u]:
s253095511.py(56): 			if d[e.t] == INF:
s253095511.py(55): 		for e in G[u]:
s253095511.py(56): 			if d[e.t] == INF:
s253095511.py(55): 		for e in G[u]:
s253095511.py(56): 			if d[e.t] == INF:
s253095511.py(55): 		for e in G[u]:
s253095511.py(56): 			if d[e.t] == INF:
s253095511.py(55): 		for e in G[u]:
s253095511.py(53): 	while len(Q) > 0:
s253095511.py(54): 		u = Q.popleft()
s253095511.py(55): 		for e in G[u]:
s253095511.py(56): 			if d[e.t] == INF:
s253095511.py(55): 		for e in G[u]:
s253095511.py(56): 			if d[e.t] == INF:
s253095511.py(55): 		for e in G[u]:
s253095511.py(56): 			if d[e.t] == INF:
s253095511.py(55): 		for e in G[u]:
s253095511.py(56): 			if d[e.t] == INF:
s253095511.py(57): 				d[e.t] = d[u] + e.w
s253095511.py(58): 				Q.append(e.t)
s253095511.py(55): 		for e in G[u]:
s253095511.py(56): 			if d[e.t] == INF:
s253095511.py(55): 		for e in G[u]:
s253095511.py(56): 			if d[e.t] == INF:
s253095511.py(55): 		for e in G[u]:
s253095511.py(53): 	while len(Q) > 0:
s253095511.py(54): 		u = Q.popleft()
s253095511.py(55): 		for e in G[u]:
s253095511.py(56): 			if d[e.t] == INF:
s253095511.py(55): 		for e in G[u]:
s253095511.py(56): 			if d[e.t] == INF:
s253095511.py(55): 		for e in G[u]:
s253095511.py(56): 			if d[e.t] == INF:
s253095511.py(55): 		for e in G[u]:
s253095511.py(56): 			if d[e.t] == INF:
s253095511.py(55): 		for e in G[u]:
s253095511.py(56): 			if d[e.t] == INF:
s253095511.py(55): 		for e in G[u]:
s253095511.py(56): 			if d[e.t] == INF:
s253095511.py(55): 		for e in G[u]:
s253095511.py(53): 	while len(Q) > 0:
s253095511.py(54): 		u = Q.popleft()
s253095511.py(55): 		for e in G[u]:
s253095511.py(56): 			if d[e.t] == INF:
s253095511.py(55): 		for e in G[u]:
s253095511.py(56): 			if d[e.t] == INF:
s253095511.py(55): 		for e in G[u]:
s253095511.py(56): 			if d[e.t] == INF:
s253095511.py(55): 		for e in G[u]:
s253095511.py(56): 			if d[e.t] == INF:
s253095511.py(55): 		for e in G[u]:
s253095511.py(53): 	while len(Q) > 0:
s253095511.py(54): 		u = Q.popleft()
s253095511.py(55): 		for e in G[u]:
s253095511.py(56): 			if d[e.t] == INF:
s253095511.py(55): 		for e in G[u]:
s253095511.py(56): 			if d[e.t] == INF:
s253095511.py(55): 		for e in G[u]:
s253095511.py(56): 			if d[e.t] == INF:
s253095511.py(55): 		for e in G[u]:
s253095511.py(56): 			if d[e.t] == INF:
s253095511.py(55): 		for e in G[u]:
s253095511.py(53): 	while len(Q) > 0:
s253095511.py(59): 	return d
s253095511.py(63): 	maxv = 0
s253095511.py(64): 	tgt = 0
s253095511.py(65): 	for i in range(W*H):
s253095511.py(66): 		if d[i] == INF:
s253095511.py(68): 		if maxv < d[i]:
s253095511.py(69): 			maxv = d[i]
s253095511.py(70): 			tgt = i
s253095511.py(65): 	for i in range(W*H):
s253095511.py(66): 		if d[i] == INF:
s253095511.py(68): 		if maxv < d[i]:
s253095511.py(65): 	for i in range(W*H):
s253095511.py(66): 		if d[i] == INF:
s253095511.py(68): 		if maxv < d[i]:
s253095511.py(65): 	for i in range(W*H):
s253095511.py(66): 		if d[i] == INF:
s253095511.py(68): 		if maxv < d[i]:
s253095511.py(65): 	for i in range(W*H):
s253095511.py(66): 		if d[i] == INF:
s253095511.py(68): 		if maxv < d[i]:
s253095511.py(65): 	for i in range(W*H):
s253095511.py(66): 		if d[i] == INF:
s253095511.py(68): 		if maxv < d[i]:
s253095511.py(65): 	for i in range(W*H):
s253095511.py(66): 		if d[i] == INF:
s253095511.py(68): 		if maxv < d[i]:
s253095511.py(65): 	for i in range(W*H):
s253095511.py(66): 		if d[i] == INF:
s253095511.py(68): 		if maxv < d[i]:
s253095511.py(65): 	for i in range(W*H):
s253095511.py(66): 		if d[i] == INF:
s253095511.py(68): 		if maxv < d[i]:
s253095511.py(65): 	for i in range(W*H):
s253095511.py(71): 	d = bfs(tgt)
 --- modulename: s253095511, funcname: bfs
s253095511.py(49): 	d = [INF for _ in range(H*W)]
 --- modulename: s253095511, funcname: <listcomp>
s253095511.py(49): 	d = [INF for _ in range(H*W)]
s253095511.py(49): 	d = [INF for _ in range(H*W)]
s253095511.py(49): 	d = [INF for _ in range(H*W)]
s253095511.py(49): 	d = [INF for _ in range(H*W)]
s253095511.py(49): 	d = [INF for _ in range(H*W)]
s253095511.py(49): 	d = [INF for _ in range(H*W)]
s253095511.py(49): 	d = [INF for _ in range(H*W)]
s253095511.py(49): 	d = [INF for _ in range(H*W)]
s253095511.py(49): 	d = [INF for _ in range(H*W)]
s253095511.py(49): 	d = [INF for _ in range(H*W)]
s253095511.py(50): 	Q = deque()
s253095511.py(51): 	Q.append(s)
s253095511.py(52): 	d[s] = 0
s253095511.py(53): 	while len(Q) > 0:
s253095511.py(54): 		u = Q.popleft()
s253095511.py(55): 		for e in G[u]:
s253095511.py(56): 			if d[e.t] == INF:
s253095511.py(57): 				d[e.t] = d[u] + e.w
s253095511.py(58): 				Q.append(e.t)
s253095511.py(55): 		for e in G[u]:
s253095511.py(56): 			if d[e.t] == INF:
s253095511.py(57): 				d[e.t] = d[u] + e.w
s253095511.py(58): 				Q.append(e.t)
s253095511.py(55): 		for e in G[u]:
s253095511.py(56): 			if d[e.t] == INF:
s253095511.py(55): 		for e in G[u]:
s253095511.py(56): 			if d[e.t] == INF:
s253095511.py(55): 		for e in G[u]:
s253095511.py(53): 	while len(Q) > 0:
s253095511.py(54): 		u = Q.popleft()
s253095511.py(55): 		for e in G[u]:
s253095511.py(56): 			if d[e.t] == INF:
s253095511.py(55): 		for e in G[u]:
s253095511.py(56): 			if d[e.t] == INF:
s253095511.py(55): 		for e in G[u]:
s253095511.py(56): 			if d[e.t] == INF:
s253095511.py(57): 				d[e.t] = d[u] + e.w
s253095511.py(58): 				Q.append(e.t)
s253095511.py(55): 		for e in G[u]:
s253095511.py(56): 			if d[e.t] == INF:
s253095511.py(57): 				d[e.t] = d[u] + e.w
s253095511.py(58): 				Q.append(e.t)
s253095511.py(55): 		for e in G[u]:
s253095511.py(56): 			if d[e.t] == INF:
s253095511.py(55): 		for e in G[u]:
s253095511.py(56): 			if d[e.t] == INF:
s253095511.py(55): 		for e in G[u]:
s253095511.py(53): 	while len(Q) > 0:
s253095511.py(54): 		u = Q.popleft()
s253095511.py(55): 		for e in G[u]:
s253095511.py(56): 			if d[e.t] == INF:
s253095511.py(55): 		for e in G[u]:
s253095511.py(56): 			if d[e.t] == INF:
s253095511.py(55): 		for e in G[u]:
s253095511.py(56): 			if d[e.t] == INF:
s253095511.py(55): 		for e in G[u]:
s253095511.py(56): 			if d[e.t] == INF:
s253095511.py(57): 				d[e.t] = d[u] + e.w
s253095511.py(58): 				Q.append(e.t)
s253095511.py(55): 		for e in G[u]:
s253095511.py(56): 			if d[e.t] == INF:
s253095511.py(55): 		for e in G[u]:
s253095511.py(56): 			if d[e.t] == INF:
s253095511.py(55): 		for e in G[u]:
s253095511.py(53): 	while len(Q) > 0:
s253095511.py(54): 		u = Q.popleft()
s253095511.py(55): 		for e in G[u]:
s253095511.py(56): 			if d[e.t] == INF:
s253095511.py(55): 		for e in G[u]:
s253095511.py(56): 			if d[e.t] == INF:
s253095511.py(55): 		for e in G[u]:
s253095511.py(56): 			if d[e.t] == INF:
s253095511.py(57): 				d[e.t] = d[u] + e.w
s253095511.py(58): 				Q.append(e.t)
s253095511.py(55): 		for e in G[u]:
s253095511.py(56): 			if d[e.t] == INF:
s253095511.py(55): 		for e in G[u]:
s253095511.py(53): 	while len(Q) > 0:
s253095511.py(54): 		u = Q.popleft()
s253095511.py(55): 		for e in G[u]:
s253095511.py(56): 			if d[e.t] == INF:
s253095511.py(55): 		for e in G[u]:
s253095511.py(56): 			if d[e.t] == INF:
s253095511.py(55): 		for e in G[u]:
s253095511.py(56): 			if d[e.t] == INF:
s253095511.py(55): 		for e in G[u]:
s253095511.py(56): 			if d[e.t] == INF:
s253095511.py(55): 		for e in G[u]:
s253095511.py(56): 			if d[e.t] == INF:
s253095511.py(55): 		for e in G[u]:
s253095511.py(56): 			if d[e.t] == INF:
s253095511.py(57): 				d[e.t] = d[u] + e.w
s253095511.py(58): 				Q.append(e.t)
s253095511.py(55): 		for e in G[u]:
s253095511.py(56): 			if d[e.t] == INF:
s253095511.py(55): 		for e in G[u]:
s253095511.py(56): 			if d[e.t] == INF:
s253095511.py(55): 		for e in G[u]:
s253095511.py(53): 	while len(Q) > 0:
s253095511.py(54): 		u = Q.popleft()
s253095511.py(55): 		for e in G[u]:
s253095511.py(56): 			if d[e.t] == INF:
s253095511.py(55): 		for e in G[u]:
s253095511.py(56): 			if d[e.t] == INF:
s253095511.py(55): 		for e in G[u]:
s253095511.py(56): 			if d[e.t] == INF:
s253095511.py(55): 		for e in G[u]:
s253095511.py(56): 			if d[e.t] == INF:
s253095511.py(55): 		for e in G[u]:
s253095511.py(53): 	while len(Q) > 0:
s253095511.py(54): 		u = Q.popleft()
s253095511.py(55): 		for e in G[u]:
s253095511.py(56): 			if d[e.t] == INF:
s253095511.py(55): 		for e in G[u]:
s253095511.py(56): 			if d[e.t] == INF:
s253095511.py(55): 		for e in G[u]:
s253095511.py(56): 			if d[e.t] == INF:
s253095511.py(55): 		for e in G[u]:
s253095511.py(56): 			if d[e.t] == INF:
s253095511.py(55): 		for e in G[u]:
s253095511.py(56): 			if d[e.t] == INF:
s253095511.py(57): 				d[e.t] = d[u] + e.w
s253095511.py(58): 				Q.append(e.t)
s253095511.py(55): 		for e in G[u]:
s253095511.py(56): 			if d[e.t] == INF:
s253095511.py(55): 		for e in G[u]:
s253095511.py(53): 	while len(Q) > 0:
s253095511.py(54): 		u = Q.popleft()
s253095511.py(55): 		for e in G[u]:
s253095511.py(56): 			if d[e.t] == INF:
s253095511.py(55): 		for e in G[u]:
s253095511.py(56): 			if d[e.t] == INF:
s253095511.py(55): 		for e in G[u]:
s253095511.py(56): 			if d[e.t] == INF:
s253095511.py(55): 		for e in G[u]:
s253095511.py(56): 			if d[e.t] == INF:
s253095511.py(55): 		for e in G[u]:
s253095511.py(56): 			if d[e.t] == INF:
s253095511.py(55): 		for e in G[u]:
s253095511.py(56): 			if d[e.t] == INF:
s253095511.py(55): 		for e in G[u]:
s253095511.py(53): 	while len(Q) > 0:
s253095511.py(54): 		u = Q.popleft()
s253095511.py(55): 		for e in G[u]:
s253095511.py(56): 			if d[e.t] == INF:
s253095511.py(55): 		for e in G[u]:
s253095511.py(56): 			if d[e.t] == INF:
s253095511.py(55): 		for e in G[u]:
s253095511.py(56): 			if d[e.t] == INF:
s253095511.py(55): 		for e in G[u]:
s253095511.py(56): 			if d[e.t] == INF:
s253095511.py(55): 		for e in G[u]:
s253095511.py(53): 	while len(Q) > 0:
s253095511.py(59): 	return d
s253095511.py(72): 	maxv = 0
s253095511.py(73): 	for i in range(W*H):
s253095511.py(74): 		if d[i] == INF:
s253095511.py(76): 		maxv = max(maxv, d[i])
s253095511.py(73): 	for i in range(W*H):
s253095511.py(74): 		if d[i] == INF:
s253095511.py(76): 		maxv = max(maxv, d[i])
s253095511.py(73): 	for i in range(W*H):
s253095511.py(74): 		if d[i] == INF:
s253095511.py(76): 		maxv = max(maxv, d[i])
s253095511.py(73): 	for i in range(W*H):
s253095511.py(74): 		if d[i] == INF:
s253095511.py(76): 		maxv = max(maxv, d[i])
s253095511.py(73): 	for i in range(W*H):
s253095511.py(74): 		if d[i] == INF:
s253095511.py(76): 		maxv = max(maxv, d[i])
s253095511.py(73): 	for i in range(W*H):
s253095511.py(74): 		if d[i] == INF:
s253095511.py(76): 		maxv = max(maxv, d[i])
s253095511.py(73): 	for i in range(W*H):
s253095511.py(74): 		if d[i] == INF:
s253095511.py(76): 		maxv = max(maxv, d[i])
s253095511.py(73): 	for i in range(W*H):
s253095511.py(74): 		if d[i] == INF:
s253095511.py(76): 		maxv = max(maxv, d[i])
s253095511.py(73): 	for i in range(W*H):
s253095511.py(74): 		if d[i] == INF:
s253095511.py(76): 		maxv = max(maxv, d[i])
s253095511.py(73): 	for i in range(W*H):
s253095511.py(77): 	return maxv
s253095511.py(103): 				ans = max(ans, v)
s253095511.py(100): 		for j in range(W):
s253095511.py(99): 	for i in range(H):
s253095511.py(100): 		for j in range(W):
s253095511.py(101): 			if S[i][j] != 1:
s253095511.py(102): 				v = solve(i*W + j)
 --- modulename: s253095511, funcname: solve
s253095511.py(62): 	d = bfs(s)
 --- modulename: s253095511, funcname: bfs
s253095511.py(49): 	d = [INF for _ in range(H*W)]
 --- modulename: s253095511, funcname: <listcomp>
s253095511.py(49): 	d = [INF for _ in range(H*W)]
s253095511.py(49): 	d = [INF for _ in range(H*W)]
s253095511.py(49): 	d = [INF for _ in range(H*W)]
s253095511.py(49): 	d = [INF for _ in range(H*W)]
s253095511.py(49): 	d = [INF for _ in range(H*W)]
s253095511.py(49): 	d = [INF for _ in range(H*W)]
s253095511.py(49): 	d = [INF for _ in range(H*W)]
s253095511.py(49): 	d = [INF for _ in range(H*W)]
s253095511.py(49): 	d = [INF for _ in range(H*W)]
s253095511.py(49): 	d = [INF for _ in range(H*W)]
s253095511.py(50): 	Q = deque()
s253095511.py(51): 	Q.append(s)
s253095511.py(52): 	d[s] = 0
s253095511.py(53): 	while len(Q) > 0:
s253095511.py(54): 		u = Q.popleft()
s253095511.py(55): 		for e in G[u]:
s253095511.py(56): 			if d[e.t] == INF:
s253095511.py(57): 				d[e.t] = d[u] + e.w
s253095511.py(58): 				Q.append(e.t)
s253095511.py(55): 		for e in G[u]:
s253095511.py(56): 			if d[e.t] == INF:
s253095511.py(55): 		for e in G[u]:
s253095511.py(56): 			if d[e.t] == INF:
s253095511.py(57): 				d[e.t] = d[u] + e.w
s253095511.py(58): 				Q.append(e.t)
s253095511.py(55): 		for e in G[u]:
s253095511.py(56): 			if d[e.t] == INF:
s253095511.py(55): 		for e in G[u]:
s253095511.py(53): 	while len(Q) > 0:
s253095511.py(54): 		u = Q.popleft()
s253095511.py(55): 		for e in G[u]:
s253095511.py(56): 			if d[e.t] == INF:
s253095511.py(57): 				d[e.t] = d[u] + e.w
s253095511.py(58): 				Q.append(e.t)
s253095511.py(55): 		for e in G[u]:
s253095511.py(56): 			if d[e.t] == INF:
s253095511.py(55): 		for e in G[u]:
s253095511.py(56): 			if d[e.t] == INF:
s253095511.py(57): 				d[e.t] = d[u] + e.w
s253095511.py(58): 				Q.append(e.t)
s253095511.py(55): 		for e in G[u]:
s253095511.py(56): 			if d[e.t] == INF:
s253095511.py(55): 		for e in G[u]:
s253095511.py(56): 			if d[e.t] == INF:
s253095511.py(55): 		for e in G[u]:
s253095511.py(56): 			if d[e.t] == INF:
s253095511.py(55): 		for e in G[u]:
s253095511.py(53): 	while len(Q) > 0:
s253095511.py(54): 		u = Q.popleft()
s253095511.py(55): 		for e in G[u]:
s253095511.py(56): 			if d[e.t] == INF:
s253095511.py(55): 		for e in G[u]:
s253095511.py(56): 			if d[e.t] == INF:
s253095511.py(55): 		for e in G[u]:
s253095511.py(56): 			if d[e.t] == INF:
s253095511.py(55): 		for e in G[u]:
s253095511.py(56): 			if d[e.t] == INF:
s253095511.py(55): 		for e in G[u]:
s253095511.py(56): 			if d[e.t] == INF:
s253095511.py(57): 				d[e.t] = d[u] + e.w
s253095511.py(58): 				Q.append(e.t)
s253095511.py(55): 		for e in G[u]:
s253095511.py(56): 			if d[e.t] == INF:
s253095511.py(55): 		for e in G[u]:
s253095511.py(53): 	while len(Q) > 0:
s253095511.py(54): 		u = Q.popleft()
s253095511.py(55): 		for e in G[u]:
s253095511.py(56): 			if d[e.t] == INF:
s253095511.py(57): 				d[e.t] = d[u] + e.w
s253095511.py(58): 				Q.append(e.t)
s253095511.py(55): 		for e in G[u]:
s253095511.py(56): 			if d[e.t] == INF:
s253095511.py(55): 		for e in G[u]:
s253095511.py(56): 			if d[e.t] == INF:
s253095511.py(55): 		for e in G[u]:
s253095511.py(56): 			if d[e.t] == INF:
s253095511.py(55): 		for e in G[u]:
s253095511.py(53): 	while len(Q) > 0:
s253095511.py(54): 		u = Q.popleft()
s253095511.py(55): 		for e in G[u]:
s253095511.py(56): 			if d[e.t] == INF:
s253095511.py(55): 		for e in G[u]:
s253095511.py(56): 			if d[e.t] == INF:
s253095511.py(55): 		for e in G[u]:
s253095511.py(56): 			if d[e.t] == INF:
s253095511.py(55): 		for e in G[u]:
s253095511.py(56): 			if d[e.t] == INF:
s253095511.py(55): 		for e in G[u]:
s253095511.py(56): 			if d[e.t] == INF:
s253095511.py(57): 				d[e.t] = d[u] + e.w
s253095511.py(58): 				Q.append(e.t)
s253095511.py(55): 		for e in G[u]:
s253095511.py(56): 			if d[e.t] == INF:
s253095511.py(55): 		for e in G[u]:
s253095511.py(56): 			if d[e.t] == INF:
s253095511.py(55): 		for e in G[u]:
s253095511.py(56): 			if d[e.t] == INF:
s253095511.py(55): 		for e in G[u]:
s253095511.py(53): 	while len(Q) > 0:
s253095511.py(54): 		u = Q.popleft()
s253095511.py(55): 		for e in G[u]:
s253095511.py(56): 			if d[e.t] == INF:
s253095511.py(55): 		for e in G[u]:
s253095511.py(56): 			if d[e.t] == INF:
s253095511.py(55): 		for e in G[u]:
s253095511.py(56): 			if d[e.t] == INF:
s253095511.py(55): 		for e in G[u]:
s253095511.py(56): 			if d[e.t] == INF:
s253095511.py(55): 		for e in G[u]:
s253095511.py(53): 	while len(Q) > 0:
s253095511.py(54): 		u = Q.popleft()
s253095511.py(55): 		for e in G[u]:
s253095511.py(56): 			if d[e.t] == INF:
s253095511.py(55): 		for e in G[u]:
s253095511.py(56): 			if d[e.t] == INF:
s253095511.py(55): 		for e in G[u]:
s253095511.py(56): 			if d[e.t] == INF:
s253095511.py(57): 				d[e.t] = d[u] + e.w
s253095511.py(58): 				Q.append(e.t)
s253095511.py(55): 		for e in G[u]:
s253095511.py(56): 			if d[e.t] == INF:
s253095511.py(55): 		for e in G[u]:
s253095511.py(56): 			if d[e.t] == INF:
s253095511.py(55): 		for e in G[u]:
s253095511.py(56): 			if d[e.t] == INF:
s253095511.py(55): 		for e in G[u]:
s253095511.py(53): 	while len(Q) > 0:
s253095511.py(54): 		u = Q.popleft()
s253095511.py(55): 		for e in G[u]:
s253095511.py(56): 			if d[e.t] == INF:
s253095511.py(55): 		for e in G[u]:
s253095511.py(56): 			if d[e.t] == INF:
s253095511.py(55): 		for e in G[u]:
s253095511.py(56): 			if d[e.t] == INF:
s253095511.py(55): 		for e in G[u]:
s253095511.py(56): 			if d[e.t] == INF:
s253095511.py(55): 		for e in G[u]:
s253095511.py(56): 			if d[e.t] == INF:
s253095511.py(55): 		for e in G[u]:
s253095511.py(56): 			if d[e.t] == INF:
s253095511.py(55): 		for e in G[u]:
s253095511.py(53): 	while len(Q) > 0:
s253095511.py(54): 		u = Q.popleft()
s253095511.py(55): 		for e in G[u]:
s253095511.py(56): 			if d[e.t] == INF:
s253095511.py(55): 		for e in G[u]:
s253095511.py(56): 			if d[e.t] == INF:
s253095511.py(55): 		for e in G[u]:
s253095511.py(56): 			if d[e.t] == INF:
s253095511.py(55): 		for e in G[u]:
s253095511.py(56): 			if d[e.t] == INF:
s253095511.py(55): 		for e in G[u]:
s253095511.py(53): 	while len(Q) > 0:
s253095511.py(59): 	return d
s253095511.py(63): 	maxv = 0
s253095511.py(64): 	tgt = 0
s253095511.py(65): 	for i in range(W*H):
s253095511.py(66): 		if d[i] == INF:
s253095511.py(68): 		if maxv < d[i]:
s253095511.py(69): 			maxv = d[i]
s253095511.py(70): 			tgt = i
s253095511.py(65): 	for i in range(W*H):
s253095511.py(66): 		if d[i] == INF:
s253095511.py(68): 		if maxv < d[i]:
s253095511.py(69): 			maxv = d[i]
s253095511.py(70): 			tgt = i
s253095511.py(65): 	for i in range(W*H):
s253095511.py(66): 		if d[i] == INF:
s253095511.py(68): 		if maxv < d[i]:
s253095511.py(69): 			maxv = d[i]
s253095511.py(70): 			tgt = i
s253095511.py(65): 	for i in range(W*H):
s253095511.py(66): 		if d[i] == INF:
s253095511.py(68): 		if maxv < d[i]:
s253095511.py(65): 	for i in range(W*H):
s253095511.py(66): 		if d[i] == INF:
s253095511.py(68): 		if maxv < d[i]:
s253095511.py(65): 	for i in range(W*H):
s253095511.py(66): 		if d[i] == INF:
s253095511.py(68): 		if maxv < d[i]:
s253095511.py(65): 	for i in range(W*H):
s253095511.py(66): 		if d[i] == INF:
s253095511.py(68): 		if maxv < d[i]:
s253095511.py(65): 	for i in range(W*H):
s253095511.py(66): 		if d[i] == INF:
s253095511.py(68): 		if maxv < d[i]:
s253095511.py(65): 	for i in range(W*H):
s253095511.py(66): 		if d[i] == INF:
s253095511.py(68): 		if maxv < d[i]:
s253095511.py(65): 	for i in range(W*H):
s253095511.py(71): 	d = bfs(tgt)
 --- modulename: s253095511, funcname: bfs
s253095511.py(49): 	d = [INF for _ in range(H*W)]
 --- modulename: s253095511, funcname: <listcomp>
s253095511.py(49): 	d = [INF for _ in range(H*W)]
s253095511.py(49): 	d = [INF for _ in range(H*W)]
s253095511.py(49): 	d = [INF for _ in range(H*W)]
s253095511.py(49): 	d = [INF for _ in range(H*W)]
s253095511.py(49): 	d = [INF for _ in range(H*W)]
s253095511.py(49): 	d = [INF for _ in range(H*W)]
s253095511.py(49): 	d = [INF for _ in range(H*W)]
s253095511.py(49): 	d = [INF for _ in range(H*W)]
s253095511.py(49): 	d = [INF for _ in range(H*W)]
s253095511.py(49): 	d = [INF for _ in range(H*W)]
s253095511.py(50): 	Q = deque()
s253095511.py(51): 	Q.append(s)
s253095511.py(52): 	d[s] = 0
s253095511.py(53): 	while len(Q) > 0:
s253095511.py(54): 		u = Q.popleft()
s253095511.py(55): 		for e in G[u]:
s253095511.py(56): 			if d[e.t] == INF:
s253095511.py(57): 				d[e.t] = d[u] + e.w
s253095511.py(58): 				Q.append(e.t)
s253095511.py(55): 		for e in G[u]:
s253095511.py(56): 			if d[e.t] == INF:
s253095511.py(55): 		for e in G[u]:
s253095511.py(56): 			if d[e.t] == INF:
s253095511.py(57): 				d[e.t] = d[u] + e.w
s253095511.py(58): 				Q.append(e.t)
s253095511.py(55): 		for e in G[u]:
s253095511.py(56): 			if d[e.t] == INF:
s253095511.py(55): 		for e in G[u]:
s253095511.py(53): 	while len(Q) > 0:
s253095511.py(54): 		u = Q.popleft()
s253095511.py(55): 		for e in G[u]:
s253095511.py(56): 			if d[e.t] == INF:
s253095511.py(57): 				d[e.t] = d[u] + e.w
s253095511.py(58): 				Q.append(e.t)
s253095511.py(55): 		for e in G[u]:
s253095511.py(56): 			if d[e.t] == INF:
s253095511.py(55): 		for e in G[u]:
s253095511.py(56): 			if d[e.t] == INF:
s253095511.py(55): 		for e in G[u]:
s253095511.py(56): 			if d[e.t] == INF:
s253095511.py(57): 				d[e.t] = d[u] + e.w
s253095511.py(58): 				Q.append(e.t)
s253095511.py(55): 		for e in G[u]:
s253095511.py(56): 			if d[e.t] == INF:
s253095511.py(55): 		for e in G[u]:
s253095511.py(56): 			if d[e.t] == INF:
s253095511.py(55): 		for e in G[u]:
s253095511.py(53): 	while len(Q) > 0:
s253095511.py(54): 		u = Q.popleft()
s253095511.py(55): 		for e in G[u]:
s253095511.py(56): 			if d[e.t] == INF:
s253095511.py(55): 		for e in G[u]:
s253095511.py(56): 			if d[e.t] == INF:
s253095511.py(55): 		for e in G[u]:
s253095511.py(56): 			if d[e.t] == INF:
s253095511.py(55): 		for e in G[u]:
s253095511.py(56): 			if d[e.t] == INF:
s253095511.py(55): 		for e in G[u]:
s253095511.py(56): 			if d[e.t] == INF:
s253095511.py(57): 				d[e.t] = d[u] + e.w
s253095511.py(58): 				Q.append(e.t)
s253095511.py(55): 		for e in G[u]:
s253095511.py(56): 			if d[e.t] == INF:
s253095511.py(55): 		for e in G[u]:
s253095511.py(53): 	while len(Q) > 0:
s253095511.py(54): 		u = Q.popleft()
s253095511.py(55): 		for e in G[u]:
s253095511.py(56): 			if d[e.t] == INF:
s253095511.py(55): 		for e in G[u]:
s253095511.py(56): 			if d[e.t] == INF:
s253095511.py(57): 				d[e.t] = d[u] + e.w
s253095511.py(58): 				Q.append(e.t)
s253095511.py(55): 		for e in G[u]:
s253095511.py(56): 			if d[e.t] == INF:
s253095511.py(55): 		for e in G[u]:
s253095511.py(56): 			if d[e.t] == INF:
s253095511.py(55): 		for e in G[u]:
s253095511.py(53): 	while len(Q) > 0:
s253095511.py(54): 		u = Q.popleft()
s253095511.py(55): 		for e in G[u]:
s253095511.py(56): 			if d[e.t] == INF:
s253095511.py(55): 		for e in G[u]:
s253095511.py(56): 			if d[e.t] == INF:
s253095511.py(55): 		for e in G[u]:
s253095511.py(56): 			if d[e.t] == INF:
s253095511.py(55): 		for e in G[u]:
s253095511.py(56): 			if d[e.t] == INF:
s253095511.py(55): 		for e in G[u]:
s253095511.py(56): 			if d[e.t] == INF:
s253095511.py(55): 		for e in G[u]:
s253095511.py(56): 			if d[e.t] == INF:
s253095511.py(57): 				d[e.t] = d[u] + e.w
s253095511.py(58): 				Q.append(e.t)
s253095511.py(55): 		for e in G[u]:
s253095511.py(56): 			if d[e.t] == INF:
s253095511.py(55): 		for e in G[u]:
s253095511.py(56): 			if d[e.t] == INF:
s253095511.py(55): 		for e in G[u]:
s253095511.py(53): 	while len(Q) > 0:
s253095511.py(54): 		u = Q.popleft()
s253095511.py(55): 		for e in G[u]:
s253095511.py(56): 			if d[e.t] == INF:
s253095511.py(55): 		for e in G[u]:
s253095511.py(56): 			if d[e.t] == INF:
s253095511.py(55): 		for e in G[u]:
s253095511.py(56): 			if d[e.t] == INF:
s253095511.py(55): 		for e in G[u]:
s253095511.py(56): 			if d[e.t] == INF:
s253095511.py(55): 		for e in G[u]:
s253095511.py(53): 	while len(Q) > 0:
s253095511.py(54): 		u = Q.popleft()
s253095511.py(55): 		for e in G[u]:
s253095511.py(56): 			if d[e.t] == INF:
s253095511.py(55): 		for e in G[u]:
s253095511.py(56): 			if d[e.t] == INF:
s253095511.py(55): 		for e in G[u]:
s253095511.py(56): 			if d[e.t] == INF:
s253095511.py(55): 		for e in G[u]:
s253095511.py(56): 			if d[e.t] == INF:
s253095511.py(57): 				d[e.t] = d[u] + e.w
s253095511.py(58): 				Q.append(e.t)
s253095511.py(55): 		for e in G[u]:
s253095511.py(56): 			if d[e.t] == INF:
s253095511.py(55): 		for e in G[u]:
s253095511.py(56): 			if d[e.t] == INF:
s253095511.py(55): 		for e in G[u]:
s253095511.py(53): 	while len(Q) > 0:
s253095511.py(54): 		u = Q.popleft()
s253095511.py(55): 		for e in G[u]:
s253095511.py(56): 			if d[e.t] == INF:
s253095511.py(55): 		for e in G[u]:
s253095511.py(56): 			if d[e.t] == INF:
s253095511.py(55): 		for e in G[u]:
s253095511.py(56): 			if d[e.t] == INF:
s253095511.py(55): 		for e in G[u]:
s253095511.py(56): 			if d[e.t] == INF:
s253095511.py(55): 		for e in G[u]:
s253095511.py(56): 			if d[e.t] == INF:
s253095511.py(55): 		for e in G[u]:
s253095511.py(56): 			if d[e.t] == INF:
s253095511.py(55): 		for e in G[u]:
s253095511.py(53): 	while len(Q) > 0:
s253095511.py(54): 		u = Q.popleft()
s253095511.py(55): 		for e in G[u]:
s253095511.py(56): 			if d[e.t] == INF:
s253095511.py(55): 		for e in G[u]:
s253095511.py(56): 			if d[e.t] == INF:
s253095511.py(55): 		for e in G[u]:
s253095511.py(56): 			if d[e.t] == INF:
s253095511.py(55): 		for e in G[u]:
s253095511.py(56): 			if d[e.t] == INF:
s253095511.py(55): 		for e in G[u]:
s253095511.py(53): 	while len(Q) > 0:
s253095511.py(59): 	return d
s253095511.py(72): 	maxv = 0
s253095511.py(73): 	for i in range(W*H):
s253095511.py(74): 		if d[i] == INF:
s253095511.py(76): 		maxv = max(maxv, d[i])
s253095511.py(73): 	for i in range(W*H):
s253095511.py(74): 		if d[i] == INF:
s253095511.py(76): 		maxv = max(maxv, d[i])
s253095511.py(73): 	for i in range(W*H):
s253095511.py(74): 		if d[i] == INF:
s253095511.py(76): 		maxv = max(maxv, d[i])
s253095511.py(73): 	for i in range(W*H):
s253095511.py(74): 		if d[i] == INF:
s253095511.py(76): 		maxv = max(maxv, d[i])
s253095511.py(73): 	for i in range(W*H):
s253095511.py(74): 		if d[i] == INF:
s253095511.py(76): 		maxv = max(maxv, d[i])
s253095511.py(73): 	for i in range(W*H):
s253095511.py(74): 		if d[i] == INF:
s253095511.py(76): 		maxv = max(maxv, d[i])
s253095511.py(73): 	for i in range(W*H):
s253095511.py(74): 		if d[i] == INF:
s253095511.py(76): 		maxv = max(maxv, d[i])
s253095511.py(73): 	for i in range(W*H):
s253095511.py(74): 		if d[i] == INF:
s253095511.py(76): 		maxv = max(maxv, d[i])
s253095511.py(73): 	for i in range(W*H):
s253095511.py(74): 		if d[i] == INF:
s253095511.py(76): 		maxv = max(maxv, d[i])
s253095511.py(73): 	for i in range(W*H):
s253095511.py(77): 	return maxv
s253095511.py(103): 				ans = max(ans, v)
s253095511.py(100): 		for j in range(W):
s253095511.py(101): 			if S[i][j] != 1:
s253095511.py(102): 				v = solve(i*W + j)
 --- modulename: s253095511, funcname: solve
s253095511.py(62): 	d = bfs(s)
 --- modulename: s253095511, funcname: bfs
s253095511.py(49): 	d = [INF for _ in range(H*W)]
 --- modulename: s253095511, funcname: <listcomp>
s253095511.py(49): 	d = [INF for _ in range(H*W)]
s253095511.py(49): 	d = [INF for _ in range(H*W)]
s253095511.py(49): 	d = [INF for _ in range(H*W)]
s253095511.py(49): 	d = [INF for _ in range(H*W)]
s253095511.py(49): 	d = [INF for _ in range(H*W)]
s253095511.py(49): 	d = [INF for _ in range(H*W)]
s253095511.py(49): 	d = [INF for _ in range(H*W)]
s253095511.py(49): 	d = [INF for _ in range(H*W)]
s253095511.py(49): 	d = [INF for _ in range(H*W)]
s253095511.py(49): 	d = [INF for _ in range(H*W)]
s253095511.py(50): 	Q = deque()
s253095511.py(51): 	Q.append(s)
s253095511.py(52): 	d[s] = 0
s253095511.py(53): 	while len(Q) > 0:
s253095511.py(54): 		u = Q.popleft()
s253095511.py(55): 		for e in G[u]:
s253095511.py(56): 			if d[e.t] == INF:
s253095511.py(57): 				d[e.t] = d[u] + e.w
s253095511.py(58): 				Q.append(e.t)
s253095511.py(55): 		for e in G[u]:
s253095511.py(56): 			if d[e.t] == INF:
s253095511.py(57): 				d[e.t] = d[u] + e.w
s253095511.py(58): 				Q.append(e.t)
s253095511.py(55): 		for e in G[u]:
s253095511.py(56): 			if d[e.t] == INF:
s253095511.py(55): 		for e in G[u]:
s253095511.py(56): 			if d[e.t] == INF:
s253095511.py(55): 		for e in G[u]:
s253095511.py(56): 			if d[e.t] == INF:
s253095511.py(57): 				d[e.t] = d[u] + e.w
s253095511.py(58): 				Q.append(e.t)
s253095511.py(55): 		for e in G[u]:
s253095511.py(56): 			if d[e.t] == INF:
s253095511.py(55): 		for e in G[u]:
s253095511.py(53): 	while len(Q) > 0:
s253095511.py(54): 		u = Q.popleft()
s253095511.py(55): 		for e in G[u]:
s253095511.py(56): 			if d[e.t] == INF:
s253095511.py(57): 				d[e.t] = d[u] + e.w
s253095511.py(58): 				Q.append(e.t)
s253095511.py(55): 		for e in G[u]:
s253095511.py(56): 			if d[e.t] == INF:
s253095511.py(57): 				d[e.t] = d[u] + e.w
s253095511.py(58): 				Q.append(e.t)
s253095511.py(55): 		for e in G[u]:
s253095511.py(56): 			if d[e.t] == INF:
s253095511.py(55): 		for e in G[u]:
s253095511.py(56): 			if d[e.t] == INF:
s253095511.py(55): 		for e in G[u]:
s253095511.py(56): 			if d[e.t] == INF:
s253095511.py(57): 				d[e.t] = d[u] + e.w
s253095511.py(58): 				Q.append(e.t)
s253095511.py(55): 		for e in G[u]:
s253095511.py(56): 			if d[e.t] == INF:
s253095511.py(55): 		for e in G[u]:
s253095511.py(56): 			if d[e.t] == INF:
s253095511.py(55): 		for e in G[u]:
s253095511.py(56): 			if d[e.t] == INF:
s253095511.py(55): 		for e in G[u]:
s253095511.py(53): 	while len(Q) > 0:
s253095511.py(54): 		u = Q.popleft()
s253095511.py(55): 		for e in G[u]:
s253095511.py(56): 			if d[e.t] == INF:
s253095511.py(55): 		for e in G[u]:
s253095511.py(56): 			if d[e.t] == INF:
s253095511.py(55): 		for e in G[u]:
s253095511.py(56): 			if d[e.t] == INF:
s253095511.py(55): 		for e in G[u]:
s253095511.py(56): 			if d[e.t] == INF:
s253095511.py(55): 		for e in G[u]:
s253095511.py(53): 	while len(Q) > 0:
s253095511.py(54): 		u = Q.popleft()
s253095511.py(55): 		for e in G[u]:
s253095511.py(56): 			if d[e.t] == INF:
s253095511.py(55): 		for e in G[u]:
s253095511.py(56): 			if d[e.t] == INF:
s253095511.py(55): 		for e in G[u]:
s253095511.py(56): 			if d[e.t] == INF:
s253095511.py(55): 		for e in G[u]:
s253095511.py(56): 			if d[e.t] == INF:
s253095511.py(55): 		for e in G[u]:
s253095511.py(53): 	while len(Q) > 0:
s253095511.py(54): 		u = Q.popleft()
s253095511.py(55): 		for e in G[u]:
s253095511.py(56): 			if d[e.t] == INF:
s253095511.py(57): 				d[e.t] = d[u] + e.w
s253095511.py(58): 				Q.append(e.t)
s253095511.py(55): 		for e in G[u]:
s253095511.py(56): 			if d[e.t] == INF:
s253095511.py(55): 		for e in G[u]:
s253095511.py(56): 			if d[e.t] == INF:
s253095511.py(57): 				d[e.t] = d[u] + e.w
s253095511.py(58): 				Q.append(e.t)
s253095511.py(55): 		for e in G[u]:
s253095511.py(56): 			if d[e.t] == INF:
s253095511.py(55): 		for e in G[u]:
s253095511.py(56): 			if d[e.t] == INF:
s253095511.py(55): 		for e in G[u]:
s253095511.py(56): 			if d[e.t] == INF:
s253095511.py(55): 		for e in G[u]:
s253095511.py(53): 	while len(Q) > 0:
s253095511.py(54): 		u = Q.popleft()
s253095511.py(55): 		for e in G[u]:
s253095511.py(56): 			if d[e.t] == INF:
s253095511.py(55): 		for e in G[u]:
s253095511.py(56): 			if d[e.t] == INF:
s253095511.py(55): 		for e in G[u]:
s253095511.py(56): 			if d[e.t] == INF:
s253095511.py(55): 		for e in G[u]:
s253095511.py(56): 			if d[e.t] == INF:
s253095511.py(55): 		for e in G[u]:
s253095511.py(56): 			if d[e.t] == INF:
s253095511.py(55): 		for e in G[u]:
s253095511.py(56): 			if d[e.t] == INF:
s253095511.py(55): 		for e in G[u]:
s253095511.py(53): 	while len(Q) > 0:
s253095511.py(54): 		u = Q.popleft()
s253095511.py(55): 		for e in G[u]:
s253095511.py(56): 			if d[e.t] == INF:
s253095511.py(55): 		for e in G[u]:
s253095511.py(56): 			if d[e.t] == INF:
s253095511.py(55): 		for e in G[u]:
s253095511.py(56): 			if d[e.t] == INF:
s253095511.py(55): 		for e in G[u]:
s253095511.py(56): 			if d[e.t] == INF:
s253095511.py(55): 		for e in G[u]:
s253095511.py(56): 			if d[e.t] == INF:
s253095511.py(55): 		for e in G[u]:
s253095511.py(56): 			if d[e.t] == INF:
s253095511.py(55): 		for e in G[u]:
s253095511.py(53): 	while len(Q) > 0:
s253095511.py(54): 		u = Q.popleft()
s253095511.py(55): 		for e in G[u]:
s253095511.py(56): 			if d[e.t] == INF:
s253095511.py(55): 		for e in G[u]:
s253095511.py(56): 			if d[e.t] == INF:
s253095511.py(55): 		for e in G[u]:
s253095511.py(56): 			if d[e.t] == INF:
s253095511.py(55): 		for e in G[u]:
s253095511.py(56): 			if d[e.t] == INF:
s253095511.py(55): 		for e in G[u]:
s253095511.py(53): 	while len(Q) > 0:
s253095511.py(54): 		u = Q.popleft()
s253095511.py(55): 		for e in G[u]:
s253095511.py(56): 			if d[e.t] == INF:
s253095511.py(55): 		for e in G[u]:
s253095511.py(56): 			if d[e.t] == INF:
s253095511.py(55): 		for e in G[u]:
s253095511.py(56): 			if d[e.t] == INF:
s253095511.py(55): 		for e in G[u]:
s253095511.py(56): 			if d[e.t] == INF:
s253095511.py(55): 		for e in G[u]:
s253095511.py(53): 	while len(Q) > 0:
s253095511.py(59): 	return d
s253095511.py(63): 	maxv = 0
s253095511.py(64): 	tgt = 0
s253095511.py(65): 	for i in range(W*H):
s253095511.py(66): 		if d[i] == INF:
s253095511.py(68): 		if maxv < d[i]:
s253095511.py(69): 			maxv = d[i]
s253095511.py(70): 			tgt = i
s253095511.py(65): 	for i in range(W*H):
s253095511.py(66): 		if d[i] == INF:
s253095511.py(68): 		if maxv < d[i]:
s253095511.py(65): 	for i in range(W*H):
s253095511.py(66): 		if d[i] == INF:
s253095511.py(68): 		if maxv < d[i]:
s253095511.py(65): 	for i in range(W*H):
s253095511.py(66): 		if d[i] == INF:
s253095511.py(68): 		if maxv < d[i]:
s253095511.py(65): 	for i in range(W*H):
s253095511.py(66): 		if d[i] == INF:
s253095511.py(68): 		if maxv < d[i]:
s253095511.py(65): 	for i in range(W*H):
s253095511.py(66): 		if d[i] == INF:
s253095511.py(68): 		if maxv < d[i]:
s253095511.py(65): 	for i in range(W*H):
s253095511.py(66): 		if d[i] == INF:
s253095511.py(68): 		if maxv < d[i]:
s253095511.py(65): 	for i in range(W*H):
s253095511.py(66): 		if d[i] == INF:
s253095511.py(68): 		if maxv < d[i]:
s253095511.py(65): 	for i in range(W*H):
s253095511.py(66): 		if d[i] == INF:
s253095511.py(68): 		if maxv < d[i]:
s253095511.py(65): 	for i in range(W*H):
s253095511.py(71): 	d = bfs(tgt)
 --- modulename: s253095511, funcname: bfs
s253095511.py(49): 	d = [INF for _ in range(H*W)]
 --- modulename: s253095511, funcname: <listcomp>
s253095511.py(49): 	d = [INF for _ in range(H*W)]
s253095511.py(49): 	d = [INF for _ in range(H*W)]
s253095511.py(49): 	d = [INF for _ in range(H*W)]
s253095511.py(49): 	d = [INF for _ in range(H*W)]
s253095511.py(49): 	d = [INF for _ in range(H*W)]
s253095511.py(49): 	d = [INF for _ in range(H*W)]
s253095511.py(49): 	d = [INF for _ in range(H*W)]
s253095511.py(49): 	d = [INF for _ in range(H*W)]
s253095511.py(49): 	d = [INF for _ in range(H*W)]
s253095511.py(49): 	d = [INF for _ in range(H*W)]
s253095511.py(50): 	Q = deque()
s253095511.py(51): 	Q.append(s)
s253095511.py(52): 	d[s] = 0
s253095511.py(53): 	while len(Q) > 0:
s253095511.py(54): 		u = Q.popleft()
s253095511.py(55): 		for e in G[u]:
s253095511.py(56): 			if d[e.t] == INF:
s253095511.py(57): 				d[e.t] = d[u] + e.w
s253095511.py(58): 				Q.append(e.t)
s253095511.py(55): 		for e in G[u]:
s253095511.py(56): 			if d[e.t] == INF:
s253095511.py(57): 				d[e.t] = d[u] + e.w
s253095511.py(58): 				Q.append(e.t)
s253095511.py(55): 		for e in G[u]:
s253095511.py(56): 			if d[e.t] == INF:
s253095511.py(55): 		for e in G[u]:
s253095511.py(56): 			if d[e.t] == INF:
s253095511.py(55): 		for e in G[u]:
s253095511.py(53): 	while len(Q) > 0:
s253095511.py(54): 		u = Q.popleft()
s253095511.py(55): 		for e in G[u]:
s253095511.py(56): 			if d[e.t] == INF:
s253095511.py(55): 		for e in G[u]:
s253095511.py(56): 			if d[e.t] == INF:
s253095511.py(55): 		for e in G[u]:
s253095511.py(56): 			if d[e.t] == INF:
s253095511.py(57): 				d[e.t] = d[u] + e.w
s253095511.py(58): 				Q.append(e.t)
s253095511.py(55): 		for e in G[u]:
s253095511.py(56): 			if d[e.t] == INF:
s253095511.py(57): 				d[e.t] = d[u] + e.w
s253095511.py(58): 				Q.append(e.t)
s253095511.py(55): 		for e in G[u]:
s253095511.py(56): 			if d[e.t] == INF:
s253095511.py(55): 		for e in G[u]:
s253095511.py(56): 			if d[e.t] == INF:
s253095511.py(55): 		for e in G[u]:
s253095511.py(53): 	while len(Q) > 0:
s253095511.py(54): 		u = Q.popleft()
s253095511.py(55): 		for e in G[u]:
s253095511.py(56): 			if d[e.t] == INF:
s253095511.py(55): 		for e in G[u]:
s253095511.py(56): 			if d[e.t] == INF:
s253095511.py(55): 		for e in G[u]:
s253095511.py(56): 			if d[e.t] == INF:
s253095511.py(55): 		for e in G[u]:
s253095511.py(56): 			if d[e.t] == INF:
s253095511.py(57): 				d[e.t] = d[u] + e.w
s253095511.py(58): 				Q.append(e.t)
s253095511.py(55): 		for e in G[u]:
s253095511.py(56): 			if d[e.t] == INF:
s253095511.py(55): 		for e in G[u]:
s253095511.py(56): 			if d[e.t] == INF:
s253095511.py(55): 		for e in G[u]:
s253095511.py(53): 	while len(Q) > 0:
s253095511.py(54): 		u = Q.popleft()
s253095511.py(55): 		for e in G[u]:
s253095511.py(56): 			if d[e.t] == INF:
s253095511.py(55): 		for e in G[u]:
s253095511.py(56): 			if d[e.t] == INF:
s253095511.py(55): 		for e in G[u]:
s253095511.py(56): 			if d[e.t] == INF:
s253095511.py(57): 				d[e.t] = d[u] + e.w
s253095511.py(58): 				Q.append(e.t)
s253095511.py(55): 		for e in G[u]:
s253095511.py(56): 			if d[e.t] == INF:
s253095511.py(55): 		for e in G[u]:
s253095511.py(53): 	while len(Q) > 0:
s253095511.py(54): 		u = Q.popleft()
s253095511.py(55): 		for e in G[u]:
s253095511.py(56): 			if d[e.t] == INF:
s253095511.py(55): 		for e in G[u]:
s253095511.py(56): 			if d[e.t] == INF:
s253095511.py(55): 		for e in G[u]:
s253095511.py(56): 			if d[e.t] == INF:
s253095511.py(55): 		for e in G[u]:
s253095511.py(56): 			if d[e.t] == INF:
s253095511.py(55): 		for e in G[u]:
s253095511.py(56): 			if d[e.t] == INF:
s253095511.py(55): 		for e in G[u]:
s253095511.py(56): 			if d[e.t] == INF:
s253095511.py(57): 				d[e.t] = d[u] + e.w
s253095511.py(58): 				Q.append(e.t)
s253095511.py(55): 		for e in G[u]:
s253095511.py(56): 			if d[e.t] == INF:
s253095511.py(55): 		for e in G[u]:
s253095511.py(56): 			if d[e.t] == INF:
s253095511.py(55): 		for e in G[u]:
s253095511.py(53): 	while len(Q) > 0:
s253095511.py(54): 		u = Q.popleft()
s253095511.py(55): 		for e in G[u]:
s253095511.py(56): 			if d[e.t] == INF:
s253095511.py(55): 		for e in G[u]:
s253095511.py(56): 			if d[e.t] == INF:
s253095511.py(55): 		for e in G[u]:
s253095511.py(56): 			if d[e.t] == INF:
s253095511.py(55): 		for e in G[u]:
s253095511.py(56): 			if d[e.t] == INF:
s253095511.py(55): 		for e in G[u]:
s253095511.py(53): 	while len(Q) > 0:
s253095511.py(54): 		u = Q.popleft()
s253095511.py(55): 		for e in G[u]:
s253095511.py(56): 			if d[e.t] == INF:
s253095511.py(55): 		for e in G[u]:
s253095511.py(56): 			if d[e.t] == INF:
s253095511.py(55): 		for e in G[u]:
s253095511.py(56): 			if d[e.t] == INF:
s253095511.py(55): 		for e in G[u]:
s253095511.py(56): 			if d[e.t] == INF:
s253095511.py(55): 		for e in G[u]:
s253095511.py(56): 			if d[e.t] == INF:
s253095511.py(57): 				d[e.t] = d[u] + e.w
s253095511.py(58): 				Q.append(e.t)
s253095511.py(55): 		for e in G[u]:
s253095511.py(56): 			if d[e.t] == INF:
s253095511.py(55): 		for e in G[u]:
s253095511.py(53): 	while len(Q) > 0:
s253095511.py(54): 		u = Q.popleft()
s253095511.py(55): 		for e in G[u]:
s253095511.py(56): 			if d[e.t] == INF:
s253095511.py(55): 		for e in G[u]:
s253095511.py(56): 			if d[e.t] == INF:
s253095511.py(55): 		for e in G[u]:
s253095511.py(56): 			if d[e.t] == INF:
s253095511.py(55): 		for e in G[u]:
s253095511.py(56): 			if d[e.t] == INF:
s253095511.py(55): 		for e in G[u]:
s253095511.py(56): 			if d[e.t] == INF:
s253095511.py(55): 		for e in G[u]:
s253095511.py(56): 			if d[e.t] == INF:
s253095511.py(55): 		for e in G[u]:
s253095511.py(53): 	while len(Q) > 0:
s253095511.py(54): 		u = Q.popleft()
s253095511.py(55): 		for e in G[u]:
s253095511.py(56): 			if d[e.t] == INF:
s253095511.py(55): 		for e in G[u]:
s253095511.py(56): 			if d[e.t] == INF:
s253095511.py(55): 		for e in G[u]:
s253095511.py(56): 			if d[e.t] == INF:
s253095511.py(55): 		for e in G[u]:
s253095511.py(56): 			if d[e.t] == INF:
s253095511.py(55): 		for e in G[u]:
s253095511.py(53): 	while len(Q) > 0:
s253095511.py(59): 	return d
s253095511.py(72): 	maxv = 0
s253095511.py(73): 	for i in range(W*H):
s253095511.py(74): 		if d[i] == INF:
s253095511.py(76): 		maxv = max(maxv, d[i])
s253095511.py(73): 	for i in range(W*H):
s253095511.py(74): 		if d[i] == INF:
s253095511.py(76): 		maxv = max(maxv, d[i])
s253095511.py(73): 	for i in range(W*H):
s253095511.py(74): 		if d[i] == INF:
s253095511.py(76): 		maxv = max(maxv, d[i])
s253095511.py(73): 	for i in range(W*H):
s253095511.py(74): 		if d[i] == INF:
s253095511.py(76): 		maxv = max(maxv, d[i])
s253095511.py(73): 	for i in range(W*H):
s253095511.py(74): 		if d[i] == INF:
s253095511.py(76): 		maxv = max(maxv, d[i])
s253095511.py(73): 	for i in range(W*H):
s253095511.py(74): 		if d[i] == INF:
s253095511.py(76): 		maxv = max(maxv, d[i])
s253095511.py(73): 	for i in range(W*H):
s253095511.py(74): 		if d[i] == INF:
s253095511.py(76): 		maxv = max(maxv, d[i])
s253095511.py(73): 	for i in range(W*H):
s253095511.py(74): 		if d[i] == INF:
s253095511.py(76): 		maxv = max(maxv, d[i])
s253095511.py(73): 	for i in range(W*H):
s253095511.py(74): 		if d[i] == INF:
s253095511.py(76): 		maxv = max(maxv, d[i])
s253095511.py(73): 	for i in range(W*H):
s253095511.py(77): 	return maxv
s253095511.py(103): 				ans = max(ans, v)
s253095511.py(100): 		for j in range(W):
s253095511.py(101): 			if S[i][j] != 1:
s253095511.py(102): 				v = solve(i*W + j)
 --- modulename: s253095511, funcname: solve
s253095511.py(62): 	d = bfs(s)
 --- modulename: s253095511, funcname: bfs
s253095511.py(49): 	d = [INF for _ in range(H*W)]
 --- modulename: s253095511, funcname: <listcomp>
s253095511.py(49): 	d = [INF for _ in range(H*W)]
s253095511.py(49): 	d = [INF for _ in range(H*W)]
s253095511.py(49): 	d = [INF for _ in range(H*W)]
s253095511.py(49): 	d = [INF for _ in range(H*W)]
s253095511.py(49): 	d = [INF for _ in range(H*W)]
s253095511.py(49): 	d = [INF for _ in range(H*W)]
s253095511.py(49): 	d = [INF for _ in range(H*W)]
s253095511.py(49): 	d = [INF for _ in range(H*W)]
s253095511.py(49): 	d = [INF for _ in range(H*W)]
s253095511.py(49): 	d = [INF for _ in range(H*W)]
s253095511.py(50): 	Q = deque()
s253095511.py(51): 	Q.append(s)
s253095511.py(52): 	d[s] = 0
s253095511.py(53): 	while len(Q) > 0:
s253095511.py(54): 		u = Q.popleft()
s253095511.py(55): 		for e in G[u]:
s253095511.py(56): 			if d[e.t] == INF:
s253095511.py(57): 				d[e.t] = d[u] + e.w
s253095511.py(58): 				Q.append(e.t)
s253095511.py(55): 		for e in G[u]:
s253095511.py(56): 			if d[e.t] == INF:
s253095511.py(57): 				d[e.t] = d[u] + e.w
s253095511.py(58): 				Q.append(e.t)
s253095511.py(55): 		for e in G[u]:
s253095511.py(56): 			if d[e.t] == INF:
s253095511.py(55): 		for e in G[u]:
s253095511.py(56): 			if d[e.t] == INF:
s253095511.py(55): 		for e in G[u]:
s253095511.py(53): 	while len(Q) > 0:
s253095511.py(54): 		u = Q.popleft()
s253095511.py(55): 		for e in G[u]:
s253095511.py(56): 			if d[e.t] == INF:
s253095511.py(57): 				d[e.t] = d[u] + e.w
s253095511.py(58): 				Q.append(e.t)
s253095511.py(55): 		for e in G[u]:
s253095511.py(56): 			if d[e.t] == INF:
s253095511.py(57): 				d[e.t] = d[u] + e.w
s253095511.py(58): 				Q.append(e.t)
s253095511.py(55): 		for e in G[u]:
s253095511.py(56): 			if d[e.t] == INF:
s253095511.py(55): 		for e in G[u]:
s253095511.py(56): 			if d[e.t] == INF:
s253095511.py(55): 		for e in G[u]:
s253095511.py(56): 			if d[e.t] == INF:
s253095511.py(55): 		for e in G[u]:
s253095511.py(56): 			if d[e.t] == INF:
s253095511.py(55): 		for e in G[u]:
s253095511.py(53): 	while len(Q) > 0:
s253095511.py(54): 		u = Q.popleft()
s253095511.py(55): 		for e in G[u]:
s253095511.py(56): 			if d[e.t] == INF:
s253095511.py(55): 		for e in G[u]:
s253095511.py(56): 			if d[e.t] == INF:
s253095511.py(57): 				d[e.t] = d[u] + e.w
s253095511.py(58): 				Q.append(e.t)
s253095511.py(55): 		for e in G[u]:
s253095511.py(56): 			if d[e.t] == INF:
s253095511.py(55): 		for e in G[u]:
s253095511.py(56): 			if d[e.t] == INF:
s253095511.py(55): 		for e in G[u]:
s253095511.py(56): 			if d[e.t] == INF:
s253095511.py(55): 		for e in G[u]:
s253095511.py(56): 			if d[e.t] == INF:
s253095511.py(55): 		for e in G[u]:
s253095511.py(53): 	while len(Q) > 0:
s253095511.py(54): 		u = Q.popleft()
s253095511.py(55): 		for e in G[u]:
s253095511.py(56): 			if d[e.t] == INF:
s253095511.py(57): 				d[e.t] = d[u] + e.w
s253095511.py(58): 				Q.append(e.t)
s253095511.py(55): 		for e in G[u]:
s253095511.py(56): 			if d[e.t] == INF:
s253095511.py(55): 		for e in G[u]:
s253095511.py(56): 			if d[e.t] == INF:
s253095511.py(55): 		for e in G[u]:
s253095511.py(56): 			if d[e.t] == INF:
s253095511.py(55): 		for e in G[u]:
s253095511.py(53): 	while len(Q) > 0:
s253095511.py(54): 		u = Q.popleft()
s253095511.py(55): 		for e in G[u]:
s253095511.py(56): 			if d[e.t] == INF:
s253095511.py(55): 		for e in G[u]:
s253095511.py(56): 			if d[e.t] == INF:
s253095511.py(57): 				d[e.t] = d[u] + e.w
s253095511.py(58): 				Q.append(e.t)
s253095511.py(55): 		for e in G[u]:
s253095511.py(56): 			if d[e.t] == INF:
s253095511.py(55): 		for e in G[u]:
s253095511.py(56): 			if d[e.t] == INF:
s253095511.py(55): 		for e in G[u]:
s253095511.py(56): 			if d[e.t] == INF:
s253095511.py(55): 		for e in G[u]:
s253095511.py(56): 			if d[e.t] == INF:
s253095511.py(55): 		for e in G[u]:
s253095511.py(56): 			if d[e.t] == INF:
s253095511.py(55): 		for e in G[u]:
s253095511.py(56): 			if d[e.t] == INF:
s253095511.py(55): 		for e in G[u]:
s253095511.py(53): 	while len(Q) > 0:
s253095511.py(54): 		u = Q.popleft()
s253095511.py(55): 		for e in G[u]:
s253095511.py(56): 			if d[e.t] == INF:
s253095511.py(55): 		for e in G[u]:
s253095511.py(56): 			if d[e.t] == INF:
s253095511.py(55): 		for e in G[u]:
s253095511.py(56): 			if d[e.t] == INF:
s253095511.py(55): 		for e in G[u]:
s253095511.py(56): 			if d[e.t] == INF:
s253095511.py(55): 		for e in G[u]:
s253095511.py(53): 	while len(Q) > 0:
s253095511.py(54): 		u = Q.popleft()
s253095511.py(55): 		for e in G[u]:
s253095511.py(56): 			if d[e.t] == INF:
s253095511.py(57): 				d[e.t] = d[u] + e.w
s253095511.py(58): 				Q.append(e.t)
s253095511.py(55): 		for e in G[u]:
s253095511.py(56): 			if d[e.t] == INF:
s253095511.py(55): 		for e in G[u]:
s253095511.py(56): 			if d[e.t] == INF:
s253095511.py(55): 		for e in G[u]:
s253095511.py(56): 			if d[e.t] == INF:
s253095511.py(55): 		for e in G[u]:
s253095511.py(56): 			if d[e.t] == INF:
s253095511.py(55): 		for e in G[u]:
s253095511.py(56): 			if d[e.t] == INF:
s253095511.py(55): 		for e in G[u]:
s253095511.py(53): 	while len(Q) > 0:
s253095511.py(54): 		u = Q.popleft()
s253095511.py(55): 		for e in G[u]:
s253095511.py(56): 			if d[e.t] == INF:
s253095511.py(55): 		for e in G[u]:
s253095511.py(56): 			if d[e.t] == INF:
s253095511.py(55): 		for e in G[u]:
s253095511.py(56): 			if d[e.t] == INF:
s253095511.py(55): 		for e in G[u]:
s253095511.py(56): 			if d[e.t] == INF:
s253095511.py(55): 		for e in G[u]:
s253095511.py(56): 			if d[e.t] == INF:
s253095511.py(55): 		for e in G[u]:
s253095511.py(56): 			if d[e.t] == INF:
s253095511.py(55): 		for e in G[u]:
s253095511.py(53): 	while len(Q) > 0:
s253095511.py(54): 		u = Q.popleft()
s253095511.py(55): 		for e in G[u]:
s253095511.py(56): 			if d[e.t] == INF:
s253095511.py(55): 		for e in G[u]:
s253095511.py(56): 			if d[e.t] == INF:
s253095511.py(55): 		for e in G[u]:
s253095511.py(56): 			if d[e.t] == INF:
s253095511.py(55): 		for e in G[u]:
s253095511.py(56): 			if d[e.t] == INF:
s253095511.py(55): 		for e in G[u]:
s253095511.py(53): 	while len(Q) > 0:
s253095511.py(59): 	return d
s253095511.py(63): 	maxv = 0
s253095511.py(64): 	tgt = 0
s253095511.py(65): 	for i in range(W*H):
s253095511.py(66): 		if d[i] == INF:
s253095511.py(68): 		if maxv < d[i]:
s253095511.py(69): 			maxv = d[i]
s253095511.py(70): 			tgt = i
s253095511.py(65): 	for i in range(W*H):
s253095511.py(66): 		if d[i] == INF:
s253095511.py(68): 		if maxv < d[i]:
s253095511.py(65): 	for i in range(W*H):
s253095511.py(66): 		if d[i] == INF:
s253095511.py(68): 		if maxv < d[i]:
s253095511.py(65): 	for i in range(W*H):
s253095511.py(66): 		if d[i] == INF:
s253095511.py(68): 		if maxv < d[i]:
s253095511.py(65): 	for i in range(W*H):
s253095511.py(66): 		if d[i] == INF:
s253095511.py(68): 		if maxv < d[i]:
s253095511.py(65): 	for i in range(W*H):
s253095511.py(66): 		if d[i] == INF:
s253095511.py(68): 		if maxv < d[i]:
s253095511.py(65): 	for i in range(W*H):
s253095511.py(66): 		if d[i] == INF:
s253095511.py(68): 		if maxv < d[i]:
s253095511.py(65): 	for i in range(W*H):
s253095511.py(66): 		if d[i] == INF:
s253095511.py(68): 		if maxv < d[i]:
s253095511.py(65): 	for i in range(W*H):
s253095511.py(66): 		if d[i] == INF:
s253095511.py(68): 		if maxv < d[i]:
s253095511.py(65): 	for i in range(W*H):
s253095511.py(71): 	d = bfs(tgt)
 --- modulename: s253095511, funcname: bfs
s253095511.py(49): 	d = [INF for _ in range(H*W)]
 --- modulename: s253095511, funcname: <listcomp>
s253095511.py(49): 	d = [INF for _ in range(H*W)]
s253095511.py(49): 	d = [INF for _ in range(H*W)]
s253095511.py(49): 	d = [INF for _ in range(H*W)]
s253095511.py(49): 	d = [INF for _ in range(H*W)]
s253095511.py(49): 	d = [INF for _ in range(H*W)]
s253095511.py(49): 	d = [INF for _ in range(H*W)]
s253095511.py(49): 	d = [INF for _ in range(H*W)]
s253095511.py(49): 	d = [INF for _ in range(H*W)]
s253095511.py(49): 	d = [INF for _ in range(H*W)]
s253095511.py(49): 	d = [INF for _ in range(H*W)]
s253095511.py(50): 	Q = deque()
s253095511.py(51): 	Q.append(s)
s253095511.py(52): 	d[s] = 0
s253095511.py(53): 	while len(Q) > 0:
s253095511.py(54): 		u = Q.popleft()
s253095511.py(55): 		for e in G[u]:
s253095511.py(56): 			if d[e.t] == INF:
s253095511.py(57): 				d[e.t] = d[u] + e.w
s253095511.py(58): 				Q.append(e.t)
s253095511.py(55): 		for e in G[u]:
s253095511.py(56): 			if d[e.t] == INF:
s253095511.py(57): 				d[e.t] = d[u] + e.w
s253095511.py(58): 				Q.append(e.t)
s253095511.py(55): 		for e in G[u]:
s253095511.py(56): 			if d[e.t] == INF:
s253095511.py(55): 		for e in G[u]:
s253095511.py(56): 			if d[e.t] == INF:
s253095511.py(55): 		for e in G[u]:
s253095511.py(53): 	while len(Q) > 0:
s253095511.py(54): 		u = Q.popleft()
s253095511.py(55): 		for e in G[u]:
s253095511.py(56): 			if d[e.t] == INF:
s253095511.py(55): 		for e in G[u]:
s253095511.py(56): 			if d[e.t] == INF:
s253095511.py(55): 		for e in G[u]:
s253095511.py(56): 			if d[e.t] == INF:
s253095511.py(57): 				d[e.t] = d[u] + e.w
s253095511.py(58): 				Q.append(e.t)
s253095511.py(55): 		for e in G[u]:
s253095511.py(56): 			if d[e.t] == INF:
s253095511.py(57): 				d[e.t] = d[u] + e.w
s253095511.py(58): 				Q.append(e.t)
s253095511.py(55): 		for e in G[u]:
s253095511.py(56): 			if d[e.t] == INF:
s253095511.py(55): 		for e in G[u]:
s253095511.py(56): 			if d[e.t] == INF:
s253095511.py(55): 		for e in G[u]:
s253095511.py(53): 	while len(Q) > 0:
s253095511.py(54): 		u = Q.popleft()
s253095511.py(55): 		for e in G[u]:
s253095511.py(56): 			if d[e.t] == INF:
s253095511.py(55): 		for e in G[u]:
s253095511.py(56): 			if d[e.t] == INF:
s253095511.py(55): 		for e in G[u]:
s253095511.py(56): 			if d[e.t] == INF:
s253095511.py(55): 		for e in G[u]:
s253095511.py(56): 			if d[e.t] == INF:
s253095511.py(57): 				d[e.t] = d[u] + e.w
s253095511.py(58): 				Q.append(e.t)
s253095511.py(55): 		for e in G[u]:
s253095511.py(56): 			if d[e.t] == INF:
s253095511.py(55): 		for e in G[u]:
s253095511.py(56): 			if d[e.t] == INF:
s253095511.py(55): 		for e in G[u]:
s253095511.py(53): 	while len(Q) > 0:
s253095511.py(54): 		u = Q.popleft()
s253095511.py(55): 		for e in G[u]:
s253095511.py(56): 			if d[e.t] == INF:
s253095511.py(55): 		for e in G[u]:
s253095511.py(56): 			if d[e.t] == INF:
s253095511.py(55): 		for e in G[u]:
s253095511.py(56): 			if d[e.t] == INF:
s253095511.py(57): 				d[e.t] = d[u] + e.w
s253095511.py(58): 				Q.append(e.t)
s253095511.py(55): 		for e in G[u]:
s253095511.py(56): 			if d[e.t] == INF:
s253095511.py(55): 		for e in G[u]:
s253095511.py(53): 	while len(Q) > 0:
s253095511.py(54): 		u = Q.popleft()
s253095511.py(55): 		for e in G[u]:
s253095511.py(56): 			if d[e.t] == INF:
s253095511.py(55): 		for e in G[u]:
s253095511.py(56): 			if d[e.t] == INF:
s253095511.py(55): 		for e in G[u]:
s253095511.py(56): 			if d[e.t] == INF:
s253095511.py(55): 		for e in G[u]:
s253095511.py(56): 			if d[e.t] == INF:
s253095511.py(55): 		for e in G[u]:
s253095511.py(56): 			if d[e.t] == INF:
s253095511.py(55): 		for e in G[u]:
s253095511.py(56): 			if d[e.t] == INF:
s253095511.py(57): 				d[e.t] = d[u] + e.w
s253095511.py(58): 				Q.append(e.t)
s253095511.py(55): 		for e in G[u]:
s253095511.py(56): 			if d[e.t] == INF:
s253095511.py(55): 		for e in G[u]:
s253095511.py(56): 			if d[e.t] == INF:
s253095511.py(55): 		for e in G[u]:
s253095511.py(53): 	while len(Q) > 0:
s253095511.py(54): 		u = Q.popleft()
s253095511.py(55): 		for e in G[u]:
s253095511.py(56): 			if d[e.t] == INF:
s253095511.py(55): 		for e in G[u]:
s253095511.py(56): 			if d[e.t] == INF:
s253095511.py(55): 		for e in G[u]:
s253095511.py(56): 			if d[e.t] == INF:
s253095511.py(55): 		for e in G[u]:
s253095511.py(56): 			if d[e.t] == INF:
s253095511.py(55): 		for e in G[u]:
s253095511.py(53): 	while len(Q) > 0:
s253095511.py(54): 		u = Q.popleft()
s253095511.py(55): 		for e in G[u]:
s253095511.py(56): 			if d[e.t] == INF:
s253095511.py(55): 		for e in G[u]:
s253095511.py(56): 			if d[e.t] == INF:
s253095511.py(55): 		for e in G[u]:
s253095511.py(56): 			if d[e.t] == INF:
s253095511.py(55): 		for e in G[u]:
s253095511.py(56): 			if d[e.t] == INF:
s253095511.py(55): 		for e in G[u]:
s253095511.py(56): 			if d[e.t] == INF:
s253095511.py(57): 				d[e.t] = d[u] + e.w
s253095511.py(58): 				Q.append(e.t)
s253095511.py(55): 		for e in G[u]:
s253095511.py(56): 			if d[e.t] == INF:
s253095511.py(55): 		for e in G[u]:
s253095511.py(53): 	while len(Q) > 0:
s253095511.py(54): 		u = Q.popleft()
s253095511.py(55): 		for e in G[u]:
s253095511.py(56): 			if d[e.t] == INF:
s253095511.py(55): 		for e in G[u]:
s253095511.py(56): 			if d[e.t] == INF:
s253095511.py(55): 		for e in G[u]:
s253095511.py(56): 			if d[e.t] == INF:
s253095511.py(55): 		for e in G[u]:
s253095511.py(56): 			if d[e.t] == INF:
s253095511.py(55): 		for e in G[u]:
s253095511.py(56): 			if d[e.t] == INF:
s253095511.py(55): 		for e in G[u]:
s253095511.py(56): 			if d[e.t] == INF:
s253095511.py(55): 		for e in G[u]:
s253095511.py(53): 	while len(Q) > 0:
s253095511.py(54): 		u = Q.popleft()
s253095511.py(55): 		for e in G[u]:
s253095511.py(56): 			if d[e.t] == INF:
s253095511.py(55): 		for e in G[u]:
s253095511.py(56): 			if d[e.t] == INF:
s253095511.py(55): 		for e in G[u]:
s253095511.py(56): 			if d[e.t] == INF:
s253095511.py(55): 		for e in G[u]:
s253095511.py(56): 			if d[e.t] == INF:
s253095511.py(55): 		for e in G[u]:
s253095511.py(53): 	while len(Q) > 0:
s253095511.py(59): 	return d
s253095511.py(72): 	maxv = 0
s253095511.py(73): 	for i in range(W*H):
s253095511.py(74): 		if d[i] == INF:
s253095511.py(76): 		maxv = max(maxv, d[i])
s253095511.py(73): 	for i in range(W*H):
s253095511.py(74): 		if d[i] == INF:
s253095511.py(76): 		maxv = max(maxv, d[i])
s253095511.py(73): 	for i in range(W*H):
s253095511.py(74): 		if d[i] == INF:
s253095511.py(76): 		maxv = max(maxv, d[i])
s253095511.py(73): 	for i in range(W*H):
s253095511.py(74): 		if d[i] == INF:
s253095511.py(76): 		maxv = max(maxv, d[i])
s253095511.py(73): 	for i in range(W*H):
s253095511.py(74): 		if d[i] == INF:
s253095511.py(76): 		maxv = max(maxv, d[i])
s253095511.py(73): 	for i in range(W*H):
s253095511.py(74): 		if d[i] == INF:
s253095511.py(76): 		maxv = max(maxv, d[i])
s253095511.py(73): 	for i in range(W*H):
s253095511.py(74): 		if d[i] == INF:
s253095511.py(76): 		maxv = max(maxv, d[i])
s253095511.py(73): 	for i in range(W*H):
s253095511.py(74): 		if d[i] == INF:
s253095511.py(76): 		maxv = max(maxv, d[i])
s253095511.py(73): 	for i in range(W*H):
s253095511.py(74): 		if d[i] == INF:
s253095511.py(76): 		maxv = max(maxv, d[i])
s253095511.py(73): 	for i in range(W*H):
s253095511.py(77): 	return maxv
s253095511.py(103): 				ans = max(ans, v)
s253095511.py(100): 		for j in range(W):
s253095511.py(99): 	for i in range(H):
s253095511.py(104): 	print(ans)
4
