 --- modulename: s691099323, funcname: <module>
s691099323.py(2):   px, py = map(int, input().split())
 --- modulename: codecs, funcname: getstate
codecs.py(333):         return (self.buffer, 0)
 --- modulename: codecs, funcname: decode
codecs.py(321):         data = self.buffer + input
codecs.py(322):         (result, consumed) = self._buffer_decode(data, self.errors, final)
codecs.py(324):         self.buffer = data[consumed:]
codecs.py(325):         return result
s691099323.py(3):   if px == 0:
s691099323.py(6):   n = int(input())
s691099323.py(7):   pairs = list(map(int, input().split()))
s691099323.py(8):   s_points = []
s691099323.py(9):   for i in range(n):
s691099323.py(10):     s_points.append((pairs[i * 2], pairs[i * 2 + 1]))
s691099323.py(9):   for i in range(n):
s691099323.py(10):     s_points.append((pairs[i * 2], pairs[i * 2 + 1]))
s691099323.py(9):   for i in range(n):
s691099323.py(10):     s_points.append((pairs[i * 2], pairs[i * 2 + 1]))
s691099323.py(9):   for i in range(n):
s691099323.py(10):     s_points.append((pairs[i * 2], pairs[i * 2 + 1]))
s691099323.py(9):   for i in range(n):
s691099323.py(10):     s_points.append((pairs[i * 2], pairs[i * 2 + 1]))
s691099323.py(9):   for i in range(n):
s691099323.py(10):     s_points.append((pairs[i * 2], pairs[i * 2 + 1]))
s691099323.py(9):   for i in range(n):
s691099323.py(10):     s_points.append((pairs[i * 2], pairs[i * 2 + 1]))
s691099323.py(9):   for i in range(n):
s691099323.py(10):     s_points.append((pairs[i * 2], pairs[i * 2 + 1]))
s691099323.py(9):   for i in range(n):
s691099323.py(10):     s_points.append((pairs[i * 2], pairs[i * 2 + 1]))
s691099323.py(9):   for i in range(n):
s691099323.py(10):     s_points.append((pairs[i * 2], pairs[i * 2 + 1]))
s691099323.py(9):   for i in range(n):
s691099323.py(12):   survive_range = [(x, y) for x in (-1, 0, 1) for y in (-1, 0, 1)]
 --- modulename: s691099323, funcname: <listcomp>
s691099323.py(12):   survive_range = [(x, y) for x in (-1, 0, 1) for y in (-1, 0, 1)]
s691099323.py(12):   survive_range = [(x, y) for x in (-1, 0, 1) for y in (-1, 0, 1)]
s691099323.py(12):   survive_range = [(x, y) for x in (-1, 0, 1) for y in (-1, 0, 1)]
s691099323.py(12):   survive_range = [(x, y) for x in (-1, 0, 1) for y in (-1, 0, 1)]
s691099323.py(12):   survive_range = [(x, y) for x in (-1, 0, 1) for y in (-1, 0, 1)]
s691099323.py(12):   survive_range = [(x, y) for x in (-1, 0, 1) for y in (-1, 0, 1)]
s691099323.py(12):   survive_range = [(x, y) for x in (-1, 0, 1) for y in (-1, 0, 1)]
s691099323.py(12):   survive_range = [(x, y) for x in (-1, 0, 1) for y in (-1, 0, 1)]
s691099323.py(12):   survive_range = [(x, y) for x in (-1, 0, 1) for y in (-1, 0, 1)]
s691099323.py(12):   survive_range = [(x, y) for x in (-1, 0, 1) for y in (-1, 0, 1)]
s691099323.py(12):   survive_range = [(x, y) for x in (-1, 0, 1) for y in (-1, 0, 1)]
s691099323.py(12):   survive_range = [(x, y) for x in (-1, 0, 1) for y in (-1, 0, 1)]
s691099323.py(12):   survive_range = [(x, y) for x in (-1, 0, 1) for y in (-1, 0, 1)]
s691099323.py(13):   jump_to = ((-2, -1), (-2, 0), (-2, 1), (-1, -2), (-1, 2), (0, -2), (0, 2), 
s691099323.py(16):   def next_points(p):
s691099323.py(20):   def survive_points(p):
s691099323.py(24):   def next_survive(ps):
s691099323.py(30):   survive ={(px, py)}
s691099323.py(31):   for sp in s_points:
s691099323.py(32):     i_survive = survive_points(sp)
 --- modulename: s691099323, funcname: survive_points
s691099323.py(21):     x, y = p
s691099323.py(22):     return {(x + dx, y + dy) for dx, dy in survive_range if 0 <= x + dx <= 9 and 0 <= y + dy <= 9}
 --- modulename: s691099323, funcname: <setcomp>
s691099323.py(22):     return {(x + dx, y + dy) for dx, dy in survive_range if 0 <= x + dx <= 9 and 0 <= y + dy <= 9}
s691099323.py(22):     return {(x + dx, y + dy) for dx, dy in survive_range if 0 <= x + dx <= 9 and 0 <= y + dy <= 9}
s691099323.py(22):     return {(x + dx, y + dy) for dx, dy in survive_range if 0 <= x + dx <= 9 and 0 <= y + dy <= 9}
s691099323.py(22):     return {(x + dx, y + dy) for dx, dy in survive_range if 0 <= x + dx <= 9 and 0 <= y + dy <= 9}
s691099323.py(22):     return {(x + dx, y + dy) for dx, dy in survive_range if 0 <= x + dx <= 9 and 0 <= y + dy <= 9}
s691099323.py(22):     return {(x + dx, y + dy) for dx, dy in survive_range if 0 <= x + dx <= 9 and 0 <= y + dy <= 9}
s691099323.py(22):     return {(x + dx, y + dy) for dx, dy in survive_range if 0 <= x + dx <= 9 and 0 <= y + dy <= 9}
s691099323.py(22):     return {(x + dx, y + dy) for dx, dy in survive_range if 0 <= x + dx <= 9 and 0 <= y + dy <= 9}
s691099323.py(22):     return {(x + dx, y + dy) for dx, dy in survive_range if 0 <= x + dx <= 9 and 0 <= y + dy <= 9}
s691099323.py(22):     return {(x + dx, y + dy) for dx, dy in survive_range if 0 <= x + dx <= 9 and 0 <= y + dy <= 9}
s691099323.py(33):     survive = next_survive(survive) & i_survive
 --- modulename: s691099323, funcname: next_survive
s691099323.py(25):     ret = set()
s691099323.py(26):     for p in ps:
s691099323.py(27):       ret = ret | next_points(p)
 --- modulename: s691099323, funcname: next_points
s691099323.py(17):     x, y = p
s691099323.py(18):     return {(x + dx, y + dy) for dx, dy in jump_to if 0 <= x + dx <= 9 and 0 <= y + dy <= 9}
 --- modulename: s691099323, funcname: <setcomp>
s691099323.py(18):     return {(x + dx, y + dy) for dx, dy in jump_to if 0 <= x + dx <= 9 and 0 <= y + dy <= 9}
s691099323.py(18):     return {(x + dx, y + dy) for dx, dy in jump_to if 0 <= x + dx <= 9 and 0 <= y + dy <= 9}
s691099323.py(18):     return {(x + dx, y + dy) for dx, dy in jump_to if 0 <= x + dx <= 9 and 0 <= y + dy <= 9}
s691099323.py(18):     return {(x + dx, y + dy) for dx, dy in jump_to if 0 <= x + dx <= 9 and 0 <= y + dy <= 9}
s691099323.py(18):     return {(x + dx, y + dy) for dx, dy in jump_to if 0 <= x + dx <= 9 and 0 <= y + dy <= 9}
s691099323.py(18):     return {(x + dx, y + dy) for dx, dy in jump_to if 0 <= x + dx <= 9 and 0 <= y + dy <= 9}
s691099323.py(18):     return {(x + dx, y + dy) for dx, dy in jump_to if 0 <= x + dx <= 9 and 0 <= y + dy <= 9}
s691099323.py(18):     return {(x + dx, y + dy) for dx, dy in jump_to if 0 <= x + dx <= 9 and 0 <= y + dy <= 9}
s691099323.py(18):     return {(x + dx, y + dy) for dx, dy in jump_to if 0 <= x + dx <= 9 and 0 <= y + dy <= 9}
s691099323.py(18):     return {(x + dx, y + dy) for dx, dy in jump_to if 0 <= x + dx <= 9 and 0 <= y + dy <= 9}
s691099323.py(18):     return {(x + dx, y + dy) for dx, dy in jump_to if 0 <= x + dx <= 9 and 0 <= y + dy <= 9}
s691099323.py(18):     return {(x + dx, y + dy) for dx, dy in jump_to if 0 <= x + dx <= 9 and 0 <= y + dy <= 9}
s691099323.py(18):     return {(x + dx, y + dy) for dx, dy in jump_to if 0 <= x + dx <= 9 and 0 <= y + dy <= 9}
s691099323.py(26):     for p in ps:
s691099323.py(28):     return ret
s691099323.py(31):   for sp in s_points:
s691099323.py(32):     i_survive = survive_points(sp)
 --- modulename: s691099323, funcname: survive_points
s691099323.py(21):     x, y = p
s691099323.py(22):     return {(x + dx, y + dy) for dx, dy in survive_range if 0 <= x + dx <= 9 and 0 <= y + dy <= 9}
 --- modulename: s691099323, funcname: <setcomp>
s691099323.py(22):     return {(x + dx, y + dy) for dx, dy in survive_range if 0 <= x + dx <= 9 and 0 <= y + dy <= 9}
s691099323.py(22):     return {(x + dx, y + dy) for dx, dy in survive_range if 0 <= x + dx <= 9 and 0 <= y + dy <= 9}
s691099323.py(22):     return {(x + dx, y + dy) for dx, dy in survive_range if 0 <= x + dx <= 9 and 0 <= y + dy <= 9}
s691099323.py(22):     return {(x + dx, y + dy) for dx, dy in survive_range if 0 <= x + dx <= 9 and 0 <= y + dy <= 9}
s691099323.py(22):     return {(x + dx, y + dy) for dx, dy in survive_range if 0 <= x + dx <= 9 and 0 <= y + dy <= 9}
s691099323.py(22):     return {(x + dx, y + dy) for dx, dy in survive_range if 0 <= x + dx <= 9 and 0 <= y + dy <= 9}
s691099323.py(22):     return {(x + dx, y + dy) for dx, dy in survive_range if 0 <= x + dx <= 9 and 0 <= y + dy <= 9}
s691099323.py(22):     return {(x + dx, y + dy) for dx, dy in survive_range if 0 <= x + dx <= 9 and 0 <= y + dy <= 9}
s691099323.py(22):     return {(x + dx, y + dy) for dx, dy in survive_range if 0 <= x + dx <= 9 and 0 <= y + dy <= 9}
s691099323.py(22):     return {(x + dx, y + dy) for dx, dy in survive_range if 0 <= x + dx <= 9 and 0 <= y + dy <= 9}
s691099323.py(33):     survive = next_survive(survive) & i_survive
 --- modulename: s691099323, funcname: next_survive
s691099323.py(25):     ret = set()
s691099323.py(26):     for p in ps:
s691099323.py(27):       ret = ret | next_points(p)
 --- modulename: s691099323, funcname: next_points
s691099323.py(17):     x, y = p
s691099323.py(18):     return {(x + dx, y + dy) for dx, dy in jump_to if 0 <= x + dx <= 9 and 0 <= y + dy <= 9}
 --- modulename: s691099323, funcname: <setcomp>
s691099323.py(18):     return {(x + dx, y + dy) for dx, dy in jump_to if 0 <= x + dx <= 9 and 0 <= y + dy <= 9}
s691099323.py(18):     return {(x + dx, y + dy) for dx, dy in jump_to if 0 <= x + dx <= 9 and 0 <= y + dy <= 9}
s691099323.py(18):     return {(x + dx, y + dy) for dx, dy in jump_to if 0 <= x + dx <= 9 and 0 <= y + dy <= 9}
s691099323.py(18):     return {(x + dx, y + dy) for dx, dy in jump_to if 0 <= x + dx <= 9 and 0 <= y + dy <= 9}
s691099323.py(18):     return {(x + dx, y + dy) for dx, dy in jump_to if 0 <= x + dx <= 9 and 0 <= y + dy <= 9}
s691099323.py(18):     return {(x + dx, y + dy) for dx, dy in jump_to if 0 <= x + dx <= 9 and 0 <= y + dy <= 9}
s691099323.py(18):     return {(x + dx, y + dy) for dx, dy in jump_to if 0 <= x + dx <= 9 and 0 <= y + dy <= 9}
s691099323.py(18):     return {(x + dx, y + dy) for dx, dy in jump_to if 0 <= x + dx <= 9 and 0 <= y + dy <= 9}
s691099323.py(18):     return {(x + dx, y + dy) for dx, dy in jump_to if 0 <= x + dx <= 9 and 0 <= y + dy <= 9}
s691099323.py(18):     return {(x + dx, y + dy) for dx, dy in jump_to if 0 <= x + dx <= 9 and 0 <= y + dy <= 9}
s691099323.py(18):     return {(x + dx, y + dy) for dx, dy in jump_to if 0 <= x + dx <= 9 and 0 <= y + dy <= 9}
s691099323.py(18):     return {(x + dx, y + dy) for dx, dy in jump_to if 0 <= x + dx <= 9 and 0 <= y + dy <= 9}
s691099323.py(18):     return {(x + dx, y + dy) for dx, dy in jump_to if 0 <= x + dx <= 9 and 0 <= y + dy <= 9}
s691099323.py(26):     for p in ps:
s691099323.py(27):       ret = ret | next_points(p)
 --- modulename: s691099323, funcname: next_points
s691099323.py(17):     x, y = p
s691099323.py(18):     return {(x + dx, y + dy) for dx, dy in jump_to if 0 <= x + dx <= 9 and 0 <= y + dy <= 9}
 --- modulename: s691099323, funcname: <setcomp>
s691099323.py(18):     return {(x + dx, y + dy) for dx, dy in jump_to if 0 <= x + dx <= 9 and 0 <= y + dy <= 9}
s691099323.py(18):     return {(x + dx, y + dy) for dx, dy in jump_to if 0 <= x + dx <= 9 and 0 <= y + dy <= 9}
s691099323.py(18):     return {(x + dx, y + dy) for dx, dy in jump_to if 0 <= x + dx <= 9 and 0 <= y + dy <= 9}
s691099323.py(18):     return {(x + dx, y + dy) for dx, dy in jump_to if 0 <= x + dx <= 9 and 0 <= y + dy <= 9}
s691099323.py(18):     return {(x + dx, y + dy) for dx, dy in jump_to if 0 <= x + dx <= 9 and 0 <= y + dy <= 9}
s691099323.py(18):     return {(x + dx, y + dy) for dx, dy in jump_to if 0 <= x + dx <= 9 and 0 <= y + dy <= 9}
s691099323.py(18):     return {(x + dx, y + dy) for dx, dy in jump_to if 0 <= x + dx <= 9 and 0 <= y + dy <= 9}
s691099323.py(18):     return {(x + dx, y + dy) for dx, dy in jump_to if 0 <= x + dx <= 9 and 0 <= y + dy <= 9}
s691099323.py(18):     return {(x + dx, y + dy) for dx, dy in jump_to if 0 <= x + dx <= 9 and 0 <= y + dy <= 9}
s691099323.py(18):     return {(x + dx, y + dy) for dx, dy in jump_to if 0 <= x + dx <= 9 and 0 <= y + dy <= 9}
s691099323.py(18):     return {(x + dx, y + dy) for dx, dy in jump_to if 0 <= x + dx <= 9 and 0 <= y + dy <= 9}
s691099323.py(18):     return {(x + dx, y + dy) for dx, dy in jump_to if 0 <= x + dx <= 9 and 0 <= y + dy <= 9}
s691099323.py(18):     return {(x + dx, y + dy) for dx, dy in jump_to if 0 <= x + dx <= 9 and 0 <= y + dy <= 9}
s691099323.py(26):     for p in ps:
s691099323.py(27):       ret = ret | next_points(p)
 --- modulename: s691099323, funcname: next_points
s691099323.py(17):     x, y = p
s691099323.py(18):     return {(x + dx, y + dy) for dx, dy in jump_to if 0 <= x + dx <= 9 and 0 <= y + dy <= 9}
 --- modulename: s691099323, funcname: <setcomp>
s691099323.py(18):     return {(x + dx, y + dy) for dx, dy in jump_to if 0 <= x + dx <= 9 and 0 <= y + dy <= 9}
s691099323.py(18):     return {(x + dx, y + dy) for dx, dy in jump_to if 0 <= x + dx <= 9 and 0 <= y + dy <= 9}
s691099323.py(18):     return {(x + dx, y + dy) for dx, dy in jump_to if 0 <= x + dx <= 9 and 0 <= y + dy <= 9}
s691099323.py(18):     return {(x + dx, y + dy) for dx, dy in jump_to if 0 <= x + dx <= 9 and 0 <= y + dy <= 9}
s691099323.py(18):     return {(x + dx, y + dy) for dx, dy in jump_to if 0 <= x + dx <= 9 and 0 <= y + dy <= 9}
s691099323.py(18):     return {(x + dx, y + dy) for dx, dy in jump_to if 0 <= x + dx <= 9 and 0 <= y + dy <= 9}
s691099323.py(18):     return {(x + dx, y + dy) for dx, dy in jump_to if 0 <= x + dx <= 9 and 0 <= y + dy <= 9}
s691099323.py(18):     return {(x + dx, y + dy) for dx, dy in jump_to if 0 <= x + dx <= 9 and 0 <= y + dy <= 9}
s691099323.py(18):     return {(x + dx, y + dy) for dx, dy in jump_to if 0 <= x + dx <= 9 and 0 <= y + dy <= 9}
s691099323.py(18):     return {(x + dx, y + dy) for dx, dy in jump_to if 0 <= x + dx <= 9 and 0 <= y + dy <= 9}
s691099323.py(18):     return {(x + dx, y + dy) for dx, dy in jump_to if 0 <= x + dx <= 9 and 0 <= y + dy <= 9}
s691099323.py(18):     return {(x + dx, y + dy) for dx, dy in jump_to if 0 <= x + dx <= 9 and 0 <= y + dy <= 9}
s691099323.py(18):     return {(x + dx, y + dy) for dx, dy in jump_to if 0 <= x + dx <= 9 and 0 <= y + dy <= 9}
s691099323.py(26):     for p in ps:
s691099323.py(28):     return ret
s691099323.py(31):   for sp in s_points:
s691099323.py(32):     i_survive = survive_points(sp)
 --- modulename: s691099323, funcname: survive_points
s691099323.py(21):     x, y = p
s691099323.py(22):     return {(x + dx, y + dy) for dx, dy in survive_range if 0 <= x + dx <= 9 and 0 <= y + dy <= 9}
 --- modulename: s691099323, funcname: <setcomp>
s691099323.py(22):     return {(x + dx, y + dy) for dx, dy in survive_range if 0 <= x + dx <= 9 and 0 <= y + dy <= 9}
s691099323.py(22):     return {(x + dx, y + dy) for dx, dy in survive_range if 0 <= x + dx <= 9 and 0 <= y + dy <= 9}
s691099323.py(22):     return {(x + dx, y + dy) for dx, dy in survive_range if 0 <= x + dx <= 9 and 0 <= y + dy <= 9}
s691099323.py(22):     return {(x + dx, y + dy) for dx, dy in survive_range if 0 <= x + dx <= 9 and 0 <= y + dy <= 9}
s691099323.py(22):     return {(x + dx, y + dy) for dx, dy in survive_range if 0 <= x + dx <= 9 and 0 <= y + dy <= 9}
s691099323.py(22):     return {(x + dx, y + dy) for dx, dy in survive_range if 0 <= x + dx <= 9 and 0 <= y + dy <= 9}
s691099323.py(22):     return {(x + dx, y + dy) for dx, dy in survive_range if 0 <= x + dx <= 9 and 0 <= y + dy <= 9}
s691099323.py(22):     return {(x + dx, y + dy) for dx, dy in survive_range if 0 <= x + dx <= 9 and 0 <= y + dy <= 9}
s691099323.py(22):     return {(x + dx, y + dy) for dx, dy in survive_range if 0 <= x + dx <= 9 and 0 <= y + dy <= 9}
s691099323.py(22):     return {(x + dx, y + dy) for dx, dy in survive_range if 0 <= x + dx <= 9 and 0 <= y + dy <= 9}
s691099323.py(33):     survive = next_survive(survive) & i_survive
 --- modulename: s691099323, funcname: next_survive
s691099323.py(25):     ret = set()
s691099323.py(26):     for p in ps:
s691099323.py(27):       ret = ret | next_points(p)
 --- modulename: s691099323, funcname: next_points
s691099323.py(17):     x, y = p
s691099323.py(18):     return {(x + dx, y + dy) for dx, dy in jump_to if 0 <= x + dx <= 9 and 0 <= y + dy <= 9}
 --- modulename: s691099323, funcname: <setcomp>
s691099323.py(18):     return {(x + dx, y + dy) for dx, dy in jump_to if 0 <= x + dx <= 9 and 0 <= y + dy <= 9}
s691099323.py(18):     return {(x + dx, y + dy) for dx, dy in jump_to if 0 <= x + dx <= 9 and 0 <= y + dy <= 9}
s691099323.py(18):     return {(x + dx, y + dy) for dx, dy in jump_to if 0 <= x + dx <= 9 and 0 <= y + dy <= 9}
s691099323.py(18):     return {(x + dx, y + dy) for dx, dy in jump_to if 0 <= x + dx <= 9 and 0 <= y + dy <= 9}
s691099323.py(18):     return {(x + dx, y + dy) for dx, dy in jump_to if 0 <= x + dx <= 9 and 0 <= y + dy <= 9}
s691099323.py(18):     return {(x + dx, y + dy) for dx, dy in jump_to if 0 <= x + dx <= 9 and 0 <= y + dy <= 9}
s691099323.py(18):     return {(x + dx, y + dy) for dx, dy in jump_to if 0 <= x + dx <= 9 and 0 <= y + dy <= 9}
s691099323.py(18):     return {(x + dx, y + dy) for dx, dy in jump_to if 0 <= x + dx <= 9 and 0 <= y + dy <= 9}
s691099323.py(18):     return {(x + dx, y + dy) for dx, dy in jump_to if 0 <= x + dx <= 9 and 0 <= y + dy <= 9}
s691099323.py(18):     return {(x + dx, y + dy) for dx, dy in jump_to if 0 <= x + dx <= 9 and 0 <= y + dy <= 9}
s691099323.py(18):     return {(x + dx, y + dy) for dx, dy in jump_to if 0 <= x + dx <= 9 and 0 <= y + dy <= 9}
s691099323.py(18):     return {(x + dx, y + dy) for dx, dy in jump_to if 0 <= x + dx <= 9 and 0 <= y + dy <= 9}
s691099323.py(18):     return {(x + dx, y + dy) for dx, dy in jump_to if 0 <= x + dx <= 9 and 0 <= y + dy <= 9}
s691099323.py(26):     for p in ps:
s691099323.py(27):       ret = ret | next_points(p)
 --- modulename: s691099323, funcname: next_points
s691099323.py(17):     x, y = p
s691099323.py(18):     return {(x + dx, y + dy) for dx, dy in jump_to if 0 <= x + dx <= 9 and 0 <= y + dy <= 9}
 --- modulename: s691099323, funcname: <setcomp>
s691099323.py(18):     return {(x + dx, y + dy) for dx, dy in jump_to if 0 <= x + dx <= 9 and 0 <= y + dy <= 9}
s691099323.py(18):     return {(x + dx, y + dy) for dx, dy in jump_to if 0 <= x + dx <= 9 and 0 <= y + dy <= 9}
s691099323.py(18):     return {(x + dx, y + dy) for dx, dy in jump_to if 0 <= x + dx <= 9 and 0 <= y + dy <= 9}
s691099323.py(18):     return {(x + dx, y + dy) for dx, dy in jump_to if 0 <= x + dx <= 9 and 0 <= y + dy <= 9}
s691099323.py(18):     return {(x + dx, y + dy) for dx, dy in jump_to if 0 <= x + dx <= 9 and 0 <= y + dy <= 9}
s691099323.py(18):     return {(x + dx, y + dy) for dx, dy in jump_to if 0 <= x + dx <= 9 and 0 <= y + dy <= 9}
s691099323.py(18):     return {(x + dx, y + dy) for dx, dy in jump_to if 0 <= x + dx <= 9 and 0 <= y + dy <= 9}
s691099323.py(18):     return {(x + dx, y + dy) for dx, dy in jump_to if 0 <= x + dx <= 9 and 0 <= y + dy <= 9}
s691099323.py(18):     return {(x + dx, y + dy) for dx, dy in jump_to if 0 <= x + dx <= 9 and 0 <= y + dy <= 9}
s691099323.py(18):     return {(x + dx, y + dy) for dx, dy in jump_to if 0 <= x + dx <= 9 and 0 <= y + dy <= 9}
s691099323.py(18):     return {(x + dx, y + dy) for dx, dy in jump_to if 0 <= x + dx <= 9 and 0 <= y + dy <= 9}
s691099323.py(18):     return {(x + dx, y + dy) for dx, dy in jump_to if 0 <= x + dx <= 9 and 0 <= y + dy <= 9}
s691099323.py(18):     return {(x + dx, y + dy) for dx, dy in jump_to if 0 <= x + dx <= 9 and 0 <= y + dy <= 9}
s691099323.py(26):     for p in ps:
s691099323.py(27):       ret = ret | next_points(p)
 --- modulename: s691099323, funcname: next_points
s691099323.py(17):     x, y = p
s691099323.py(18):     return {(x + dx, y + dy) for dx, dy in jump_to if 0 <= x + dx <= 9 and 0 <= y + dy <= 9}
 --- modulename: s691099323, funcname: <setcomp>
s691099323.py(18):     return {(x + dx, y + dy) for dx, dy in jump_to if 0 <= x + dx <= 9 and 0 <= y + dy <= 9}
s691099323.py(18):     return {(x + dx, y + dy) for dx, dy in jump_to if 0 <= x + dx <= 9 and 0 <= y + dy <= 9}
s691099323.py(18):     return {(x + dx, y + dy) for dx, dy in jump_to if 0 <= x + dx <= 9 and 0 <= y + dy <= 9}
s691099323.py(18):     return {(x + dx, y + dy) for dx, dy in jump_to if 0 <= x + dx <= 9 and 0 <= y + dy <= 9}
s691099323.py(18):     return {(x + dx, y + dy) for dx, dy in jump_to if 0 <= x + dx <= 9 and 0 <= y + dy <= 9}
s691099323.py(18):     return {(x + dx, y + dy) for dx, dy in jump_to if 0 <= x + dx <= 9 and 0 <= y + dy <= 9}
s691099323.py(18):     return {(x + dx, y + dy) for dx, dy in jump_to if 0 <= x + dx <= 9 and 0 <= y + dy <= 9}
s691099323.py(18):     return {(x + dx, y + dy) for dx, dy in jump_to if 0 <= x + dx <= 9 and 0 <= y + dy <= 9}
s691099323.py(18):     return {(x + dx, y + dy) for dx, dy in jump_to if 0 <= x + dx <= 9 and 0 <= y + dy <= 9}
s691099323.py(18):     return {(x + dx, y + dy) for dx, dy in jump_to if 0 <= x + dx <= 9 and 0 <= y + dy <= 9}
s691099323.py(18):     return {(x + dx, y + dy) for dx, dy in jump_to if 0 <= x + dx <= 9 and 0 <= y + dy <= 9}
s691099323.py(18):     return {(x + dx, y + dy) for dx, dy in jump_to if 0 <= x + dx <= 9 and 0 <= y + dy <= 9}
s691099323.py(18):     return {(x + dx, y + dy) for dx, dy in jump_to if 0 <= x + dx <= 9 and 0 <= y + dy <= 9}
s691099323.py(26):     for p in ps:
s691099323.py(27):       ret = ret | next_points(p)
 --- modulename: s691099323, funcname: next_points
s691099323.py(17):     x, y = p
s691099323.py(18):     return {(x + dx, y + dy) for dx, dy in jump_to if 0 <= x + dx <= 9 and 0 <= y + dy <= 9}
 --- modulename: s691099323, funcname: <setcomp>
s691099323.py(18):     return {(x + dx, y + dy) for dx, dy in jump_to if 0 <= x + dx <= 9 and 0 <= y + dy <= 9}
s691099323.py(18):     return {(x + dx, y + dy) for dx, dy in jump_to if 0 <= x + dx <= 9 and 0 <= y + dy <= 9}
s691099323.py(18):     return {(x + dx, y + dy) for dx, dy in jump_to if 0 <= x + dx <= 9 and 0 <= y + dy <= 9}
s691099323.py(18):     return {(x + dx, y + dy) for dx, dy in jump_to if 0 <= x + dx <= 9 and 0 <= y + dy <= 9}
s691099323.py(18):     return {(x + dx, y + dy) for dx, dy in jump_to if 0 <= x + dx <= 9 and 0 <= y + dy <= 9}
s691099323.py(18):     return {(x + dx, y + dy) for dx, dy in jump_to if 0 <= x + dx <= 9 and 0 <= y + dy <= 9}
s691099323.py(18):     return {(x + dx, y + dy) for dx, dy in jump_to if 0 <= x + dx <= 9 and 0 <= y + dy <= 9}
s691099323.py(18):     return {(x + dx, y + dy) for dx, dy in jump_to if 0 <= x + dx <= 9 and 0 <= y + dy <= 9}
s691099323.py(18):     return {(x + dx, y + dy) for dx, dy in jump_to if 0 <= x + dx <= 9 and 0 <= y + dy <= 9}
s691099323.py(18):     return {(x + dx, y + dy) for dx, dy in jump_to if 0 <= x + dx <= 9 and 0 <= y + dy <= 9}
s691099323.py(18):     return {(x + dx, y + dy) for dx, dy in jump_to if 0 <= x + dx <= 9 and 0 <= y + dy <= 9}
s691099323.py(18):     return {(x + dx, y + dy) for dx, dy in jump_to if 0 <= x + dx <= 9 and 0 <= y + dy <= 9}
s691099323.py(18):     return {(x + dx, y + dy) for dx, dy in jump_to if 0 <= x + dx <= 9 and 0 <= y + dy <= 9}
s691099323.py(26):     for p in ps:
s691099323.py(27):       ret = ret | next_points(p)
 --- modulename: s691099323, funcname: next_points
s691099323.py(17):     x, y = p
s691099323.py(18):     return {(x + dx, y + dy) for dx, dy in jump_to if 0 <= x + dx <= 9 and 0 <= y + dy <= 9}
 --- modulename: s691099323, funcname: <setcomp>
s691099323.py(18):     return {(x + dx, y + dy) for dx, dy in jump_to if 0 <= x + dx <= 9 and 0 <= y + dy <= 9}
s691099323.py(18):     return {(x + dx, y + dy) for dx, dy in jump_to if 0 <= x + dx <= 9 and 0 <= y + dy <= 9}
s691099323.py(18):     return {(x + dx, y + dy) for dx, dy in jump_to if 0 <= x + dx <= 9 and 0 <= y + dy <= 9}
s691099323.py(18):     return {(x + dx, y + dy) for dx, dy in jump_to if 0 <= x + dx <= 9 and 0 <= y + dy <= 9}
s691099323.py(18):     return {(x + dx, y + dy) for dx, dy in jump_to if 0 <= x + dx <= 9 and 0 <= y + dy <= 9}
s691099323.py(18):     return {(x + dx, y + dy) for dx, dy in jump_to if 0 <= x + dx <= 9 and 0 <= y + dy <= 9}
s691099323.py(18):     return {(x + dx, y + dy) for dx, dy in jump_to if 0 <= x + dx <= 9 and 0 <= y + dy <= 9}
s691099323.py(18):     return {(x + dx, y + dy) for dx, dy in jump_to if 0 <= x + dx <= 9 and 0 <= y + dy <= 9}
s691099323.py(18):     return {(x + dx, y + dy) for dx, dy in jump_to if 0 <= x + dx <= 9 and 0 <= y + dy <= 9}
s691099323.py(18):     return {(x + dx, y + dy) for dx, dy in jump_to if 0 <= x + dx <= 9 and 0 <= y + dy <= 9}
s691099323.py(18):     return {(x + dx, y + dy) for dx, dy in jump_to if 0 <= x + dx <= 9 and 0 <= y + dy <= 9}
s691099323.py(18):     return {(x + dx, y + dy) for dx, dy in jump_to if 0 <= x + dx <= 9 and 0 <= y + dy <= 9}
s691099323.py(18):     return {(x + dx, y + dy) for dx, dy in jump_to if 0 <= x + dx <= 9 and 0 <= y + dy <= 9}
s691099323.py(26):     for p in ps:
s691099323.py(27):       ret = ret | next_points(p)
 --- modulename: s691099323, funcname: next_points
s691099323.py(17):     x, y = p
s691099323.py(18):     return {(x + dx, y + dy) for dx, dy in jump_to if 0 <= x + dx <= 9 and 0 <= y + dy <= 9}
 --- modulename: s691099323, funcname: <setcomp>
s691099323.py(18):     return {(x + dx, y + dy) for dx, dy in jump_to if 0 <= x + dx <= 9 and 0 <= y + dy <= 9}
s691099323.py(18):     return {(x + dx, y + dy) for dx, dy in jump_to if 0 <= x + dx <= 9 and 0 <= y + dy <= 9}
s691099323.py(18):     return {(x + dx, y + dy) for dx, dy in jump_to if 0 <= x + dx <= 9 and 0 <= y + dy <= 9}
s691099323.py(18):     return {(x + dx, y + dy) for dx, dy in jump_to if 0 <= x + dx <= 9 and 0 <= y + dy <= 9}
s691099323.py(18):     return {(x + dx, y + dy) for dx, dy in jump_to if 0 <= x + dx <= 9 and 0 <= y + dy <= 9}
s691099323.py(18):     return {(x + dx, y + dy) for dx, dy in jump_to if 0 <= x + dx <= 9 and 0 <= y + dy <= 9}
s691099323.py(18):     return {(x + dx, y + dy) for dx, dy in jump_to if 0 <= x + dx <= 9 and 0 <= y + dy <= 9}
s691099323.py(18):     return {(x + dx, y + dy) for dx, dy in jump_to if 0 <= x + dx <= 9 and 0 <= y + dy <= 9}
s691099323.py(18):     return {(x + dx, y + dy) for dx, dy in jump_to if 0 <= x + dx <= 9 and 0 <= y + dy <= 9}
s691099323.py(18):     return {(x + dx, y + dy) for dx, dy in jump_to if 0 <= x + dx <= 9 and 0 <= y + dy <= 9}
s691099323.py(18):     return {(x + dx, y + dy) for dx, dy in jump_to if 0 <= x + dx <= 9 and 0 <= y + dy <= 9}
s691099323.py(18):     return {(x + dx, y + dy) for dx, dy in jump_to if 0 <= x + dx <= 9 and 0 <= y + dy <= 9}
s691099323.py(18):     return {(x + dx, y + dy) for dx, dy in jump_to if 0 <= x + dx <= 9 and 0 <= y + dy <= 9}
s691099323.py(26):     for p in ps:
s691099323.py(28):     return ret
s691099323.py(31):   for sp in s_points:
s691099323.py(32):     i_survive = survive_points(sp)
 --- modulename: s691099323, funcname: survive_points
s691099323.py(21):     x, y = p
s691099323.py(22):     return {(x + dx, y + dy) for dx, dy in survive_range if 0 <= x + dx <= 9 and 0 <= y + dy <= 9}
 --- modulename: s691099323, funcname: <setcomp>
s691099323.py(22):     return {(x + dx, y + dy) for dx, dy in survive_range if 0 <= x + dx <= 9 and 0 <= y + dy <= 9}
s691099323.py(22):     return {(x + dx, y + dy) for dx, dy in survive_range if 0 <= x + dx <= 9 and 0 <= y + dy <= 9}
s691099323.py(22):     return {(x + dx, y + dy) for dx, dy in survive_range if 0 <= x + dx <= 9 and 0 <= y + dy <= 9}
s691099323.py(22):     return {(x + dx, y + dy) for dx, dy in survive_range if 0 <= x + dx <= 9 and 0 <= y + dy <= 9}
s691099323.py(22):     return {(x + dx, y + dy) for dx, dy in survive_range if 0 <= x + dx <= 9 and 0 <= y + dy <= 9}
s691099323.py(22):     return {(x + dx, y + dy) for dx, dy in survive_range if 0 <= x + dx <= 9 and 0 <= y + dy <= 9}
s691099323.py(22):     return {(x + dx, y + dy) for dx, dy in survive_range if 0 <= x + dx <= 9 and 0 <= y + dy <= 9}
s691099323.py(22):     return {(x + dx, y + dy) for dx, dy in survive_range if 0 <= x + dx <= 9 and 0 <= y + dy <= 9}
s691099323.py(22):     return {(x + dx, y + dy) for dx, dy in survive_range if 0 <= x + dx <= 9 and 0 <= y + dy <= 9}
s691099323.py(22):     return {(x + dx, y + dy) for dx, dy in survive_range if 0 <= x + dx <= 9 and 0 <= y + dy <= 9}
s691099323.py(33):     survive = next_survive(survive) & i_survive
 --- modulename: s691099323, funcname: next_survive
s691099323.py(25):     ret = set()
s691099323.py(26):     for p in ps:
s691099323.py(27):       ret = ret | next_points(p)
 --- modulename: s691099323, funcname: next_points
s691099323.py(17):     x, y = p
s691099323.py(18):     return {(x + dx, y + dy) for dx, dy in jump_to if 0 <= x + dx <= 9 and 0 <= y + dy <= 9}
 --- modulename: s691099323, funcname: <setcomp>
s691099323.py(18):     return {(x + dx, y + dy) for dx, dy in jump_to if 0 <= x + dx <= 9 and 0 <= y + dy <= 9}
s691099323.py(18):     return {(x + dx, y + dy) for dx, dy in jump_to if 0 <= x + dx <= 9 and 0 <= y + dy <= 9}
s691099323.py(18):     return {(x + dx, y + dy) for dx, dy in jump_to if 0 <= x + dx <= 9 and 0 <= y + dy <= 9}
s691099323.py(18):     return {(x + dx, y + dy) for dx, dy in jump_to if 0 <= x + dx <= 9 and 0 <= y + dy <= 9}
s691099323.py(18):     return {(x + dx, y + dy) for dx, dy in jump_to if 0 <= x + dx <= 9 and 0 <= y + dy <= 9}
s691099323.py(18):     return {(x + dx, y + dy) for dx, dy in jump_to if 0 <= x + dx <= 9 and 0 <= y + dy <= 9}
s691099323.py(18):     return {(x + dx, y + dy) for dx, dy in jump_to if 0 <= x + dx <= 9 and 0 <= y + dy <= 9}
s691099323.py(18):     return {(x + dx, y + dy) for dx, dy in jump_to if 0 <= x + dx <= 9 and 0 <= y + dy <= 9}
s691099323.py(18):     return {(x + dx, y + dy) for dx, dy in jump_to if 0 <= x + dx <= 9 and 0 <= y + dy <= 9}
s691099323.py(18):     return {(x + dx, y + dy) for dx, dy in jump_to if 0 <= x + dx <= 9 and 0 <= y + dy <= 9}
s691099323.py(18):     return {(x + dx, y + dy) for dx, dy in jump_to if 0 <= x + dx <= 9 and 0 <= y + dy <= 9}
s691099323.py(18):     return {(x + dx, y + dy) for dx, dy in jump_to if 0 <= x + dx <= 9 and 0 <= y + dy <= 9}
s691099323.py(18):     return {(x + dx, y + dy) for dx, dy in jump_to if 0 <= x + dx <= 9 and 0 <= y + dy <= 9}
s691099323.py(26):     for p in ps:
s691099323.py(27):       ret = ret | next_points(p)
 --- modulename: s691099323, funcname: next_points
s691099323.py(17):     x, y = p
s691099323.py(18):     return {(x + dx, y + dy) for dx, dy in jump_to if 0 <= x + dx <= 9 and 0 <= y + dy <= 9}
 --- modulename: s691099323, funcname: <setcomp>
s691099323.py(18):     return {(x + dx, y + dy) for dx, dy in jump_to if 0 <= x + dx <= 9 and 0 <= y + dy <= 9}
s691099323.py(18):     return {(x + dx, y + dy) for dx, dy in jump_to if 0 <= x + dx <= 9 and 0 <= y + dy <= 9}
s691099323.py(18):     return {(x + dx, y + dy) for dx, dy in jump_to if 0 <= x + dx <= 9 and 0 <= y + dy <= 9}
s691099323.py(18):     return {(x + dx, y + dy) for dx, dy in jump_to if 0 <= x + dx <= 9 and 0 <= y + dy <= 9}
s691099323.py(18):     return {(x + dx, y + dy) for dx, dy in jump_to if 0 <= x + dx <= 9 and 0 <= y + dy <= 9}
s691099323.py(18):     return {(x + dx, y + dy) for dx, dy in jump_to if 0 <= x + dx <= 9 and 0 <= y + dy <= 9}
s691099323.py(18):     return {(x + dx, y + dy) for dx, dy in jump_to if 0 <= x + dx <= 9 and 0 <= y + dy <= 9}
s691099323.py(18):     return {(x + dx, y + dy) for dx, dy in jump_to if 0 <= x + dx <= 9 and 0 <= y + dy <= 9}
s691099323.py(18):     return {(x + dx, y + dy) for dx, dy in jump_to if 0 <= x + dx <= 9 and 0 <= y + dy <= 9}
s691099323.py(18):     return {(x + dx, y + dy) for dx, dy in jump_to if 0 <= x + dx <= 9 and 0 <= y + dy <= 9}
s691099323.py(18):     return {(x + dx, y + dy) for dx, dy in jump_to if 0 <= x + dx <= 9 and 0 <= y + dy <= 9}
s691099323.py(18):     return {(x + dx, y + dy) for dx, dy in jump_to if 0 <= x + dx <= 9 and 0 <= y + dy <= 9}
s691099323.py(18):     return {(x + dx, y + dy) for dx, dy in jump_to if 0 <= x + dx <= 9 and 0 <= y + dy <= 9}
s691099323.py(26):     for p in ps:
s691099323.py(27):       ret = ret | next_points(p)
 --- modulename: s691099323, funcname: next_points
s691099323.py(17):     x, y = p
s691099323.py(18):     return {(x + dx, y + dy) for dx, dy in jump_to if 0 <= x + dx <= 9 and 0 <= y + dy <= 9}
 --- modulename: s691099323, funcname: <setcomp>
s691099323.py(18):     return {(x + dx, y + dy) for dx, dy in jump_to if 0 <= x + dx <= 9 and 0 <= y + dy <= 9}
s691099323.py(18):     return {(x + dx, y + dy) for dx, dy in jump_to if 0 <= x + dx <= 9 and 0 <= y + dy <= 9}
s691099323.py(18):     return {(x + dx, y + dy) for dx, dy in jump_to if 0 <= x + dx <= 9 and 0 <= y + dy <= 9}
s691099323.py(18):     return {(x + dx, y + dy) for dx, dy in jump_to if 0 <= x + dx <= 9 and 0 <= y + dy <= 9}
s691099323.py(18):     return {(x + dx, y + dy) for dx, dy in jump_to if 0 <= x + dx <= 9 and 0 <= y + dy <= 9}
s691099323.py(18):     return {(x + dx, y + dy) for dx, dy in jump_to if 0 <= x + dx <= 9 and 0 <= y + dy <= 9}
s691099323.py(18):     return {(x + dx, y + dy) for dx, dy in jump_to if 0 <= x + dx <= 9 and 0 <= y + dy <= 9}
s691099323.py(18):     return {(x + dx, y + dy) for dx, dy in jump_to if 0 <= x + dx <= 9 and 0 <= y + dy <= 9}
s691099323.py(18):     return {(x + dx, y + dy) for dx, dy in jump_to if 0 <= x + dx <= 9 and 0 <= y + dy <= 9}
s691099323.py(18):     return {(x + dx, y + dy) for dx, dy in jump_to if 0 <= x + dx <= 9 and 0 <= y + dy <= 9}
s691099323.py(18):     return {(x + dx, y + dy) for dx, dy in jump_to if 0 <= x + dx <= 9 and 0 <= y + dy <= 9}
s691099323.py(18):     return {(x + dx, y + dy) for dx, dy in jump_to if 0 <= x + dx <= 9 and 0 <= y + dy <= 9}
s691099323.py(18):     return {(x + dx, y + dy) for dx, dy in jump_to if 0 <= x + dx <= 9 and 0 <= y + dy <= 9}
s691099323.py(26):     for p in ps:
s691099323.py(27):       ret = ret | next_points(p)
 --- modulename: s691099323, funcname: next_points
s691099323.py(17):     x, y = p
s691099323.py(18):     return {(x + dx, y + dy) for dx, dy in jump_to if 0 <= x + dx <= 9 and 0 <= y + dy <= 9}
 --- modulename: s691099323, funcname: <setcomp>
s691099323.py(18):     return {(x + dx, y + dy) for dx, dy in jump_to if 0 <= x + dx <= 9 and 0 <= y + dy <= 9}
s691099323.py(18):     return {(x + dx, y + dy) for dx, dy in jump_to if 0 <= x + dx <= 9 and 0 <= y + dy <= 9}
s691099323.py(18):     return {(x + dx, y + dy) for dx, dy in jump_to if 0 <= x + dx <= 9 and 0 <= y + dy <= 9}
s691099323.py(18):     return {(x + dx, y + dy) for dx, dy in jump_to if 0 <= x + dx <= 9 and 0 <= y + dy <= 9}
s691099323.py(18):     return {(x + dx, y + dy) for dx, dy in jump_to if 0 <= x + dx <= 9 and 0 <= y + dy <= 9}
s691099323.py(18):     return {(x + dx, y + dy) for dx, dy in jump_to if 0 <= x + dx <= 9 and 0 <= y + dy <= 9}
s691099323.py(18):     return {(x + dx, y + dy) for dx, dy in jump_to if 0 <= x + dx <= 9 and 0 <= y + dy <= 9}
s691099323.py(18):     return {(x + dx, y + dy) for dx, dy in jump_to if 0 <= x + dx <= 9 and 0 <= y + dy <= 9}
s691099323.py(18):     return {(x + dx, y + dy) for dx, dy in jump_to if 0 <= x + dx <= 9 and 0 <= y + dy <= 9}
s691099323.py(18):     return {(x + dx, y + dy) for dx, dy in jump_to if 0 <= x + dx <= 9 and 0 <= y + dy <= 9}
s691099323.py(18):     return {(x + dx, y + dy) for dx, dy in jump_to if 0 <= x + dx <= 9 and 0 <= y + dy <= 9}
s691099323.py(18):     return {(x + dx, y + dy) for dx, dy in jump_to if 0 <= x + dx <= 9 and 0 <= y + dy <= 9}
s691099323.py(18):     return {(x + dx, y + dy) for dx, dy in jump_to if 0 <= x + dx <= 9 and 0 <= y + dy <= 9}
s691099323.py(26):     for p in ps:
s691099323.py(27):       ret = ret | next_points(p)
 --- modulename: s691099323, funcname: next_points
s691099323.py(17):     x, y = p
s691099323.py(18):     return {(x + dx, y + dy) for dx, dy in jump_to if 0 <= x + dx <= 9 and 0 <= y + dy <= 9}
 --- modulename: s691099323, funcname: <setcomp>
s691099323.py(18):     return {(x + dx, y + dy) for dx, dy in jump_to if 0 <= x + dx <= 9 and 0 <= y + dy <= 9}
s691099323.py(18):     return {(x + dx, y + dy) for dx, dy in jump_to if 0 <= x + dx <= 9 and 0 <= y + dy <= 9}
s691099323.py(18):     return {(x + dx, y + dy) for dx, dy in jump_to if 0 <= x + dx <= 9 and 0 <= y + dy <= 9}
s691099323.py(18):     return {(x + dx, y + dy) for dx, dy in jump_to if 0 <= x + dx <= 9 and 0 <= y + dy <= 9}
s691099323.py(18):     return {(x + dx, y + dy) for dx, dy in jump_to if 0 <= x + dx <= 9 and 0 <= y + dy <= 9}
s691099323.py(18):     return {(x + dx, y + dy) for dx, dy in jump_to if 0 <= x + dx <= 9 and 0 <= y + dy <= 9}
s691099323.py(18):     return {(x + dx, y + dy) for dx, dy in jump_to if 0 <= x + dx <= 9 and 0 <= y + dy <= 9}
s691099323.py(18):     return {(x + dx, y + dy) for dx, dy in jump_to if 0 <= x + dx <= 9 and 0 <= y + dy <= 9}
s691099323.py(18):     return {(x + dx, y + dy) for dx, dy in jump_to if 0 <= x + dx <= 9 and 0 <= y + dy <= 9}
s691099323.py(18):     return {(x + dx, y + dy) for dx, dy in jump_to if 0 <= x + dx <= 9 and 0 <= y + dy <= 9}
s691099323.py(18):     return {(x + dx, y + dy) for dx, dy in jump_to if 0 <= x + dx <= 9 and 0 <= y + dy <= 9}
s691099323.py(18):     return {(x + dx, y + dy) for dx, dy in jump_to if 0 <= x + dx <= 9 and 0 <= y + dy <= 9}
s691099323.py(18):     return {(x + dx, y + dy) for dx, dy in jump_to if 0 <= x + dx <= 9 and 0 <= y + dy <= 9}
s691099323.py(26):     for p in ps:
s691099323.py(27):       ret = ret | next_points(p)
 --- modulename: s691099323, funcname: next_points
s691099323.py(17):     x, y = p
s691099323.py(18):     return {(x + dx, y + dy) for dx, dy in jump_to if 0 <= x + dx <= 9 and 0 <= y + dy <= 9}
 --- modulename: s691099323, funcname: <setcomp>
s691099323.py(18):     return {(x + dx, y + dy) for dx, dy in jump_to if 0 <= x + dx <= 9 and 0 <= y + dy <= 9}
s691099323.py(18):     return {(x + dx, y + dy) for dx, dy in jump_to if 0 <= x + dx <= 9 and 0 <= y + dy <= 9}
s691099323.py(18):     return {(x + dx, y + dy) for dx, dy in jump_to if 0 <= x + dx <= 9 and 0 <= y + dy <= 9}
s691099323.py(18):     return {(x + dx, y + dy) for dx, dy in jump_to if 0 <= x + dx <= 9 and 0 <= y + dy <= 9}
s691099323.py(18):     return {(x + dx, y + dy) for dx, dy in jump_to if 0 <= x + dx <= 9 and 0 <= y + dy <= 9}
s691099323.py(18):     return {(x + dx, y + dy) for dx, dy in jump_to if 0 <= x + dx <= 9 and 0 <= y + dy <= 9}
s691099323.py(18):     return {(x + dx, y + dy) for dx, dy in jump_to if 0 <= x + dx <= 9 and 0 <= y + dy <= 9}
s691099323.py(18):     return {(x + dx, y + dy) for dx, dy in jump_to if 0 <= x + dx <= 9 and 0 <= y + dy <= 9}
s691099323.py(18):     return {(x + dx, y + dy) for dx, dy in jump_to if 0 <= x + dx <= 9 and 0 <= y + dy <= 9}
s691099323.py(18):     return {(x + dx, y + dy) for dx, dy in jump_to if 0 <= x + dx <= 9 and 0 <= y + dy <= 9}
s691099323.py(18):     return {(x + dx, y + dy) for dx, dy in jump_to if 0 <= x + dx <= 9 and 0 <= y + dy <= 9}
s691099323.py(18):     return {(x + dx, y + dy) for dx, dy in jump_to if 0 <= x + dx <= 9 and 0 <= y + dy <= 9}
s691099323.py(18):     return {(x + dx, y + dy) for dx, dy in jump_to if 0 <= x + dx <= 9 and 0 <= y + dy <= 9}
s691099323.py(26):     for p in ps:
s691099323.py(28):     return ret
s691099323.py(31):   for sp in s_points:
s691099323.py(32):     i_survive = survive_points(sp)
 --- modulename: s691099323, funcname: survive_points
s691099323.py(21):     x, y = p
s691099323.py(22):     return {(x + dx, y + dy) for dx, dy in survive_range if 0 <= x + dx <= 9 and 0 <= y + dy <= 9}
 --- modulename: s691099323, funcname: <setcomp>
s691099323.py(22):     return {(x + dx, y + dy) for dx, dy in survive_range if 0 <= x + dx <= 9 and 0 <= y + dy <= 9}
s691099323.py(22):     return {(x + dx, y + dy) for dx, dy in survive_range if 0 <= x + dx <= 9 and 0 <= y + dy <= 9}
s691099323.py(22):     return {(x + dx, y + dy) for dx, dy in survive_range if 0 <= x + dx <= 9 and 0 <= y + dy <= 9}
s691099323.py(22):     return {(x + dx, y + dy) for dx, dy in survive_range if 0 <= x + dx <= 9 and 0 <= y + dy <= 9}
s691099323.py(22):     return {(x + dx, y + dy) for dx, dy in survive_range if 0 <= x + dx <= 9 and 0 <= y + dy <= 9}
s691099323.py(22):     return {(x + dx, y + dy) for dx, dy in survive_range if 0 <= x + dx <= 9 and 0 <= y + dy <= 9}
s691099323.py(22):     return {(x + dx, y + dy) for dx, dy in survive_range if 0 <= x + dx <= 9 and 0 <= y + dy <= 9}
s691099323.py(22):     return {(x + dx, y + dy) for dx, dy in survive_range if 0 <= x + dx <= 9 and 0 <= y + dy <= 9}
s691099323.py(22):     return {(x + dx, y + dy) for dx, dy in survive_range if 0 <= x + dx <= 9 and 0 <= y + dy <= 9}
s691099323.py(22):     return {(x + dx, y + dy) for dx, dy in survive_range if 0 <= x + dx <= 9 and 0 <= y + dy <= 9}
s691099323.py(33):     survive = next_survive(survive) & i_survive
 --- modulename: s691099323, funcname: next_survive
s691099323.py(25):     ret = set()
s691099323.py(26):     for p in ps:
s691099323.py(27):       ret = ret | next_points(p)
 --- modulename: s691099323, funcname: next_points
s691099323.py(17):     x, y = p
s691099323.py(18):     return {(x + dx, y + dy) for dx, dy in jump_to if 0 <= x + dx <= 9 and 0 <= y + dy <= 9}
 --- modulename: s691099323, funcname: <setcomp>
s691099323.py(18):     return {(x + dx, y + dy) for dx, dy in jump_to if 0 <= x + dx <= 9 and 0 <= y + dy <= 9}
s691099323.py(18):     return {(x + dx, y + dy) for dx, dy in jump_to if 0 <= x + dx <= 9 and 0 <= y + dy <= 9}
s691099323.py(18):     return {(x + dx, y + dy) for dx, dy in jump_to if 0 <= x + dx <= 9 and 0 <= y + dy <= 9}
s691099323.py(18):     return {(x + dx, y + dy) for dx, dy in jump_to if 0 <= x + dx <= 9 and 0 <= y + dy <= 9}
s691099323.py(18):     return {(x + dx, y + dy) for dx, dy in jump_to if 0 <= x + dx <= 9 and 0 <= y + dy <= 9}
s691099323.py(18):     return {(x + dx, y + dy) for dx, dy in jump_to if 0 <= x + dx <= 9 and 0 <= y + dy <= 9}
s691099323.py(18):     return {(x + dx, y + dy) for dx, dy in jump_to if 0 <= x + dx <= 9 and 0 <= y + dy <= 9}
s691099323.py(18):     return {(x + dx, y + dy) for dx, dy in jump_to if 0 <= x + dx <= 9 and 0 <= y + dy <= 9}
s691099323.py(18):     return {(x + dx, y + dy) for dx, dy in jump_to if 0 <= x + dx <= 9 and 0 <= y + dy <= 9}
s691099323.py(18):     return {(x + dx, y + dy) for dx, dy in jump_to if 0 <= x + dx <= 9 and 0 <= y + dy <= 9}
s691099323.py(18):     return {(x + dx, y + dy) for dx, dy in jump_to if 0 <= x + dx <= 9 and 0 <= y + dy <= 9}
s691099323.py(18):     return {(x + dx, y + dy) for dx, dy in jump_to if 0 <= x + dx <= 9 and 0 <= y + dy <= 9}
s691099323.py(18):     return {(x + dx, y + dy) for dx, dy in jump_to if 0 <= x + dx <= 9 and 0 <= y + dy <= 9}
s691099323.py(26):     for p in ps:
s691099323.py(27):       ret = ret | next_points(p)
 --- modulename: s691099323, funcname: next_points
s691099323.py(17):     x, y = p
s691099323.py(18):     return {(x + dx, y + dy) for dx, dy in jump_to if 0 <= x + dx <= 9 and 0 <= y + dy <= 9}
 --- modulename: s691099323, funcname: <setcomp>
s691099323.py(18):     return {(x + dx, y + dy) for dx, dy in jump_to if 0 <= x + dx <= 9 and 0 <= y + dy <= 9}
s691099323.py(18):     return {(x + dx, y + dy) for dx, dy in jump_to if 0 <= x + dx <= 9 and 0 <= y + dy <= 9}
s691099323.py(18):     return {(x + dx, y + dy) for dx, dy in jump_to if 0 <= x + dx <= 9 and 0 <= y + dy <= 9}
s691099323.py(18):     return {(x + dx, y + dy) for dx, dy in jump_to if 0 <= x + dx <= 9 and 0 <= y + dy <= 9}
s691099323.py(18):     return {(x + dx, y + dy) for dx, dy in jump_to if 0 <= x + dx <= 9 and 0 <= y + dy <= 9}
s691099323.py(18):     return {(x + dx, y + dy) for dx, dy in jump_to if 0 <= x + dx <= 9 and 0 <= y + dy <= 9}
s691099323.py(18):     return {(x + dx, y + dy) for dx, dy in jump_to if 0 <= x + dx <= 9 and 0 <= y + dy <= 9}
s691099323.py(18):     return {(x + dx, y + dy) for dx, dy in jump_to if 0 <= x + dx <= 9 and 0 <= y + dy <= 9}
s691099323.py(18):     return {(x + dx, y + dy) for dx, dy in jump_to if 0 <= x + dx <= 9 and 0 <= y + dy <= 9}
s691099323.py(18):     return {(x + dx, y + dy) for dx, dy in jump_to if 0 <= x + dx <= 9 and 0 <= y + dy <= 9}
s691099323.py(18):     return {(x + dx, y + dy) for dx, dy in jump_to if 0 <= x + dx <= 9 and 0 <= y + dy <= 9}
s691099323.py(18):     return {(x + dx, y + dy) for dx, dy in jump_to if 0 <= x + dx <= 9 and 0 <= y + dy <= 9}
s691099323.py(18):     return {(x + dx, y + dy) for dx, dy in jump_to if 0 <= x + dx <= 9 and 0 <= y + dy <= 9}
s691099323.py(26):     for p in ps:
s691099323.py(27):       ret = ret | next_points(p)
 --- modulename: s691099323, funcname: next_points
s691099323.py(17):     x, y = p
s691099323.py(18):     return {(x + dx, y + dy) for dx, dy in jump_to if 0 <= x + dx <= 9 and 0 <= y + dy <= 9}
 --- modulename: s691099323, funcname: <setcomp>
s691099323.py(18):     return {(x + dx, y + dy) for dx, dy in jump_to if 0 <= x + dx <= 9 and 0 <= y + dy <= 9}
s691099323.py(18):     return {(x + dx, y + dy) for dx, dy in jump_to if 0 <= x + dx <= 9 and 0 <= y + dy <= 9}
s691099323.py(18):     return {(x + dx, y + dy) for dx, dy in jump_to if 0 <= x + dx <= 9 and 0 <= y + dy <= 9}
s691099323.py(18):     return {(x + dx, y + dy) for dx, dy in jump_to if 0 <= x + dx <= 9 and 0 <= y + dy <= 9}
s691099323.py(18):     return {(x + dx, y + dy) for dx, dy in jump_to if 0 <= x + dx <= 9 and 0 <= y + dy <= 9}
s691099323.py(18):     return {(x + dx, y + dy) for dx, dy in jump_to if 0 <= x + dx <= 9 and 0 <= y + dy <= 9}
s691099323.py(18):     return {(x + dx, y + dy) for dx, dy in jump_to if 0 <= x + dx <= 9 and 0 <= y + dy <= 9}
s691099323.py(18):     return {(x + dx, y + dy) for dx, dy in jump_to if 0 <= x + dx <= 9 and 0 <= y + dy <= 9}
s691099323.py(18):     return {(x + dx, y + dy) for dx, dy in jump_to if 0 <= x + dx <= 9 and 0 <= y + dy <= 9}
s691099323.py(18):     return {(x + dx, y + dy) for dx, dy in jump_to if 0 <= x + dx <= 9 and 0 <= y + dy <= 9}
s691099323.py(18):     return {(x + dx, y + dy) for dx, dy in jump_to if 0 <= x + dx <= 9 and 0 <= y + dy <= 9}
s691099323.py(18):     return {(x + dx, y + dy) for dx, dy in jump_to if 0 <= x + dx <= 9 and 0 <= y + dy <= 9}
s691099323.py(18):     return {(x + dx, y + dy) for dx, dy in jump_to if 0 <= x + dx <= 9 and 0 <= y + dy <= 9}
s691099323.py(26):     for p in ps:
s691099323.py(27):       ret = ret | next_points(p)
 --- modulename: s691099323, funcname: next_points
s691099323.py(17):     x, y = p
s691099323.py(18):     return {(x + dx, y + dy) for dx, dy in jump_to if 0 <= x + dx <= 9 and 0 <= y + dy <= 9}
 --- modulename: s691099323, funcname: <setcomp>
s691099323.py(18):     return {(x + dx, y + dy) for dx, dy in jump_to if 0 <= x + dx <= 9 and 0 <= y + dy <= 9}
s691099323.py(18):     return {(x + dx, y + dy) for dx, dy in jump_to if 0 <= x + dx <= 9 and 0 <= y + dy <= 9}
s691099323.py(18):     return {(x + dx, y + dy) for dx, dy in jump_to if 0 <= x + dx <= 9 and 0 <= y + dy <= 9}
s691099323.py(18):     return {(x + dx, y + dy) for dx, dy in jump_to if 0 <= x + dx <= 9 and 0 <= y + dy <= 9}
s691099323.py(18):     return {(x + dx, y + dy) for dx, dy in jump_to if 0 <= x + dx <= 9 and 0 <= y + dy <= 9}
s691099323.py(18):     return {(x + dx, y + dy) for dx, dy in jump_to if 0 <= x + dx <= 9 and 0 <= y + dy <= 9}
s691099323.py(18):     return {(x + dx, y + dy) for dx, dy in jump_to if 0 <= x + dx <= 9 and 0 <= y + dy <= 9}
s691099323.py(18):     return {(x + dx, y + dy) for dx, dy in jump_to if 0 <= x + dx <= 9 and 0 <= y + dy <= 9}
s691099323.py(18):     return {(x + dx, y + dy) for dx, dy in jump_to if 0 <= x + dx <= 9 and 0 <= y + dy <= 9}
s691099323.py(18):     return {(x + dx, y + dy) for dx, dy in jump_to if 0 <= x + dx <= 9 and 0 <= y + dy <= 9}
s691099323.py(18):     return {(x + dx, y + dy) for dx, dy in jump_to if 0 <= x + dx <= 9 and 0 <= y + dy <= 9}
s691099323.py(18):     return {(x + dx, y + dy) for dx, dy in jump_to if 0 <= x + dx <= 9 and 0 <= y + dy <= 9}
s691099323.py(18):     return {(x + dx, y + dy) for dx, dy in jump_to if 0 <= x + dx <= 9 and 0 <= y + dy <= 9}
s691099323.py(26):     for p in ps:
s691099323.py(28):     return ret
s691099323.py(31):   for sp in s_points:
s691099323.py(32):     i_survive = survive_points(sp)
 --- modulename: s691099323, funcname: survive_points
s691099323.py(21):     x, y = p
s691099323.py(22):     return {(x + dx, y + dy) for dx, dy in survive_range if 0 <= x + dx <= 9 and 0 <= y + dy <= 9}
 --- modulename: s691099323, funcname: <setcomp>
s691099323.py(22):     return {(x + dx, y + dy) for dx, dy in survive_range if 0 <= x + dx <= 9 and 0 <= y + dy <= 9}
s691099323.py(22):     return {(x + dx, y + dy) for dx, dy in survive_range if 0 <= x + dx <= 9 and 0 <= y + dy <= 9}
s691099323.py(22):     return {(x + dx, y + dy) for dx, dy in survive_range if 0 <= x + dx <= 9 and 0 <= y + dy <= 9}
s691099323.py(22):     return {(x + dx, y + dy) for dx, dy in survive_range if 0 <= x + dx <= 9 and 0 <= y + dy <= 9}
s691099323.py(22):     return {(x + dx, y + dy) for dx, dy in survive_range if 0 <= x + dx <= 9 and 0 <= y + dy <= 9}
s691099323.py(22):     return {(x + dx, y + dy) for dx, dy in survive_range if 0 <= x + dx <= 9 and 0 <= y + dy <= 9}
s691099323.py(22):     return {(x + dx, y + dy) for dx, dy in survive_range if 0 <= x + dx <= 9 and 0 <= y + dy <= 9}
s691099323.py(22):     return {(x + dx, y + dy) for dx, dy in survive_range if 0 <= x + dx <= 9 and 0 <= y + dy <= 9}
s691099323.py(22):     return {(x + dx, y + dy) for dx, dy in survive_range if 0 <= x + dx <= 9 and 0 <= y + dy <= 9}
s691099323.py(22):     return {(x + dx, y + dy) for dx, dy in survive_range if 0 <= x + dx <= 9 and 0 <= y + dy <= 9}
s691099323.py(33):     survive = next_survive(survive) & i_survive
 --- modulename: s691099323, funcname: next_survive
s691099323.py(25):     ret = set()
s691099323.py(26):     for p in ps:
s691099323.py(27):       ret = ret | next_points(p)
 --- modulename: s691099323, funcname: next_points
s691099323.py(17):     x, y = p
s691099323.py(18):     return {(x + dx, y + dy) for dx, dy in jump_to if 0 <= x + dx <= 9 and 0 <= y + dy <= 9}
 --- modulename: s691099323, funcname: <setcomp>
s691099323.py(18):     return {(x + dx, y + dy) for dx, dy in jump_to if 0 <= x + dx <= 9 and 0 <= y + dy <= 9}
s691099323.py(18):     return {(x + dx, y + dy) for dx, dy in jump_to if 0 <= x + dx <= 9 and 0 <= y + dy <= 9}
s691099323.py(18):     return {(x + dx, y + dy) for dx, dy in jump_to if 0 <= x + dx <= 9 and 0 <= y + dy <= 9}
s691099323.py(18):     return {(x + dx, y + dy) for dx, dy in jump_to if 0 <= x + dx <= 9 and 0 <= y + dy <= 9}
s691099323.py(18):     return {(x + dx, y + dy) for dx, dy in jump_to if 0 <= x + dx <= 9 and 0 <= y + dy <= 9}
s691099323.py(18):     return {(x + dx, y + dy) for dx, dy in jump_to if 0 <= x + dx <= 9 and 0 <= y + dy <= 9}
s691099323.py(18):     return {(x + dx, y + dy) for dx, dy in jump_to if 0 <= x + dx <= 9 and 0 <= y + dy <= 9}
s691099323.py(18):     return {(x + dx, y + dy) for dx, dy in jump_to if 0 <= x + dx <= 9 and 0 <= y + dy <= 9}
s691099323.py(18):     return {(x + dx, y + dy) for dx, dy in jump_to if 0 <= x + dx <= 9 and 0 <= y + dy <= 9}
s691099323.py(18):     return {(x + dx, y + dy) for dx, dy in jump_to if 0 <= x + dx <= 9 and 0 <= y + dy <= 9}
s691099323.py(18):     return {(x + dx, y + dy) for dx, dy in jump_to if 0 <= x + dx <= 9 and 0 <= y + dy <= 9}
s691099323.py(18):     return {(x + dx, y + dy) for dx, dy in jump_to if 0 <= x + dx <= 9 and 0 <= y + dy <= 9}
s691099323.py(18):     return {(x + dx, y + dy) for dx, dy in jump_to if 0 <= x + dx <= 9 and 0 <= y + dy <= 9}
s691099323.py(26):     for p in ps:
s691099323.py(27):       ret = ret | next_points(p)
 --- modulename: s691099323, funcname: next_points
s691099323.py(17):     x, y = p
s691099323.py(18):     return {(x + dx, y + dy) for dx, dy in jump_to if 0 <= x + dx <= 9 and 0 <= y + dy <= 9}
 --- modulename: s691099323, funcname: <setcomp>
s691099323.py(18):     return {(x + dx, y + dy) for dx, dy in jump_to if 0 <= x + dx <= 9 and 0 <= y + dy <= 9}
s691099323.py(18):     return {(x + dx, y + dy) for dx, dy in jump_to if 0 <= x + dx <= 9 and 0 <= y + dy <= 9}
s691099323.py(18):     return {(x + dx, y + dy) for dx, dy in jump_to if 0 <= x + dx <= 9 and 0 <= y + dy <= 9}
s691099323.py(18):     return {(x + dx, y + dy) for dx, dy in jump_to if 0 <= x + dx <= 9 and 0 <= y + dy <= 9}
s691099323.py(18):     return {(x + dx, y + dy) for dx, dy in jump_to if 0 <= x + dx <= 9 and 0 <= y + dy <= 9}
s691099323.py(18):     return {(x + dx, y + dy) for dx, dy in jump_to if 0 <= x + dx <= 9 and 0 <= y + dy <= 9}
s691099323.py(18):     return {(x + dx, y + dy) for dx, dy in jump_to if 0 <= x + dx <= 9 and 0 <= y + dy <= 9}
s691099323.py(18):     return {(x + dx, y + dy) for dx, dy in jump_to if 0 <= x + dx <= 9 and 0 <= y + dy <= 9}
s691099323.py(18):     return {(x + dx, y + dy) for dx, dy in jump_to if 0 <= x + dx <= 9 and 0 <= y + dy <= 9}
s691099323.py(18):     return {(x + dx, y + dy) for dx, dy in jump_to if 0 <= x + dx <= 9 and 0 <= y + dy <= 9}
s691099323.py(18):     return {(x + dx, y + dy) for dx, dy in jump_to if 0 <= x + dx <= 9 and 0 <= y + dy <= 9}
s691099323.py(18):     return {(x + dx, y + dy) for dx, dy in jump_to if 0 <= x + dx <= 9 and 0 <= y + dy <= 9}
s691099323.py(18):     return {(x + dx, y + dy) for dx, dy in jump_to if 0 <= x + dx <= 9 and 0 <= y + dy <= 9}
s691099323.py(26):     for p in ps:
s691099323.py(28):     return ret
s691099323.py(31):   for sp in s_points:
s691099323.py(32):     i_survive = survive_points(sp)
 --- modulename: s691099323, funcname: survive_points
s691099323.py(21):     x, y = p
s691099323.py(22):     return {(x + dx, y + dy) for dx, dy in survive_range if 0 <= x + dx <= 9 and 0 <= y + dy <= 9}
 --- modulename: s691099323, funcname: <setcomp>
s691099323.py(22):     return {(x + dx, y + dy) for dx, dy in survive_range if 0 <= x + dx <= 9 and 0 <= y + dy <= 9}
s691099323.py(22):     return {(x + dx, y + dy) for dx, dy in survive_range if 0 <= x + dx <= 9 and 0 <= y + dy <= 9}
s691099323.py(22):     return {(x + dx, y + dy) for dx, dy in survive_range if 0 <= x + dx <= 9 and 0 <= y + dy <= 9}
s691099323.py(22):     return {(x + dx, y + dy) for dx, dy in survive_range if 0 <= x + dx <= 9 and 0 <= y + dy <= 9}
s691099323.py(22):     return {(x + dx, y + dy) for dx, dy in survive_range if 0 <= x + dx <= 9 and 0 <= y + dy <= 9}
s691099323.py(22):     return {(x + dx, y + dy) for dx, dy in survive_range if 0 <= x + dx <= 9 and 0 <= y + dy <= 9}
s691099323.py(22):     return {(x + dx, y + dy) for dx, dy in survive_range if 0 <= x + dx <= 9 and 0 <= y + dy <= 9}
s691099323.py(22):     return {(x + dx, y + dy) for dx, dy in survive_range if 0 <= x + dx <= 9 and 0 <= y + dy <= 9}
s691099323.py(22):     return {(x + dx, y + dy) for dx, dy in survive_range if 0 <= x + dx <= 9 and 0 <= y + dy <= 9}
s691099323.py(22):     return {(x + dx, y + dy) for dx, dy in survive_range if 0 <= x + dx <= 9 and 0 <= y + dy <= 9}
s691099323.py(33):     survive = next_survive(survive) & i_survive
 --- modulename: s691099323, funcname: next_survive
s691099323.py(25):     ret = set()
s691099323.py(26):     for p in ps:
s691099323.py(27):       ret = ret | next_points(p)
 --- modulename: s691099323, funcname: next_points
s691099323.py(17):     x, y = p
s691099323.py(18):     return {(x + dx, y + dy) for dx, dy in jump_to if 0 <= x + dx <= 9 and 0 <= y + dy <= 9}
 --- modulename: s691099323, funcname: <setcomp>
s691099323.py(18):     return {(x + dx, y + dy) for dx, dy in jump_to if 0 <= x + dx <= 9 and 0 <= y + dy <= 9}
s691099323.py(18):     return {(x + dx, y + dy) for dx, dy in jump_to if 0 <= x + dx <= 9 and 0 <= y + dy <= 9}
s691099323.py(18):     return {(x + dx, y + dy) for dx, dy in jump_to if 0 <= x + dx <= 9 and 0 <= y + dy <= 9}
s691099323.py(18):     return {(x + dx, y + dy) for dx, dy in jump_to if 0 <= x + dx <= 9 and 0 <= y + dy <= 9}
s691099323.py(18):     return {(x + dx, y + dy) for dx, dy in jump_to if 0 <= x + dx <= 9 and 0 <= y + dy <= 9}
s691099323.py(18):     return {(x + dx, y + dy) for dx, dy in jump_to if 0 <= x + dx <= 9 and 0 <= y + dy <= 9}
s691099323.py(18):     return {(x + dx, y + dy) for dx, dy in jump_to if 0 <= x + dx <= 9 and 0 <= y + dy <= 9}
s691099323.py(18):     return {(x + dx, y + dy) for dx, dy in jump_to if 0 <= x + dx <= 9 and 0 <= y + dy <= 9}
s691099323.py(18):     return {(x + dx, y + dy) for dx, dy in jump_to if 0 <= x + dx <= 9 and 0 <= y + dy <= 9}
s691099323.py(18):     return {(x + dx, y + dy) for dx, dy in jump_to if 0 <= x + dx <= 9 and 0 <= y + dy <= 9}
s691099323.py(18):     return {(x + dx, y + dy) for dx, dy in jump_to if 0 <= x + dx <= 9 and 0 <= y + dy <= 9}
s691099323.py(18):     return {(x + dx, y + dy) for dx, dy in jump_to if 0 <= x + dx <= 9 and 0 <= y + dy <= 9}
s691099323.py(18):     return {(x + dx, y + dy) for dx, dy in jump_to if 0 <= x + dx <= 9 and 0 <= y + dy <= 9}
s691099323.py(26):     for p in ps:
s691099323.py(27):       ret = ret | next_points(p)
 --- modulename: s691099323, funcname: next_points
s691099323.py(17):     x, y = p
s691099323.py(18):     return {(x + dx, y + dy) for dx, dy in jump_to if 0 <= x + dx <= 9 and 0 <= y + dy <= 9}
 --- modulename: s691099323, funcname: <setcomp>
s691099323.py(18):     return {(x + dx, y + dy) for dx, dy in jump_to if 0 <= x + dx <= 9 and 0 <= y + dy <= 9}
s691099323.py(18):     return {(x + dx, y + dy) for dx, dy in jump_to if 0 <= x + dx <= 9 and 0 <= y + dy <= 9}
s691099323.py(18):     return {(x + dx, y + dy) for dx, dy in jump_to if 0 <= x + dx <= 9 and 0 <= y + dy <= 9}
s691099323.py(18):     return {(x + dx, y + dy) for dx, dy in jump_to if 0 <= x + dx <= 9 and 0 <= y + dy <= 9}
s691099323.py(18):     return {(x + dx, y + dy) for dx, dy in jump_to if 0 <= x + dx <= 9 and 0 <= y + dy <= 9}
s691099323.py(18):     return {(x + dx, y + dy) for dx, dy in jump_to if 0 <= x + dx <= 9 and 0 <= y + dy <= 9}
s691099323.py(18):     return {(x + dx, y + dy) for dx, dy in jump_to if 0 <= x + dx <= 9 and 0 <= y + dy <= 9}
s691099323.py(18):     return {(x + dx, y + dy) for dx, dy in jump_to if 0 <= x + dx <= 9 and 0 <= y + dy <= 9}
s691099323.py(18):     return {(x + dx, y + dy) for dx, dy in jump_to if 0 <= x + dx <= 9 and 0 <= y + dy <= 9}
s691099323.py(18):     return {(x + dx, y + dy) for dx, dy in jump_to if 0 <= x + dx <= 9 and 0 <= y + dy <= 9}
s691099323.py(18):     return {(x + dx, y + dy) for dx, dy in jump_to if 0 <= x + dx <= 9 and 0 <= y + dy <= 9}
s691099323.py(18):     return {(x + dx, y + dy) for dx, dy in jump_to if 0 <= x + dx <= 9 and 0 <= y + dy <= 9}
s691099323.py(18):     return {(x + dx, y + dy) for dx, dy in jump_to if 0 <= x + dx <= 9 and 0 <= y + dy <= 9}
s691099323.py(26):     for p in ps:
s691099323.py(27):       ret = ret | next_points(p)
 --- modulename: s691099323, funcname: next_points
s691099323.py(17):     x, y = p
s691099323.py(18):     return {(x + dx, y + dy) for dx, dy in jump_to if 0 <= x + dx <= 9 and 0 <= y + dy <= 9}
 --- modulename: s691099323, funcname: <setcomp>
s691099323.py(18):     return {(x + dx, y + dy) for dx, dy in jump_to if 0 <= x + dx <= 9 and 0 <= y + dy <= 9}
s691099323.py(18):     return {(x + dx, y + dy) for dx, dy in jump_to if 0 <= x + dx <= 9 and 0 <= y + dy <= 9}
s691099323.py(18):     return {(x + dx, y + dy) for dx, dy in jump_to if 0 <= x + dx <= 9 and 0 <= y + dy <= 9}
s691099323.py(18):     return {(x + dx, y + dy) for dx, dy in jump_to if 0 <= x + dx <= 9 and 0 <= y + dy <= 9}
s691099323.py(18):     return {(x + dx, y + dy) for dx, dy in jump_to if 0 <= x + dx <= 9 and 0 <= y + dy <= 9}
s691099323.py(18):     return {(x + dx, y + dy) for dx, dy in jump_to if 0 <= x + dx <= 9 and 0 <= y + dy <= 9}
s691099323.py(18):     return {(x + dx, y + dy) for dx, dy in jump_to if 0 <= x + dx <= 9 and 0 <= y + dy <= 9}
s691099323.py(18):     return {(x + dx, y + dy) for dx, dy in jump_to if 0 <= x + dx <= 9 and 0 <= y + dy <= 9}
s691099323.py(18):     return {(x + dx, y + dy) for dx, dy in jump_to if 0 <= x + dx <= 9 and 0 <= y + dy <= 9}
s691099323.py(18):     return {(x + dx, y + dy) for dx, dy in jump_to if 0 <= x + dx <= 9 and 0 <= y + dy <= 9}
s691099323.py(18):     return {(x + dx, y + dy) for dx, dy in jump_to if 0 <= x + dx <= 9 and 0 <= y + dy <= 9}
s691099323.py(18):     return {(x + dx, y + dy) for dx, dy in jump_to if 0 <= x + dx <= 9 and 0 <= y + dy <= 9}
s691099323.py(18):     return {(x + dx, y + dy) for dx, dy in jump_to if 0 <= x + dx <= 9 and 0 <= y + dy <= 9}
s691099323.py(26):     for p in ps:
s691099323.py(28):     return ret
s691099323.py(31):   for sp in s_points:
s691099323.py(32):     i_survive = survive_points(sp)
 --- modulename: s691099323, funcname: survive_points
s691099323.py(21):     x, y = p
s691099323.py(22):     return {(x + dx, y + dy) for dx, dy in survive_range if 0 <= x + dx <= 9 and 0 <= y + dy <= 9}
 --- modulename: s691099323, funcname: <setcomp>
s691099323.py(22):     return {(x + dx, y + dy) for dx, dy in survive_range if 0 <= x + dx <= 9 and 0 <= y + dy <= 9}
s691099323.py(22):     return {(x + dx, y + dy) for dx, dy in survive_range if 0 <= x + dx <= 9 and 0 <= y + dy <= 9}
s691099323.py(22):     return {(x + dx, y + dy) for dx, dy in survive_range if 0 <= x + dx <= 9 and 0 <= y + dy <= 9}
s691099323.py(22):     return {(x + dx, y + dy) for dx, dy in survive_range if 0 <= x + dx <= 9 and 0 <= y + dy <= 9}
s691099323.py(22):     return {(x + dx, y + dy) for dx, dy in survive_range if 0 <= x + dx <= 9 and 0 <= y + dy <= 9}
s691099323.py(22):     return {(x + dx, y + dy) for dx, dy in survive_range if 0 <= x + dx <= 9 and 0 <= y + dy <= 9}
s691099323.py(22):     return {(x + dx, y + dy) for dx, dy in survive_range if 0 <= x + dx <= 9 and 0 <= y + dy <= 9}
s691099323.py(22):     return {(x + dx, y + dy) for dx, dy in survive_range if 0 <= x + dx <= 9 and 0 <= y + dy <= 9}
s691099323.py(22):     return {(x + dx, y + dy) for dx, dy in survive_range if 0 <= x + dx <= 9 and 0 <= y + dy <= 9}
s691099323.py(22):     return {(x + dx, y + dy) for dx, dy in survive_range if 0 <= x + dx <= 9 and 0 <= y + dy <= 9}
s691099323.py(33):     survive = next_survive(survive) & i_survive
 --- modulename: s691099323, funcname: next_survive
s691099323.py(25):     ret = set()
s691099323.py(26):     for p in ps:
s691099323.py(27):       ret = ret | next_points(p)
 --- modulename: s691099323, funcname: next_points
s691099323.py(17):     x, y = p
s691099323.py(18):     return {(x + dx, y + dy) for dx, dy in jump_to if 0 <= x + dx <= 9 and 0 <= y + dy <= 9}
 --- modulename: s691099323, funcname: <setcomp>
s691099323.py(18):     return {(x + dx, y + dy) for dx, dy in jump_to if 0 <= x + dx <= 9 and 0 <= y + dy <= 9}
s691099323.py(18):     return {(x + dx, y + dy) for dx, dy in jump_to if 0 <= x + dx <= 9 and 0 <= y + dy <= 9}
s691099323.py(18):     return {(x + dx, y + dy) for dx, dy in jump_to if 0 <= x + dx <= 9 and 0 <= y + dy <= 9}
s691099323.py(18):     return {(x + dx, y + dy) for dx, dy in jump_to if 0 <= x + dx <= 9 and 0 <= y + dy <= 9}
s691099323.py(18):     return {(x + dx, y + dy) for dx, dy in jump_to if 0 <= x + dx <= 9 and 0 <= y + dy <= 9}
s691099323.py(18):     return {(x + dx, y + dy) for dx, dy in jump_to if 0 <= x + dx <= 9 and 0 <= y + dy <= 9}
s691099323.py(18):     return {(x + dx, y + dy) for dx, dy in jump_to if 0 <= x + dx <= 9 and 0 <= y + dy <= 9}
s691099323.py(18):     return {(x + dx, y + dy) for dx, dy in jump_to if 0 <= x + dx <= 9 and 0 <= y + dy <= 9}
s691099323.py(18):     return {(x + dx, y + dy) for dx, dy in jump_to if 0 <= x + dx <= 9 and 0 <= y + dy <= 9}
s691099323.py(18):     return {(x + dx, y + dy) for dx, dy in jump_to if 0 <= x + dx <= 9 and 0 <= y + dy <= 9}
s691099323.py(18):     return {(x + dx, y + dy) for dx, dy in jump_to if 0 <= x + dx <= 9 and 0 <= y + dy <= 9}
s691099323.py(18):     return {(x + dx, y + dy) for dx, dy in jump_to if 0 <= x + dx <= 9 and 0 <= y + dy <= 9}
s691099323.py(18):     return {(x + dx, y + dy) for dx, dy in jump_to if 0 <= x + dx <= 9 and 0 <= y + dy <= 9}
s691099323.py(26):     for p in ps:
s691099323.py(27):       ret = ret | next_points(p)
 --- modulename: s691099323, funcname: next_points
s691099323.py(17):     x, y = p
s691099323.py(18):     return {(x + dx, y + dy) for dx, dy in jump_to if 0 <= x + dx <= 9 and 0 <= y + dy <= 9}
 --- modulename: s691099323, funcname: <setcomp>
s691099323.py(18):     return {(x + dx, y + dy) for dx, dy in jump_to if 0 <= x + dx <= 9 and 0 <= y + dy <= 9}
s691099323.py(18):     return {(x + dx, y + dy) for dx, dy in jump_to if 0 <= x + dx <= 9 and 0 <= y + dy <= 9}
s691099323.py(18):     return {(x + dx, y + dy) for dx, dy in jump_to if 0 <= x + dx <= 9 and 0 <= y + dy <= 9}
s691099323.py(18):     return {(x + dx, y + dy) for dx, dy in jump_to if 0 <= x + dx <= 9 and 0 <= y + dy <= 9}
s691099323.py(18):     return {(x + dx, y + dy) for dx, dy in jump_to if 0 <= x + dx <= 9 and 0 <= y + dy <= 9}
s691099323.py(18):     return {(x + dx, y + dy) for dx, dy in jump_to if 0 <= x + dx <= 9 and 0 <= y + dy <= 9}
s691099323.py(18):     return {(x + dx, y + dy) for dx, dy in jump_to if 0 <= x + dx <= 9 and 0 <= y + dy <= 9}
s691099323.py(18):     return {(x + dx, y + dy) for dx, dy in jump_to if 0 <= x + dx <= 9 and 0 <= y + dy <= 9}
s691099323.py(18):     return {(x + dx, y + dy) for dx, dy in jump_to if 0 <= x + dx <= 9 and 0 <= y + dy <= 9}
s691099323.py(18):     return {(x + dx, y + dy) for dx, dy in jump_to if 0 <= x + dx <= 9 and 0 <= y + dy <= 9}
s691099323.py(18):     return {(x + dx, y + dy) for dx, dy in jump_to if 0 <= x + dx <= 9 and 0 <= y + dy <= 9}
s691099323.py(18):     return {(x + dx, y + dy) for dx, dy in jump_to if 0 <= x + dx <= 9 and 0 <= y + dy <= 9}
s691099323.py(18):     return {(x + dx, y + dy) for dx, dy in jump_to if 0 <= x + dx <= 9 and 0 <= y + dy <= 9}
s691099323.py(26):     for p in ps:
s691099323.py(28):     return ret
s691099323.py(31):   for sp in s_points:
s691099323.py(32):     i_survive = survive_points(sp)
 --- modulename: s691099323, funcname: survive_points
s691099323.py(21):     x, y = p
s691099323.py(22):     return {(x + dx, y + dy) for dx, dy in survive_range if 0 <= x + dx <= 9 and 0 <= y + dy <= 9}
 --- modulename: s691099323, funcname: <setcomp>
s691099323.py(22):     return {(x + dx, y + dy) for dx, dy in survive_range if 0 <= x + dx <= 9 and 0 <= y + dy <= 9}
s691099323.py(22):     return {(x + dx, y + dy) for dx, dy in survive_range if 0 <= x + dx <= 9 and 0 <= y + dy <= 9}
s691099323.py(22):     return {(x + dx, y + dy) for dx, dy in survive_range if 0 <= x + dx <= 9 and 0 <= y + dy <= 9}
s691099323.py(22):     return {(x + dx, y + dy) for dx, dy in survive_range if 0 <= x + dx <= 9 and 0 <= y + dy <= 9}
s691099323.py(22):     return {(x + dx, y + dy) for dx, dy in survive_range if 0 <= x + dx <= 9 and 0 <= y + dy <= 9}
s691099323.py(22):     return {(x + dx, y + dy) for dx, dy in survive_range if 0 <= x + dx <= 9 and 0 <= y + dy <= 9}
s691099323.py(22):     return {(x + dx, y + dy) for dx, dy in survive_range if 0 <= x + dx <= 9 and 0 <= y + dy <= 9}
s691099323.py(22):     return {(x + dx, y + dy) for dx, dy in survive_range if 0 <= x + dx <= 9 and 0 <= y + dy <= 9}
s691099323.py(22):     return {(x + dx, y + dy) for dx, dy in survive_range if 0 <= x + dx <= 9 and 0 <= y + dy <= 9}
s691099323.py(22):     return {(x + dx, y + dy) for dx, dy in survive_range if 0 <= x + dx <= 9 and 0 <= y + dy <= 9}
s691099323.py(33):     survive = next_survive(survive) & i_survive
 --- modulename: s691099323, funcname: next_survive
s691099323.py(25):     ret = set()
s691099323.py(26):     for p in ps:
s691099323.py(27):       ret = ret | next_points(p)
 --- modulename: s691099323, funcname: next_points
s691099323.py(17):     x, y = p
s691099323.py(18):     return {(x + dx, y + dy) for dx, dy in jump_to if 0 <= x + dx <= 9 and 0 <= y + dy <= 9}
 --- modulename: s691099323, funcname: <setcomp>
s691099323.py(18):     return {(x + dx, y + dy) for dx, dy in jump_to if 0 <= x + dx <= 9 and 0 <= y + dy <= 9}
s691099323.py(18):     return {(x + dx, y + dy) for dx, dy in jump_to if 0 <= x + dx <= 9 and 0 <= y + dy <= 9}
s691099323.py(18):     return {(x + dx, y + dy) for dx, dy in jump_to if 0 <= x + dx <= 9 and 0 <= y + dy <= 9}
s691099323.py(18):     return {(x + dx, y + dy) for dx, dy in jump_to if 0 <= x + dx <= 9 and 0 <= y + dy <= 9}
s691099323.py(18):     return {(x + dx, y + dy) for dx, dy in jump_to if 0 <= x + dx <= 9 and 0 <= y + dy <= 9}
s691099323.py(18):     return {(x + dx, y + dy) for dx, dy in jump_to if 0 <= x + dx <= 9 and 0 <= y + dy <= 9}
s691099323.py(18):     return {(x + dx, y + dy) for dx, dy in jump_to if 0 <= x + dx <= 9 and 0 <= y + dy <= 9}
s691099323.py(18):     return {(x + dx, y + dy) for dx, dy in jump_to if 0 <= x + dx <= 9 and 0 <= y + dy <= 9}
s691099323.py(18):     return {(x + dx, y + dy) for dx, dy in jump_to if 0 <= x + dx <= 9 and 0 <= y + dy <= 9}
s691099323.py(18):     return {(x + dx, y + dy) for dx, dy in jump_to if 0 <= x + dx <= 9 and 0 <= y + dy <= 9}
s691099323.py(18):     return {(x + dx, y + dy) for dx, dy in jump_to if 0 <= x + dx <= 9 and 0 <= y + dy <= 9}
s691099323.py(18):     return {(x + dx, y + dy) for dx, dy in jump_to if 0 <= x + dx <= 9 and 0 <= y + dy <= 9}
s691099323.py(18):     return {(x + dx, y + dy) for dx, dy in jump_to if 0 <= x + dx <= 9 and 0 <= y + dy <= 9}
s691099323.py(26):     for p in ps:
s691099323.py(27):       ret = ret | next_points(p)
 --- modulename: s691099323, funcname: next_points
s691099323.py(17):     x, y = p
s691099323.py(18):     return {(x + dx, y + dy) for dx, dy in jump_to if 0 <= x + dx <= 9 and 0 <= y + dy <= 9}
 --- modulename: s691099323, funcname: <setcomp>
s691099323.py(18):     return {(x + dx, y + dy) for dx, dy in jump_to if 0 <= x + dx <= 9 and 0 <= y + dy <= 9}
s691099323.py(18):     return {(x + dx, y + dy) for dx, dy in jump_to if 0 <= x + dx <= 9 and 0 <= y + dy <= 9}
s691099323.py(18):     return {(x + dx, y + dy) for dx, dy in jump_to if 0 <= x + dx <= 9 and 0 <= y + dy <= 9}
s691099323.py(18):     return {(x + dx, y + dy) for dx, dy in jump_to if 0 <= x + dx <= 9 and 0 <= y + dy <= 9}
s691099323.py(18):     return {(x + dx, y + dy) for dx, dy in jump_to if 0 <= x + dx <= 9 and 0 <= y + dy <= 9}
s691099323.py(18):     return {(x + dx, y + dy) for dx, dy in jump_to if 0 <= x + dx <= 9 and 0 <= y + dy <= 9}
s691099323.py(18):     return {(x + dx, y + dy) for dx, dy in jump_to if 0 <= x + dx <= 9 and 0 <= y + dy <= 9}
s691099323.py(18):     return {(x + dx, y + dy) for dx, dy in jump_to if 0 <= x + dx <= 9 and 0 <= y + dy <= 9}
s691099323.py(18):     return {(x + dx, y + dy) for dx, dy in jump_to if 0 <= x + dx <= 9 and 0 <= y + dy <= 9}
s691099323.py(18):     return {(x + dx, y + dy) for dx, dy in jump_to if 0 <= x + dx <= 9 and 0 <= y + dy <= 9}
s691099323.py(18):     return {(x + dx, y + dy) for dx, dy in jump_to if 0 <= x + dx <= 9 and 0 <= y + dy <= 9}
s691099323.py(18):     return {(x + dx, y + dy) for dx, dy in jump_to if 0 <= x + dx <= 9 and 0 <= y + dy <= 9}
s691099323.py(18):     return {(x + dx, y + dy) for dx, dy in jump_to if 0 <= x + dx <= 9 and 0 <= y + dy <= 9}
s691099323.py(26):     for p in ps:
s691099323.py(28):     return ret
s691099323.py(31):   for sp in s_points:
s691099323.py(32):     i_survive = survive_points(sp)
 --- modulename: s691099323, funcname: survive_points
s691099323.py(21):     x, y = p
s691099323.py(22):     return {(x + dx, y + dy) for dx, dy in survive_range if 0 <= x + dx <= 9 and 0 <= y + dy <= 9}
 --- modulename: s691099323, funcname: <setcomp>
s691099323.py(22):     return {(x + dx, y + dy) for dx, dy in survive_range if 0 <= x + dx <= 9 and 0 <= y + dy <= 9}
s691099323.py(22):     return {(x + dx, y + dy) for dx, dy in survive_range if 0 <= x + dx <= 9 and 0 <= y + dy <= 9}
s691099323.py(22):     return {(x + dx, y + dy) for dx, dy in survive_range if 0 <= x + dx <= 9 and 0 <= y + dy <= 9}
s691099323.py(22):     return {(x + dx, y + dy) for dx, dy in survive_range if 0 <= x + dx <= 9 and 0 <= y + dy <= 9}
s691099323.py(22):     return {(x + dx, y + dy) for dx, dy in survive_range if 0 <= x + dx <= 9 and 0 <= y + dy <= 9}
s691099323.py(22):     return {(x + dx, y + dy) for dx, dy in survive_range if 0 <= x + dx <= 9 and 0 <= y + dy <= 9}
s691099323.py(22):     return {(x + dx, y + dy) for dx, dy in survive_range if 0 <= x + dx <= 9 and 0 <= y + dy <= 9}
s691099323.py(22):     return {(x + dx, y + dy) for dx, dy in survive_range if 0 <= x + dx <= 9 and 0 <= y + dy <= 9}
s691099323.py(22):     return {(x + dx, y + dy) for dx, dy in survive_range if 0 <= x + dx <= 9 and 0 <= y + dy <= 9}
s691099323.py(22):     return {(x + dx, y + dy) for dx, dy in survive_range if 0 <= x + dx <= 9 and 0 <= y + dy <= 9}
s691099323.py(33):     survive = next_survive(survive) & i_survive
 --- modulename: s691099323, funcname: next_survive
s691099323.py(25):     ret = set()
s691099323.py(26):     for p in ps:
s691099323.py(27):       ret = ret | next_points(p)
 --- modulename: s691099323, funcname: next_points
s691099323.py(17):     x, y = p
s691099323.py(18):     return {(x + dx, y + dy) for dx, dy in jump_to if 0 <= x + dx <= 9 and 0 <= y + dy <= 9}
 --- modulename: s691099323, funcname: <setcomp>
s691099323.py(18):     return {(x + dx, y + dy) for dx, dy in jump_to if 0 <= x + dx <= 9 and 0 <= y + dy <= 9}
s691099323.py(18):     return {(x + dx, y + dy) for dx, dy in jump_to if 0 <= x + dx <= 9 and 0 <= y + dy <= 9}
s691099323.py(18):     return {(x + dx, y + dy) for dx, dy in jump_to if 0 <= x + dx <= 9 and 0 <= y + dy <= 9}
s691099323.py(18):     return {(x + dx, y + dy) for dx, dy in jump_to if 0 <= x + dx <= 9 and 0 <= y + dy <= 9}
s691099323.py(18):     return {(x + dx, y + dy) for dx, dy in jump_to if 0 <= x + dx <= 9 and 0 <= y + dy <= 9}
s691099323.py(18):     return {(x + dx, y + dy) for dx, dy in jump_to if 0 <= x + dx <= 9 and 0 <= y + dy <= 9}
s691099323.py(18):     return {(x + dx, y + dy) for dx, dy in jump_to if 0 <= x + dx <= 9 and 0 <= y + dy <= 9}
s691099323.py(18):     return {(x + dx, y + dy) for dx, dy in jump_to if 0 <= x + dx <= 9 and 0 <= y + dy <= 9}
s691099323.py(18):     return {(x + dx, y + dy) for dx, dy in jump_to if 0 <= x + dx <= 9 and 0 <= y + dy <= 9}
s691099323.py(18):     return {(x + dx, y + dy) for dx, dy in jump_to if 0 <= x + dx <= 9 and 0 <= y + dy <= 9}
s691099323.py(18):     return {(x + dx, y + dy) for dx, dy in jump_to if 0 <= x + dx <= 9 and 0 <= y + dy <= 9}
s691099323.py(18):     return {(x + dx, y + dy) for dx, dy in jump_to if 0 <= x + dx <= 9 and 0 <= y + dy <= 9}
s691099323.py(18):     return {(x + dx, y + dy) for dx, dy in jump_to if 0 <= x + dx <= 9 and 0 <= y + dy <= 9}
s691099323.py(26):     for p in ps:
s691099323.py(27):       ret = ret | next_points(p)
 --- modulename: s691099323, funcname: next_points
s691099323.py(17):     x, y = p
s691099323.py(18):     return {(x + dx, y + dy) for dx, dy in jump_to if 0 <= x + dx <= 9 and 0 <= y + dy <= 9}
 --- modulename: s691099323, funcname: <setcomp>
s691099323.py(18):     return {(x + dx, y + dy) for dx, dy in jump_to if 0 <= x + dx <= 9 and 0 <= y + dy <= 9}
s691099323.py(18):     return {(x + dx, y + dy) for dx, dy in jump_to if 0 <= x + dx <= 9 and 0 <= y + dy <= 9}
s691099323.py(18):     return {(x + dx, y + dy) for dx, dy in jump_to if 0 <= x + dx <= 9 and 0 <= y + dy <= 9}
s691099323.py(18):     return {(x + dx, y + dy) for dx, dy in jump_to if 0 <= x + dx <= 9 and 0 <= y + dy <= 9}
s691099323.py(18):     return {(x + dx, y + dy) for dx, dy in jump_to if 0 <= x + dx <= 9 and 0 <= y + dy <= 9}
s691099323.py(18):     return {(x + dx, y + dy) for dx, dy in jump_to if 0 <= x + dx <= 9 and 0 <= y + dy <= 9}
s691099323.py(18):     return {(x + dx, y + dy) for dx, dy in jump_to if 0 <= x + dx <= 9 and 0 <= y + dy <= 9}
s691099323.py(18):     return {(x + dx, y + dy) for dx, dy in jump_to if 0 <= x + dx <= 9 and 0 <= y + dy <= 9}
s691099323.py(18):     return {(x + dx, y + dy) for dx, dy in jump_to if 0 <= x + dx <= 9 and 0 <= y + dy <= 9}
s691099323.py(18):     return {(x + dx, y + dy) for dx, dy in jump_to if 0 <= x + dx <= 9 and 0 <= y + dy <= 9}
s691099323.py(18):     return {(x + dx, y + dy) for dx, dy in jump_to if 0 <= x + dx <= 9 and 0 <= y + dy <= 9}
s691099323.py(18):     return {(x + dx, y + dy) for dx, dy in jump_to if 0 <= x + dx <= 9 and 0 <= y + dy <= 9}
s691099323.py(18):     return {(x + dx, y + dy) for dx, dy in jump_to if 0 <= x + dx <= 9 and 0 <= y + dy <= 9}
s691099323.py(26):     for p in ps:
s691099323.py(27):       ret = ret | next_points(p)
 --- modulename: s691099323, funcname: next_points
s691099323.py(17):     x, y = p
s691099323.py(18):     return {(x + dx, y + dy) for dx, dy in jump_to if 0 <= x + dx <= 9 and 0 <= y + dy <= 9}
 --- modulename: s691099323, funcname: <setcomp>
s691099323.py(18):     return {(x + dx, y + dy) for dx, dy in jump_to if 0 <= x + dx <= 9 and 0 <= y + dy <= 9}
s691099323.py(18):     return {(x + dx, y + dy) for dx, dy in jump_to if 0 <= x + dx <= 9 and 0 <= y + dy <= 9}
s691099323.py(18):     return {(x + dx, y + dy) for dx, dy in jump_to if 0 <= x + dx <= 9 and 0 <= y + dy <= 9}
s691099323.py(18):     return {(x + dx, y + dy) for dx, dy in jump_to if 0 <= x + dx <= 9 and 0 <= y + dy <= 9}
s691099323.py(18):     return {(x + dx, y + dy) for dx, dy in jump_to if 0 <= x + dx <= 9 and 0 <= y + dy <= 9}
s691099323.py(18):     return {(x + dx, y + dy) for dx, dy in jump_to if 0 <= x + dx <= 9 and 0 <= y + dy <= 9}
s691099323.py(18):     return {(x + dx, y + dy) for dx, dy in jump_to if 0 <= x + dx <= 9 and 0 <= y + dy <= 9}
s691099323.py(18):     return {(x + dx, y + dy) for dx, dy in jump_to if 0 <= x + dx <= 9 and 0 <= y + dy <= 9}
s691099323.py(18):     return {(x + dx, y + dy) for dx, dy in jump_to if 0 <= x + dx <= 9 and 0 <= y + dy <= 9}
s691099323.py(18):     return {(x + dx, y + dy) for dx, dy in jump_to if 0 <= x + dx <= 9 and 0 <= y + dy <= 9}
s691099323.py(18):     return {(x + dx, y + dy) for dx, dy in jump_to if 0 <= x + dx <= 9 and 0 <= y + dy <= 9}
s691099323.py(18):     return {(x + dx, y + dy) for dx, dy in jump_to if 0 <= x + dx <= 9 and 0 <= y + dy <= 9}
s691099323.py(18):     return {(x + dx, y + dy) for dx, dy in jump_to if 0 <= x + dx <= 9 and 0 <= y + dy <= 9}
s691099323.py(26):     for p in ps:
s691099323.py(27):       ret = ret | next_points(p)
 --- modulename: s691099323, funcname: next_points
s691099323.py(17):     x, y = p
s691099323.py(18):     return {(x + dx, y + dy) for dx, dy in jump_to if 0 <= x + dx <= 9 and 0 <= y + dy <= 9}
 --- modulename: s691099323, funcname: <setcomp>
s691099323.py(18):     return {(x + dx, y + dy) for dx, dy in jump_to if 0 <= x + dx <= 9 and 0 <= y + dy <= 9}
s691099323.py(18):     return {(x + dx, y + dy) for dx, dy in jump_to if 0 <= x + dx <= 9 and 0 <= y + dy <= 9}
s691099323.py(18):     return {(x + dx, y + dy) for dx, dy in jump_to if 0 <= x + dx <= 9 and 0 <= y + dy <= 9}
s691099323.py(18):     return {(x + dx, y + dy) for dx, dy in jump_to if 0 <= x + dx <= 9 and 0 <= y + dy <= 9}
s691099323.py(18):     return {(x + dx, y + dy) for dx, dy in jump_to if 0 <= x + dx <= 9 and 0 <= y + dy <= 9}
s691099323.py(18):     return {(x + dx, y + dy) for dx, dy in jump_to if 0 <= x + dx <= 9 and 0 <= y + dy <= 9}
s691099323.py(18):     return {(x + dx, y + dy) for dx, dy in jump_to if 0 <= x + dx <= 9 and 0 <= y + dy <= 9}
s691099323.py(18):     return {(x + dx, y + dy) for dx, dy in jump_to if 0 <= x + dx <= 9 and 0 <= y + dy <= 9}
s691099323.py(18):     return {(x + dx, y + dy) for dx, dy in jump_to if 0 <= x + dx <= 9 and 0 <= y + dy <= 9}
s691099323.py(18):     return {(x + dx, y + dy) for dx, dy in jump_to if 0 <= x + dx <= 9 and 0 <= y + dy <= 9}
s691099323.py(18):     return {(x + dx, y + dy) for dx, dy in jump_to if 0 <= x + dx <= 9 and 0 <= y + dy <= 9}
s691099323.py(18):     return {(x + dx, y + dy) for dx, dy in jump_to if 0 <= x + dx <= 9 and 0 <= y + dy <= 9}
s691099323.py(18):     return {(x + dx, y + dy) for dx, dy in jump_to if 0 <= x + dx <= 9 and 0 <= y + dy <= 9}
s691099323.py(26):     for p in ps:
s691099323.py(28):     return ret
s691099323.py(31):   for sp in s_points:
s691099323.py(35):   if survive:
s691099323.py(36):     print("OK")
OK
s691099323.py(2):   px, py = map(int, input().split())
s691099323.py(3):   if px == 0:
s691099323.py(6):   n = int(input())
s691099323.py(7):   pairs = list(map(int, input().split()))
s691099323.py(8):   s_points = []
s691099323.py(9):   for i in range(n):
s691099323.py(10):     s_points.append((pairs[i * 2], pairs[i * 2 + 1]))
s691099323.py(9):   for i in range(n):
s691099323.py(10):     s_points.append((pairs[i * 2], pairs[i * 2 + 1]))
s691099323.py(9):   for i in range(n):
s691099323.py(10):     s_points.append((pairs[i * 2], pairs[i * 2 + 1]))
s691099323.py(9):   for i in range(n):
s691099323.py(10):     s_points.append((pairs[i * 2], pairs[i * 2 + 1]))
s691099323.py(9):   for i in range(n):
s691099323.py(10):     s_points.append((pairs[i * 2], pairs[i * 2 + 1]))
s691099323.py(9):   for i in range(n):
s691099323.py(10):     s_points.append((pairs[i * 2], pairs[i * 2 + 1]))
s691099323.py(9):   for i in range(n):
s691099323.py(10):     s_points.append((pairs[i * 2], pairs[i * 2 + 1]))
s691099323.py(9):   for i in range(n):
s691099323.py(10):     s_points.append((pairs[i * 2], pairs[i * 2 + 1]))
s691099323.py(9):   for i in range(n):
s691099323.py(10):     s_points.append((pairs[i * 2], pairs[i * 2 + 1]))
s691099323.py(9):   for i in range(n):
s691099323.py(10):     s_points.append((pairs[i * 2], pairs[i * 2 + 1]))
s691099323.py(9):   for i in range(n):
s691099323.py(12):   survive_range = [(x, y) for x in (-1, 0, 1) for y in (-1, 0, 1)]
 --- modulename: s691099323, funcname: <listcomp>
s691099323.py(12):   survive_range = [(x, y) for x in (-1, 0, 1) for y in (-1, 0, 1)]
s691099323.py(12):   survive_range = [(x, y) for x in (-1, 0, 1) for y in (-1, 0, 1)]
s691099323.py(12):   survive_range = [(x, y) for x in (-1, 0, 1) for y in (-1, 0, 1)]
s691099323.py(12):   survive_range = [(x, y) for x in (-1, 0, 1) for y in (-1, 0, 1)]
s691099323.py(12):   survive_range = [(x, y) for x in (-1, 0, 1) for y in (-1, 0, 1)]
s691099323.py(12):   survive_range = [(x, y) for x in (-1, 0, 1) for y in (-1, 0, 1)]
s691099323.py(12):   survive_range = [(x, y) for x in (-1, 0, 1) for y in (-1, 0, 1)]
s691099323.py(12):   survive_range = [(x, y) for x in (-1, 0, 1) for y in (-1, 0, 1)]
s691099323.py(12):   survive_range = [(x, y) for x in (-1, 0, 1) for y in (-1, 0, 1)]
s691099323.py(12):   survive_range = [(x, y) for x in (-1, 0, 1) for y in (-1, 0, 1)]
s691099323.py(12):   survive_range = [(x, y) for x in (-1, 0, 1) for y in (-1, 0, 1)]
s691099323.py(12):   survive_range = [(x, y) for x in (-1, 0, 1) for y in (-1, 0, 1)]
s691099323.py(12):   survive_range = [(x, y) for x in (-1, 0, 1) for y in (-1, 0, 1)]
s691099323.py(13):   jump_to = ((-2, -1), (-2, 0), (-2, 1), (-1, -2), (-1, 2), (0, -2), (0, 2), 
s691099323.py(16):   def next_points(p):
s691099323.py(20):   def survive_points(p):
s691099323.py(24):   def next_survive(ps):
s691099323.py(30):   survive ={(px, py)}
s691099323.py(31):   for sp in s_points:
s691099323.py(32):     i_survive = survive_points(sp)
 --- modulename: s691099323, funcname: survive_points
s691099323.py(21):     x, y = p
s691099323.py(22):     return {(x + dx, y + dy) for dx, dy in survive_range if 0 <= x + dx <= 9 and 0 <= y + dy <= 9}
 --- modulename: s691099323, funcname: <setcomp>
s691099323.py(22):     return {(x + dx, y + dy) for dx, dy in survive_range if 0 <= x + dx <= 9 and 0 <= y + dy <= 9}
s691099323.py(22):     return {(x + dx, y + dy) for dx, dy in survive_range if 0 <= x + dx <= 9 and 0 <= y + dy <= 9}
s691099323.py(22):     return {(x + dx, y + dy) for dx, dy in survive_range if 0 <= x + dx <= 9 and 0 <= y + dy <= 9}
s691099323.py(22):     return {(x + dx, y + dy) for dx, dy in survive_range if 0 <= x + dx <= 9 and 0 <= y + dy <= 9}
s691099323.py(22):     return {(x + dx, y + dy) for dx, dy in survive_range if 0 <= x + dx <= 9 and 0 <= y + dy <= 9}
s691099323.py(22):     return {(x + dx, y + dy) for dx, dy in survive_range if 0 <= x + dx <= 9 and 0 <= y + dy <= 9}
s691099323.py(22):     return {(x + dx, y + dy) for dx, dy in survive_range if 0 <= x + dx <= 9 and 0 <= y + dy <= 9}
s691099323.py(22):     return {(x + dx, y + dy) for dx, dy in survive_range if 0 <= x + dx <= 9 and 0 <= y + dy <= 9}
s691099323.py(22):     return {(x + dx, y + dy) for dx, dy in survive_range if 0 <= x + dx <= 9 and 0 <= y + dy <= 9}
s691099323.py(22):     return {(x + dx, y + dy) for dx, dy in survive_range if 0 <= x + dx <= 9 and 0 <= y + dy <= 9}
s691099323.py(33):     survive = next_survive(survive) & i_survive
 --- modulename: s691099323, funcname: next_survive
s691099323.py(25):     ret = set()
s691099323.py(26):     for p in ps:
s691099323.py(27):       ret = ret | next_points(p)
 --- modulename: s691099323, funcname: next_points
s691099323.py(17):     x, y = p
s691099323.py(18):     return {(x + dx, y + dy) for dx, dy in jump_to if 0 <= x + dx <= 9 and 0 <= y + dy <= 9}
 --- modulename: s691099323, funcname: <setcomp>
s691099323.py(18):     return {(x + dx, y + dy) for dx, dy in jump_to if 0 <= x + dx <= 9 and 0 <= y + dy <= 9}
s691099323.py(18):     return {(x + dx, y + dy) for dx, dy in jump_to if 0 <= x + dx <= 9 and 0 <= y + dy <= 9}
s691099323.py(18):     return {(x + dx, y + dy) for dx, dy in jump_to if 0 <= x + dx <= 9 and 0 <= y + dy <= 9}
s691099323.py(18):     return {(x + dx, y + dy) for dx, dy in jump_to if 0 <= x + dx <= 9 and 0 <= y + dy <= 9}
s691099323.py(18):     return {(x + dx, y + dy) for dx, dy in jump_to if 0 <= x + dx <= 9 and 0 <= y + dy <= 9}
s691099323.py(18):     return {(x + dx, y + dy) for dx, dy in jump_to if 0 <= x + dx <= 9 and 0 <= y + dy <= 9}
s691099323.py(18):     return {(x + dx, y + dy) for dx, dy in jump_to if 0 <= x + dx <= 9 and 0 <= y + dy <= 9}
s691099323.py(18):     return {(x + dx, y + dy) for dx, dy in jump_to if 0 <= x + dx <= 9 and 0 <= y + dy <= 9}
s691099323.py(18):     return {(x + dx, y + dy) for dx, dy in jump_to if 0 <= x + dx <= 9 and 0 <= y + dy <= 9}
s691099323.py(18):     return {(x + dx, y + dy) for dx, dy in jump_to if 0 <= x + dx <= 9 and 0 <= y + dy <= 9}
s691099323.py(18):     return {(x + dx, y + dy) for dx, dy in jump_to if 0 <= x + dx <= 9 and 0 <= y + dy <= 9}
s691099323.py(18):     return {(x + dx, y + dy) for dx, dy in jump_to if 0 <= x + dx <= 9 and 0 <= y + dy <= 9}
s691099323.py(18):     return {(x + dx, y + dy) for dx, dy in jump_to if 0 <= x + dx <= 9 and 0 <= y + dy <= 9}
s691099323.py(26):     for p in ps:
s691099323.py(28):     return ret
s691099323.py(31):   for sp in s_points:
s691099323.py(32):     i_survive = survive_points(sp)
 --- modulename: s691099323, funcname: survive_points
s691099323.py(21):     x, y = p
s691099323.py(22):     return {(x + dx, y + dy) for dx, dy in survive_range if 0 <= x + dx <= 9 and 0 <= y + dy <= 9}
 --- modulename: s691099323, funcname: <setcomp>
s691099323.py(22):     return {(x + dx, y + dy) for dx, dy in survive_range if 0 <= x + dx <= 9 and 0 <= y + dy <= 9}
s691099323.py(22):     return {(x + dx, y + dy) for dx, dy in survive_range if 0 <= x + dx <= 9 and 0 <= y + dy <= 9}
s691099323.py(22):     return {(x + dx, y + dy) for dx, dy in survive_range if 0 <= x + dx <= 9 and 0 <= y + dy <= 9}
s691099323.py(22):     return {(x + dx, y + dy) for dx, dy in survive_range if 0 <= x + dx <= 9 and 0 <= y + dy <= 9}
s691099323.py(22):     return {(x + dx, y + dy) for dx, dy in survive_range if 0 <= x + dx <= 9 and 0 <= y + dy <= 9}
s691099323.py(22):     return {(x + dx, y + dy) for dx, dy in survive_range if 0 <= x + dx <= 9 and 0 <= y + dy <= 9}
s691099323.py(22):     return {(x + dx, y + dy) for dx, dy in survive_range if 0 <= x + dx <= 9 and 0 <= y + dy <= 9}
s691099323.py(22):     return {(x + dx, y + dy) for dx, dy in survive_range if 0 <= x + dx <= 9 and 0 <= y + dy <= 9}
s691099323.py(22):     return {(x + dx, y + dy) for dx, dy in survive_range if 0 <= x + dx <= 9 and 0 <= y + dy <= 9}
s691099323.py(22):     return {(x + dx, y + dy) for dx, dy in survive_range if 0 <= x + dx <= 9 and 0 <= y + dy <= 9}
s691099323.py(33):     survive = next_survive(survive) & i_survive
 --- modulename: s691099323, funcname: next_survive
s691099323.py(25):     ret = set()
s691099323.py(26):     for p in ps:
s691099323.py(27):       ret = ret | next_points(p)
 --- modulename: s691099323, funcname: next_points
s691099323.py(17):     x, y = p
s691099323.py(18):     return {(x + dx, y + dy) for dx, dy in jump_to if 0 <= x + dx <= 9 and 0 <= y + dy <= 9}
 --- modulename: s691099323, funcname: <setcomp>
s691099323.py(18):     return {(x + dx, y + dy) for dx, dy in jump_to if 0 <= x + dx <= 9 and 0 <= y + dy <= 9}
s691099323.py(18):     return {(x + dx, y + dy) for dx, dy in jump_to if 0 <= x + dx <= 9 and 0 <= y + dy <= 9}
s691099323.py(18):     return {(x + dx, y + dy) for dx, dy in jump_to if 0 <= x + dx <= 9 and 0 <= y + dy <= 9}
s691099323.py(18):     return {(x + dx, y + dy) for dx, dy in jump_to if 0 <= x + dx <= 9 and 0 <= y + dy <= 9}
s691099323.py(18):     return {(x + dx, y + dy) for dx, dy in jump_to if 0 <= x + dx <= 9 and 0 <= y + dy <= 9}
s691099323.py(18):     return {(x + dx, y + dy) for dx, dy in jump_to if 0 <= x + dx <= 9 and 0 <= y + dy <= 9}
s691099323.py(18):     return {(x + dx, y + dy) for dx, dy in jump_to if 0 <= x + dx <= 9 and 0 <= y + dy <= 9}
s691099323.py(18):     return {(x + dx, y + dy) for dx, dy in jump_to if 0 <= x + dx <= 9 and 0 <= y + dy <= 9}
s691099323.py(18):     return {(x + dx, y + dy) for dx, dy in jump_to if 0 <= x + dx <= 9 and 0 <= y + dy <= 9}
s691099323.py(18):     return {(x + dx, y + dy) for dx, dy in jump_to if 0 <= x + dx <= 9 and 0 <= y + dy <= 9}
s691099323.py(18):     return {(x + dx, y + dy) for dx, dy in jump_to if 0 <= x + dx <= 9 and 0 <= y + dy <= 9}
s691099323.py(18):     return {(x + dx, y + dy) for dx, dy in jump_to if 0 <= x + dx <= 9 and 0 <= y + dy <= 9}
s691099323.py(18):     return {(x + dx, y + dy) for dx, dy in jump_to if 0 <= x + dx <= 9 and 0 <= y + dy <= 9}
s691099323.py(26):     for p in ps:
s691099323.py(27):       ret = ret | next_points(p)
 --- modulename: s691099323, funcname: next_points
s691099323.py(17):     x, y = p
s691099323.py(18):     return {(x + dx, y + dy) for dx, dy in jump_to if 0 <= x + dx <= 9 and 0 <= y + dy <= 9}
 --- modulename: s691099323, funcname: <setcomp>
s691099323.py(18):     return {(x + dx, y + dy) for dx, dy in jump_to if 0 <= x + dx <= 9 and 0 <= y + dy <= 9}
s691099323.py(18):     return {(x + dx, y + dy) for dx, dy in jump_to if 0 <= x + dx <= 9 and 0 <= y + dy <= 9}
s691099323.py(18):     return {(x + dx, y + dy) for dx, dy in jump_to if 0 <= x + dx <= 9 and 0 <= y + dy <= 9}
s691099323.py(18):     return {(x + dx, y + dy) for dx, dy in jump_to if 0 <= x + dx <= 9 and 0 <= y + dy <= 9}
s691099323.py(18):     return {(x + dx, y + dy) for dx, dy in jump_to if 0 <= x + dx <= 9 and 0 <= y + dy <= 9}
s691099323.py(18):     return {(x + dx, y + dy) for dx, dy in jump_to if 0 <= x + dx <= 9 and 0 <= y + dy <= 9}
s691099323.py(18):     return {(x + dx, y + dy) for dx, dy in jump_to if 0 <= x + dx <= 9 and 0 <= y + dy <= 9}
s691099323.py(18):     return {(x + dx, y + dy) for dx, dy in jump_to if 0 <= x + dx <= 9 and 0 <= y + dy <= 9}
s691099323.py(18):     return {(x + dx, y + dy) for dx, dy in jump_to if 0 <= x + dx <= 9 and 0 <= y + dy <= 9}
s691099323.py(18):     return {(x + dx, y + dy) for dx, dy in jump_to if 0 <= x + dx <= 9 and 0 <= y + dy <= 9}
s691099323.py(18):     return {(x + dx, y + dy) for dx, dy in jump_to if 0 <= x + dx <= 9 and 0 <= y + dy <= 9}
s691099323.py(18):     return {(x + dx, y + dy) for dx, dy in jump_to if 0 <= x + dx <= 9 and 0 <= y + dy <= 9}
s691099323.py(18):     return {(x + dx, y + dy) for dx, dy in jump_to if 0 <= x + dx <= 9 and 0 <= y + dy <= 9}
s691099323.py(26):     for p in ps:
s691099323.py(27):       ret = ret | next_points(p)
 --- modulename: s691099323, funcname: next_points
s691099323.py(17):     x, y = p
s691099323.py(18):     return {(x + dx, y + dy) for dx, dy in jump_to if 0 <= x + dx <= 9 and 0 <= y + dy <= 9}
 --- modulename: s691099323, funcname: <setcomp>
s691099323.py(18):     return {(x + dx, y + dy) for dx, dy in jump_to if 0 <= x + dx <= 9 and 0 <= y + dy <= 9}
s691099323.py(18):     return {(x + dx, y + dy) for dx, dy in jump_to if 0 <= x + dx <= 9 and 0 <= y + dy <= 9}
s691099323.py(18):     return {(x + dx, y + dy) for dx, dy in jump_to if 0 <= x + dx <= 9 and 0 <= y + dy <= 9}
s691099323.py(18):     return {(x + dx, y + dy) for dx, dy in jump_to if 0 <= x + dx <= 9 and 0 <= y + dy <= 9}
s691099323.py(18):     return {(x + dx, y + dy) for dx, dy in jump_to if 0 <= x + dx <= 9 and 0 <= y + dy <= 9}
s691099323.py(18):     return {(x + dx, y + dy) for dx, dy in jump_to if 0 <= x + dx <= 9 and 0 <= y + dy <= 9}
s691099323.py(18):     return {(x + dx, y + dy) for dx, dy in jump_to if 0 <= x + dx <= 9 and 0 <= y + dy <= 9}
s691099323.py(18):     return {(x + dx, y + dy) for dx, dy in jump_to if 0 <= x + dx <= 9 and 0 <= y + dy <= 9}
s691099323.py(18):     return {(x + dx, y + dy) for dx, dy in jump_to if 0 <= x + dx <= 9 and 0 <= y + dy <= 9}
s691099323.py(18):     return {(x + dx, y + dy) for dx, dy in jump_to if 0 <= x + dx <= 9 and 0 <= y + dy <= 9}
s691099323.py(18):     return {(x + dx, y + dy) for dx, dy in jump_to if 0 <= x + dx <= 9 and 0 <= y + dy <= 9}
s691099323.py(18):     return {(x + dx, y + dy) for dx, dy in jump_to if 0 <= x + dx <= 9 and 0 <= y + dy <= 9}
s691099323.py(18):     return {(x + dx, y + dy) for dx, dy in jump_to if 0 <= x + dx <= 9 and 0 <= y + dy <= 9}
s691099323.py(26):     for p in ps:
s691099323.py(28):     return ret
s691099323.py(31):   for sp in s_points:
s691099323.py(32):     i_survive = survive_points(sp)
 --- modulename: s691099323, funcname: survive_points
s691099323.py(21):     x, y = p
s691099323.py(22):     return {(x + dx, y + dy) for dx, dy in survive_range if 0 <= x + dx <= 9 and 0 <= y + dy <= 9}
 --- modulename: s691099323, funcname: <setcomp>
s691099323.py(22):     return {(x + dx, y + dy) for dx, dy in survive_range if 0 <= x + dx <= 9 and 0 <= y + dy <= 9}
s691099323.py(22):     return {(x + dx, y + dy) for dx, dy in survive_range if 0 <= x + dx <= 9 and 0 <= y + dy <= 9}
s691099323.py(22):     return {(x + dx, y + dy) for dx, dy in survive_range if 0 <= x + dx <= 9 and 0 <= y + dy <= 9}
s691099323.py(22):     return {(x + dx, y + dy) for dx, dy in survive_range if 0 <= x + dx <= 9 and 0 <= y + dy <= 9}
s691099323.py(22):     return {(x + dx, y + dy) for dx, dy in survive_range if 0 <= x + dx <= 9 and 0 <= y + dy <= 9}
s691099323.py(22):     return {(x + dx, y + dy) for dx, dy in survive_range if 0 <= x + dx <= 9 and 0 <= y + dy <= 9}
s691099323.py(22):     return {(x + dx, y + dy) for dx, dy in survive_range if 0 <= x + dx <= 9 and 0 <= y + dy <= 9}
s691099323.py(22):     return {(x + dx, y + dy) for dx, dy in survive_range if 0 <= x + dx <= 9 and 0 <= y + dy <= 9}
s691099323.py(22):     return {(x + dx, y + dy) for dx, dy in survive_range if 0 <= x + dx <= 9 and 0 <= y + dy <= 9}
s691099323.py(22):     return {(x + dx, y + dy) for dx, dy in survive_range if 0 <= x + dx <= 9 and 0 <= y + dy <= 9}
s691099323.py(33):     survive = next_survive(survive) & i_survive
 --- modulename: s691099323, funcname: next_survive
s691099323.py(25):     ret = set()
s691099323.py(26):     for p in ps:
s691099323.py(27):       ret = ret | next_points(p)
 --- modulename: s691099323, funcname: next_points
s691099323.py(17):     x, y = p
s691099323.py(18):     return {(x + dx, y + dy) for dx, dy in jump_to if 0 <= x + dx <= 9 and 0 <= y + dy <= 9}
 --- modulename: s691099323, funcname: <setcomp>
s691099323.py(18):     return {(x + dx, y + dy) for dx, dy in jump_to if 0 <= x + dx <= 9 and 0 <= y + dy <= 9}
s691099323.py(18):     return {(x + dx, y + dy) for dx, dy in jump_to if 0 <= x + dx <= 9 and 0 <= y + dy <= 9}
s691099323.py(18):     return {(x + dx, y + dy) for dx, dy in jump_to if 0 <= x + dx <= 9 and 0 <= y + dy <= 9}
s691099323.py(18):     return {(x + dx, y + dy) for dx, dy in jump_to if 0 <= x + dx <= 9 and 0 <= y + dy <= 9}
s691099323.py(18):     return {(x + dx, y + dy) for dx, dy in jump_to if 0 <= x + dx <= 9 and 0 <= y + dy <= 9}
s691099323.py(18):     return {(x + dx, y + dy) for dx, dy in jump_to if 0 <= x + dx <= 9 and 0 <= y + dy <= 9}
s691099323.py(18):     return {(x + dx, y + dy) for dx, dy in jump_to if 0 <= x + dx <= 9 and 0 <= y + dy <= 9}
s691099323.py(18):     return {(x + dx, y + dy) for dx, dy in jump_to if 0 <= x + dx <= 9 and 0 <= y + dy <= 9}
s691099323.py(18):     return {(x + dx, y + dy) for dx, dy in jump_to if 0 <= x + dx <= 9 and 0 <= y + dy <= 9}
s691099323.py(18):     return {(x + dx, y + dy) for dx, dy in jump_to if 0 <= x + dx <= 9 and 0 <= y + dy <= 9}
s691099323.py(18):     return {(x + dx, y + dy) for dx, dy in jump_to if 0 <= x + dx <= 9 and 0 <= y + dy <= 9}
s691099323.py(18):     return {(x + dx, y + dy) for dx, dy in jump_to if 0 <= x + dx <= 9 and 0 <= y + dy <= 9}
s691099323.py(18):     return {(x + dx, y + dy) for dx, dy in jump_to if 0 <= x + dx <= 9 and 0 <= y + dy <= 9}
s691099323.py(26):     for p in ps:
s691099323.py(27):       ret = ret | next_points(p)
 --- modulename: s691099323, funcname: next_points
s691099323.py(17):     x, y = p
s691099323.py(18):     return {(x + dx, y + dy) for dx, dy in jump_to if 0 <= x + dx <= 9 and 0 <= y + dy <= 9}
 --- modulename: s691099323, funcname: <setcomp>
s691099323.py(18):     return {(x + dx, y + dy) for dx, dy in jump_to if 0 <= x + dx <= 9 and 0 <= y + dy <= 9}
s691099323.py(18):     return {(x + dx, y + dy) for dx, dy in jump_to if 0 <= x + dx <= 9 and 0 <= y + dy <= 9}
s691099323.py(18):     return {(x + dx, y + dy) for dx, dy in jump_to if 0 <= x + dx <= 9 and 0 <= y + dy <= 9}
s691099323.py(18):     return {(x + dx, y + dy) for dx, dy in jump_to if 0 <= x + dx <= 9 and 0 <= y + dy <= 9}
s691099323.py(18):     return {(x + dx, y + dy) for dx, dy in jump_to if 0 <= x + dx <= 9 and 0 <= y + dy <= 9}
s691099323.py(18):     return {(x + dx, y + dy) for dx, dy in jump_to if 0 <= x + dx <= 9 and 0 <= y + dy <= 9}
s691099323.py(18):     return {(x + dx, y + dy) for dx, dy in jump_to if 0 <= x + dx <= 9 and 0 <= y + dy <= 9}
s691099323.py(18):     return {(x + dx, y + dy) for dx, dy in jump_to if 0 <= x + dx <= 9 and 0 <= y + dy <= 9}
s691099323.py(18):     return {(x + dx, y + dy) for dx, dy in jump_to if 0 <= x + dx <= 9 and 0 <= y + dy <= 9}
s691099323.py(18):     return {(x + dx, y + dy) for dx, dy in jump_to if 0 <= x + dx <= 9 and 0 <= y + dy <= 9}
s691099323.py(18):     return {(x + dx, y + dy) for dx, dy in jump_to if 0 <= x + dx <= 9 and 0 <= y + dy <= 9}
s691099323.py(18):     return {(x + dx, y + dy) for dx, dy in jump_to if 0 <= x + dx <= 9 and 0 <= y + dy <= 9}
s691099323.py(18):     return {(x + dx, y + dy) for dx, dy in jump_to if 0 <= x + dx <= 9 and 0 <= y + dy <= 9}
s691099323.py(26):     for p in ps:
s691099323.py(27):       ret = ret | next_points(p)
 --- modulename: s691099323, funcname: next_points
s691099323.py(17):     x, y = p
s691099323.py(18):     return {(x + dx, y + dy) for dx, dy in jump_to if 0 <= x + dx <= 9 and 0 <= y + dy <= 9}
 --- modulename: s691099323, funcname: <setcomp>
s691099323.py(18):     return {(x + dx, y + dy) for dx, dy in jump_to if 0 <= x + dx <= 9 and 0 <= y + dy <= 9}
s691099323.py(18):     return {(x + dx, y + dy) for dx, dy in jump_to if 0 <= x + dx <= 9 and 0 <= y + dy <= 9}
s691099323.py(18):     return {(x + dx, y + dy) for dx, dy in jump_to if 0 <= x + dx <= 9 and 0 <= y + dy <= 9}
s691099323.py(18):     return {(x + dx, y + dy) for dx, dy in jump_to if 0 <= x + dx <= 9 and 0 <= y + dy <= 9}
s691099323.py(18):     return {(x + dx, y + dy) for dx, dy in jump_to if 0 <= x + dx <= 9 and 0 <= y + dy <= 9}
s691099323.py(18):     return {(x + dx, y + dy) for dx, dy in jump_to if 0 <= x + dx <= 9 and 0 <= y + dy <= 9}
s691099323.py(18):     return {(x + dx, y + dy) for dx, dy in jump_to if 0 <= x + dx <= 9 and 0 <= y + dy <= 9}
s691099323.py(18):     return {(x + dx, y + dy) for dx, dy in jump_to if 0 <= x + dx <= 9 and 0 <= y + dy <= 9}
s691099323.py(18):     return {(x + dx, y + dy) for dx, dy in jump_to if 0 <= x + dx <= 9 and 0 <= y + dy <= 9}
s691099323.py(18):     return {(x + dx, y + dy) for dx, dy in jump_to if 0 <= x + dx <= 9 and 0 <= y + dy <= 9}
s691099323.py(18):     return {(x + dx, y + dy) for dx, dy in jump_to if 0 <= x + dx <= 9 and 0 <= y + dy <= 9}
s691099323.py(18):     return {(x + dx, y + dy) for dx, dy in jump_to if 0 <= x + dx <= 9 and 0 <= y + dy <= 9}
s691099323.py(18):     return {(x + dx, y + dy) for dx, dy in jump_to if 0 <= x + dx <= 9 and 0 <= y + dy <= 9}
s691099323.py(26):     for p in ps:
s691099323.py(27):       ret = ret | next_points(p)
 --- modulename: s691099323, funcname: next_points
s691099323.py(17):     x, y = p
s691099323.py(18):     return {(x + dx, y + dy) for dx, dy in jump_to if 0 <= x + dx <= 9 and 0 <= y + dy <= 9}
 --- modulename: s691099323, funcname: <setcomp>
s691099323.py(18):     return {(x + dx, y + dy) for dx, dy in jump_to if 0 <= x + dx <= 9 and 0 <= y + dy <= 9}
s691099323.py(18):     return {(x + dx, y + dy) for dx, dy in jump_to if 0 <= x + dx <= 9 and 0 <= y + dy <= 9}
s691099323.py(18):     return {(x + dx, y + dy) for dx, dy in jump_to if 0 <= x + dx <= 9 and 0 <= y + dy <= 9}
s691099323.py(18):     return {(x + dx, y + dy) for dx, dy in jump_to if 0 <= x + dx <= 9 and 0 <= y + dy <= 9}
s691099323.py(18):     return {(x + dx, y + dy) for dx, dy in jump_to if 0 <= x + dx <= 9 and 0 <= y + dy <= 9}
s691099323.py(18):     return {(x + dx, y + dy) for dx, dy in jump_to if 0 <= x + dx <= 9 and 0 <= y + dy <= 9}
s691099323.py(18):     return {(x + dx, y + dy) for dx, dy in jump_to if 0 <= x + dx <= 9 and 0 <= y + dy <= 9}
s691099323.py(18):     return {(x + dx, y + dy) for dx, dy in jump_to if 0 <= x + dx <= 9 and 0 <= y + dy <= 9}
s691099323.py(18):     return {(x + dx, y + dy) for dx, dy in jump_to if 0 <= x + dx <= 9 and 0 <= y + dy <= 9}
s691099323.py(18):     return {(x + dx, y + dy) for dx, dy in jump_to if 0 <= x + dx <= 9 and 0 <= y + dy <= 9}
s691099323.py(18):     return {(x + dx, y + dy) for dx, dy in jump_to if 0 <= x + dx <= 9 and 0 <= y + dy <= 9}
s691099323.py(18):     return {(x + dx, y + dy) for dx, dy in jump_to if 0 <= x + dx <= 9 and 0 <= y + dy <= 9}
s691099323.py(18):     return {(x + dx, y + dy) for dx, dy in jump_to if 0 <= x + dx <= 9 and 0 <= y + dy <= 9}
s691099323.py(26):     for p in ps:
s691099323.py(27):       ret = ret | next_points(p)
 --- modulename: s691099323, funcname: next_points
s691099323.py(17):     x, y = p
s691099323.py(18):     return {(x + dx, y + dy) for dx, dy in jump_to if 0 <= x + dx <= 9 and 0 <= y + dy <= 9}
 --- modulename: s691099323, funcname: <setcomp>
s691099323.py(18):     return {(x + dx, y + dy) for dx, dy in jump_to if 0 <= x + dx <= 9 and 0 <= y + dy <= 9}
s691099323.py(18):     return {(x + dx, y + dy) for dx, dy in jump_to if 0 <= x + dx <= 9 and 0 <= y + dy <= 9}
s691099323.py(18):     return {(x + dx, y + dy) for dx, dy in jump_to if 0 <= x + dx <= 9 and 0 <= y + dy <= 9}
s691099323.py(18):     return {(x + dx, y + dy) for dx, dy in jump_to if 0 <= x + dx <= 9 and 0 <= y + dy <= 9}
s691099323.py(18):     return {(x + dx, y + dy) for dx, dy in jump_to if 0 <= x + dx <= 9 and 0 <= y + dy <= 9}
s691099323.py(18):     return {(x + dx, y + dy) for dx, dy in jump_to if 0 <= x + dx <= 9 and 0 <= y + dy <= 9}
s691099323.py(18):     return {(x + dx, y + dy) for dx, dy in jump_to if 0 <= x + dx <= 9 and 0 <= y + dy <= 9}
s691099323.py(18):     return {(x + dx, y + dy) for dx, dy in jump_to if 0 <= x + dx <= 9 and 0 <= y + dy <= 9}
s691099323.py(18):     return {(x + dx, y + dy) for dx, dy in jump_to if 0 <= x + dx <= 9 and 0 <= y + dy <= 9}
s691099323.py(18):     return {(x + dx, y + dy) for dx, dy in jump_to if 0 <= x + dx <= 9 and 0 <= y + dy <= 9}
s691099323.py(18):     return {(x + dx, y + dy) for dx, dy in jump_to if 0 <= x + dx <= 9 and 0 <= y + dy <= 9}
s691099323.py(18):     return {(x + dx, y + dy) for dx, dy in jump_to if 0 <= x + dx <= 9 and 0 <= y + dy <= 9}
s691099323.py(18):     return {(x + dx, y + dy) for dx, dy in jump_to if 0 <= x + dx <= 9 and 0 <= y + dy <= 9}
s691099323.py(26):     for p in ps:
s691099323.py(27):       ret = ret | next_points(p)
 --- modulename: s691099323, funcname: next_points
s691099323.py(17):     x, y = p
s691099323.py(18):     return {(x + dx, y + dy) for dx, dy in jump_to if 0 <= x + dx <= 9 and 0 <= y + dy <= 9}
 --- modulename: s691099323, funcname: <setcomp>
s691099323.py(18):     return {(x + dx, y + dy) for dx, dy in jump_to if 0 <= x + dx <= 9 and 0 <= y + dy <= 9}
s691099323.py(18):     return {(x + dx, y + dy) for dx, dy in jump_to if 0 <= x + dx <= 9 and 0 <= y + dy <= 9}
s691099323.py(18):     return {(x + dx, y + dy) for dx, dy in jump_to if 0 <= x + dx <= 9 and 0 <= y + dy <= 9}
s691099323.py(18):     return {(x + dx, y + dy) for dx, dy in jump_to if 0 <= x + dx <= 9 and 0 <= y + dy <= 9}
s691099323.py(18):     return {(x + dx, y + dy) for dx, dy in jump_to if 0 <= x + dx <= 9 and 0 <= y + dy <= 9}
s691099323.py(18):     return {(x + dx, y + dy) for dx, dy in jump_to if 0 <= x + dx <= 9 and 0 <= y + dy <= 9}
s691099323.py(18):     return {(x + dx, y + dy) for dx, dy in jump_to if 0 <= x + dx <= 9 and 0 <= y + dy <= 9}
s691099323.py(18):     return {(x + dx, y + dy) for dx, dy in jump_to if 0 <= x + dx <= 9 and 0 <= y + dy <= 9}
s691099323.py(18):     return {(x + dx, y + dy) for dx, dy in jump_to if 0 <= x + dx <= 9 and 0 <= y + dy <= 9}
s691099323.py(18):     return {(x + dx, y + dy) for dx, dy in jump_to if 0 <= x + dx <= 9 and 0 <= y + dy <= 9}
s691099323.py(18):     return {(x + dx, y + dy) for dx, dy in jump_to if 0 <= x + dx <= 9 and 0 <= y + dy <= 9}
s691099323.py(18):     return {(x + dx, y + dy) for dx, dy in jump_to if 0 <= x + dx <= 9 and 0 <= y + dy <= 9}
s691099323.py(18):     return {(x + dx, y + dy) for dx, dy in jump_to if 0 <= x + dx <= 9 and 0 <= y + dy <= 9}
s691099323.py(26):     for p in ps:
s691099323.py(28):     return ret
s691099323.py(31):   for sp in s_points:
s691099323.py(32):     i_survive = survive_points(sp)
 --- modulename: s691099323, funcname: survive_points
s691099323.py(21):     x, y = p
s691099323.py(22):     return {(x + dx, y + dy) for dx, dy in survive_range if 0 <= x + dx <= 9 and 0 <= y + dy <= 9}
 --- modulename: s691099323, funcname: <setcomp>
s691099323.py(22):     return {(x + dx, y + dy) for dx, dy in survive_range if 0 <= x + dx <= 9 and 0 <= y + dy <= 9}
s691099323.py(22):     return {(x + dx, y + dy) for dx, dy in survive_range if 0 <= x + dx <= 9 and 0 <= y + dy <= 9}
s691099323.py(22):     return {(x + dx, y + dy) for dx, dy in survive_range if 0 <= x + dx <= 9 and 0 <= y + dy <= 9}
s691099323.py(22):     return {(x + dx, y + dy) for dx, dy in survive_range if 0 <= x + dx <= 9 and 0 <= y + dy <= 9}
s691099323.py(22):     return {(x + dx, y + dy) for dx, dy in survive_range if 0 <= x + dx <= 9 and 0 <= y + dy <= 9}
s691099323.py(22):     return {(x + dx, y + dy) for dx, dy in survive_range if 0 <= x + dx <= 9 and 0 <= y + dy <= 9}
s691099323.py(22):     return {(x + dx, y + dy) for dx, dy in survive_range if 0 <= x + dx <= 9 and 0 <= y + dy <= 9}
s691099323.py(22):     return {(x + dx, y + dy) for dx, dy in survive_range if 0 <= x + dx <= 9 and 0 <= y + dy <= 9}
s691099323.py(22):     return {(x + dx, y + dy) for dx, dy in survive_range if 0 <= x + dx <= 9 and 0 <= y + dy <= 9}
s691099323.py(22):     return {(x + dx, y + dy) for dx, dy in survive_range if 0 <= x + dx <= 9 and 0 <= y + dy <= 9}
s691099323.py(33):     survive = next_survive(survive) & i_survive
 --- modulename: s691099323, funcname: next_survive
s691099323.py(25):     ret = set()
s691099323.py(26):     for p in ps:
s691099323.py(27):       ret = ret | next_points(p)
 --- modulename: s691099323, funcname: next_points
s691099323.py(17):     x, y = p
s691099323.py(18):     return {(x + dx, y + dy) for dx, dy in jump_to if 0 <= x + dx <= 9 and 0 <= y + dy <= 9}
 --- modulename: s691099323, funcname: <setcomp>
s691099323.py(18):     return {(x + dx, y + dy) for dx, dy in jump_to if 0 <= x + dx <= 9 and 0 <= y + dy <= 9}
s691099323.py(18):     return {(x + dx, y + dy) for dx, dy in jump_to if 0 <= x + dx <= 9 and 0 <= y + dy <= 9}
s691099323.py(18):     return {(x + dx, y + dy) for dx, dy in jump_to if 0 <= x + dx <= 9 and 0 <= y + dy <= 9}
s691099323.py(18):     return {(x + dx, y + dy) for dx, dy in jump_to if 0 <= x + dx <= 9 and 0 <= y + dy <= 9}
s691099323.py(18):     return {(x + dx, y + dy) for dx, dy in jump_to if 0 <= x + dx <= 9 and 0 <= y + dy <= 9}
s691099323.py(18):     return {(x + dx, y + dy) for dx, dy in jump_to if 0 <= x + dx <= 9 and 0 <= y + dy <= 9}
s691099323.py(18):     return {(x + dx, y + dy) for dx, dy in jump_to if 0 <= x + dx <= 9 and 0 <= y + dy <= 9}
s691099323.py(18):     return {(x + dx, y + dy) for dx, dy in jump_to if 0 <= x + dx <= 9 and 0 <= y + dy <= 9}
s691099323.py(18):     return {(x + dx, y + dy) for dx, dy in jump_to if 0 <= x + dx <= 9 and 0 <= y + dy <= 9}
s691099323.py(18):     return {(x + dx, y + dy) for dx, dy in jump_to if 0 <= x + dx <= 9 and 0 <= y + dy <= 9}
s691099323.py(18):     return {(x + dx, y + dy) for dx, dy in jump_to if 0 <= x + dx <= 9 and 0 <= y + dy <= 9}
s691099323.py(18):     return {(x + dx, y + dy) for dx, dy in jump_to if 0 <= x + dx <= 9 and 0 <= y + dy <= 9}
s691099323.py(18):     return {(x + dx, y + dy) for dx, dy in jump_to if 0 <= x + dx <= 9 and 0 <= y + dy <= 9}
s691099323.py(26):     for p in ps:
s691099323.py(27):       ret = ret | next_points(p)
 --- modulename: s691099323, funcname: next_points
s691099323.py(17):     x, y = p
s691099323.py(18):     return {(x + dx, y + dy) for dx, dy in jump_to if 0 <= x + dx <= 9 and 0 <= y + dy <= 9}
 --- modulename: s691099323, funcname: <setcomp>
s691099323.py(18):     return {(x + dx, y + dy) for dx, dy in jump_to if 0 <= x + dx <= 9 and 0 <= y + dy <= 9}
s691099323.py(18):     return {(x + dx, y + dy) for dx, dy in jump_to if 0 <= x + dx <= 9 and 0 <= y + dy <= 9}
s691099323.py(18):     return {(x + dx, y + dy) for dx, dy in jump_to if 0 <= x + dx <= 9 and 0 <= y + dy <= 9}
s691099323.py(18):     return {(x + dx, y + dy) for dx, dy in jump_to if 0 <= x + dx <= 9 and 0 <= y + dy <= 9}
s691099323.py(18):     return {(x + dx, y + dy) for dx, dy in jump_to if 0 <= x + dx <= 9 and 0 <= y + dy <= 9}
s691099323.py(18):     return {(x + dx, y + dy) for dx, dy in jump_to if 0 <= x + dx <= 9 and 0 <= y + dy <= 9}
s691099323.py(18):     return {(x + dx, y + dy) for dx, dy in jump_to if 0 <= x + dx <= 9 and 0 <= y + dy <= 9}
s691099323.py(18):     return {(x + dx, y + dy) for dx, dy in jump_to if 0 <= x + dx <= 9 and 0 <= y + dy <= 9}
s691099323.py(18):     return {(x + dx, y + dy) for dx, dy in jump_to if 0 <= x + dx <= 9 and 0 <= y + dy <= 9}
s691099323.py(18):     return {(x + dx, y + dy) for dx, dy in jump_to if 0 <= x + dx <= 9 and 0 <= y + dy <= 9}
s691099323.py(18):     return {(x + dx, y + dy) for dx, dy in jump_to if 0 <= x + dx <= 9 and 0 <= y + dy <= 9}
s691099323.py(18):     return {(x + dx, y + dy) for dx, dy in jump_to if 0 <= x + dx <= 9 and 0 <= y + dy <= 9}
s691099323.py(18):     return {(x + dx, y + dy) for dx, dy in jump_to if 0 <= x + dx <= 9 and 0 <= y + dy <= 9}
s691099323.py(26):     for p in ps:
s691099323.py(27):       ret = ret | next_points(p)
 --- modulename: s691099323, funcname: next_points
s691099323.py(17):     x, y = p
s691099323.py(18):     return {(x + dx, y + dy) for dx, dy in jump_to if 0 <= x + dx <= 9 and 0 <= y + dy <= 9}
 --- modulename: s691099323, funcname: <setcomp>
s691099323.py(18):     return {(x + dx, y + dy) for dx, dy in jump_to if 0 <= x + dx <= 9 and 0 <= y + dy <= 9}
s691099323.py(18):     return {(x + dx, y + dy) for dx, dy in jump_to if 0 <= x + dx <= 9 and 0 <= y + dy <= 9}
s691099323.py(18):     return {(x + dx, y + dy) for dx, dy in jump_to if 0 <= x + dx <= 9 and 0 <= y + dy <= 9}
s691099323.py(18):     return {(x + dx, y + dy) for dx, dy in jump_to if 0 <= x + dx <= 9 and 0 <= y + dy <= 9}
s691099323.py(18):     return {(x + dx, y + dy) for dx, dy in jump_to if 0 <= x + dx <= 9 and 0 <= y + dy <= 9}
s691099323.py(18):     return {(x + dx, y + dy) for dx, dy in jump_to if 0 <= x + dx <= 9 and 0 <= y + dy <= 9}
s691099323.py(18):     return {(x + dx, y + dy) for dx, dy in jump_to if 0 <= x + dx <= 9 and 0 <= y + dy <= 9}
s691099323.py(18):     return {(x + dx, y + dy) for dx, dy in jump_to if 0 <= x + dx <= 9 and 0 <= y + dy <= 9}
s691099323.py(18):     return {(x + dx, y + dy) for dx, dy in jump_to if 0 <= x + dx <= 9 and 0 <= y + dy <= 9}
s691099323.py(18):     return {(x + dx, y + dy) for dx, dy in jump_to if 0 <= x + dx <= 9 and 0 <= y + dy <= 9}
s691099323.py(18):     return {(x + dx, y + dy) for dx, dy in jump_to if 0 <= x + dx <= 9 and 0 <= y + dy <= 9}
s691099323.py(18):     return {(x + dx, y + dy) for dx, dy in jump_to if 0 <= x + dx <= 9 and 0 <= y + dy <= 9}
s691099323.py(18):     return {(x + dx, y + dy) for dx, dy in jump_to if 0 <= x + dx <= 9 and 0 <= y + dy <= 9}
s691099323.py(26):     for p in ps:
s691099323.py(27):       ret = ret | next_points(p)
 --- modulename: s691099323, funcname: next_points
s691099323.py(17):     x, y = p
s691099323.py(18):     return {(x + dx, y + dy) for dx, dy in jump_to if 0 <= x + dx <= 9 and 0 <= y + dy <= 9}
 --- modulename: s691099323, funcname: <setcomp>
s691099323.py(18):     return {(x + dx, y + dy) for dx, dy in jump_to if 0 <= x + dx <= 9 and 0 <= y + dy <= 9}
s691099323.py(18):     return {(x + dx, y + dy) for dx, dy in jump_to if 0 <= x + dx <= 9 and 0 <= y + dy <= 9}
s691099323.py(18):     return {(x + dx, y + dy) for dx, dy in jump_to if 0 <= x + dx <= 9 and 0 <= y + dy <= 9}
s691099323.py(18):     return {(x + dx, y + dy) for dx, dy in jump_to if 0 <= x + dx <= 9 and 0 <= y + dy <= 9}
s691099323.py(18):     return {(x + dx, y + dy) for dx, dy in jump_to if 0 <= x + dx <= 9 and 0 <= y + dy <= 9}
s691099323.py(18):     return {(x + dx, y + dy) for dx, dy in jump_to if 0 <= x + dx <= 9 and 0 <= y + dy <= 9}
s691099323.py(18):     return {(x + dx, y + dy) for dx, dy in jump_to if 0 <= x + dx <= 9 and 0 <= y + dy <= 9}
s691099323.py(18):     return {(x + dx, y + dy) for dx, dy in jump_to if 0 <= x + dx <= 9 and 0 <= y + dy <= 9}
s691099323.py(18):     return {(x + dx, y + dy) for dx, dy in jump_to if 0 <= x + dx <= 9 and 0 <= y + dy <= 9}
s691099323.py(18):     return {(x + dx, y + dy) for dx, dy in jump_to if 0 <= x + dx <= 9 and 0 <= y + dy <= 9}
s691099323.py(18):     return {(x + dx, y + dy) for dx, dy in jump_to if 0 <= x + dx <= 9 and 0 <= y + dy <= 9}
s691099323.py(18):     return {(x + dx, y + dy) for dx, dy in jump_to if 0 <= x + dx <= 9 and 0 <= y + dy <= 9}
s691099323.py(18):     return {(x + dx, y + dy) for dx, dy in jump_to if 0 <= x + dx <= 9 and 0 <= y + dy <= 9}
s691099323.py(26):     for p in ps:
s691099323.py(27):       ret = ret | next_points(p)
 --- modulename: s691099323, funcname: next_points
s691099323.py(17):     x, y = p
s691099323.py(18):     return {(x + dx, y + dy) for dx, dy in jump_to if 0 <= x + dx <= 9 and 0 <= y + dy <= 9}
 --- modulename: s691099323, funcname: <setcomp>
s691099323.py(18):     return {(x + dx, y + dy) for dx, dy in jump_to if 0 <= x + dx <= 9 and 0 <= y + dy <= 9}
s691099323.py(18):     return {(x + dx, y + dy) for dx, dy in jump_to if 0 <= x + dx <= 9 and 0 <= y + dy <= 9}
s691099323.py(18):     return {(x + dx, y + dy) for dx, dy in jump_to if 0 <= x + dx <= 9 and 0 <= y + dy <= 9}
s691099323.py(18):     return {(x + dx, y + dy) for dx, dy in jump_to if 0 <= x + dx <= 9 and 0 <= y + dy <= 9}
s691099323.py(18):     return {(x + dx, y + dy) for dx, dy in jump_to if 0 <= x + dx <= 9 and 0 <= y + dy <= 9}
s691099323.py(18):     return {(x + dx, y + dy) for dx, dy in jump_to if 0 <= x + dx <= 9 and 0 <= y + dy <= 9}
s691099323.py(18):     return {(x + dx, y + dy) for dx, dy in jump_to if 0 <= x + dx <= 9 and 0 <= y + dy <= 9}
s691099323.py(18):     return {(x + dx, y + dy) for dx, dy in jump_to if 0 <= x + dx <= 9 and 0 <= y + dy <= 9}
s691099323.py(18):     return {(x + dx, y + dy) for dx, dy in jump_to if 0 <= x + dx <= 9 and 0 <= y + dy <= 9}
s691099323.py(18):     return {(x + dx, y + dy) for dx, dy in jump_to if 0 <= x + dx <= 9 and 0 <= y + dy <= 9}
s691099323.py(18):     return {(x + dx, y + dy) for dx, dy in jump_to if 0 <= x + dx <= 9 and 0 <= y + dy <= 9}
s691099323.py(18):     return {(x + dx, y + dy) for dx, dy in jump_to if 0 <= x + dx <= 9 and 0 <= y + dy <= 9}
s691099323.py(18):     return {(x + dx, y + dy) for dx, dy in jump_to if 0 <= x + dx <= 9 and 0 <= y + dy <= 9}
s691099323.py(26):     for p in ps:
s691099323.py(27):       ret = ret | next_points(p)
 --- modulename: s691099323, funcname: next_points
s691099323.py(17):     x, y = p
s691099323.py(18):     return {(x + dx, y + dy) for dx, dy in jump_to if 0 <= x + dx <= 9 and 0 <= y + dy <= 9}
 --- modulename: s691099323, funcname: <setcomp>
s691099323.py(18):     return {(x + dx, y + dy) for dx, dy in jump_to if 0 <= x + dx <= 9 and 0 <= y + dy <= 9}
s691099323.py(18):     return {(x + dx, y + dy) for dx, dy in jump_to if 0 <= x + dx <= 9 and 0 <= y + dy <= 9}
s691099323.py(18):     return {(x + dx, y + dy) for dx, dy in jump_to if 0 <= x + dx <= 9 and 0 <= y + dy <= 9}
s691099323.py(18):     return {(x + dx, y + dy) for dx, dy in jump_to if 0 <= x + dx <= 9 and 0 <= y + dy <= 9}
s691099323.py(18):     return {(x + dx, y + dy) for dx, dy in jump_to if 0 <= x + dx <= 9 and 0 <= y + dy <= 9}
s691099323.py(18):     return {(x + dx, y + dy) for dx, dy in jump_to if 0 <= x + dx <= 9 and 0 <= y + dy <= 9}
s691099323.py(18):     return {(x + dx, y + dy) for dx, dy in jump_to if 0 <= x + dx <= 9 and 0 <= y + dy <= 9}
s691099323.py(18):     return {(x + dx, y + dy) for dx, dy in jump_to if 0 <= x + dx <= 9 and 0 <= y + dy <= 9}
s691099323.py(18):     return {(x + dx, y + dy) for dx, dy in jump_to if 0 <= x + dx <= 9 and 0 <= y + dy <= 9}
s691099323.py(18):     return {(x + dx, y + dy) for dx, dy in jump_to if 0 <= x + dx <= 9 and 0 <= y + dy <= 9}
s691099323.py(18):     return {(x + dx, y + dy) for dx, dy in jump_to if 0 <= x + dx <= 9 and 0 <= y + dy <= 9}
s691099323.py(18):     return {(x + dx, y + dy) for dx, dy in jump_to if 0 <= x + dx <= 9 and 0 <= y + dy <= 9}
s691099323.py(18):     return {(x + dx, y + dy) for dx, dy in jump_to if 0 <= x + dx <= 9 and 0 <= y + dy <= 9}
s691099323.py(26):     for p in ps:
s691099323.py(28):     return ret
s691099323.py(31):   for sp in s_points:
s691099323.py(32):     i_survive = survive_points(sp)
 --- modulename: s691099323, funcname: survive_points
s691099323.py(21):     x, y = p
s691099323.py(22):     return {(x + dx, y + dy) for dx, dy in survive_range if 0 <= x + dx <= 9 and 0 <= y + dy <= 9}
 --- modulename: s691099323, funcname: <setcomp>
s691099323.py(22):     return {(x + dx, y + dy) for dx, dy in survive_range if 0 <= x + dx <= 9 and 0 <= y + dy <= 9}
s691099323.py(22):     return {(x + dx, y + dy) for dx, dy in survive_range if 0 <= x + dx <= 9 and 0 <= y + dy <= 9}
s691099323.py(22):     return {(x + dx, y + dy) for dx, dy in survive_range if 0 <= x + dx <= 9 and 0 <= y + dy <= 9}
s691099323.py(22):     return {(x + dx, y + dy) for dx, dy in survive_range if 0 <= x + dx <= 9 and 0 <= y + dy <= 9}
s691099323.py(22):     return {(x + dx, y + dy) for dx, dy in survive_range if 0 <= x + dx <= 9 and 0 <= y + dy <= 9}
s691099323.py(22):     return {(x + dx, y + dy) for dx, dy in survive_range if 0 <= x + dx <= 9 and 0 <= y + dy <= 9}
s691099323.py(22):     return {(x + dx, y + dy) for dx, dy in survive_range if 0 <= x + dx <= 9 and 0 <= y + dy <= 9}
s691099323.py(22):     return {(x + dx, y + dy) for dx, dy in survive_range if 0 <= x + dx <= 9 and 0 <= y + dy <= 9}
s691099323.py(22):     return {(x + dx, y + dy) for dx, dy in survive_range if 0 <= x + dx <= 9 and 0 <= y + dy <= 9}
s691099323.py(22):     return {(x + dx, y + dy) for dx, dy in survive_range if 0 <= x + dx <= 9 and 0 <= y + dy <= 9}
s691099323.py(33):     survive = next_survive(survive) & i_survive
 --- modulename: s691099323, funcname: next_survive
s691099323.py(25):     ret = set()
s691099323.py(26):     for p in ps:
s691099323.py(27):       ret = ret | next_points(p)
 --- modulename: s691099323, funcname: next_points
s691099323.py(17):     x, y = p
s691099323.py(18):     return {(x + dx, y + dy) for dx, dy in jump_to if 0 <= x + dx <= 9 and 0 <= y + dy <= 9}
 --- modulename: s691099323, funcname: <setcomp>
s691099323.py(18):     return {(x + dx, y + dy) for dx, dy in jump_to if 0 <= x + dx <= 9 and 0 <= y + dy <= 9}
s691099323.py(18):     return {(x + dx, y + dy) for dx, dy in jump_to if 0 <= x + dx <= 9 and 0 <= y + dy <= 9}
s691099323.py(18):     return {(x + dx, y + dy) for dx, dy in jump_to if 0 <= x + dx <= 9 and 0 <= y + dy <= 9}
s691099323.py(18):     return {(x + dx, y + dy) for dx, dy in jump_to if 0 <= x + dx <= 9 and 0 <= y + dy <= 9}
s691099323.py(18):     return {(x + dx, y + dy) for dx, dy in jump_to if 0 <= x + dx <= 9 and 0 <= y + dy <= 9}
s691099323.py(18):     return {(x + dx, y + dy) for dx, dy in jump_to if 0 <= x + dx <= 9 and 0 <= y + dy <= 9}
s691099323.py(18):     return {(x + dx, y + dy) for dx, dy in jump_to if 0 <= x + dx <= 9 and 0 <= y + dy <= 9}
s691099323.py(18):     return {(x + dx, y + dy) for dx, dy in jump_to if 0 <= x + dx <= 9 and 0 <= y + dy <= 9}
s691099323.py(18):     return {(x + dx, y + dy) for dx, dy in jump_to if 0 <= x + dx <= 9 and 0 <= y + dy <= 9}
s691099323.py(18):     return {(x + dx, y + dy) for dx, dy in jump_to if 0 <= x + dx <= 9 and 0 <= y + dy <= 9}
s691099323.py(18):     return {(x + dx, y + dy) for dx, dy in jump_to if 0 <= x + dx <= 9 and 0 <= y + dy <= 9}
s691099323.py(18):     return {(x + dx, y + dy) for dx, dy in jump_to if 0 <= x + dx <= 9 and 0 <= y + dy <= 9}
s691099323.py(18):     return {(x + dx, y + dy) for dx, dy in jump_to if 0 <= x + dx <= 9 and 0 <= y + dy <= 9}
s691099323.py(26):     for p in ps:
s691099323.py(27):       ret = ret | next_points(p)
 --- modulename: s691099323, funcname: next_points
s691099323.py(17):     x, y = p
s691099323.py(18):     return {(x + dx, y + dy) for dx, dy in jump_to if 0 <= x + dx <= 9 and 0 <= y + dy <= 9}
 --- modulename: s691099323, funcname: <setcomp>
s691099323.py(18):     return {(x + dx, y + dy) for dx, dy in jump_to if 0 <= x + dx <= 9 and 0 <= y + dy <= 9}
s691099323.py(18):     return {(x + dx, y + dy) for dx, dy in jump_to if 0 <= x + dx <= 9 and 0 <= y + dy <= 9}
s691099323.py(18):     return {(x + dx, y + dy) for dx, dy in jump_to if 0 <= x + dx <= 9 and 0 <= y + dy <= 9}
s691099323.py(18):     return {(x + dx, y + dy) for dx, dy in jump_to if 0 <= x + dx <= 9 and 0 <= y + dy <= 9}
s691099323.py(18):     return {(x + dx, y + dy) for dx, dy in jump_to if 0 <= x + dx <= 9 and 0 <= y + dy <= 9}
s691099323.py(18):     return {(x + dx, y + dy) for dx, dy in jump_to if 0 <= x + dx <= 9 and 0 <= y + dy <= 9}
s691099323.py(18):     return {(x + dx, y + dy) for dx, dy in jump_to if 0 <= x + dx <= 9 and 0 <= y + dy <= 9}
s691099323.py(18):     return {(x + dx, y + dy) for dx, dy in jump_to if 0 <= x + dx <= 9 and 0 <= y + dy <= 9}
s691099323.py(18):     return {(x + dx, y + dy) for dx, dy in jump_to if 0 <= x + dx <= 9 and 0 <= y + dy <= 9}
s691099323.py(18):     return {(x + dx, y + dy) for dx, dy in jump_to if 0 <= x + dx <= 9 and 0 <= y + dy <= 9}
s691099323.py(18):     return {(x + dx, y + dy) for dx, dy in jump_to if 0 <= x + dx <= 9 and 0 <= y + dy <= 9}
s691099323.py(18):     return {(x + dx, y + dy) for dx, dy in jump_to if 0 <= x + dx <= 9 and 0 <= y + dy <= 9}
s691099323.py(18):     return {(x + dx, y + dy) for dx, dy in jump_to if 0 <= x + dx <= 9 and 0 <= y + dy <= 9}
s691099323.py(26):     for p in ps:
s691099323.py(27):       ret = ret | next_points(p)
 --- modulename: s691099323, funcname: next_points
s691099323.py(17):     x, y = p
s691099323.py(18):     return {(x + dx, y + dy) for dx, dy in jump_to if 0 <= x + dx <= 9 and 0 <= y + dy <= 9}
 --- modulename: s691099323, funcname: <setcomp>
s691099323.py(18):     return {(x + dx, y + dy) for dx, dy in jump_to if 0 <= x + dx <= 9 and 0 <= y + dy <= 9}
s691099323.py(18):     return {(x + dx, y + dy) for dx, dy in jump_to if 0 <= x + dx <= 9 and 0 <= y + dy <= 9}
s691099323.py(18):     return {(x + dx, y + dy) for dx, dy in jump_to if 0 <= x + dx <= 9 and 0 <= y + dy <= 9}
s691099323.py(18):     return {(x + dx, y + dy) for dx, dy in jump_to if 0 <= x + dx <= 9 and 0 <= y + dy <= 9}
s691099323.py(18):     return {(x + dx, y + dy) for dx, dy in jump_to if 0 <= x + dx <= 9 and 0 <= y + dy <= 9}
s691099323.py(18):     return {(x + dx, y + dy) for dx, dy in jump_to if 0 <= x + dx <= 9 and 0 <= y + dy <= 9}
s691099323.py(18):     return {(x + dx, y + dy) for dx, dy in jump_to if 0 <= x + dx <= 9 and 0 <= y + dy <= 9}
s691099323.py(18):     return {(x + dx, y + dy) for dx, dy in jump_to if 0 <= x + dx <= 9 and 0 <= y + dy <= 9}
s691099323.py(18):     return {(x + dx, y + dy) for dx, dy in jump_to if 0 <= x + dx <= 9 and 0 <= y + dy <= 9}
s691099323.py(18):     return {(x + dx, y + dy) for dx, dy in jump_to if 0 <= x + dx <= 9 and 0 <= y + dy <= 9}
s691099323.py(18):     return {(x + dx, y + dy) for dx, dy in jump_to if 0 <= x + dx <= 9 and 0 <= y + dy <= 9}
s691099323.py(18):     return {(x + dx, y + dy) for dx, dy in jump_to if 0 <= x + dx <= 9 and 0 <= y + dy <= 9}
s691099323.py(18):     return {(x + dx, y + dy) for dx, dy in jump_to if 0 <= x + dx <= 9 and 0 <= y + dy <= 9}
s691099323.py(26):     for p in ps:
s691099323.py(27):       ret = ret | next_points(p)
 --- modulename: s691099323, funcname: next_points
s691099323.py(17):     x, y = p
s691099323.py(18):     return {(x + dx, y + dy) for dx, dy in jump_to if 0 <= x + dx <= 9 and 0 <= y + dy <= 9}
 --- modulename: s691099323, funcname: <setcomp>
s691099323.py(18):     return {(x + dx, y + dy) for dx, dy in jump_to if 0 <= x + dx <= 9 and 0 <= y + dy <= 9}
s691099323.py(18):     return {(x + dx, y + dy) for dx, dy in jump_to if 0 <= x + dx <= 9 and 0 <= y + dy <= 9}
s691099323.py(18):     return {(x + dx, y + dy) for dx, dy in jump_to if 0 <= x + dx <= 9 and 0 <= y + dy <= 9}
s691099323.py(18):     return {(x + dx, y + dy) for dx, dy in jump_to if 0 <= x + dx <= 9 and 0 <= y + dy <= 9}
s691099323.py(18):     return {(x + dx, y + dy) for dx, dy in jump_to if 0 <= x + dx <= 9 and 0 <= y + dy <= 9}
s691099323.py(18):     return {(x + dx, y + dy) for dx, dy in jump_to if 0 <= x + dx <= 9 and 0 <= y + dy <= 9}
s691099323.py(18):     return {(x + dx, y + dy) for dx, dy in jump_to if 0 <= x + dx <= 9 and 0 <= y + dy <= 9}
s691099323.py(18):     return {(x + dx, y + dy) for dx, dy in jump_to if 0 <= x + dx <= 9 and 0 <= y + dy <= 9}
s691099323.py(18):     return {(x + dx, y + dy) for dx, dy in jump_to if 0 <= x + dx <= 9 and 0 <= y + dy <= 9}
s691099323.py(18):     return {(x + dx, y + dy) for dx, dy in jump_to if 0 <= x + dx <= 9 and 0 <= y + dy <= 9}
s691099323.py(18):     return {(x + dx, y + dy) for dx, dy in jump_to if 0 <= x + dx <= 9 and 0 <= y + dy <= 9}
s691099323.py(18):     return {(x + dx, y + dy) for dx, dy in jump_to if 0 <= x + dx <= 9 and 0 <= y + dy <= 9}
s691099323.py(18):     return {(x + dx, y + dy) for dx, dy in jump_to if 0 <= x + dx <= 9 and 0 <= y + dy <= 9}
s691099323.py(26):     for p in ps:
s691099323.py(28):     return ret
s691099323.py(31):   for sp in s_points:
s691099323.py(32):     i_survive = survive_points(sp)
 --- modulename: s691099323, funcname: survive_points
s691099323.py(21):     x, y = p
s691099323.py(22):     return {(x + dx, y + dy) for dx, dy in survive_range if 0 <= x + dx <= 9 and 0 <= y + dy <= 9}
 --- modulename: s691099323, funcname: <setcomp>
s691099323.py(22):     return {(x + dx, y + dy) for dx, dy in survive_range if 0 <= x + dx <= 9 and 0 <= y + dy <= 9}
s691099323.py(22):     return {(x + dx, y + dy) for dx, dy in survive_range if 0 <= x + dx <= 9 and 0 <= y + dy <= 9}
s691099323.py(22):     return {(x + dx, y + dy) for dx, dy in survive_range if 0 <= x + dx <= 9 and 0 <= y + dy <= 9}
s691099323.py(22):     return {(x + dx, y + dy) for dx, dy in survive_range if 0 <= x + dx <= 9 and 0 <= y + dy <= 9}
s691099323.py(22):     return {(x + dx, y + dy) for dx, dy in survive_range if 0 <= x + dx <= 9 and 0 <= y + dy <= 9}
s691099323.py(22):     return {(x + dx, y + dy) for dx, dy in survive_range if 0 <= x + dx <= 9 and 0 <= y + dy <= 9}
s691099323.py(22):     return {(x + dx, y + dy) for dx, dy in survive_range if 0 <= x + dx <= 9 and 0 <= y + dy <= 9}
s691099323.py(22):     return {(x + dx, y + dy) for dx, dy in survive_range if 0 <= x + dx <= 9 and 0 <= y + dy <= 9}
s691099323.py(22):     return {(x + dx, y + dy) for dx, dy in survive_range if 0 <= x + dx <= 9 and 0 <= y + dy <= 9}
s691099323.py(22):     return {(x + dx, y + dy) for dx, dy in survive_range if 0 <= x + dx <= 9 and 0 <= y + dy <= 9}
s691099323.py(33):     survive = next_survive(survive) & i_survive
 --- modulename: s691099323, funcname: next_survive
s691099323.py(25):     ret = set()
s691099323.py(26):     for p in ps:
s691099323.py(27):       ret = ret | next_points(p)
 --- modulename: s691099323, funcname: next_points
s691099323.py(17):     x, y = p
s691099323.py(18):     return {(x + dx, y + dy) for dx, dy in jump_to if 0 <= x + dx <= 9 and 0 <= y + dy <= 9}
 --- modulename: s691099323, funcname: <setcomp>
s691099323.py(18):     return {(x + dx, y + dy) for dx, dy in jump_to if 0 <= x + dx <= 9 and 0 <= y + dy <= 9}
s691099323.py(18):     return {(x + dx, y + dy) for dx, dy in jump_to if 0 <= x + dx <= 9 and 0 <= y + dy <= 9}
s691099323.py(18):     return {(x + dx, y + dy) for dx, dy in jump_to if 0 <= x + dx <= 9 and 0 <= y + dy <= 9}
s691099323.py(18):     return {(x + dx, y + dy) for dx, dy in jump_to if 0 <= x + dx <= 9 and 0 <= y + dy <= 9}
s691099323.py(18):     return {(x + dx, y + dy) for dx, dy in jump_to if 0 <= x + dx <= 9 and 0 <= y + dy <= 9}
s691099323.py(18):     return {(x + dx, y + dy) for dx, dy in jump_to if 0 <= x + dx <= 9 and 0 <= y + dy <= 9}
s691099323.py(18):     return {(x + dx, y + dy) for dx, dy in jump_to if 0 <= x + dx <= 9 and 0 <= y + dy <= 9}
s691099323.py(18):     return {(x + dx, y + dy) for dx, dy in jump_to if 0 <= x + dx <= 9 and 0 <= y + dy <= 9}
s691099323.py(18):     return {(x + dx, y + dy) for dx, dy in jump_to if 0 <= x + dx <= 9 and 0 <= y + dy <= 9}
s691099323.py(18):     return {(x + dx, y + dy) for dx, dy in jump_to if 0 <= x + dx <= 9 and 0 <= y + dy <= 9}
s691099323.py(18):     return {(x + dx, y + dy) for dx, dy in jump_to if 0 <= x + dx <= 9 and 0 <= y + dy <= 9}
s691099323.py(18):     return {(x + dx, y + dy) for dx, dy in jump_to if 0 <= x + dx <= 9 and 0 <= y + dy <= 9}
s691099323.py(18):     return {(x + dx, y + dy) for dx, dy in jump_to if 0 <= x + dx <= 9 and 0 <= y + dy <= 9}
s691099323.py(26):     for p in ps:
s691099323.py(27):       ret = ret | next_points(p)
 --- modulename: s691099323, funcname: next_points
s691099323.py(17):     x, y = p
s691099323.py(18):     return {(x + dx, y + dy) for dx, dy in jump_to if 0 <= x + dx <= 9 and 0 <= y + dy <= 9}
 --- modulename: s691099323, funcname: <setcomp>
s691099323.py(18):     return {(x + dx, y + dy) for dx, dy in jump_to if 0 <= x + dx <= 9 and 0 <= y + dy <= 9}
s691099323.py(18):     return {(x + dx, y + dy) for dx, dy in jump_to if 0 <= x + dx <= 9 and 0 <= y + dy <= 9}
s691099323.py(18):     return {(x + dx, y + dy) for dx, dy in jump_to if 0 <= x + dx <= 9 and 0 <= y + dy <= 9}
s691099323.py(18):     return {(x + dx, y + dy) for dx, dy in jump_to if 0 <= x + dx <= 9 and 0 <= y + dy <= 9}
s691099323.py(18):     return {(x + dx, y + dy) for dx, dy in jump_to if 0 <= x + dx <= 9 and 0 <= y + dy <= 9}
s691099323.py(18):     return {(x + dx, y + dy) for dx, dy in jump_to if 0 <= x + dx <= 9 and 0 <= y + dy <= 9}
s691099323.py(18):     return {(x + dx, y + dy) for dx, dy in jump_to if 0 <= x + dx <= 9 and 0 <= y + dy <= 9}
s691099323.py(18):     return {(x + dx, y + dy) for dx, dy in jump_to if 0 <= x + dx <= 9 and 0 <= y + dy <= 9}
s691099323.py(18):     return {(x + dx, y + dy) for dx, dy in jump_to if 0 <= x + dx <= 9 and 0 <= y + dy <= 9}
s691099323.py(18):     return {(x + dx, y + dy) for dx, dy in jump_to if 0 <= x + dx <= 9 and 0 <= y + dy <= 9}
s691099323.py(18):     return {(x + dx, y + dy) for dx, dy in jump_to if 0 <= x + dx <= 9 and 0 <= y + dy <= 9}
s691099323.py(18):     return {(x + dx, y + dy) for dx, dy in jump_to if 0 <= x + dx <= 9 and 0 <= y + dy <= 9}
s691099323.py(18):     return {(x + dx, y + dy) for dx, dy in jump_to if 0 <= x + dx <= 9 and 0 <= y + dy <= 9}
s691099323.py(26):     for p in ps:
s691099323.py(28):     return ret
s691099323.py(31):   for sp in s_points:
s691099323.py(32):     i_survive = survive_points(sp)
 --- modulename: s691099323, funcname: survive_points
s691099323.py(21):     x, y = p
s691099323.py(22):     return {(x + dx, y + dy) for dx, dy in survive_range if 0 <= x + dx <= 9 and 0 <= y + dy <= 9}
 --- modulename: s691099323, funcname: <setcomp>
s691099323.py(22):     return {(x + dx, y + dy) for dx, dy in survive_range if 0 <= x + dx <= 9 and 0 <= y + dy <= 9}
s691099323.py(22):     return {(x + dx, y + dy) for dx, dy in survive_range if 0 <= x + dx <= 9 and 0 <= y + dy <= 9}
s691099323.py(22):     return {(x + dx, y + dy) for dx, dy in survive_range if 0 <= x + dx <= 9 and 0 <= y + dy <= 9}
s691099323.py(22):     return {(x + dx, y + dy) for dx, dy in survive_range if 0 <= x + dx <= 9 and 0 <= y + dy <= 9}
s691099323.py(22):     return {(x + dx, y + dy) for dx, dy in survive_range if 0 <= x + dx <= 9 and 0 <= y + dy <= 9}
s691099323.py(22):     return {(x + dx, y + dy) for dx, dy in survive_range if 0 <= x + dx <= 9 and 0 <= y + dy <= 9}
s691099323.py(22):     return {(x + dx, y + dy) for dx, dy in survive_range if 0 <= x + dx <= 9 and 0 <= y + dy <= 9}
s691099323.py(22):     return {(x + dx, y + dy) for dx, dy in survive_range if 0 <= x + dx <= 9 and 0 <= y + dy <= 9}
s691099323.py(22):     return {(x + dx, y + dy) for dx, dy in survive_range if 0 <= x + dx <= 9 and 0 <= y + dy <= 9}
s691099323.py(22):     return {(x + dx, y + dy) for dx, dy in survive_range if 0 <= x + dx <= 9 and 0 <= y + dy <= 9}
s691099323.py(33):     survive = next_survive(survive) & i_survive
 --- modulename: s691099323, funcname: next_survive
s691099323.py(25):     ret = set()
s691099323.py(26):     for p in ps:
s691099323.py(27):       ret = ret | next_points(p)
 --- modulename: s691099323, funcname: next_points
s691099323.py(17):     x, y = p
s691099323.py(18):     return {(x + dx, y + dy) for dx, dy in jump_to if 0 <= x + dx <= 9 and 0 <= y + dy <= 9}
 --- modulename: s691099323, funcname: <setcomp>
s691099323.py(18):     return {(x + dx, y + dy) for dx, dy in jump_to if 0 <= x + dx <= 9 and 0 <= y + dy <= 9}
s691099323.py(18):     return {(x + dx, y + dy) for dx, dy in jump_to if 0 <= x + dx <= 9 and 0 <= y + dy <= 9}
s691099323.py(18):     return {(x + dx, y + dy) for dx, dy in jump_to if 0 <= x + dx <= 9 and 0 <= y + dy <= 9}
s691099323.py(18):     return {(x + dx, y + dy) for dx, dy in jump_to if 0 <= x + dx <= 9 and 0 <= y + dy <= 9}
s691099323.py(18):     return {(x + dx, y + dy) for dx, dy in jump_to if 0 <= x + dx <= 9 and 0 <= y + dy <= 9}
s691099323.py(18):     return {(x + dx, y + dy) for dx, dy in jump_to if 0 <= x + dx <= 9 and 0 <= y + dy <= 9}
s691099323.py(18):     return {(x + dx, y + dy) for dx, dy in jump_to if 0 <= x + dx <= 9 and 0 <= y + dy <= 9}
s691099323.py(18):     return {(x + dx, y + dy) for dx, dy in jump_to if 0 <= x + dx <= 9 and 0 <= y + dy <= 9}
s691099323.py(18):     return {(x + dx, y + dy) for dx, dy in jump_to if 0 <= x + dx <= 9 and 0 <= y + dy <= 9}
s691099323.py(18):     return {(x + dx, y + dy) for dx, dy in jump_to if 0 <= x + dx <= 9 and 0 <= y + dy <= 9}
s691099323.py(18):     return {(x + dx, y + dy) for dx, dy in jump_to if 0 <= x + dx <= 9 and 0 <= y + dy <= 9}
s691099323.py(18):     return {(x + dx, y + dy) for dx, dy in jump_to if 0 <= x + dx <= 9 and 0 <= y + dy <= 9}
s691099323.py(18):     return {(x + dx, y + dy) for dx, dy in jump_to if 0 <= x + dx <= 9 and 0 <= y + dy <= 9}
s691099323.py(26):     for p in ps:
s691099323.py(27):       ret = ret | next_points(p)
 --- modulename: s691099323, funcname: next_points
s691099323.py(17):     x, y = p
s691099323.py(18):     return {(x + dx, y + dy) for dx, dy in jump_to if 0 <= x + dx <= 9 and 0 <= y + dy <= 9}
 --- modulename: s691099323, funcname: <setcomp>
s691099323.py(18):     return {(x + dx, y + dy) for dx, dy in jump_to if 0 <= x + dx <= 9 and 0 <= y + dy <= 9}
s691099323.py(18):     return {(x + dx, y + dy) for dx, dy in jump_to if 0 <= x + dx <= 9 and 0 <= y + dy <= 9}
s691099323.py(18):     return {(x + dx, y + dy) for dx, dy in jump_to if 0 <= x + dx <= 9 and 0 <= y + dy <= 9}
s691099323.py(18):     return {(x + dx, y + dy) for dx, dy in jump_to if 0 <= x + dx <= 9 and 0 <= y + dy <= 9}
s691099323.py(18):     return {(x + dx, y + dy) for dx, dy in jump_to if 0 <= x + dx <= 9 and 0 <= y + dy <= 9}
s691099323.py(18):     return {(x + dx, y + dy) for dx, dy in jump_to if 0 <= x + dx <= 9 and 0 <= y + dy <= 9}
s691099323.py(18):     return {(x + dx, y + dy) for dx, dy in jump_to if 0 <= x + dx <= 9 and 0 <= y + dy <= 9}
s691099323.py(18):     return {(x + dx, y + dy) for dx, dy in jump_to if 0 <= x + dx <= 9 and 0 <= y + dy <= 9}
s691099323.py(18):     return {(x + dx, y + dy) for dx, dy in jump_to if 0 <= x + dx <= 9 and 0 <= y + dy <= 9}
s691099323.py(18):     return {(x + dx, y + dy) for dx, dy in jump_to if 0 <= x + dx <= 9 and 0 <= y + dy <= 9}
s691099323.py(18):     return {(x + dx, y + dy) for dx, dy in jump_to if 0 <= x + dx <= 9 and 0 <= y + dy <= 9}
s691099323.py(18):     return {(x + dx, y + dy) for dx, dy in jump_to if 0 <= x + dx <= 9 and 0 <= y + dy <= 9}
s691099323.py(18):     return {(x + dx, y + dy) for dx, dy in jump_to if 0 <= x + dx <= 9 and 0 <= y + dy <= 9}
s691099323.py(26):     for p in ps:
s691099323.py(27):       ret = ret | next_points(p)
 --- modulename: s691099323, funcname: next_points
s691099323.py(17):     x, y = p
s691099323.py(18):     return {(x + dx, y + dy) for dx, dy in jump_to if 0 <= x + dx <= 9 and 0 <= y + dy <= 9}
 --- modulename: s691099323, funcname: <setcomp>
s691099323.py(18):     return {(x + dx, y + dy) for dx, dy in jump_to if 0 <= x + dx <= 9 and 0 <= y + dy <= 9}
s691099323.py(18):     return {(x + dx, y + dy) for dx, dy in jump_to if 0 <= x + dx <= 9 and 0 <= y + dy <= 9}
s691099323.py(18):     return {(x + dx, y + dy) for dx, dy in jump_to if 0 <= x + dx <= 9 and 0 <= y + dy <= 9}
s691099323.py(18):     return {(x + dx, y + dy) for dx, dy in jump_to if 0 <= x + dx <= 9 and 0 <= y + dy <= 9}
s691099323.py(18):     return {(x + dx, y + dy) for dx, dy in jump_to if 0 <= x + dx <= 9 and 0 <= y + dy <= 9}
s691099323.py(18):     return {(x + dx, y + dy) for dx, dy in jump_to if 0 <= x + dx <= 9 and 0 <= y + dy <= 9}
s691099323.py(18):     return {(x + dx, y + dy) for dx, dy in jump_to if 0 <= x + dx <= 9 and 0 <= y + dy <= 9}
s691099323.py(18):     return {(x + dx, y + dy) for dx, dy in jump_to if 0 <= x + dx <= 9 and 0 <= y + dy <= 9}
s691099323.py(18):     return {(x + dx, y + dy) for dx, dy in jump_to if 0 <= x + dx <= 9 and 0 <= y + dy <= 9}
s691099323.py(18):     return {(x + dx, y + dy) for dx, dy in jump_to if 0 <= x + dx <= 9 and 0 <= y + dy <= 9}
s691099323.py(18):     return {(x + dx, y + dy) for dx, dy in jump_to if 0 <= x + dx <= 9 and 0 <= y + dy <= 9}
s691099323.py(18):     return {(x + dx, y + dy) for dx, dy in jump_to if 0 <= x + dx <= 9 and 0 <= y + dy <= 9}
s691099323.py(18):     return {(x + dx, y + dy) for dx, dy in jump_to if 0 <= x + dx <= 9 and 0 <= y + dy <= 9}
s691099323.py(26):     for p in ps:
s691099323.py(28):     return ret
s691099323.py(31):   for sp in s_points:
s691099323.py(32):     i_survive = survive_points(sp)
 --- modulename: s691099323, funcname: survive_points
s691099323.py(21):     x, y = p
s691099323.py(22):     return {(x + dx, y + dy) for dx, dy in survive_range if 0 <= x + dx <= 9 and 0 <= y + dy <= 9}
 --- modulename: s691099323, funcname: <setcomp>
s691099323.py(22):     return {(x + dx, y + dy) for dx, dy in survive_range if 0 <= x + dx <= 9 and 0 <= y + dy <= 9}
s691099323.py(22):     return {(x + dx, y + dy) for dx, dy in survive_range if 0 <= x + dx <= 9 and 0 <= y + dy <= 9}
s691099323.py(22):     return {(x + dx, y + dy) for dx, dy in survive_range if 0 <= x + dx <= 9 and 0 <= y + dy <= 9}
s691099323.py(22):     return {(x + dx, y + dy) for dx, dy in survive_range if 0 <= x + dx <= 9 and 0 <= y + dy <= 9}
s691099323.py(22):     return {(x + dx, y + dy) for dx, dy in survive_range if 0 <= x + dx <= 9 and 0 <= y + dy <= 9}
s691099323.py(22):     return {(x + dx, y + dy) for dx, dy in survive_range if 0 <= x + dx <= 9 and 0 <= y + dy <= 9}
s691099323.py(22):     return {(x + dx, y + dy) for dx, dy in survive_range if 0 <= x + dx <= 9 and 0 <= y + dy <= 9}
s691099323.py(22):     return {(x + dx, y + dy) for dx, dy in survive_range if 0 <= x + dx <= 9 and 0 <= y + dy <= 9}
s691099323.py(22):     return {(x + dx, y + dy) for dx, dy in survive_range if 0 <= x + dx <= 9 and 0 <= y + dy <= 9}
s691099323.py(22):     return {(x + dx, y + dy) for dx, dy in survive_range if 0 <= x + dx <= 9 and 0 <= y + dy <= 9}
s691099323.py(33):     survive = next_survive(survive) & i_survive
 --- modulename: s691099323, funcname: next_survive
s691099323.py(25):     ret = set()
s691099323.py(26):     for p in ps:
s691099323.py(27):       ret = ret | next_points(p)
 --- modulename: s691099323, funcname: next_points
s691099323.py(17):     x, y = p
s691099323.py(18):     return {(x + dx, y + dy) for dx, dy in jump_to if 0 <= x + dx <= 9 and 0 <= y + dy <= 9}
 --- modulename: s691099323, funcname: <setcomp>
s691099323.py(18):     return {(x + dx, y + dy) for dx, dy in jump_to if 0 <= x + dx <= 9 and 0 <= y + dy <= 9}
s691099323.py(18):     return {(x + dx, y + dy) for dx, dy in jump_to if 0 <= x + dx <= 9 and 0 <= y + dy <= 9}
s691099323.py(18):     return {(x + dx, y + dy) for dx, dy in jump_to if 0 <= x + dx <= 9 and 0 <= y + dy <= 9}
s691099323.py(18):     return {(x + dx, y + dy) for dx, dy in jump_to if 0 <= x + dx <= 9 and 0 <= y + dy <= 9}
s691099323.py(18):     return {(x + dx, y + dy) for dx, dy in jump_to if 0 <= x + dx <= 9 and 0 <= y + dy <= 9}
s691099323.py(18):     return {(x + dx, y + dy) for dx, dy in jump_to if 0 <= x + dx <= 9 and 0 <= y + dy <= 9}
s691099323.py(18):     return {(x + dx, y + dy) for dx, dy in jump_to if 0 <= x + dx <= 9 and 0 <= y + dy <= 9}
s691099323.py(18):     return {(x + dx, y + dy) for dx, dy in jump_to if 0 <= x + dx <= 9 and 0 <= y + dy <= 9}
s691099323.py(18):     return {(x + dx, y + dy) for dx, dy in jump_to if 0 <= x + dx <= 9 and 0 <= y + dy <= 9}
s691099323.py(18):     return {(x + dx, y + dy) for dx, dy in jump_to if 0 <= x + dx <= 9 and 0 <= y + dy <= 9}
s691099323.py(18):     return {(x + dx, y + dy) for dx, dy in jump_to if 0 <= x + dx <= 9 and 0 <= y + dy <= 9}
s691099323.py(18):     return {(x + dx, y + dy) for dx, dy in jump_to if 0 <= x + dx <= 9 and 0 <= y + dy <= 9}
s691099323.py(18):     return {(x + dx, y + dy) for dx, dy in jump_to if 0 <= x + dx <= 9 and 0 <= y + dy <= 9}
s691099323.py(26):     for p in ps:
s691099323.py(27):       ret = ret | next_points(p)
 --- modulename: s691099323, funcname: next_points
s691099323.py(17):     x, y = p
s691099323.py(18):     return {(x + dx, y + dy) for dx, dy in jump_to if 0 <= x + dx <= 9 and 0 <= y + dy <= 9}
 --- modulename: s691099323, funcname: <setcomp>
s691099323.py(18):     return {(x + dx, y + dy) for dx, dy in jump_to if 0 <= x + dx <= 9 and 0 <= y + dy <= 9}
s691099323.py(18):     return {(x + dx, y + dy) for dx, dy in jump_to if 0 <= x + dx <= 9 and 0 <= y + dy <= 9}
s691099323.py(18):     return {(x + dx, y + dy) for dx, dy in jump_to if 0 <= x + dx <= 9 and 0 <= y + dy <= 9}
s691099323.py(18):     return {(x + dx, y + dy) for dx, dy in jump_to if 0 <= x + dx <= 9 and 0 <= y + dy <= 9}
s691099323.py(18):     return {(x + dx, y + dy) for dx, dy in jump_to if 0 <= x + dx <= 9 and 0 <= y + dy <= 9}
s691099323.py(18):     return {(x + dx, y + dy) for dx, dy in jump_to if 0 <= x + dx <= 9 and 0 <= y + dy <= 9}
s691099323.py(18):     return {(x + dx, y + dy) for dx, dy in jump_to if 0 <= x + dx <= 9 and 0 <= y + dy <= 9}
s691099323.py(18):     return {(x + dx, y + dy) for dx, dy in jump_to if 0 <= x + dx <= 9 and 0 <= y + dy <= 9}
s691099323.py(18):     return {(x + dx, y + dy) for dx, dy in jump_to if 0 <= x + dx <= 9 and 0 <= y + dy <= 9}
s691099323.py(18):     return {(x + dx, y + dy) for dx, dy in jump_to if 0 <= x + dx <= 9 and 0 <= y + dy <= 9}
s691099323.py(18):     return {(x + dx, y + dy) for dx, dy in jump_to if 0 <= x + dx <= 9 and 0 <= y + dy <= 9}
s691099323.py(18):     return {(x + dx, y + dy) for dx, dy in jump_to if 0 <= x + dx <= 9 and 0 <= y + dy <= 9}
s691099323.py(18):     return {(x + dx, y + dy) for dx, dy in jump_to if 0 <= x + dx <= 9 and 0 <= y + dy <= 9}
s691099323.py(26):     for p in ps:
s691099323.py(28):     return ret
s691099323.py(31):   for sp in s_points:
s691099323.py(32):     i_survive = survive_points(sp)
 --- modulename: s691099323, funcname: survive_points
s691099323.py(21):     x, y = p
s691099323.py(22):     return {(x + dx, y + dy) for dx, dy in survive_range if 0 <= x + dx <= 9 and 0 <= y + dy <= 9}
 --- modulename: s691099323, funcname: <setcomp>
s691099323.py(22):     return {(x + dx, y + dy) for dx, dy in survive_range if 0 <= x + dx <= 9 and 0 <= y + dy <= 9}
s691099323.py(22):     return {(x + dx, y + dy) for dx, dy in survive_range if 0 <= x + dx <= 9 and 0 <= y + dy <= 9}
s691099323.py(22):     return {(x + dx, y + dy) for dx, dy in survive_range if 0 <= x + dx <= 9 and 0 <= y + dy <= 9}
s691099323.py(22):     return {(x + dx, y + dy) for dx, dy in survive_range if 0 <= x + dx <= 9 and 0 <= y + dy <= 9}
s691099323.py(22):     return {(x + dx, y + dy) for dx, dy in survive_range if 0 <= x + dx <= 9 and 0 <= y + dy <= 9}
s691099323.py(22):     return {(x + dx, y + dy) for dx, dy in survive_range if 0 <= x + dx <= 9 and 0 <= y + dy <= 9}
s691099323.py(22):     return {(x + dx, y + dy) for dx, dy in survive_range if 0 <= x + dx <= 9 and 0 <= y + dy <= 9}
s691099323.py(22):     return {(x + dx, y + dy) for dx, dy in survive_range if 0 <= x + dx <= 9 and 0 <= y + dy <= 9}
s691099323.py(22):     return {(x + dx, y + dy) for dx, dy in survive_range if 0 <= x + dx <= 9 and 0 <= y + dy <= 9}
s691099323.py(22):     return {(x + dx, y + dy) for dx, dy in survive_range if 0 <= x + dx <= 9 and 0 <= y + dy <= 9}
s691099323.py(33):     survive = next_survive(survive) & i_survive
 --- modulename: s691099323, funcname: next_survive
s691099323.py(25):     ret = set()
s691099323.py(26):     for p in ps:
s691099323.py(27):       ret = ret | next_points(p)
 --- modulename: s691099323, funcname: next_points
s691099323.py(17):     x, y = p
s691099323.py(18):     return {(x + dx, y + dy) for dx, dy in jump_to if 0 <= x + dx <= 9 and 0 <= y + dy <= 9}
 --- modulename: s691099323, funcname: <setcomp>
s691099323.py(18):     return {(x + dx, y + dy) for dx, dy in jump_to if 0 <= x + dx <= 9 and 0 <= y + dy <= 9}
s691099323.py(18):     return {(x + dx, y + dy) for dx, dy in jump_to if 0 <= x + dx <= 9 and 0 <= y + dy <= 9}
s691099323.py(18):     return {(x + dx, y + dy) for dx, dy in jump_to if 0 <= x + dx <= 9 and 0 <= y + dy <= 9}
s691099323.py(18):     return {(x + dx, y + dy) for dx, dy in jump_to if 0 <= x + dx <= 9 and 0 <= y + dy <= 9}
s691099323.py(18):     return {(x + dx, y + dy) for dx, dy in jump_to if 0 <= x + dx <= 9 and 0 <= y + dy <= 9}
s691099323.py(18):     return {(x + dx, y + dy) for dx, dy in jump_to if 0 <= x + dx <= 9 and 0 <= y + dy <= 9}
s691099323.py(18):     return {(x + dx, y + dy) for dx, dy in jump_to if 0 <= x + dx <= 9 and 0 <= y + dy <= 9}
s691099323.py(18):     return {(x + dx, y + dy) for dx, dy in jump_to if 0 <= x + dx <= 9 and 0 <= y + dy <= 9}
s691099323.py(18):     return {(x + dx, y + dy) for dx, dy in jump_to if 0 <= x + dx <= 9 and 0 <= y + dy <= 9}
s691099323.py(18):     return {(x + dx, y + dy) for dx, dy in jump_to if 0 <= x + dx <= 9 and 0 <= y + dy <= 9}
s691099323.py(18):     return {(x + dx, y + dy) for dx, dy in jump_to if 0 <= x + dx <= 9 and 0 <= y + dy <= 9}
s691099323.py(18):     return {(x + dx, y + dy) for dx, dy in jump_to if 0 <= x + dx <= 9 and 0 <= y + dy <= 9}
s691099323.py(18):     return {(x + dx, y + dy) for dx, dy in jump_to if 0 <= x + dx <= 9 and 0 <= y + dy <= 9}
s691099323.py(26):     for p in ps:
s691099323.py(27):       ret = ret | next_points(p)
 --- modulename: s691099323, funcname: next_points
s691099323.py(17):     x, y = p
s691099323.py(18):     return {(x + dx, y + dy) for dx, dy in jump_to if 0 <= x + dx <= 9 and 0 <= y + dy <= 9}
 --- modulename: s691099323, funcname: <setcomp>
s691099323.py(18):     return {(x + dx, y + dy) for dx, dy in jump_to if 0 <= x + dx <= 9 and 0 <= y + dy <= 9}
s691099323.py(18):     return {(x + dx, y + dy) for dx, dy in jump_to if 0 <= x + dx <= 9 and 0 <= y + dy <= 9}
s691099323.py(18):     return {(x + dx, y + dy) for dx, dy in jump_to if 0 <= x + dx <= 9 and 0 <= y + dy <= 9}
s691099323.py(18):     return {(x + dx, y + dy) for dx, dy in jump_to if 0 <= x + dx <= 9 and 0 <= y + dy <= 9}
s691099323.py(18):     return {(x + dx, y + dy) for dx, dy in jump_to if 0 <= x + dx <= 9 and 0 <= y + dy <= 9}
s691099323.py(18):     return {(x + dx, y + dy) for dx, dy in jump_to if 0 <= x + dx <= 9 and 0 <= y + dy <= 9}
s691099323.py(18):     return {(x + dx, y + dy) for dx, dy in jump_to if 0 <= x + dx <= 9 and 0 <= y + dy <= 9}
s691099323.py(18):     return {(x + dx, y + dy) for dx, dy in jump_to if 0 <= x + dx <= 9 and 0 <= y + dy <= 9}
s691099323.py(18):     return {(x + dx, y + dy) for dx, dy in jump_to if 0 <= x + dx <= 9 and 0 <= y + dy <= 9}
s691099323.py(18):     return {(x + dx, y + dy) for dx, dy in jump_to if 0 <= x + dx <= 9 and 0 <= y + dy <= 9}
s691099323.py(18):     return {(x + dx, y + dy) for dx, dy in jump_to if 0 <= x + dx <= 9 and 0 <= y + dy <= 9}
s691099323.py(18):     return {(x + dx, y + dy) for dx, dy in jump_to if 0 <= x + dx <= 9 and 0 <= y + dy <= 9}
s691099323.py(18):     return {(x + dx, y + dy) for dx, dy in jump_to if 0 <= x + dx <= 9 and 0 <= y + dy <= 9}
s691099323.py(26):     for p in ps:
s691099323.py(28):     return ret
s691099323.py(31):   for sp in s_points:
s691099323.py(32):     i_survive = survive_points(sp)
 --- modulename: s691099323, funcname: survive_points
s691099323.py(21):     x, y = p
s691099323.py(22):     return {(x + dx, y + dy) for dx, dy in survive_range if 0 <= x + dx <= 9 and 0 <= y + dy <= 9}
 --- modulename: s691099323, funcname: <setcomp>
s691099323.py(22):     return {(x + dx, y + dy) for dx, dy in survive_range if 0 <= x + dx <= 9 and 0 <= y + dy <= 9}
s691099323.py(22):     return {(x + dx, y + dy) for dx, dy in survive_range if 0 <= x + dx <= 9 and 0 <= y + dy <= 9}
s691099323.py(22):     return {(x + dx, y + dy) for dx, dy in survive_range if 0 <= x + dx <= 9 and 0 <= y + dy <= 9}
s691099323.py(22):     return {(x + dx, y + dy) for dx, dy in survive_range if 0 <= x + dx <= 9 and 0 <= y + dy <= 9}
s691099323.py(22):     return {(x + dx, y + dy) for dx, dy in survive_range if 0 <= x + dx <= 9 and 0 <= y + dy <= 9}
s691099323.py(22):     return {(x + dx, y + dy) for dx, dy in survive_range if 0 <= x + dx <= 9 and 0 <= y + dy <= 9}
s691099323.py(22):     return {(x + dx, y + dy) for dx, dy in survive_range if 0 <= x + dx <= 9 and 0 <= y + dy <= 9}
s691099323.py(22):     return {(x + dx, y + dy) for dx, dy in survive_range if 0 <= x + dx <= 9 and 0 <= y + dy <= 9}
s691099323.py(22):     return {(x + dx, y + dy) for dx, dy in survive_range if 0 <= x + dx <= 9 and 0 <= y + dy <= 9}
s691099323.py(22):     return {(x + dx, y + dy) for dx, dy in survive_range if 0 <= x + dx <= 9 and 0 <= y + dy <= 9}
s691099323.py(33):     survive = next_survive(survive) & i_survive
 --- modulename: s691099323, funcname: next_survive
s691099323.py(25):     ret = set()
s691099323.py(26):     for p in ps:
s691099323.py(27):       ret = ret | next_points(p)
 --- modulename: s691099323, funcname: next_points
s691099323.py(17):     x, y = p
s691099323.py(18):     return {(x + dx, y + dy) for dx, dy in jump_to if 0 <= x + dx <= 9 and 0 <= y + dy <= 9}
 --- modulename: s691099323, funcname: <setcomp>
s691099323.py(18):     return {(x + dx, y + dy) for dx, dy in jump_to if 0 <= x + dx <= 9 and 0 <= y + dy <= 9}
s691099323.py(18):     return {(x + dx, y + dy) for dx, dy in jump_to if 0 <= x + dx <= 9 and 0 <= y + dy <= 9}
s691099323.py(18):     return {(x + dx, y + dy) for dx, dy in jump_to if 0 <= x + dx <= 9 and 0 <= y + dy <= 9}
s691099323.py(18):     return {(x + dx, y + dy) for dx, dy in jump_to if 0 <= x + dx <= 9 and 0 <= y + dy <= 9}
s691099323.py(18):     return {(x + dx, y + dy) for dx, dy in jump_to if 0 <= x + dx <= 9 and 0 <= y + dy <= 9}
s691099323.py(18):     return {(x + dx, y + dy) for dx, dy in jump_to if 0 <= x + dx <= 9 and 0 <= y + dy <= 9}
s691099323.py(18):     return {(x + dx, y + dy) for dx, dy in jump_to if 0 <= x + dx <= 9 and 0 <= y + dy <= 9}
s691099323.py(18):     return {(x + dx, y + dy) for dx, dy in jump_to if 0 <= x + dx <= 9 and 0 <= y + dy <= 9}
s691099323.py(18):     return {(x + dx, y + dy) for dx, dy in jump_to if 0 <= x + dx <= 9 and 0 <= y + dy <= 9}
s691099323.py(18):     return {(x + dx, y + dy) for dx, dy in jump_to if 0 <= x + dx <= 9 and 0 <= y + dy <= 9}
s691099323.py(18):     return {(x + dx, y + dy) for dx, dy in jump_to if 0 <= x + dx <= 9 and 0 <= y + dy <= 9}
s691099323.py(18):     return {(x + dx, y + dy) for dx, dy in jump_to if 0 <= x + dx <= 9 and 0 <= y + dy <= 9}
s691099323.py(18):     return {(x + dx, y + dy) for dx, dy in jump_to if 0 <= x + dx <= 9 and 0 <= y + dy <= 9}
s691099323.py(26):     for p in ps:
s691099323.py(27):       ret = ret | next_points(p)
 --- modulename: s691099323, funcname: next_points
s691099323.py(17):     x, y = p
s691099323.py(18):     return {(x + dx, y + dy) for dx, dy in jump_to if 0 <= x + dx <= 9 and 0 <= y + dy <= 9}
 --- modulename: s691099323, funcname: <setcomp>
s691099323.py(18):     return {(x + dx, y + dy) for dx, dy in jump_to if 0 <= x + dx <= 9 and 0 <= y + dy <= 9}
s691099323.py(18):     return {(x + dx, y + dy) for dx, dy in jump_to if 0 <= x + dx <= 9 and 0 <= y + dy <= 9}
s691099323.py(18):     return {(x + dx, y + dy) for dx, dy in jump_to if 0 <= x + dx <= 9 and 0 <= y + dy <= 9}
s691099323.py(18):     return {(x + dx, y + dy) for dx, dy in jump_to if 0 <= x + dx <= 9 and 0 <= y + dy <= 9}
s691099323.py(18):     return {(x + dx, y + dy) for dx, dy in jump_to if 0 <= x + dx <= 9 and 0 <= y + dy <= 9}
s691099323.py(18):     return {(x + dx, y + dy) for dx, dy in jump_to if 0 <= x + dx <= 9 and 0 <= y + dy <= 9}
s691099323.py(18):     return {(x + dx, y + dy) for dx, dy in jump_to if 0 <= x + dx <= 9 and 0 <= y + dy <= 9}
s691099323.py(18):     return {(x + dx, y + dy) for dx, dy in jump_to if 0 <= x + dx <= 9 and 0 <= y + dy <= 9}
s691099323.py(18):     return {(x + dx, y + dy) for dx, dy in jump_to if 0 <= x + dx <= 9 and 0 <= y + dy <= 9}
s691099323.py(18):     return {(x + dx, y + dy) for dx, dy in jump_to if 0 <= x + dx <= 9 and 0 <= y + dy <= 9}
s691099323.py(18):     return {(x + dx, y + dy) for dx, dy in jump_to if 0 <= x + dx <= 9 and 0 <= y + dy <= 9}
s691099323.py(18):     return {(x + dx, y + dy) for dx, dy in jump_to if 0 <= x + dx <= 9 and 0 <= y + dy <= 9}
s691099323.py(18):     return {(x + dx, y + dy) for dx, dy in jump_to if 0 <= x + dx <= 9 and 0 <= y + dy <= 9}
s691099323.py(26):     for p in ps:
s691099323.py(27):       ret = ret | next_points(p)
 --- modulename: s691099323, funcname: next_points
s691099323.py(17):     x, y = p
s691099323.py(18):     return {(x + dx, y + dy) for dx, dy in jump_to if 0 <= x + dx <= 9 and 0 <= y + dy <= 9}
 --- modulename: s691099323, funcname: <setcomp>
s691099323.py(18):     return {(x + dx, y + dy) for dx, dy in jump_to if 0 <= x + dx <= 9 and 0 <= y + dy <= 9}
s691099323.py(18):     return {(x + dx, y + dy) for dx, dy in jump_to if 0 <= x + dx <= 9 and 0 <= y + dy <= 9}
s691099323.py(18):     return {(x + dx, y + dy) for dx, dy in jump_to if 0 <= x + dx <= 9 and 0 <= y + dy <= 9}
s691099323.py(18):     return {(x + dx, y + dy) for dx, dy in jump_to if 0 <= x + dx <= 9 and 0 <= y + dy <= 9}
s691099323.py(18):     return {(x + dx, y + dy) for dx, dy in jump_to if 0 <= x + dx <= 9 and 0 <= y + dy <= 9}
s691099323.py(18):     return {(x + dx, y + dy) for dx, dy in jump_to if 0 <= x + dx <= 9 and 0 <= y + dy <= 9}
s691099323.py(18):     return {(x + dx, y + dy) for dx, dy in jump_to if 0 <= x + dx <= 9 and 0 <= y + dy <= 9}
s691099323.py(18):     return {(x + dx, y + dy) for dx, dy in jump_to if 0 <= x + dx <= 9 and 0 <= y + dy <= 9}
s691099323.py(18):     return {(x + dx, y + dy) for dx, dy in jump_to if 0 <= x + dx <= 9 and 0 <= y + dy <= 9}
s691099323.py(18):     return {(x + dx, y + dy) for dx, dy in jump_to if 0 <= x + dx <= 9 and 0 <= y + dy <= 9}
s691099323.py(18):     return {(x + dx, y + dy) for dx, dy in jump_to if 0 <= x + dx <= 9 and 0 <= y + dy <= 9}
s691099323.py(18):     return {(x + dx, y + dy) for dx, dy in jump_to if 0 <= x + dx <= 9 and 0 <= y + dy <= 9}
s691099323.py(18):     return {(x + dx, y + dy) for dx, dy in jump_to if 0 <= x + dx <= 9 and 0 <= y + dy <= 9}
s691099323.py(26):     for p in ps:
s691099323.py(27):       ret = ret | next_points(p)
 --- modulename: s691099323, funcname: next_points
s691099323.py(17):     x, y = p
s691099323.py(18):     return {(x + dx, y + dy) for dx, dy in jump_to if 0 <= x + dx <= 9 and 0 <= y + dy <= 9}
 --- modulename: s691099323, funcname: <setcomp>
s691099323.py(18):     return {(x + dx, y + dy) for dx, dy in jump_to if 0 <= x + dx <= 9 and 0 <= y + dy <= 9}
s691099323.py(18):     return {(x + dx, y + dy) for dx, dy in jump_to if 0 <= x + dx <= 9 and 0 <= y + dy <= 9}
s691099323.py(18):     return {(x + dx, y + dy) for dx, dy in jump_to if 0 <= x + dx <= 9 and 0 <= y + dy <= 9}
s691099323.py(18):     return {(x + dx, y + dy) for dx, dy in jump_to if 0 <= x + dx <= 9 and 0 <= y + dy <= 9}
s691099323.py(18):     return {(x + dx, y + dy) for dx, dy in jump_to if 0 <= x + dx <= 9 and 0 <= y + dy <= 9}
s691099323.py(18):     return {(x + dx, y + dy) for dx, dy in jump_to if 0 <= x + dx <= 9 and 0 <= y + dy <= 9}
s691099323.py(18):     return {(x + dx, y + dy) for dx, dy in jump_to if 0 <= x + dx <= 9 and 0 <= y + dy <= 9}
s691099323.py(18):     return {(x + dx, y + dy) for dx, dy in jump_to if 0 <= x + dx <= 9 and 0 <= y + dy <= 9}
s691099323.py(18):     return {(x + dx, y + dy) for dx, dy in jump_to if 0 <= x + dx <= 9 and 0 <= y + dy <= 9}
s691099323.py(18):     return {(x + dx, y + dy) for dx, dy in jump_to if 0 <= x + dx <= 9 and 0 <= y + dy <= 9}
s691099323.py(18):     return {(x + dx, y + dy) for dx, dy in jump_to if 0 <= x + dx <= 9 and 0 <= y + dy <= 9}
s691099323.py(18):     return {(x + dx, y + dy) for dx, dy in jump_to if 0 <= x + dx <= 9 and 0 <= y + dy <= 9}
s691099323.py(18):     return {(x + dx, y + dy) for dx, dy in jump_to if 0 <= x + dx <= 9 and 0 <= y + dy <= 9}
s691099323.py(26):     for p in ps:
s691099323.py(28):     return ret
s691099323.py(31):   for sp in s_points:
s691099323.py(35):   if survive:
s691099323.py(38):     print("NA")
NA
s691099323.py(2):   px, py = map(int, input().split())
s691099323.py(3):   if px == 0:
s691099323.py(4):     break
