 --- modulename: s415005060, funcname: <module>
s415005060.py(1): import sys
s415005060.py(2): from collections import deque
 --- modulename: _bootstrap, funcname: _handle_fromlist
<frozen importlib._bootstrap>(1043): <frozen importlib._bootstrap>(1044): <frozen importlib._bootstrap>(1051): <frozen importlib._bootstrap>(1055): <frozen importlib._bootstrap>(1043): <frozen importlib._bootstrap>(1067): s415005060.py(4): W,H,C = None,None,None
s415005060.py(5): mmax = None
s415005060.py(7): def main():
s415005060.py(38): def bfs(y,x):
s415005060.py(103): def visualize(mmap):
s415005060.py(109): if __name__ == '__main__':
s415005060.py(110):     main()
 --- modulename: s415005060, funcname: main
s415005060.py(11):         W,H = map(int,input().split())
 --- modulename: codecs, funcname: getstate
codecs.py(333):         return (self.buffer, 0)
 --- modulename: codecs, funcname: decode
codecs.py(321):         data = self.buffer + input
codecs.py(322):         (result, consumed) = self._buffer_decode(data, self.errors, final)
codecs.py(324):         self.buffer = data[consumed:]
codecs.py(325):         return result
s415005060.py(12):         if not W and not H:
s415005060.py(14):         C = []
s415005060.py(15):         mmax = [[-1]*(W+1) for _ in range(H+1)]
 --- modulename: s415005060, funcname: <listcomp>
s415005060.py(15):         mmax = [[-1]*(W+1) for _ in range(H+1)]
s415005060.py(15):         mmax = [[-1]*(W+1) for _ in range(H+1)]
s415005060.py(15):         mmax = [[-1]*(W+1) for _ in range(H+1)]
s415005060.py(15):         mmax = [[-1]*(W+1) for _ in range(H+1)]
s415005060.py(15):         mmax = [[-1]*(W+1) for _ in range(H+1)]
s415005060.py(15):         mmax = [[-1]*(W+1) for _ in range(H+1)]
s415005060.py(16):         for _ in range(H):
s415005060.py(17):             C.append(list(input()))
s415005060.py(16):         for _ in range(H):
s415005060.py(17):             C.append(list(input()))
s415005060.py(16):         for _ in range(H):
s415005060.py(17):             C.append(list(input()))
s415005060.py(16):         for _ in range(H):
s415005060.py(17):             C.append(list(input()))
s415005060.py(16):         for _ in range(H):
s415005060.py(20):         num = 0
s415005060.py(29):         for i in reversed(range(H)):
s415005060.py(30):             for j in reversed(range(W)):
s415005060.py(31):                 if mmax[i][j] != -1:
s415005060.py(33):                 num = max(num, bfs(i,j))
 --- modulename: s415005060, funcname: bfs
s415005060.py(41):     if not C[y][x].isdigit():
s415005060.py(44):     l = []
s415005060.py(45):     queue = deque(l)
s415005060.py(46):     dd = [(0,-1), (-1,0)]
s415005060.py(47):     num = 0
s415005060.py(49):     queue.appendleft((C[y][x],(y,x)))
s415005060.py(50):     mmax[y][x] = int(C[y][x])
s415005060.py(52):     while len(queue) != 0:
s415005060.py(53):         s, (uy,ux) = queue.pop()
s415005060.py(54):         for dy,dx in dd:
s415005060.py(55):             vy,vx = uy+dy, ux+dx
s415005060.py(56):             if not (0 <= vy < H and 0 <= vx < W):
s415005060.py(59):             if C[vy][vx].isdigit():
s415005060.py(60):                 n = int(C[vy][vx]+s)
s415005060.py(61):                 if mmax[vy][vx] < n:
s415005060.py(62):                     queue.appendleft((C[vy][vx]+s, (vy,vx)))
s415005060.py(63):                     mmax[vy][vx] = n
s415005060.py(54):         for dy,dx in dd:
s415005060.py(55):             vy,vx = uy+dy, ux+dx
s415005060.py(56):             if not (0 <= vy < H and 0 <= vx < W):
s415005060.py(59):             if C[vy][vx].isdigit():
s415005060.py(65):                 num = max(num, mmax[uy][ux])
s415005060.py(54):         for dy,dx in dd:
s415005060.py(52):     while len(queue) != 0:
s415005060.py(53):         s, (uy,ux) = queue.pop()
s415005060.py(54):         for dy,dx in dd:
s415005060.py(55):             vy,vx = uy+dy, ux+dx
s415005060.py(56):             if not (0 <= vy < H and 0 <= vx < W):
s415005060.py(59):             if C[vy][vx].isdigit():
s415005060.py(60):                 n = int(C[vy][vx]+s)
s415005060.py(61):                 if mmax[vy][vx] < n:
s415005060.py(62):                     queue.appendleft((C[vy][vx]+s, (vy,vx)))
s415005060.py(63):                     mmax[vy][vx] = n
s415005060.py(54):         for dy,dx in dd:
s415005060.py(55):             vy,vx = uy+dy, ux+dx
s415005060.py(56):             if not (0 <= vy < H and 0 <= vx < W):
s415005060.py(59):             if C[vy][vx].isdigit():
s415005060.py(65):                 num = max(num, mmax[uy][ux])
s415005060.py(54):         for dy,dx in dd:
s415005060.py(52):     while len(queue) != 0:
s415005060.py(53):         s, (uy,ux) = queue.pop()
s415005060.py(54):         for dy,dx in dd:
s415005060.py(55):             vy,vx = uy+dy, ux+dx
s415005060.py(56):             if not (0 <= vy < H and 0 <= vx < W):
s415005060.py(59):             if C[vy][vx].isdigit():
s415005060.py(65):                 num = max(num, mmax[uy][ux])
s415005060.py(54):         for dy,dx in dd:
s415005060.py(55):             vy,vx = uy+dy, ux+dx
s415005060.py(56):             if not (0 <= vy < H and 0 <= vx < W):
s415005060.py(59):             if C[vy][vx].isdigit():
s415005060.py(60):                 n = int(C[vy][vx]+s)
s415005060.py(61):                 if mmax[vy][vx] < n:
s415005060.py(62):                     queue.appendleft((C[vy][vx]+s, (vy,vx)))
s415005060.py(63):                     mmax[vy][vx] = n
s415005060.py(54):         for dy,dx in dd:
s415005060.py(52):     while len(queue) != 0:
s415005060.py(53):         s, (uy,ux) = queue.pop()
s415005060.py(54):         for dy,dx in dd:
s415005060.py(55):             vy,vx = uy+dy, ux+dx
s415005060.py(56):             if not (0 <= vy < H and 0 <= vx < W):
s415005060.py(59):             if C[vy][vx].isdigit():
s415005060.py(60):                 n = int(C[vy][vx]+s)
s415005060.py(61):                 if mmax[vy][vx] < n:
s415005060.py(62):                     queue.appendleft((C[vy][vx]+s, (vy,vx)))
s415005060.py(63):                     mmax[vy][vx] = n
s415005060.py(54):         for dy,dx in dd:
s415005060.py(55):             vy,vx = uy+dy, ux+dx
s415005060.py(56):             if not (0 <= vy < H and 0 <= vx < W):
s415005060.py(59):             if C[vy][vx].isdigit():
s415005060.py(60):                 n = int(C[vy][vx]+s)
s415005060.py(61):                 if mmax[vy][vx] < n:
s415005060.py(62):                     queue.appendleft((C[vy][vx]+s, (vy,vx)))
s415005060.py(63):                     mmax[vy][vx] = n
s415005060.py(54):         for dy,dx in dd:
s415005060.py(52):     while len(queue) != 0:
s415005060.py(53):         s, (uy,ux) = queue.pop()
s415005060.py(54):         for dy,dx in dd:
s415005060.py(55):             vy,vx = uy+dy, ux+dx
s415005060.py(56):             if not (0 <= vy < H and 0 <= vx < W):
s415005060.py(59):             if C[vy][vx].isdigit():
s415005060.py(60):                 n = int(C[vy][vx]+s)
s415005060.py(61):                 if mmax[vy][vx] < n:
s415005060.py(62):                     queue.appendleft((C[vy][vx]+s, (vy,vx)))
s415005060.py(63):                     mmax[vy][vx] = n
s415005060.py(54):         for dy,dx in dd:
s415005060.py(55):             vy,vx = uy+dy, ux+dx
s415005060.py(56):             if not (0 <= vy < H and 0 <= vx < W):
s415005060.py(59):             if C[vy][vx].isdigit():
s415005060.py(60):                 n = int(C[vy][vx]+s)
s415005060.py(61):                 if mmax[vy][vx] < n:
s415005060.py(62):                     queue.appendleft((C[vy][vx]+s, (vy,vx)))
s415005060.py(63):                     mmax[vy][vx] = n
s415005060.py(54):         for dy,dx in dd:
s415005060.py(52):     while len(queue) != 0:
s415005060.py(53):         s, (uy,ux) = queue.pop()
s415005060.py(54):         for dy,dx in dd:
s415005060.py(55):             vy,vx = uy+dy, ux+dx
s415005060.py(56):             if not (0 <= vy < H and 0 <= vx < W):
s415005060.py(59):             if C[vy][vx].isdigit():
s415005060.py(60):                 n = int(C[vy][vx]+s)
s415005060.py(61):                 if mmax[vy][vx] < n:
s415005060.py(62):                     queue.appendleft((C[vy][vx]+s, (vy,vx)))
s415005060.py(63):                     mmax[vy][vx] = n
s415005060.py(54):         for dy,dx in dd:
s415005060.py(55):             vy,vx = uy+dy, ux+dx
s415005060.py(56):             if not (0 <= vy < H and 0 <= vx < W):
s415005060.py(59):             if C[vy][vx].isdigit():
s415005060.py(60):                 n = int(C[vy][vx]+s)
s415005060.py(61):                 if mmax[vy][vx] < n:
s415005060.py(62):                     queue.appendleft((C[vy][vx]+s, (vy,vx)))
s415005060.py(63):                     mmax[vy][vx] = n
s415005060.py(54):         for dy,dx in dd:
s415005060.py(52):     while len(queue) != 0:
s415005060.py(53):         s, (uy,ux) = queue.pop()
s415005060.py(54):         for dy,dx in dd:
s415005060.py(55):             vy,vx = uy+dy, ux+dx
s415005060.py(56):             if not (0 <= vy < H and 0 <= vx < W):
s415005060.py(59):             if C[vy][vx].isdigit():
s415005060.py(65):                 num = max(num, mmax[uy][ux])
s415005060.py(54):         for dy,dx in dd:
s415005060.py(55):             vy,vx = uy+dy, ux+dx
s415005060.py(56):             if not (0 <= vy < H and 0 <= vx < W):
s415005060.py(59):             if C[vy][vx].isdigit():
s415005060.py(60):                 n = int(C[vy][vx]+s)
s415005060.py(61):                 if mmax[vy][vx] < n:
s415005060.py(62):                     queue.appendleft((C[vy][vx]+s, (vy,vx)))
s415005060.py(63):                     mmax[vy][vx] = n
s415005060.py(54):         for dy,dx in dd:
s415005060.py(52):     while len(queue) != 0:
s415005060.py(53):         s, (uy,ux) = queue.pop()
s415005060.py(54):         for dy,dx in dd:
s415005060.py(55):             vy,vx = uy+dy, ux+dx
s415005060.py(56):             if not (0 <= vy < H and 0 <= vx < W):
s415005060.py(59):             if C[vy][vx].isdigit():
s415005060.py(60):                 n = int(C[vy][vx]+s)
s415005060.py(61):                 if mmax[vy][vx] < n:
s415005060.py(54):         for dy,dx in dd:
s415005060.py(55):             vy,vx = uy+dy, ux+dx
s415005060.py(56):             if not (0 <= vy < H and 0 <= vx < W):
s415005060.py(59):             if C[vy][vx].isdigit():
s415005060.py(65):                 num = max(num, mmax[uy][ux])
s415005060.py(54):         for dy,dx in dd:
s415005060.py(52):     while len(queue) != 0:
s415005060.py(53):         s, (uy,ux) = queue.pop()
s415005060.py(54):         for dy,dx in dd:
s415005060.py(55):             vy,vx = uy+dy, ux+dx
s415005060.py(56):             if not (0 <= vy < H and 0 <= vx < W):
s415005060.py(59):             if C[vy][vx].isdigit():
s415005060.py(60):                 n = int(C[vy][vx]+s)
s415005060.py(61):                 if mmax[vy][vx] < n:
s415005060.py(54):         for dy,dx in dd:
s415005060.py(55):             vy,vx = uy+dy, ux+dx
s415005060.py(56):             if not (0 <= vy < H and 0 <= vx < W):
s415005060.py(59):             if C[vy][vx].isdigit():
s415005060.py(65):                 num = max(num, mmax[uy][ux])
s415005060.py(54):         for dy,dx in dd:
s415005060.py(52):     while len(queue) != 0:
s415005060.py(53):         s, (uy,ux) = queue.pop()
s415005060.py(54):         for dy,dx in dd:
s415005060.py(55):             vy,vx = uy+dy, ux+dx
s415005060.py(56):             if not (0 <= vy < H and 0 <= vx < W):
s415005060.py(59):             if C[vy][vx].isdigit():
s415005060.py(65):                 num = max(num, mmax[uy][ux])
s415005060.py(54):         for dy,dx in dd:
s415005060.py(55):             vy,vx = uy+dy, ux+dx
s415005060.py(56):             if not (0 <= vy < H and 0 <= vx < W):
s415005060.py(57):                 num = max(num, mmax[uy][ux])
s415005060.py(58):                 continue
s415005060.py(54):         for dy,dx in dd:
s415005060.py(52):     while len(queue) != 0:
s415005060.py(53):         s, (uy,ux) = queue.pop()
s415005060.py(54):         for dy,dx in dd:
s415005060.py(55):             vy,vx = uy+dy, ux+dx
s415005060.py(56):             if not (0 <= vy < H and 0 <= vx < W):
s415005060.py(59):             if C[vy][vx].isdigit():
s415005060.py(65):                 num = max(num, mmax[uy][ux])
s415005060.py(54):         for dy,dx in dd:
s415005060.py(55):             vy,vx = uy+dy, ux+dx
s415005060.py(56):             if not (0 <= vy < H and 0 <= vx < W):
s415005060.py(59):             if C[vy][vx].isdigit():
s415005060.py(60):                 n = int(C[vy][vx]+s)
s415005060.py(61):                 if mmax[vy][vx] < n:
s415005060.py(62):                     queue.appendleft((C[vy][vx]+s, (vy,vx)))
s415005060.py(63):                     mmax[vy][vx] = n
s415005060.py(54):         for dy,dx in dd:
s415005060.py(52):     while len(queue) != 0:
s415005060.py(53):         s, (uy,ux) = queue.pop()
s415005060.py(54):         for dy,dx in dd:
s415005060.py(55):             vy,vx = uy+dy, ux+dx
s415005060.py(56):             if not (0 <= vy < H and 0 <= vx < W):
s415005060.py(59):             if C[vy][vx].isdigit():
s415005060.py(65):                 num = max(num, mmax[uy][ux])
s415005060.py(54):         for dy,dx in dd:
s415005060.py(55):             vy,vx = uy+dy, ux+dx
s415005060.py(56):             if not (0 <= vy < H and 0 <= vx < W):
s415005060.py(57):                 num = max(num, mmax[uy][ux])
s415005060.py(58):                 continue
s415005060.py(54):         for dy,dx in dd:
s415005060.py(52):     while len(queue) != 0:
s415005060.py(67):     return num
s415005060.py(30):             for j in reversed(range(W)):
s415005060.py(31):                 if mmax[i][j] != -1:
s415005060.py(32):                     continue
s415005060.py(30):             for j in reversed(range(W)):
s415005060.py(31):                 if mmax[i][j] != -1:
s415005060.py(32):                     continue
s415005060.py(30):             for j in reversed(range(W)):
s415005060.py(31):                 if mmax[i][j] != -1:
s415005060.py(33):                 num = max(num, bfs(i,j))
 --- modulename: s415005060, funcname: bfs
s415005060.py(41):     if not C[y][x].isdigit():
s415005060.py(42):         return 0
s415005060.py(30):             for j in reversed(range(W)):
s415005060.py(31):                 if mmax[i][j] != -1:
s415005060.py(33):                 num = max(num, bfs(i,j))
 --- modulename: s415005060, funcname: bfs
s415005060.py(41):     if not C[y][x].isdigit():
s415005060.py(44):     l = []
s415005060.py(45):     queue = deque(l)
s415005060.py(46):     dd = [(0,-1), (-1,0)]
s415005060.py(47):     num = 0
s415005060.py(49):     queue.appendleft((C[y][x],(y,x)))
s415005060.py(50):     mmax[y][x] = int(C[y][x])
s415005060.py(52):     while len(queue) != 0:
s415005060.py(53):         s, (uy,ux) = queue.pop()
s415005060.py(54):         for dy,dx in dd:
s415005060.py(55):             vy,vx = uy+dy, ux+dx
s415005060.py(56):             if not (0 <= vy < H and 0 <= vx < W):
s415005060.py(59):             if C[vy][vx].isdigit():
s415005060.py(60):                 n = int(C[vy][vx]+s)
s415005060.py(61):                 if mmax[vy][vx] < n:
s415005060.py(62):                     queue.appendleft((C[vy][vx]+s, (vy,vx)))
s415005060.py(63):                     mmax[vy][vx] = n
s415005060.py(54):         for dy,dx in dd:
s415005060.py(55):             vy,vx = uy+dy, ux+dx
s415005060.py(56):             if not (0 <= vy < H and 0 <= vx < W):
s415005060.py(59):             if C[vy][vx].isdigit():
s415005060.py(60):                 n = int(C[vy][vx]+s)
s415005060.py(61):                 if mmax[vy][vx] < n:
s415005060.py(54):         for dy,dx in dd:
s415005060.py(52):     while len(queue) != 0:
s415005060.py(53):         s, (uy,ux) = queue.pop()
s415005060.py(54):         for dy,dx in dd:
s415005060.py(55):             vy,vx = uy+dy, ux+dx
s415005060.py(56):             if not (0 <= vy < H and 0 <= vx < W):
s415005060.py(59):             if C[vy][vx].isdigit():
s415005060.py(60):                 n = int(C[vy][vx]+s)
s415005060.py(61):                 if mmax[vy][vx] < n:
s415005060.py(62):                     queue.appendleft((C[vy][vx]+s, (vy,vx)))
s415005060.py(63):                     mmax[vy][vx] = n
s415005060.py(54):         for dy,dx in dd:
s415005060.py(55):             vy,vx = uy+dy, ux+dx
s415005060.py(56):             if not (0 <= vy < H and 0 <= vx < W):
s415005060.py(59):             if C[vy][vx].isdigit():
s415005060.py(65):                 num = max(num, mmax[uy][ux])
s415005060.py(54):         for dy,dx in dd:
s415005060.py(52):     while len(queue) != 0:
s415005060.py(53):         s, (uy,ux) = queue.pop()
s415005060.py(54):         for dy,dx in dd:
s415005060.py(55):             vy,vx = uy+dy, ux+dx
s415005060.py(56):             if not (0 <= vy < H and 0 <= vx < W):
s415005060.py(57):                 num = max(num, mmax[uy][ux])
s415005060.py(58):                 continue
s415005060.py(54):         for dy,dx in dd:
s415005060.py(55):             vy,vx = uy+dy, ux+dx
s415005060.py(56):             if not (0 <= vy < H and 0 <= vx < W):
s415005060.py(59):             if C[vy][vx].isdigit():
s415005060.py(60):                 n = int(C[vy][vx]+s)
s415005060.py(61):                 if mmax[vy][vx] < n:
s415005060.py(62):                     queue.appendleft((C[vy][vx]+s, (vy,vx)))
s415005060.py(63):                     mmax[vy][vx] = n
s415005060.py(54):         for dy,dx in dd:
s415005060.py(52):     while len(queue) != 0:
s415005060.py(53):         s, (uy,ux) = queue.pop()
s415005060.py(54):         for dy,dx in dd:
s415005060.py(55):             vy,vx = uy+dy, ux+dx
s415005060.py(56):             if not (0 <= vy < H and 0 <= vx < W):
s415005060.py(57):                 num = max(num, mmax[uy][ux])
s415005060.py(58):                 continue
s415005060.py(54):         for dy,dx in dd:
s415005060.py(55):             vy,vx = uy+dy, ux+dx
s415005060.py(56):             if not (0 <= vy < H and 0 <= vx < W):
s415005060.py(59):             if C[vy][vx].isdigit():
s415005060.py(60):                 n = int(C[vy][vx]+s)
s415005060.py(61):                 if mmax[vy][vx] < n:
s415005060.py(62):                     queue.appendleft((C[vy][vx]+s, (vy,vx)))
s415005060.py(63):                     mmax[vy][vx] = n
s415005060.py(54):         for dy,dx in dd:
s415005060.py(52):     while len(queue) != 0:
s415005060.py(53):         s, (uy,ux) = queue.pop()
s415005060.py(54):         for dy,dx in dd:
s415005060.py(55):             vy,vx = uy+dy, ux+dx
s415005060.py(56):             if not (0 <= vy < H and 0 <= vx < W):
s415005060.py(57):                 num = max(num, mmax[uy][ux])
s415005060.py(58):                 continue
s415005060.py(54):         for dy,dx in dd:
s415005060.py(55):             vy,vx = uy+dy, ux+dx
s415005060.py(56):             if not (0 <= vy < H and 0 <= vx < W):
s415005060.py(59):             if C[vy][vx].isdigit():
s415005060.py(60):                 n = int(C[vy][vx]+s)
s415005060.py(61):                 if mmax[vy][vx] < n:
s415005060.py(62):                     queue.appendleft((C[vy][vx]+s, (vy,vx)))
s415005060.py(63):                     mmax[vy][vx] = n
s415005060.py(54):         for dy,dx in dd:
s415005060.py(52):     while len(queue) != 0:
s415005060.py(53):         s, (uy,ux) = queue.pop()
s415005060.py(54):         for dy,dx in dd:
s415005060.py(55):             vy,vx = uy+dy, ux+dx
s415005060.py(56):             if not (0 <= vy < H and 0 <= vx < W):
s415005060.py(57):                 num = max(num, mmax[uy][ux])
s415005060.py(58):                 continue
s415005060.py(54):         for dy,dx in dd:
s415005060.py(55):             vy,vx = uy+dy, ux+dx
s415005060.py(56):             if not (0 <= vy < H and 0 <= vx < W):
s415005060.py(57):                 num = max(num, mmax[uy][ux])
s415005060.py(58):                 continue
s415005060.py(54):         for dy,dx in dd:
s415005060.py(52):     while len(queue) != 0:
s415005060.py(67):     return num
s415005060.py(30):             for j in reversed(range(W)):
s415005060.py(31):                 if mmax[i][j] != -1:
s415005060.py(32):                     continue
s415005060.py(30):             for j in reversed(range(W)):
s415005060.py(31):                 if mmax[i][j] != -1:
s415005060.py(32):                     continue
s415005060.py(30):             for j in reversed(range(W)):
s415005060.py(29):         for i in reversed(range(H)):
s415005060.py(30):             for j in reversed(range(W)):
s415005060.py(31):                 if mmax[i][j] != -1:
s415005060.py(33):                 num = max(num, bfs(i,j))
 --- modulename: s415005060, funcname: bfs
s415005060.py(41):     if not C[y][x].isdigit():
s415005060.py(42):         return 0
s415005060.py(30):             for j in reversed(range(W)):
s415005060.py(31):                 if mmax[i][j] != -1:
s415005060.py(33):                 num = max(num, bfs(i,j))
 --- modulename: s415005060, funcname: bfs
s415005060.py(41):     if not C[y][x].isdigit():
s415005060.py(42):         return 0
s415005060.py(30):             for j in reversed(range(W)):
s415005060.py(31):                 if mmax[i][j] != -1:
s415005060.py(32):                     continue
s415005060.py(30):             for j in reversed(range(W)):
s415005060.py(31):                 if mmax[i][j] != -1:
s415005060.py(32):                     continue
s415005060.py(30):             for j in reversed(range(W)):
s415005060.py(31):                 if mmax[i][j] != -1:
s415005060.py(32):                     continue
s415005060.py(30):             for j in reversed(range(W)):
s415005060.py(31):                 if mmax[i][j] != -1:
s415005060.py(33):                 num = max(num, bfs(i,j))
 --- modulename: s415005060, funcname: bfs
s415005060.py(41):     if not C[y][x].isdigit():
s415005060.py(42):         return 0
s415005060.py(30):             for j in reversed(range(W)):
s415005060.py(31):                 if mmax[i][j] != -1:
s415005060.py(32):                     continue
s415005060.py(30):             for j in reversed(range(W)):
s415005060.py(29):         for i in reversed(range(H)):
s415005060.py(30):             for j in reversed(range(W)):
s415005060.py(31):                 if mmax[i][j] != -1:
s415005060.py(33):                 num = max(num, bfs(i,j))
 --- modulename: s415005060, funcname: bfs
s415005060.py(41):     if not C[y][x].isdigit():
s415005060.py(44):     l = []
s415005060.py(45):     queue = deque(l)
s415005060.py(46):     dd = [(0,-1), (-1,0)]
s415005060.py(47):     num = 0
s415005060.py(49):     queue.appendleft((C[y][x],(y,x)))
s415005060.py(50):     mmax[y][x] = int(C[y][x])
s415005060.py(52):     while len(queue) != 0:
s415005060.py(53):         s, (uy,ux) = queue.pop()
s415005060.py(54):         for dy,dx in dd:
s415005060.py(55):             vy,vx = uy+dy, ux+dx
s415005060.py(56):             if not (0 <= vy < H and 0 <= vx < W):
s415005060.py(59):             if C[vy][vx].isdigit():
s415005060.py(65):                 num = max(num, mmax[uy][ux])
s415005060.py(54):         for dy,dx in dd:
s415005060.py(55):             vy,vx = uy+dy, ux+dx
s415005060.py(56):             if not (0 <= vy < H and 0 <= vx < W):
s415005060.py(59):             if C[vy][vx].isdigit():
s415005060.py(60):                 n = int(C[vy][vx]+s)
s415005060.py(61):                 if mmax[vy][vx] < n:
s415005060.py(62):                     queue.appendleft((C[vy][vx]+s, (vy,vx)))
s415005060.py(63):                     mmax[vy][vx] = n
s415005060.py(54):         for dy,dx in dd:
s415005060.py(52):     while len(queue) != 0:
s415005060.py(53):         s, (uy,ux) = queue.pop()
s415005060.py(54):         for dy,dx in dd:
s415005060.py(55):             vy,vx = uy+dy, ux+dx
s415005060.py(56):             if not (0 <= vy < H and 0 <= vx < W):
s415005060.py(59):             if C[vy][vx].isdigit():
s415005060.py(60):                 n = int(C[vy][vx]+s)
s415005060.py(61):                 if mmax[vy][vx] < n:
s415005060.py(62):                     queue.appendleft((C[vy][vx]+s, (vy,vx)))
s415005060.py(63):                     mmax[vy][vx] = n
s415005060.py(54):         for dy,dx in dd:
s415005060.py(55):             vy,vx = uy+dy, ux+dx
s415005060.py(56):             if not (0 <= vy < H and 0 <= vx < W):
s415005060.py(57):                 num = max(num, mmax[uy][ux])
s415005060.py(58):                 continue
s415005060.py(54):         for dy,dx in dd:
s415005060.py(52):     while len(queue) != 0:
s415005060.py(53):         s, (uy,ux) = queue.pop()
s415005060.py(54):         for dy,dx in dd:
s415005060.py(55):             vy,vx = uy+dy, ux+dx
s415005060.py(56):             if not (0 <= vy < H and 0 <= vx < W):
s415005060.py(59):             if C[vy][vx].isdigit():
s415005060.py(60):                 n = int(C[vy][vx]+s)
s415005060.py(61):                 if mmax[vy][vx] < n:
s415005060.py(54):         for dy,dx in dd:
s415005060.py(55):             vy,vx = uy+dy, ux+dx
s415005060.py(56):             if not (0 <= vy < H and 0 <= vx < W):
s415005060.py(57):                 num = max(num, mmax[uy][ux])
s415005060.py(58):                 continue
s415005060.py(54):         for dy,dx in dd:
s415005060.py(52):     while len(queue) != 0:
s415005060.py(67):     return num
s415005060.py(30):             for j in reversed(range(W)):
s415005060.py(31):                 if mmax[i][j] != -1:
s415005060.py(33):                 num = max(num, bfs(i,j))
 --- modulename: s415005060, funcname: bfs
s415005060.py(41):     if not C[y][x].isdigit():
s415005060.py(42):         return 0
s415005060.py(30):             for j in reversed(range(W)):
s415005060.py(31):                 if mmax[i][j] != -1:
s415005060.py(32):                     continue
s415005060.py(30):             for j in reversed(range(W)):
s415005060.py(31):                 if mmax[i][j] != -1:
s415005060.py(32):                     continue
s415005060.py(30):             for j in reversed(range(W)):
s415005060.py(31):                 if mmax[i][j] != -1:
s415005060.py(32):                     continue
s415005060.py(30):             for j in reversed(range(W)):
s415005060.py(31):                 if mmax[i][j] != -1:
s415005060.py(33):                 num = max(num, bfs(i,j))
 --- modulename: s415005060, funcname: bfs
s415005060.py(41):     if not C[y][x].isdigit():
s415005060.py(42):         return 0
s415005060.py(30):             for j in reversed(range(W)):
s415005060.py(31):                 if mmax[i][j] != -1:
s415005060.py(32):                     continue
s415005060.py(30):             for j in reversed(range(W)):
s415005060.py(29):         for i in reversed(range(H)):
s415005060.py(30):             for j in reversed(range(W)):
s415005060.py(31):                 if mmax[i][j] != -1:
s415005060.py(32):                     continue
s415005060.py(30):             for j in reversed(range(W)):
s415005060.py(31):                 if mmax[i][j] != -1:
s415005060.py(32):                     continue
s415005060.py(30):             for j in reversed(range(W)):
s415005060.py(31):                 if mmax[i][j] != -1:
s415005060.py(32):                     continue
s415005060.py(30):             for j in reversed(range(W)):
s415005060.py(31):                 if mmax[i][j] != -1:
s415005060.py(33):                 num = max(num, bfs(i,j))
 --- modulename: s415005060, funcname: bfs
s415005060.py(41):     if not C[y][x].isdigit():
s415005060.py(42):         return 0
s415005060.py(30):             for j in reversed(range(W)):
s415005060.py(31):                 if mmax[i][j] != -1:
s415005060.py(32):                     continue
s415005060.py(30):             for j in reversed(range(W)):
s415005060.py(31):                 if mmax[i][j] != -1:
s415005060.py(33):                 num = max(num, bfs(i,j))
 --- modulename: s415005060, funcname: bfs
s415005060.py(41):     if not C[y][x].isdigit():
s415005060.py(42):         return 0
s415005060.py(30):             for j in reversed(range(W)):
s415005060.py(31):                 if mmax[i][j] != -1:
s415005060.py(32):                     continue
s415005060.py(30):             for j in reversed(range(W)):
s415005060.py(29):         for i in reversed(range(H)):
s415005060.py(35):         print(num)
23900037
s415005060.py(11):         W,H = map(int,input().split())
s415005060.py(12):         if not W and not H:
s415005060.py(14):         C = []
s415005060.py(15):         mmax = [[-1]*(W+1) for _ in range(H+1)]
 --- modulename: s415005060, funcname: <listcomp>
s415005060.py(15):         mmax = [[-1]*(W+1) for _ in range(H+1)]
s415005060.py(15):         mmax = [[-1]*(W+1) for _ in range(H+1)]
s415005060.py(15):         mmax = [[-1]*(W+1) for _ in range(H+1)]
s415005060.py(15):         mmax = [[-1]*(W+1) for _ in range(H+1)]
s415005060.py(15):         mmax = [[-1]*(W+1) for _ in range(H+1)]
s415005060.py(15):         mmax = [[-1]*(W+1) for _ in range(H+1)]
s415005060.py(15):         mmax = [[-1]*(W+1) for _ in range(H+1)]
s415005060.py(15):         mmax = [[-1]*(W+1) for _ in range(H+1)]
s415005060.py(15):         mmax = [[-1]*(W+1) for _ in range(H+1)]
s415005060.py(16):         for _ in range(H):
s415005060.py(17):             C.append(list(input()))
s415005060.py(16):         for _ in range(H):
s415005060.py(17):             C.append(list(input()))
s415005060.py(16):         for _ in range(H):
s415005060.py(17):             C.append(list(input()))
s415005060.py(16):         for _ in range(H):
s415005060.py(17):             C.append(list(input()))
s415005060.py(16):         for _ in range(H):
s415005060.py(17):             C.append(list(input()))
s415005060.py(16):         for _ in range(H):
s415005060.py(17):             C.append(list(input()))
s415005060.py(16):         for _ in range(H):
s415005060.py(17):             C.append(list(input()))
s415005060.py(16):         for _ in range(H):
s415005060.py(20):         num = 0
s415005060.py(29):         for i in reversed(range(H)):
s415005060.py(30):             for j in reversed(range(W)):
s415005060.py(31):                 if mmax[i][j] != -1:
s415005060.py(33):                 num = max(num, bfs(i,j))
 --- modulename: s415005060, funcname: bfs
s415005060.py(41):     if not C[y][x].isdigit():
s415005060.py(42):         return 0
s415005060.py(30):             for j in reversed(range(W)):
s415005060.py(31):                 if mmax[i][j] != -1:
s415005060.py(33):                 num = max(num, bfs(i,j))
 --- modulename: s415005060, funcname: bfs
s415005060.py(41):     if not C[y][x].isdigit():
s415005060.py(42):         return 0
s415005060.py(30):             for j in reversed(range(W)):
s415005060.py(31):                 if mmax[i][j] != -1:
s415005060.py(33):                 num = max(num, bfs(i,j))
 --- modulename: s415005060, funcname: bfs
s415005060.py(41):     if not C[y][x].isdigit():
s415005060.py(42):         return 0
s415005060.py(30):             for j in reversed(range(W)):
s415005060.py(31):                 if mmax[i][j] != -1:
s415005060.py(33):                 num = max(num, bfs(i,j))
 --- modulename: s415005060, funcname: bfs
s415005060.py(41):     if not C[y][x].isdigit():
s415005060.py(42):         return 0
s415005060.py(30):             for j in reversed(range(W)):
s415005060.py(31):                 if mmax[i][j] != -1:
s415005060.py(33):                 num = max(num, bfs(i,j))
 --- modulename: s415005060, funcname: bfs
s415005060.py(41):     if not C[y][x].isdigit():
s415005060.py(42):         return 0
s415005060.py(30):             for j in reversed(range(W)):
s415005060.py(31):                 if mmax[i][j] != -1:
s415005060.py(33):                 num = max(num, bfs(i,j))
 --- modulename: s415005060, funcname: bfs
s415005060.py(41):     if not C[y][x].isdigit():
s415005060.py(42):         return 0
s415005060.py(30):             for j in reversed(range(W)):
s415005060.py(29):         for i in reversed(range(H)):
s415005060.py(30):             for j in reversed(range(W)):
s415005060.py(31):                 if mmax[i][j] != -1:
s415005060.py(33):                 num = max(num, bfs(i,j))
 --- modulename: s415005060, funcname: bfs
s415005060.py(41):     if not C[y][x].isdigit():
s415005060.py(42):         return 0
s415005060.py(30):             for j in reversed(range(W)):
s415005060.py(31):                 if mmax[i][j] != -1:
s415005060.py(33):                 num = max(num, bfs(i,j))
 --- modulename: s415005060, funcname: bfs
s415005060.py(41):     if not C[y][x].isdigit():
s415005060.py(42):         return 0
s415005060.py(30):             for j in reversed(range(W)):
s415005060.py(31):                 if mmax[i][j] != -1:
s415005060.py(33):                 num = max(num, bfs(i,j))
 --- modulename: s415005060, funcname: bfs
s415005060.py(41):     if not C[y][x].isdigit():
s415005060.py(42):         return 0
s415005060.py(30):             for j in reversed(range(W)):
s415005060.py(31):                 if mmax[i][j] != -1:
s415005060.py(33):                 num = max(num, bfs(i,j))
 --- modulename: s415005060, funcname: bfs
s415005060.py(41):     if not C[y][x].isdigit():
s415005060.py(44):     l = []
s415005060.py(45):     queue = deque(l)
s415005060.py(46):     dd = [(0,-1), (-1,0)]
s415005060.py(47):     num = 0
s415005060.py(49):     queue.appendleft((C[y][x],(y,x)))
s415005060.py(50):     mmax[y][x] = int(C[y][x])
s415005060.py(52):     while len(queue) != 0:
s415005060.py(53):         s, (uy,ux) = queue.pop()
s415005060.py(54):         for dy,dx in dd:
s415005060.py(55):             vy,vx = uy+dy, ux+dx
s415005060.py(56):             if not (0 <= vy < H and 0 <= vx < W):
s415005060.py(59):             if C[vy][vx].isdigit():
s415005060.py(65):                 num = max(num, mmax[uy][ux])
s415005060.py(54):         for dy,dx in dd:
s415005060.py(55):             vy,vx = uy+dy, ux+dx
s415005060.py(56):             if not (0 <= vy < H and 0 <= vx < W):
s415005060.py(59):             if C[vy][vx].isdigit():
s415005060.py(60):                 n = int(C[vy][vx]+s)
s415005060.py(61):                 if mmax[vy][vx] < n:
s415005060.py(62):                     queue.appendleft((C[vy][vx]+s, (vy,vx)))
s415005060.py(63):                     mmax[vy][vx] = n
s415005060.py(54):         for dy,dx in dd:
s415005060.py(52):     while len(queue) != 0:
s415005060.py(53):         s, (uy,ux) = queue.pop()
s415005060.py(54):         for dy,dx in dd:
s415005060.py(55):             vy,vx = uy+dy, ux+dx
s415005060.py(56):             if not (0 <= vy < H and 0 <= vx < W):
s415005060.py(59):             if C[vy][vx].isdigit():
s415005060.py(60):                 n = int(C[vy][vx]+s)
s415005060.py(61):                 if mmax[vy][vx] < n:
s415005060.py(62):                     queue.appendleft((C[vy][vx]+s, (vy,vx)))
s415005060.py(63):                     mmax[vy][vx] = n
s415005060.py(54):         for dy,dx in dd:
s415005060.py(55):             vy,vx = uy+dy, ux+dx
s415005060.py(56):             if not (0 <= vy < H and 0 <= vx < W):
s415005060.py(59):             if C[vy][vx].isdigit():
s415005060.py(65):                 num = max(num, mmax[uy][ux])
s415005060.py(54):         for dy,dx in dd:
s415005060.py(52):     while len(queue) != 0:
s415005060.py(53):         s, (uy,ux) = queue.pop()
s415005060.py(54):         for dy,dx in dd:
s415005060.py(55):             vy,vx = uy+dy, ux+dx
s415005060.py(56):             if not (0 <= vy < H and 0 <= vx < W):
s415005060.py(59):             if C[vy][vx].isdigit():
s415005060.py(60):                 n = int(C[vy][vx]+s)
s415005060.py(61):                 if mmax[vy][vx] < n:
s415005060.py(62):                     queue.appendleft((C[vy][vx]+s, (vy,vx)))
s415005060.py(63):                     mmax[vy][vx] = n
s415005060.py(54):         for dy,dx in dd:
s415005060.py(55):             vy,vx = uy+dy, ux+dx
s415005060.py(56):             if not (0 <= vy < H and 0 <= vx < W):
s415005060.py(59):             if C[vy][vx].isdigit():
s415005060.py(60):                 n = int(C[vy][vx]+s)
s415005060.py(61):                 if mmax[vy][vx] < n:
s415005060.py(62):                     queue.appendleft((C[vy][vx]+s, (vy,vx)))
s415005060.py(63):                     mmax[vy][vx] = n
s415005060.py(54):         for dy,dx in dd:
s415005060.py(52):     while len(queue) != 0:
s415005060.py(53):         s, (uy,ux) = queue.pop()
s415005060.py(54):         for dy,dx in dd:
s415005060.py(55):             vy,vx = uy+dy, ux+dx
s415005060.py(56):             if not (0 <= vy < H and 0 <= vx < W):
s415005060.py(57):                 num = max(num, mmax[uy][ux])
s415005060.py(58):                 continue
s415005060.py(54):         for dy,dx in dd:
s415005060.py(55):             vy,vx = uy+dy, ux+dx
s415005060.py(56):             if not (0 <= vy < H and 0 <= vx < W):
s415005060.py(59):             if C[vy][vx].isdigit():
s415005060.py(60):                 n = int(C[vy][vx]+s)
s415005060.py(61):                 if mmax[vy][vx] < n:
s415005060.py(62):                     queue.appendleft((C[vy][vx]+s, (vy,vx)))
s415005060.py(63):                     mmax[vy][vx] = n
s415005060.py(54):         for dy,dx in dd:
s415005060.py(52):     while len(queue) != 0:
s415005060.py(53):         s, (uy,ux) = queue.pop()
s415005060.py(54):         for dy,dx in dd:
s415005060.py(55):             vy,vx = uy+dy, ux+dx
s415005060.py(56):             if not (0 <= vy < H and 0 <= vx < W):
s415005060.py(59):             if C[vy][vx].isdigit():
s415005060.py(60):                 n = int(C[vy][vx]+s)
s415005060.py(61):                 if mmax[vy][vx] < n:
s415005060.py(54):         for dy,dx in dd:
s415005060.py(55):             vy,vx = uy+dy, ux+dx
s415005060.py(56):             if not (0 <= vy < H and 0 <= vx < W):
s415005060.py(59):             if C[vy][vx].isdigit():
s415005060.py(65):                 num = max(num, mmax[uy][ux])
s415005060.py(54):         for dy,dx in dd:
s415005060.py(52):     while len(queue) != 0:
s415005060.py(53):         s, (uy,ux) = queue.pop()
s415005060.py(54):         for dy,dx in dd:
s415005060.py(55):             vy,vx = uy+dy, ux+dx
s415005060.py(56):             if not (0 <= vy < H and 0 <= vx < W):
s415005060.py(57):                 num = max(num, mmax[uy][ux])
s415005060.py(58):                 continue
s415005060.py(54):         for dy,dx in dd:
s415005060.py(55):             vy,vx = uy+dy, ux+dx
s415005060.py(56):             if not (0 <= vy < H and 0 <= vx < W):
s415005060.py(59):             if C[vy][vx].isdigit():
s415005060.py(60):                 n = int(C[vy][vx]+s)
s415005060.py(61):                 if mmax[vy][vx] < n:
s415005060.py(62):                     queue.appendleft((C[vy][vx]+s, (vy,vx)))
s415005060.py(63):                     mmax[vy][vx] = n
s415005060.py(54):         for dy,dx in dd:
s415005060.py(52):     while len(queue) != 0:
s415005060.py(53):         s, (uy,ux) = queue.pop()
s415005060.py(54):         for dy,dx in dd:
s415005060.py(55):             vy,vx = uy+dy, ux+dx
s415005060.py(56):             if not (0 <= vy < H and 0 <= vx < W):
s415005060.py(57):                 num = max(num, mmax[uy][ux])
s415005060.py(58):                 continue
s415005060.py(54):         for dy,dx in dd:
s415005060.py(55):             vy,vx = uy+dy, ux+dx
s415005060.py(56):             if not (0 <= vy < H and 0 <= vx < W):
s415005060.py(59):             if C[vy][vx].isdigit():
s415005060.py(65):                 num = max(num, mmax[uy][ux])
s415005060.py(54):         for dy,dx in dd:
s415005060.py(52):     while len(queue) != 0:
s415005060.py(67):     return num
s415005060.py(30):             for j in reversed(range(W)):
s415005060.py(31):                 if mmax[i][j] != -1:
s415005060.py(33):                 num = max(num, bfs(i,j))
 --- modulename: s415005060, funcname: bfs
s415005060.py(41):     if not C[y][x].isdigit():
s415005060.py(42):         return 0
s415005060.py(30):             for j in reversed(range(W)):
s415005060.py(31):                 if mmax[i][j] != -1:
s415005060.py(33):                 num = max(num, bfs(i,j))
 --- modulename: s415005060, funcname: bfs
s415005060.py(41):     if not C[y][x].isdigit():
s415005060.py(42):         return 0
s415005060.py(30):             for j in reversed(range(W)):
s415005060.py(29):         for i in reversed(range(H)):
s415005060.py(30):             for j in reversed(range(W)):
s415005060.py(31):                 if mmax[i][j] != -1:
s415005060.py(33):                 num = max(num, bfs(i,j))
 --- modulename: s415005060, funcname: bfs
s415005060.py(41):     if not C[y][x].isdigit():
s415005060.py(42):         return 0
s415005060.py(30):             for j in reversed(range(W)):
s415005060.py(31):                 if mmax[i][j] != -1:
s415005060.py(33):                 num = max(num, bfs(i,j))
 --- modulename: s415005060, funcname: bfs
s415005060.py(41):     if not C[y][x].isdigit():
s415005060.py(44):     l = []
s415005060.py(45):     queue = deque(l)
s415005060.py(46):     dd = [(0,-1), (-1,0)]
s415005060.py(47):     num = 0
s415005060.py(49):     queue.appendleft((C[y][x],(y,x)))
s415005060.py(50):     mmax[y][x] = int(C[y][x])
s415005060.py(52):     while len(queue) != 0:
s415005060.py(53):         s, (uy,ux) = queue.pop()
s415005060.py(54):         for dy,dx in dd:
s415005060.py(55):             vy,vx = uy+dy, ux+dx
s415005060.py(56):             if not (0 <= vy < H and 0 <= vx < W):
s415005060.py(59):             if C[vy][vx].isdigit():
s415005060.py(60):                 n = int(C[vy][vx]+s)
s415005060.py(61):                 if mmax[vy][vx] < n:
s415005060.py(62):                     queue.appendleft((C[vy][vx]+s, (vy,vx)))
s415005060.py(63):                     mmax[vy][vx] = n
s415005060.py(54):         for dy,dx in dd:
s415005060.py(55):             vy,vx = uy+dy, ux+dx
s415005060.py(56):             if not (0 <= vy < H and 0 <= vx < W):
s415005060.py(59):             if C[vy][vx].isdigit():
s415005060.py(65):                 num = max(num, mmax[uy][ux])
s415005060.py(54):         for dy,dx in dd:
s415005060.py(52):     while len(queue) != 0:
s415005060.py(53):         s, (uy,ux) = queue.pop()
s415005060.py(54):         for dy,dx in dd:
s415005060.py(55):             vy,vx = uy+dy, ux+dx
s415005060.py(56):             if not (0 <= vy < H and 0 <= vx < W):
s415005060.py(59):             if C[vy][vx].isdigit():
s415005060.py(60):                 n = int(C[vy][vx]+s)
s415005060.py(61):                 if mmax[vy][vx] < n:
s415005060.py(62):                     queue.appendleft((C[vy][vx]+s, (vy,vx)))
s415005060.py(63):                     mmax[vy][vx] = n
s415005060.py(54):         for dy,dx in dd:
s415005060.py(55):             vy,vx = uy+dy, ux+dx
s415005060.py(56):             if not (0 <= vy < H and 0 <= vx < W):
s415005060.py(59):             if C[vy][vx].isdigit():
s415005060.py(60):                 n = int(C[vy][vx]+s)
s415005060.py(61):                 if mmax[vy][vx] < n:
s415005060.py(62):                     queue.appendleft((C[vy][vx]+s, (vy,vx)))
s415005060.py(63):                     mmax[vy][vx] = n
s415005060.py(54):         for dy,dx in dd:
s415005060.py(52):     while len(queue) != 0:
s415005060.py(53):         s, (uy,ux) = queue.pop()
s415005060.py(54):         for dy,dx in dd:
s415005060.py(55):             vy,vx = uy+dy, ux+dx
s415005060.py(56):             if not (0 <= vy < H and 0 <= vx < W):
s415005060.py(59):             if C[vy][vx].isdigit():
s415005060.py(60):                 n = int(C[vy][vx]+s)
s415005060.py(61):                 if mmax[vy][vx] < n:
s415005060.py(62):                     queue.appendleft((C[vy][vx]+s, (vy,vx)))
s415005060.py(63):                     mmax[vy][vx] = n
s415005060.py(54):         for dy,dx in dd:
s415005060.py(55):             vy,vx = uy+dy, ux+dx
s415005060.py(56):             if not (0 <= vy < H and 0 <= vx < W):
s415005060.py(59):             if C[vy][vx].isdigit():
s415005060.py(65):                 num = max(num, mmax[uy][ux])
s415005060.py(54):         for dy,dx in dd:
s415005060.py(52):     while len(queue) != 0:
s415005060.py(53):         s, (uy,ux) = queue.pop()
s415005060.py(54):         for dy,dx in dd:
s415005060.py(55):             vy,vx = uy+dy, ux+dx
s415005060.py(56):             if not (0 <= vy < H and 0 <= vx < W):
s415005060.py(59):             if C[vy][vx].isdigit():
s415005060.py(65):                 num = max(num, mmax[uy][ux])
s415005060.py(54):         for dy,dx in dd:
s415005060.py(55):             vy,vx = uy+dy, ux+dx
s415005060.py(56):             if not (0 <= vy < H and 0 <= vx < W):
s415005060.py(59):             if C[vy][vx].isdigit():
s415005060.py(60):                 n = int(C[vy][vx]+s)
s415005060.py(61):                 if mmax[vy][vx] < n:
s415005060.py(62):                     queue.appendleft((C[vy][vx]+s, (vy,vx)))
s415005060.py(63):                     mmax[vy][vx] = n
s415005060.py(54):         for dy,dx in dd:
s415005060.py(52):     while len(queue) != 0:
s415005060.py(53):         s, (uy,ux) = queue.pop()
s415005060.py(54):         for dy,dx in dd:
s415005060.py(55):             vy,vx = uy+dy, ux+dx
s415005060.py(56):             if not (0 <= vy < H and 0 <= vx < W):
s415005060.py(59):             if C[vy][vx].isdigit():
s415005060.py(60):                 n = int(C[vy][vx]+s)
s415005060.py(61):                 if mmax[vy][vx] < n:
s415005060.py(62):                     queue.appendleft((C[vy][vx]+s, (vy,vx)))
s415005060.py(63):                     mmax[vy][vx] = n
s415005060.py(54):         for dy,dx in dd:
s415005060.py(55):             vy,vx = uy+dy, ux+dx
s415005060.py(56):             if not (0 <= vy < H and 0 <= vx < W):
s415005060.py(59):             if C[vy][vx].isdigit():
s415005060.py(60):                 n = int(C[vy][vx]+s)
s415005060.py(61):                 if mmax[vy][vx] < n:
s415005060.py(62):                     queue.appendleft((C[vy][vx]+s, (vy,vx)))
s415005060.py(63):                     mmax[vy][vx] = n
s415005060.py(54):         for dy,dx in dd:
s415005060.py(52):     while len(queue) != 0:
s415005060.py(53):         s, (uy,ux) = queue.pop()
s415005060.py(54):         for dy,dx in dd:
s415005060.py(55):             vy,vx = uy+dy, ux+dx
s415005060.py(56):             if not (0 <= vy < H and 0 <= vx < W):
s415005060.py(59):             if C[vy][vx].isdigit():
s415005060.py(65):                 num = max(num, mmax[uy][ux])
s415005060.py(54):         for dy,dx in dd:
s415005060.py(55):             vy,vx = uy+dy, ux+dx
s415005060.py(56):             if not (0 <= vy < H and 0 <= vx < W):
s415005060.py(59):             if C[vy][vx].isdigit():
s415005060.py(60):                 n = int(C[vy][vx]+s)
s415005060.py(61):                 if mmax[vy][vx] < n:
s415005060.py(62):                     queue.appendleft((C[vy][vx]+s, (vy,vx)))
s415005060.py(63):                     mmax[vy][vx] = n
s415005060.py(54):         for dy,dx in dd:
s415005060.py(52):     while len(queue) != 0:
s415005060.py(53):         s, (uy,ux) = queue.pop()
s415005060.py(54):         for dy,dx in dd:
s415005060.py(55):             vy,vx = uy+dy, ux+dx
s415005060.py(56):             if not (0 <= vy < H and 0 <= vx < W):
s415005060.py(57):                 num = max(num, mmax[uy][ux])
s415005060.py(58):                 continue
s415005060.py(54):         for dy,dx in dd:
s415005060.py(55):             vy,vx = uy+dy, ux+dx
s415005060.py(56):             if not (0 <= vy < H and 0 <= vx < W):
s415005060.py(59):             if C[vy][vx].isdigit():
s415005060.py(60):                 n = int(C[vy][vx]+s)
s415005060.py(61):                 if mmax[vy][vx] < n:
s415005060.py(62):                     queue.appendleft((C[vy][vx]+s, (vy,vx)))
s415005060.py(63):                     mmax[vy][vx] = n
s415005060.py(54):         for dy,dx in dd:
s415005060.py(52):     while len(queue) != 0:
s415005060.py(53):         s, (uy,ux) = queue.pop()
s415005060.py(54):         for dy,dx in dd:
s415005060.py(55):             vy,vx = uy+dy, ux+dx
s415005060.py(56):             if not (0 <= vy < H and 0 <= vx < W):
s415005060.py(59):             if C[vy][vx].isdigit():
s415005060.py(60):                 n = int(C[vy][vx]+s)
s415005060.py(61):                 if mmax[vy][vx] < n:
s415005060.py(54):         for dy,dx in dd:
s415005060.py(55):             vy,vx = uy+dy, ux+dx
s415005060.py(56):             if not (0 <= vy < H and 0 <= vx < W):
s415005060.py(59):             if C[vy][vx].isdigit():
s415005060.py(65):                 num = max(num, mmax[uy][ux])
s415005060.py(54):         for dy,dx in dd:
s415005060.py(52):     while len(queue) != 0:
s415005060.py(53):         s, (uy,ux) = queue.pop()
s415005060.py(54):         for dy,dx in dd:
s415005060.py(55):             vy,vx = uy+dy, ux+dx
s415005060.py(56):             if not (0 <= vy < H and 0 <= vx < W):
s415005060.py(59):             if C[vy][vx].isdigit():
s415005060.py(60):                 n = int(C[vy][vx]+s)
s415005060.py(61):                 if mmax[vy][vx] < n:
s415005060.py(62):                     queue.appendleft((C[vy][vx]+s, (vy,vx)))
s415005060.py(63):                     mmax[vy][vx] = n
s415005060.py(54):         for dy,dx in dd:
s415005060.py(55):             vy,vx = uy+dy, ux+dx
s415005060.py(56):             if not (0 <= vy < H and 0 <= vx < W):
s415005060.py(59):             if C[vy][vx].isdigit():
s415005060.py(60):                 n = int(C[vy][vx]+s)
s415005060.py(61):                 if mmax[vy][vx] < n:
s415005060.py(62):                     queue.appendleft((C[vy][vx]+s, (vy,vx)))
s415005060.py(63):                     mmax[vy][vx] = n
s415005060.py(54):         for dy,dx in dd:
s415005060.py(52):     while len(queue) != 0:
s415005060.py(53):         s, (uy,ux) = queue.pop()
s415005060.py(54):         for dy,dx in dd:
s415005060.py(55):             vy,vx = uy+dy, ux+dx
s415005060.py(56):             if not (0 <= vy < H and 0 <= vx < W):
s415005060.py(57):                 num = max(num, mmax[uy][ux])
s415005060.py(58):                 continue
s415005060.py(54):         for dy,dx in dd:
s415005060.py(55):             vy,vx = uy+dy, ux+dx
s415005060.py(56):             if not (0 <= vy < H and 0 <= vx < W):
s415005060.py(59):             if C[vy][vx].isdigit():
s415005060.py(60):                 n = int(C[vy][vx]+s)
s415005060.py(61):                 if mmax[vy][vx] < n:
s415005060.py(62):                     queue.appendleft((C[vy][vx]+s, (vy,vx)))
s415005060.py(63):                     mmax[vy][vx] = n
s415005060.py(54):         for dy,dx in dd:
s415005060.py(52):     while len(queue) != 0:
s415005060.py(53):         s, (uy,ux) = queue.pop()
s415005060.py(54):         for dy,dx in dd:
s415005060.py(55):             vy,vx = uy+dy, ux+dx
s415005060.py(56):             if not (0 <= vy < H and 0 <= vx < W):
s415005060.py(59):             if C[vy][vx].isdigit():
s415005060.py(65):                 num = max(num, mmax[uy][ux])
s415005060.py(54):         for dy,dx in dd:
s415005060.py(55):             vy,vx = uy+dy, ux+dx
s415005060.py(56):             if not (0 <= vy < H and 0 <= vx < W):
s415005060.py(59):             if C[vy][vx].isdigit():
s415005060.py(60):                 n = int(C[vy][vx]+s)
s415005060.py(61):                 if mmax[vy][vx] < n:
s415005060.py(62):                     queue.appendleft((C[vy][vx]+s, (vy,vx)))
s415005060.py(63):                     mmax[vy][vx] = n
s415005060.py(54):         for dy,dx in dd:
s415005060.py(52):     while len(queue) != 0:
s415005060.py(53):         s, (uy,ux) = queue.pop()
s415005060.py(54):         for dy,dx in dd:
s415005060.py(55):             vy,vx = uy+dy, ux+dx
s415005060.py(56):             if not (0 <= vy < H and 0 <= vx < W):
s415005060.py(59):             if C[vy][vx].isdigit():
s415005060.py(60):                 n = int(C[vy][vx]+s)
s415005060.py(61):                 if mmax[vy][vx] < n:
s415005060.py(54):         for dy,dx in dd:
s415005060.py(55):             vy,vx = uy+dy, ux+dx
s415005060.py(56):             if not (0 <= vy < H and 0 <= vx < W):
s415005060.py(57):                 num = max(num, mmax[uy][ux])
s415005060.py(58):                 continue
s415005060.py(54):         for dy,dx in dd:
s415005060.py(52):     while len(queue) != 0:
s415005060.py(53):         s, (uy,ux) = queue.pop()
s415005060.py(54):         for dy,dx in dd:
s415005060.py(55):             vy,vx = uy+dy, ux+dx
s415005060.py(56):             if not (0 <= vy < H and 0 <= vx < W):
s415005060.py(57):                 num = max(num, mmax[uy][ux])
s415005060.py(58):                 continue
s415005060.py(54):         for dy,dx in dd:
s415005060.py(55):             vy,vx = uy+dy, ux+dx
s415005060.py(56):             if not (0 <= vy < H and 0 <= vx < W):
s415005060.py(59):             if C[vy][vx].isdigit():
s415005060.py(65):                 num = max(num, mmax[uy][ux])
s415005060.py(54):         for dy,dx in dd:
s415005060.py(52):     while len(queue) != 0:
s415005060.py(53):         s, (uy,ux) = queue.pop()
s415005060.py(54):         for dy,dx in dd:
s415005060.py(55):             vy,vx = uy+dy, ux+dx
s415005060.py(56):             if not (0 <= vy < H and 0 <= vx < W):
s415005060.py(59):             if C[vy][vx].isdigit():
s415005060.py(65):                 num = max(num, mmax[uy][ux])
s415005060.py(54):         for dy,dx in dd:
s415005060.py(55):             vy,vx = uy+dy, ux+dx
s415005060.py(56):             if not (0 <= vy < H and 0 <= vx < W):
s415005060.py(57):                 num = max(num, mmax[uy][ux])
s415005060.py(58):                 continue
s415005060.py(54):         for dy,dx in dd:
s415005060.py(52):     while len(queue) != 0:
s415005060.py(67):     return num
s415005060.py(30):             for j in reversed(range(W)):
s415005060.py(31):                 if mmax[i][j] != -1:
s415005060.py(32):                     continue
s415005060.py(30):             for j in reversed(range(W)):
s415005060.py(31):                 if mmax[i][j] != -1:
s415005060.py(32):                     continue
s415005060.py(30):             for j in reversed(range(W)):
s415005060.py(31):                 if mmax[i][j] != -1:
s415005060.py(32):                     continue
s415005060.py(30):             for j in reversed(range(W)):
s415005060.py(31):                 if mmax[i][j] != -1:
s415005060.py(32):                     continue
s415005060.py(30):             for j in reversed(range(W)):
s415005060.py(29):         for i in reversed(range(H)):
s415005060.py(30):             for j in reversed(range(W)):
s415005060.py(31):                 if mmax[i][j] != -1:
s415005060.py(33):                 num = max(num, bfs(i,j))
 --- modulename: s415005060, funcname: bfs
s415005060.py(41):     if not C[y][x].isdigit():
s415005060.py(44):     l = []
s415005060.py(45):     queue = deque(l)
s415005060.py(46):     dd = [(0,-1), (-1,0)]
s415005060.py(47):     num = 0
s415005060.py(49):     queue.appendleft((C[y][x],(y,x)))
s415005060.py(50):     mmax[y][x] = int(C[y][x])
s415005060.py(52):     while len(queue) != 0:
s415005060.py(53):         s, (uy,ux) = queue.pop()
s415005060.py(54):         for dy,dx in dd:
s415005060.py(55):             vy,vx = uy+dy, ux+dx
s415005060.py(56):             if not (0 <= vy < H and 0 <= vx < W):
s415005060.py(59):             if C[vy][vx].isdigit():
s415005060.py(65):                 num = max(num, mmax[uy][ux])
s415005060.py(54):         for dy,dx in dd:
s415005060.py(55):             vy,vx = uy+dy, ux+dx
s415005060.py(56):             if not (0 <= vy < H and 0 <= vx < W):
s415005060.py(59):             if C[vy][vx].isdigit():
s415005060.py(65):                 num = max(num, mmax[uy][ux])
s415005060.py(54):         for dy,dx in dd:
s415005060.py(52):     while len(queue) != 0:
s415005060.py(67):     return num
s415005060.py(30):             for j in reversed(range(W)):
s415005060.py(31):                 if mmax[i][j] != -1:
s415005060.py(33):                 num = max(num, bfs(i,j))
 --- modulename: s415005060, funcname: bfs
s415005060.py(41):     if not C[y][x].isdigit():
s415005060.py(42):         return 0
s415005060.py(30):             for j in reversed(range(W)):
s415005060.py(31):                 if mmax[i][j] != -1:
s415005060.py(32):                     continue
s415005060.py(30):             for j in reversed(range(W)):
s415005060.py(31):                 if mmax[i][j] != -1:
s415005060.py(33):                 num = max(num, bfs(i,j))
 --- modulename: s415005060, funcname: bfs
s415005060.py(41):     if not C[y][x].isdigit():
s415005060.py(42):         return 0
s415005060.py(30):             for j in reversed(range(W)):
s415005060.py(31):                 if mmax[i][j] != -1:
s415005060.py(32):                     continue
s415005060.py(30):             for j in reversed(range(W)):
s415005060.py(31):                 if mmax[i][j] != -1:
s415005060.py(32):                     continue
s415005060.py(30):             for j in reversed(range(W)):
s415005060.py(29):         for i in reversed(range(H)):
s415005060.py(30):             for j in reversed(range(W)):
s415005060.py(31):                 if mmax[i][j] != -1:
s415005060.py(33):                 num = max(num, bfs(i,j))
 --- modulename: s415005060, funcname: bfs
s415005060.py(41):     if not C[y][x].isdigit():
s415005060.py(42):         return 0
s415005060.py(30):             for j in reversed(range(W)):
s415005060.py(31):                 if mmax[i][j] != -1:
s415005060.py(33):                 num = max(num, bfs(i,j))
 --- modulename: s415005060, funcname: bfs
s415005060.py(41):     if not C[y][x].isdigit():
s415005060.py(42):         return 0
s415005060.py(30):             for j in reversed(range(W)):
s415005060.py(31):                 if mmax[i][j] != -1:
s415005060.py(32):                     continue
s415005060.py(30):             for j in reversed(range(W)):
s415005060.py(31):                 if mmax[i][j] != -1:
s415005060.py(33):                 num = max(num, bfs(i,j))
 --- modulename: s415005060, funcname: bfs
s415005060.py(41):     if not C[y][x].isdigit():
s415005060.py(42):         return 0
s415005060.py(30):             for j in reversed(range(W)):
s415005060.py(31):                 if mmax[i][j] != -1:
s415005060.py(33):                 num = max(num, bfs(i,j))
 --- modulename: s415005060, funcname: bfs
s415005060.py(41):     if not C[y][x].isdigit():
s415005060.py(42):         return 0
s415005060.py(30):             for j in reversed(range(W)):
s415005060.py(31):                 if mmax[i][j] != -1:
s415005060.py(32):                     continue
s415005060.py(30):             for j in reversed(range(W)):
s415005060.py(29):         for i in reversed(range(H)):
s415005060.py(30):             for j in reversed(range(W)):
s415005060.py(31):                 if mmax[i][j] != -1:
s415005060.py(33):                 num = max(num, bfs(i,j))
 --- modulename: s415005060, funcname: bfs
s415005060.py(41):     if not C[y][x].isdigit():
s415005060.py(44):     l = []
s415005060.py(45):     queue = deque(l)
s415005060.py(46):     dd = [(0,-1), (-1,0)]
s415005060.py(47):     num = 0
s415005060.py(49):     queue.appendleft((C[y][x],(y,x)))
s415005060.py(50):     mmax[y][x] = int(C[y][x])
s415005060.py(52):     while len(queue) != 0:
s415005060.py(53):         s, (uy,ux) = queue.pop()
s415005060.py(54):         for dy,dx in dd:
s415005060.py(55):             vy,vx = uy+dy, ux+dx
s415005060.py(56):             if not (0 <= vy < H and 0 <= vx < W):
s415005060.py(59):             if C[vy][vx].isdigit():
s415005060.py(60):                 n = int(C[vy][vx]+s)
s415005060.py(61):                 if mmax[vy][vx] < n:
s415005060.py(62):                     queue.appendleft((C[vy][vx]+s, (vy,vx)))
s415005060.py(63):                     mmax[vy][vx] = n
s415005060.py(54):         for dy,dx in dd:
s415005060.py(55):             vy,vx = uy+dy, ux+dx
s415005060.py(56):             if not (0 <= vy < H and 0 <= vx < W):
s415005060.py(59):             if C[vy][vx].isdigit():
s415005060.py(65):                 num = max(num, mmax[uy][ux])
s415005060.py(54):         for dy,dx in dd:
s415005060.py(52):     while len(queue) != 0:
s415005060.py(53):         s, (uy,ux) = queue.pop()
s415005060.py(54):         for dy,dx in dd:
s415005060.py(55):             vy,vx = uy+dy, ux+dx
s415005060.py(56):             if not (0 <= vy < H and 0 <= vx < W):
s415005060.py(59):             if C[vy][vx].isdigit():
s415005060.py(60):                 n = int(C[vy][vx]+s)
s415005060.py(61):                 if mmax[vy][vx] < n:
s415005060.py(54):         for dy,dx in dd:
s415005060.py(55):             vy,vx = uy+dy, ux+dx
s415005060.py(56):             if not (0 <= vy < H and 0 <= vx < W):
s415005060.py(59):             if C[vy][vx].isdigit():
s415005060.py(65):                 num = max(num, mmax[uy][ux])
s415005060.py(54):         for dy,dx in dd:
s415005060.py(52):     while len(queue) != 0:
s415005060.py(67):     return num
s415005060.py(30):             for j in reversed(range(W)):
s415005060.py(31):                 if mmax[i][j] != -1:
s415005060.py(32):                     continue
s415005060.py(30):             for j in reversed(range(W)):
s415005060.py(31):                 if mmax[i][j] != -1:
s415005060.py(32):                     continue
s415005060.py(30):             for j in reversed(range(W)):
s415005060.py(31):                 if mmax[i][j] != -1:
s415005060.py(32):                     continue
s415005060.py(30):             for j in reversed(range(W)):
s415005060.py(31):                 if mmax[i][j] != -1:
s415005060.py(33):                 num = max(num, bfs(i,j))
 --- modulename: s415005060, funcname: bfs
s415005060.py(41):     if not C[y][x].isdigit():
s415005060.py(42):         return 0
s415005060.py(30):             for j in reversed(range(W)):
s415005060.py(31):                 if mmax[i][j] != -1:
s415005060.py(33):                 num = max(num, bfs(i,j))
 --- modulename: s415005060, funcname: bfs
s415005060.py(41):     if not C[y][x].isdigit():
s415005060.py(42):         return 0
s415005060.py(30):             for j in reversed(range(W)):
s415005060.py(29):         for i in reversed(range(H)):
s415005060.py(30):             for j in reversed(range(W)):
s415005060.py(31):                 if mmax[i][j] != -1:
s415005060.py(33):                 num = max(num, bfs(i,j))
 --- modulename: s415005060, funcname: bfs
s415005060.py(41):     if not C[y][x].isdigit():
s415005060.py(42):         return 0
s415005060.py(30):             for j in reversed(range(W)):
s415005060.py(31):                 if mmax[i][j] != -1:
s415005060.py(33):                 num = max(num, bfs(i,j))
 --- modulename: s415005060, funcname: bfs
s415005060.py(41):     if not C[y][x].isdigit():
s415005060.py(42):         return 0
s415005060.py(30):             for j in reversed(range(W)):
s415005060.py(31):                 if mmax[i][j] != -1:
s415005060.py(32):                     continue
s415005060.py(30):             for j in reversed(range(W)):
s415005060.py(31):                 if mmax[i][j] != -1:
s415005060.py(32):                     continue
s415005060.py(30):             for j in reversed(range(W)):
s415005060.py(31):                 if mmax[i][j] != -1:
s415005060.py(33):                 num = max(num, bfs(i,j))
 --- modulename: s415005060, funcname: bfs
s415005060.py(41):     if not C[y][x].isdigit():
s415005060.py(42):         return 0
s415005060.py(30):             for j in reversed(range(W)):
s415005060.py(31):                 if mmax[i][j] != -1:
s415005060.py(33):                 num = max(num, bfs(i,j))
 --- modulename: s415005060, funcname: bfs
s415005060.py(41):     if not C[y][x].isdigit():
s415005060.py(42):         return 0
s415005060.py(30):             for j in reversed(range(W)):
s415005060.py(29):         for i in reversed(range(H)):
s415005060.py(35):         print(num)
771971
s415005060.py(11):         W,H = map(int,input().split())
s415005060.py(12):         if not W and not H:
s415005060.py(14):         C = []
s415005060.py(15):         mmax = [[-1]*(W+1) for _ in range(H+1)]
 --- modulename: s415005060, funcname: <listcomp>
s415005060.py(15):         mmax = [[-1]*(W+1) for _ in range(H+1)]
s415005060.py(15):         mmax = [[-1]*(W+1) for _ in range(H+1)]
s415005060.py(15):         mmax = [[-1]*(W+1) for _ in range(H+1)]
s415005060.py(15):         mmax = [[-1]*(W+1) for _ in range(H+1)]
s415005060.py(16):         for _ in range(H):
s415005060.py(17):             C.append(list(input()))
s415005060.py(16):         for _ in range(H):
s415005060.py(17):             C.append(list(input()))
s415005060.py(16):         for _ in range(H):
s415005060.py(20):         num = 0
s415005060.py(29):         for i in reversed(range(H)):
s415005060.py(30):             for j in reversed(range(W)):
s415005060.py(31):                 if mmax[i][j] != -1:
s415005060.py(33):                 num = max(num, bfs(i,j))
 --- modulename: s415005060, funcname: bfs
s415005060.py(41):     if not C[y][x].isdigit():
s415005060.py(44):     l = []
s415005060.py(45):     queue = deque(l)
s415005060.py(46):     dd = [(0,-1), (-1,0)]
s415005060.py(47):     num = 0
s415005060.py(49):     queue.appendleft((C[y][x],(y,x)))
s415005060.py(50):     mmax[y][x] = int(C[y][x])
s415005060.py(52):     while len(queue) != 0:
s415005060.py(53):         s, (uy,ux) = queue.pop()
s415005060.py(54):         for dy,dx in dd:
s415005060.py(55):             vy,vx = uy+dy, ux+dx
s415005060.py(56):             if not (0 <= vy < H and 0 <= vx < W):
s415005060.py(59):             if C[vy][vx].isdigit():
s415005060.py(60):                 n = int(C[vy][vx]+s)
s415005060.py(61):                 if mmax[vy][vx] < n:
s415005060.py(62):                     queue.appendleft((C[vy][vx]+s, (vy,vx)))
s415005060.py(63):                     mmax[vy][vx] = n
s415005060.py(54):         for dy,dx in dd:
s415005060.py(55):             vy,vx = uy+dy, ux+dx
s415005060.py(56):             if not (0 <= vy < H and 0 <= vx < W):
s415005060.py(59):             if C[vy][vx].isdigit():
s415005060.py(65):                 num = max(num, mmax[uy][ux])
s415005060.py(54):         for dy,dx in dd:
s415005060.py(52):     while len(queue) != 0:
s415005060.py(53):         s, (uy,ux) = queue.pop()
s415005060.py(54):         for dy,dx in dd:
s415005060.py(55):             vy,vx = uy+dy, ux+dx
s415005060.py(56):             if not (0 <= vy < H and 0 <= vx < W):
s415005060.py(59):             if C[vy][vx].isdigit():
s415005060.py(60):                 n = int(C[vy][vx]+s)
s415005060.py(61):                 if mmax[vy][vx] < n:
s415005060.py(62):                     queue.appendleft((C[vy][vx]+s, (vy,vx)))
s415005060.py(63):                     mmax[vy][vx] = n
s415005060.py(54):         for dy,dx in dd:
s415005060.py(55):             vy,vx = uy+dy, ux+dx
s415005060.py(56):             if not (0 <= vy < H and 0 <= vx < W):
s415005060.py(59):             if C[vy][vx].isdigit():
s415005060.py(65):                 num = max(num, mmax[uy][ux])
s415005060.py(54):         for dy,dx in dd:
s415005060.py(52):     while len(queue) != 0:
s415005060.py(53):         s, (uy,ux) = queue.pop()
s415005060.py(54):         for dy,dx in dd:
s415005060.py(55):             vy,vx = uy+dy, ux+dx
s415005060.py(56):             if not (0 <= vy < H and 0 <= vx < W):
s415005060.py(59):             if C[vy][vx].isdigit():
s415005060.py(60):                 n = int(C[vy][vx]+s)
s415005060.py(61):                 if mmax[vy][vx] < n:
s415005060.py(62):                     queue.appendleft((C[vy][vx]+s, (vy,vx)))
s415005060.py(63):                     mmax[vy][vx] = n
s415005060.py(54):         for dy,dx in dd:
s415005060.py(55):             vy,vx = uy+dy, ux+dx
s415005060.py(56):             if not (0 <= vy < H and 0 <= vx < W):
s415005060.py(59):             if C[vy][vx].isdigit():
s415005060.py(65):                 num = max(num, mmax[uy][ux])
s415005060.py(54):         for dy,dx in dd:
s415005060.py(52):     while len(queue) != 0:
s415005060.py(53):         s, (uy,ux) = queue.pop()
s415005060.py(54):         for dy,dx in dd:
s415005060.py(55):             vy,vx = uy+dy, ux+dx
s415005060.py(56):             if not (0 <= vy < H and 0 <= vx < W):
s415005060.py(59):             if C[vy][vx].isdigit():
s415005060.py(60):                 n = int(C[vy][vx]+s)
s415005060.py(61):                 if mmax[vy][vx] < n:
s415005060.py(62):                     queue.appendleft((C[vy][vx]+s, (vy,vx)))
s415005060.py(63):                     mmax[vy][vx] = n
s415005060.py(54):         for dy,dx in dd:
s415005060.py(55):             vy,vx = uy+dy, ux+dx
s415005060.py(56):             if not (0 <= vy < H and 0 <= vx < W):
s415005060.py(59):             if C[vy][vx].isdigit():
s415005060.py(65):                 num = max(num, mmax[uy][ux])
s415005060.py(54):         for dy,dx in dd:
s415005060.py(52):     while len(queue) != 0:
s415005060.py(53):         s, (uy,ux) = queue.pop()
s415005060.py(54):         for dy,dx in dd:
s415005060.py(55):             vy,vx = uy+dy, ux+dx
s415005060.py(56):             if not (0 <= vy < H and 0 <= vx < W):
s415005060.py(59):             if C[vy][vx].isdigit():
s415005060.py(60):                 n = int(C[vy][vx]+s)
s415005060.py(61):                 if mmax[vy][vx] < n:
s415005060.py(62):                     queue.appendleft((C[vy][vx]+s, (vy,vx)))
s415005060.py(63):                     mmax[vy][vx] = n
s415005060.py(54):         for dy,dx in dd:
s415005060.py(55):             vy,vx = uy+dy, ux+dx
s415005060.py(56):             if not (0 <= vy < H and 0 <= vx < W):
s415005060.py(59):             if C[vy][vx].isdigit():
s415005060.py(65):                 num = max(num, mmax[uy][ux])
s415005060.py(54):         for dy,dx in dd:
s415005060.py(52):     while len(queue) != 0:
s415005060.py(53):         s, (uy,ux) = queue.pop()
s415005060.py(54):         for dy,dx in dd:
s415005060.py(55):             vy,vx = uy+dy, ux+dx
s415005060.py(56):             if not (0 <= vy < H and 0 <= vx < W):
s415005060.py(59):             if C[vy][vx].isdigit():
s415005060.py(60):                 n = int(C[vy][vx]+s)
s415005060.py(61):                 if mmax[vy][vx] < n:
s415005060.py(62):                     queue.appendleft((C[vy][vx]+s, (vy,vx)))
s415005060.py(63):                     mmax[vy][vx] = n
s415005060.py(54):         for dy,dx in dd:
s415005060.py(55):             vy,vx = uy+dy, ux+dx
s415005060.py(56):             if not (0 <= vy < H and 0 <= vx < W):
s415005060.py(59):             if C[vy][vx].isdigit():
s415005060.py(65):                 num = max(num, mmax[uy][ux])
s415005060.py(54):         for dy,dx in dd:
s415005060.py(52):     while len(queue) != 0:
s415005060.py(53):         s, (uy,ux) = queue.pop()
s415005060.py(54):         for dy,dx in dd:
s415005060.py(55):             vy,vx = uy+dy, ux+dx
s415005060.py(56):             if not (0 <= vy < H and 0 <= vx < W):
s415005060.py(59):             if C[vy][vx].isdigit():
s415005060.py(60):                 n = int(C[vy][vx]+s)
s415005060.py(61):                 if mmax[vy][vx] < n:
s415005060.py(62):                     queue.appendleft((C[vy][vx]+s, (vy,vx)))
s415005060.py(63):                     mmax[vy][vx] = n
s415005060.py(54):         for dy,dx in dd:
s415005060.py(55):             vy,vx = uy+dy, ux+dx
s415005060.py(56):             if not (0 <= vy < H and 0 <= vx < W):
s415005060.py(59):             if C[vy][vx].isdigit():
s415005060.py(60):                 n = int(C[vy][vx]+s)
s415005060.py(61):                 if mmax[vy][vx] < n:
s415005060.py(62):                     queue.appendleft((C[vy][vx]+s, (vy,vx)))
s415005060.py(63):                     mmax[vy][vx] = n
s415005060.py(54):         for dy,dx in dd:
s415005060.py(52):     while len(queue) != 0:
s415005060.py(53):         s, (uy,ux) = queue.pop()
s415005060.py(54):         for dy,dx in dd:
s415005060.py(55):             vy,vx = uy+dy, ux+dx
s415005060.py(56):             if not (0 <= vy < H and 0 <= vx < W):
s415005060.py(59):             if C[vy][vx].isdigit():
s415005060.py(60):                 n = int(C[vy][vx]+s)
s415005060.py(61):                 if mmax[vy][vx] < n:
s415005060.py(62):                     queue.appendleft((C[vy][vx]+s, (vy,vx)))
s415005060.py(63):                     mmax[vy][vx] = n
s415005060.py(54):         for dy,dx in dd:
s415005060.py(55):             vy,vx = uy+dy, ux+dx
s415005060.py(56):             if not (0 <= vy < H and 0 <= vx < W):
s415005060.py(59):             if C[vy][vx].isdigit():
s415005060.py(60):                 n = int(C[vy][vx]+s)
s415005060.py(61):                 if mmax[vy][vx] < n:
s415005060.py(62):                     queue.appendleft((C[vy][vx]+s, (vy,vx)))
s415005060.py(63):                     mmax[vy][vx] = n
s415005060.py(54):         for dy,dx in dd:
s415005060.py(52):     while len(queue) != 0:
s415005060.py(53):         s, (uy,ux) = queue.pop()
s415005060.py(54):         for dy,dx in dd:
s415005060.py(55):             vy,vx = uy+dy, ux+dx
s415005060.py(56):             if not (0 <= vy < H and 0 <= vx < W):
s415005060.py(59):             if C[vy][vx].isdigit():
s415005060.py(60):                 n = int(C[vy][vx]+s)
s415005060.py(61):                 if mmax[vy][vx] < n:
s415005060.py(54):         for dy,dx in dd:
s415005060.py(55):             vy,vx = uy+dy, ux+dx
s415005060.py(56):             if not (0 <= vy < H and 0 <= vx < W):
s415005060.py(57):                 num = max(num, mmax[uy][ux])
s415005060.py(58):                 continue
s415005060.py(54):         for dy,dx in dd:
s415005060.py(52):     while len(queue) != 0:
s415005060.py(53):         s, (uy,ux) = queue.pop()
s415005060.py(54):         for dy,dx in dd:
s415005060.py(55):             vy,vx = uy+dy, ux+dx
s415005060.py(56):             if not (0 <= vy < H and 0 <= vx < W):
s415005060.py(59):             if C[vy][vx].isdigit():
s415005060.py(60):                 n = int(C[vy][vx]+s)
s415005060.py(61):                 if mmax[vy][vx] < n:
s415005060.py(62):                     queue.appendleft((C[vy][vx]+s, (vy,vx)))
s415005060.py(63):                     mmax[vy][vx] = n
s415005060.py(54):         for dy,dx in dd:
s415005060.py(55):             vy,vx = uy+dy, ux+dx
s415005060.py(56):             if not (0 <= vy < H and 0 <= vx < W):
s415005060.py(59):             if C[vy][vx].isdigit():
s415005060.py(60):                 n = int(C[vy][vx]+s)
s415005060.py(61):                 if mmax[vy][vx] < n:
s415005060.py(62):                     queue.appendleft((C[vy][vx]+s, (vy,vx)))
s415005060.py(63):                     mmax[vy][vx] = n
s415005060.py(54):         for dy,dx in dd:
s415005060.py(52):     while len(queue) != 0:
s415005060.py(53):         s, (uy,ux) = queue.pop()
s415005060.py(54):         for dy,dx in dd:
s415005060.py(55):             vy,vx = uy+dy, ux+dx
s415005060.py(56):             if not (0 <= vy < H and 0 <= vx < W):
s415005060.py(59):             if C[vy][vx].isdigit():
s415005060.py(60):                 n = int(C[vy][vx]+s)
s415005060.py(61):                 if mmax[vy][vx] < n:
s415005060.py(62):                     queue.appendleft((C[vy][vx]+s, (vy,vx)))
s415005060.py(63):                     mmax[vy][vx] = n
s415005060.py(54):         for dy,dx in dd:
s415005060.py(55):             vy,vx = uy+dy, ux+dx
s415005060.py(56):             if not (0 <= vy < H and 0 <= vx < W):
s415005060.py(57):                 num = max(num, mmax[uy][ux])
s415005060.py(58):                 continue
s415005060.py(54):         for dy,dx in dd:
s415005060.py(52):     while len(queue) != 0:
s415005060.py(53):         s, (uy,ux) = queue.pop()
s415005060.py(54):         for dy,dx in dd:
s415005060.py(55):             vy,vx = uy+dy, ux+dx
s415005060.py(56):             if not (0 <= vy < H and 0 <= vx < W):
s415005060.py(59):             if C[vy][vx].isdigit():
s415005060.py(60):                 n = int(C[vy][vx]+s)
s415005060.py(61):                 if mmax[vy][vx] < n:
s415005060.py(62):                     queue.appendleft((C[vy][vx]+s, (vy,vx)))
s415005060.py(63):                     mmax[vy][vx] = n
s415005060.py(54):         for dy,dx in dd:
s415005060.py(55):             vy,vx = uy+dy, ux+dx
s415005060.py(56):             if not (0 <= vy < H and 0 <= vx < W):
s415005060.py(59):             if C[vy][vx].isdigit():
s415005060.py(60):                 n = int(C[vy][vx]+s)
s415005060.py(61):                 if mmax[vy][vx] < n:
s415005060.py(62):                     queue.appendleft((C[vy][vx]+s, (vy,vx)))
s415005060.py(63):                     mmax[vy][vx] = n
s415005060.py(54):         for dy,dx in dd:
s415005060.py(52):     while len(queue) != 0:
s415005060.py(53):         s, (uy,ux) = queue.pop()
s415005060.py(54):         for dy,dx in dd:
s415005060.py(55):             vy,vx = uy+dy, ux+dx
s415005060.py(56):             if not (0 <= vy < H and 0 <= vx < W):
s415005060.py(59):             if C[vy][vx].isdigit():
s415005060.py(60):                 n = int(C[vy][vx]+s)
s415005060.py(61):                 if mmax[vy][vx] < n:
s415005060.py(54):         for dy,dx in dd:
s415005060.py(55):             vy,vx = uy+dy, ux+dx
s415005060.py(56):             if not (0 <= vy < H and 0 <= vx < W):
s415005060.py(57):                 num = max(num, mmax[uy][ux])
s415005060.py(58):                 continue
s415005060.py(54):         for dy,dx in dd:
s415005060.py(52):     while len(queue) != 0:
s415005060.py(53):         s, (uy,ux) = queue.pop()
s415005060.py(54):         for dy,dx in dd:
s415005060.py(55):             vy,vx = uy+dy, ux+dx
s415005060.py(56):             if not (0 <= vy < H and 0 <= vx < W):
s415005060.py(59):             if C[vy][vx].isdigit():
s415005060.py(60):                 n = int(C[vy][vx]+s)
s415005060.py(61):                 if mmax[vy][vx] < n:
s415005060.py(54):         for dy,dx in dd:
s415005060.py(55):             vy,vx = uy+dy, ux+dx
s415005060.py(56):             if not (0 <= vy < H and 0 <= vx < W):
s415005060.py(57):                 num = max(num, mmax[uy][ux])
s415005060.py(58):                 continue
s415005060.py(54):         for dy,dx in dd:
s415005060.py(52):     while len(queue) != 0:
s415005060.py(53):         s, (uy,ux) = queue.pop()
s415005060.py(54):         for dy,dx in dd:
s415005060.py(55):             vy,vx = uy+dy, ux+dx
s415005060.py(56):             if not (0 <= vy < H and 0 <= vx < W):
s415005060.py(59):             if C[vy][vx].isdigit():
s415005060.py(60):                 n = int(C[vy][vx]+s)
s415005060.py(61):                 if mmax[vy][vx] < n:
s415005060.py(62):                     queue.appendleft((C[vy][vx]+s, (vy,vx)))
s415005060.py(63):                     mmax[vy][vx] = n
s415005060.py(54):         for dy,dx in dd:
s415005060.py(55):             vy,vx = uy+dy, ux+dx
s415005060.py(56):             if not (0 <= vy < H and 0 <= vx < W):
s415005060.py(59):             if C[vy][vx].isdigit():
s415005060.py(60):                 n = int(C[vy][vx]+s)
s415005060.py(61):                 if mmax[vy][vx] < n:
s415005060.py(62):                     queue.appendleft((C[vy][vx]+s, (vy,vx)))
s415005060.py(63):                     mmax[vy][vx] = n
s415005060.py(54):         for dy,dx in dd:
s415005060.py(52):     while len(queue) != 0:
s415005060.py(53):         s, (uy,ux) = queue.pop()
s415005060.py(54):         for dy,dx in dd:
s415005060.py(55):             vy,vx = uy+dy, ux+dx
s415005060.py(56):             if not (0 <= vy < H and 0 <= vx < W):
s415005060.py(59):             if C[vy][vx].isdigit():
s415005060.py(60):                 n = int(C[vy][vx]+s)
s415005060.py(61):                 if mmax[vy][vx] < n:
s415005060.py(54):         for dy,dx in dd:
s415005060.py(55):             vy,vx = uy+dy, ux+dx
s415005060.py(56):             if not (0 <= vy < H and 0 <= vx < W):
s415005060.py(57):                 num = max(num, mmax[uy][ux])
s415005060.py(58):                 continue
s415005060.py(54):         for dy,dx in dd:
s415005060.py(52):     while len(queue) != 0:
s415005060.py(53):         s, (uy,ux) = queue.pop()
s415005060.py(54):         for dy,dx in dd:
s415005060.py(55):             vy,vx = uy+dy, ux+dx
s415005060.py(56):             if not (0 <= vy < H and 0 <= vx < W):
s415005060.py(59):             if C[vy][vx].isdigit():
s415005060.py(60):                 n = int(C[vy][vx]+s)
s415005060.py(61):                 if mmax[vy][vx] < n:
s415005060.py(62):                     queue.appendleft((C[vy][vx]+s, (vy,vx)))
s415005060.py(63):                     mmax[vy][vx] = n
s415005060.py(54):         for dy,dx in dd:
s415005060.py(55):             vy,vx = uy+dy, ux+dx
s415005060.py(56):             if not (0 <= vy < H and 0 <= vx < W):
s415005060.py(59):             if C[vy][vx].isdigit():
s415005060.py(60):                 n = int(C[vy][vx]+s)
s415005060.py(61):                 if mmax[vy][vx] < n:
s415005060.py(62):                     queue.appendleft((C[vy][vx]+s, (vy,vx)))
s415005060.py(63):                     mmax[vy][vx] = n
s415005060.py(54):         for dy,dx in dd:
s415005060.py(52):     while len(queue) != 0:
s415005060.py(53):         s, (uy,ux) = queue.pop()
s415005060.py(54):         for dy,dx in dd:
s415005060.py(55):             vy,vx = uy+dy, ux+dx
s415005060.py(56):             if not (0 <= vy < H and 0 <= vx < W):
s415005060.py(59):             if C[vy][vx].isdigit():
s415005060.py(60):                 n = int(C[vy][vx]+s)
s415005060.py(61):                 if mmax[vy][vx] < n:
s415005060.py(62):                     queue.appendleft((C[vy][vx]+s, (vy,vx)))
s415005060.py(63):                     mmax[vy][vx] = n
s415005060.py(54):         for dy,dx in dd:
s415005060.py(55):             vy,vx = uy+dy, ux+dx
s415005060.py(56):             if not (0 <= vy < H and 0 <= vx < W):
s415005060.py(57):                 num = max(num, mmax[uy][ux])
s415005060.py(58):                 continue
s415005060.py(54):         for dy,dx in dd:
s415005060.py(52):     while len(queue) != 0:
s415005060.py(53):         s, (uy,ux) = queue.pop()
s415005060.py(54):         for dy,dx in dd:
s415005060.py(55):             vy,vx = uy+dy, ux+dx
s415005060.py(56):             if not (0 <= vy < H and 0 <= vx < W):
s415005060.py(59):             if C[vy][vx].isdigit():
s415005060.py(60):                 n = int(C[vy][vx]+s)
s415005060.py(61):                 if mmax[vy][vx] < n:
s415005060.py(62):                     queue.appendleft((C[vy][vx]+s, (vy,vx)))
s415005060.py(63):                     mmax[vy][vx] = n
s415005060.py(54):         for dy,dx in dd:
s415005060.py(55):             vy,vx = uy+dy, ux+dx
s415005060.py(56):             if not (0 <= vy < H and 0 <= vx < W):
s415005060.py(59):             if C[vy][vx].isdigit():
s415005060.py(60):                 n = int(C[vy][vx]+s)
s415005060.py(61):                 if mmax[vy][vx] < n:
s415005060.py(62):                     queue.appendleft((C[vy][vx]+s, (vy,vx)))
s415005060.py(63):                     mmax[vy][vx] = n
s415005060.py(54):         for dy,dx in dd:
s415005060.py(52):     while len(queue) != 0:
s415005060.py(53):         s, (uy,ux) = queue.pop()
s415005060.py(54):         for dy,dx in dd:
s415005060.py(55):             vy,vx = uy+dy, ux+dx
s415005060.py(56):             if not (0 <= vy < H and 0 <= vx < W):
s415005060.py(59):             if C[vy][vx].isdigit():
s415005060.py(60):                 n = int(C[vy][vx]+s)
s415005060.py(61):                 if mmax[vy][vx] < n:
s415005060.py(54):         for dy,dx in dd:
s415005060.py(55):             vy,vx = uy+dy, ux+dx
s415005060.py(56):             if not (0 <= vy < H and 0 <= vx < W):
s415005060.py(57):                 num = max(num, mmax[uy][ux])
s415005060.py(58):                 continue
s415005060.py(54):         for dy,dx in dd:
s415005060.py(52):     while len(queue) != 0:
s415005060.py(53):         s, (uy,ux) = queue.pop()
s415005060.py(54):         for dy,dx in dd:
s415005060.py(55):             vy,vx = uy+dy, ux+dx
s415005060.py(56):             if not (0 <= vy < H and 0 <= vx < W):
s415005060.py(59):             if C[vy][vx].isdigit():
s415005060.py(60):                 n = int(C[vy][vx]+s)
s415005060.py(61):                 if mmax[vy][vx] < n:
s415005060.py(62):                     queue.appendleft((C[vy][vx]+s, (vy,vx)))
s415005060.py(63):                     mmax[vy][vx] = n
s415005060.py(54):         for dy,dx in dd:
s415005060.py(55):             vy,vx = uy+dy, ux+dx
s415005060.py(56):             if not (0 <= vy < H and 0 <= vx < W):
s415005060.py(57):                 num = max(num, mmax[uy][ux])
s415005060.py(58):                 continue
s415005060.py(54):         for dy,dx in dd:
s415005060.py(52):     while len(queue) != 0:
s415005060.py(53):         s, (uy,ux) = queue.pop()
s415005060.py(54):         for dy,dx in dd:
s415005060.py(55):             vy,vx = uy+dy, ux+dx
s415005060.py(56):             if not (0 <= vy < H and 0 <= vx < W):
s415005060.py(59):             if C[vy][vx].isdigit():
s415005060.py(60):                 n = int(C[vy][vx]+s)
s415005060.py(61):                 if mmax[vy][vx] < n:
s415005060.py(62):                     queue.appendleft((C[vy][vx]+s, (vy,vx)))
s415005060.py(63):                     mmax[vy][vx] = n
s415005060.py(54):         for dy,dx in dd:
s415005060.py(55):             vy,vx = uy+dy, ux+dx
s415005060.py(56):             if not (0 <= vy < H and 0 <= vx < W):
s415005060.py(59):             if C[vy][vx].isdigit():
s415005060.py(60):                 n = int(C[vy][vx]+s)
s415005060.py(61):                 if mmax[vy][vx] < n:
s415005060.py(62):                     queue.appendleft((C[vy][vx]+s, (vy,vx)))
s415005060.py(63):                     mmax[vy][vx] = n
s415005060.py(54):         for dy,dx in dd:
s415005060.py(52):     while len(queue) != 0:
s415005060.py(53):         s, (uy,ux) = queue.pop()
s415005060.py(54):         for dy,dx in dd:
s415005060.py(55):             vy,vx = uy+dy, ux+dx
s415005060.py(56):             if not (0 <= vy < H and 0 <= vx < W):
s415005060.py(59):             if C[vy][vx].isdigit():
s415005060.py(60):                 n = int(C[vy][vx]+s)
s415005060.py(61):                 if mmax[vy][vx] < n:
s415005060.py(62):                     queue.appendleft((C[vy][vx]+s, (vy,vx)))
s415005060.py(63):                     mmax[vy][vx] = n
s415005060.py(54):         for dy,dx in dd:
s415005060.py(55):             vy,vx = uy+dy, ux+dx
s415005060.py(56):             if not (0 <= vy < H and 0 <= vx < W):
s415005060.py(57):                 num = max(num, mmax[uy][ux])
s415005060.py(58):                 continue
s415005060.py(54):         for dy,dx in dd:
s415005060.py(52):     while len(queue) != 0:
s415005060.py(53):         s, (uy,ux) = queue.pop()
s415005060.py(54):         for dy,dx in dd:
s415005060.py(55):             vy,vx = uy+dy, ux+dx
s415005060.py(56):             if not (0 <= vy < H and 0 <= vx < W):
s415005060.py(59):             if C[vy][vx].isdigit():
s415005060.py(60):                 n = int(C[vy][vx]+s)
s415005060.py(61):                 if mmax[vy][vx] < n:
s415005060.py(62):                     queue.appendleft((C[vy][vx]+s, (vy,vx)))
s415005060.py(63):                     mmax[vy][vx] = n
s415005060.py(54):         for dy,dx in dd:
s415005060.py(55):             vy,vx = uy+dy, ux+dx
s415005060.py(56):             if not (0 <= vy < H and 0 <= vx < W):
s415005060.py(57):                 num = max(num, mmax[uy][ux])
s415005060.py(58):                 continue
s415005060.py(54):         for dy,dx in dd:
s415005060.py(52):     while len(queue) != 0:
s415005060.py(53):         s, (uy,ux) = queue.pop()
s415005060.py(54):         for dy,dx in dd:
s415005060.py(55):             vy,vx = uy+dy, ux+dx
s415005060.py(56):             if not (0 <= vy < H and 0 <= vx < W):
s415005060.py(59):             if C[vy][vx].isdigit():
s415005060.py(65):                 num = max(num, mmax[uy][ux])
s415005060.py(54):         for dy,dx in dd:
s415005060.py(55):             vy,vx = uy+dy, ux+dx
s415005060.py(56):             if not (0 <= vy < H and 0 <= vx < W):
s415005060.py(59):             if C[vy][vx].isdigit():
s415005060.py(60):                 n = int(C[vy][vx]+s)
s415005060.py(61):                 if mmax[vy][vx] < n:
s415005060.py(62):                     queue.appendleft((C[vy][vx]+s, (vy,vx)))
s415005060.py(63):                     mmax[vy][vx] = n
s415005060.py(54):         for dy,dx in dd:
s415005060.py(52):     while len(queue) != 0:
s415005060.py(53):         s, (uy,ux) = queue.pop()
s415005060.py(54):         for dy,dx in dd:
s415005060.py(55):             vy,vx = uy+dy, ux+dx
s415005060.py(56):             if not (0 <= vy < H and 0 <= vx < W):
s415005060.py(59):             if C[vy][vx].isdigit():
s415005060.py(60):                 n = int(C[vy][vx]+s)
s415005060.py(61):                 if mmax[vy][vx] < n:
s415005060.py(54):         for dy,dx in dd:
s415005060.py(55):             vy,vx = uy+dy, ux+dx
s415005060.py(56):             if not (0 <= vy < H and 0 <= vx < W):
s415005060.py(57):                 num = max(num, mmax[uy][ux])
s415005060.py(58):                 continue
s415005060.py(54):         for dy,dx in dd:
s415005060.py(52):     while len(queue) != 0:
s415005060.py(53):         s, (uy,ux) = queue.pop()
s415005060.py(54):         for dy,dx in dd:
s415005060.py(55):             vy,vx = uy+dy, ux+dx
s415005060.py(56):             if not (0 <= vy < H and 0 <= vx < W):
s415005060.py(59):             if C[vy][vx].isdigit():
s415005060.py(60):                 n = int(C[vy][vx]+s)
s415005060.py(61):                 if mmax[vy][vx] < n:
s415005060.py(54):         for dy,dx in dd:
s415005060.py(55):             vy,vx = uy+dy, ux+dx
s415005060.py(56):             if not (0 <= vy < H and 0 <= vx < W):
s415005060.py(57):                 num = max(num, mmax[uy][ux])
s415005060.py(58):                 continue
s415005060.py(54):         for dy,dx in dd:
s415005060.py(52):     while len(queue) != 0:
s415005060.py(53):         s, (uy,ux) = queue.pop()
s415005060.py(54):         for dy,dx in dd:
s415005060.py(55):             vy,vx = uy+dy, ux+dx
s415005060.py(56):             if not (0 <= vy < H and 0 <= vx < W):
s415005060.py(59):             if C[vy][vx].isdigit():
s415005060.py(60):                 n = int(C[vy][vx]+s)
s415005060.py(61):                 if mmax[vy][vx] < n:
s415005060.py(54):         for dy,dx in dd:
s415005060.py(55):             vy,vx = uy+dy, ux+dx
s415005060.py(56):             if not (0 <= vy < H and 0 <= vx < W):
s415005060.py(57):                 num = max(num, mmax[uy][ux])
s415005060.py(58):                 continue
s415005060.py(54):         for dy,dx in dd:
s415005060.py(52):     while len(queue) != 0:
s415005060.py(53):         s, (uy,ux) = queue.pop()
s415005060.py(54):         for dy,dx in dd:
s415005060.py(55):             vy,vx = uy+dy, ux+dx
s415005060.py(56):             if not (0 <= vy < H and 0 <= vx < W):
s415005060.py(59):             if C[vy][vx].isdigit():
s415005060.py(60):                 n = int(C[vy][vx]+s)
s415005060.py(61):                 if mmax[vy][vx] < n:
s415005060.py(62):                     queue.appendleft((C[vy][vx]+s, (vy,vx)))
s415005060.py(63):                     mmax[vy][vx] = n
s415005060.py(54):         for dy,dx in dd:
s415005060.py(55):             vy,vx = uy+dy, ux+dx
s415005060.py(56):             if not (0 <= vy < H and 0 <= vx < W):
s415005060.py(57):                 num = max(num, mmax[uy][ux])
s415005060.py(58):                 continue
s415005060.py(54):         for dy,dx in dd:
s415005060.py(52):     while len(queue) != 0:
s415005060.py(53):         s, (uy,ux) = queue.pop()
s415005060.py(54):         for dy,dx in dd:
s415005060.py(55):             vy,vx = uy+dy, ux+dx
s415005060.py(56):             if not (0 <= vy < H and 0 <= vx < W):
s415005060.py(59):             if C[vy][vx].isdigit():
s415005060.py(60):                 n = int(C[vy][vx]+s)
s415005060.py(61):                 if mmax[vy][vx] < n:
s415005060.py(62):                     queue.appendleft((C[vy][vx]+s, (vy,vx)))
s415005060.py(63):                     mmax[vy][vx] = n
s415005060.py(54):         for dy,dx in dd:
s415005060.py(55):             vy,vx = uy+dy, ux+dx
s415005060.py(56):             if not (0 <= vy < H and 0 <= vx < W):
s415005060.py(57):                 num = max(num, mmax[uy][ux])
s415005060.py(58):                 continue
s415005060.py(54):         for dy,dx in dd:
s415005060.py(52):     while len(queue) != 0:
s415005060.py(53):         s, (uy,ux) = queue.pop()
s415005060.py(54):         for dy,dx in dd:
s415005060.py(55):             vy,vx = uy+dy, ux+dx
s415005060.py(56):             if not (0 <= vy < H and 0 <= vx < W):
s415005060.py(59):             if C[vy][vx].isdigit():
s415005060.py(60):                 n = int(C[vy][vx]+s)
s415005060.py(61):                 if mmax[vy][vx] < n:
s415005060.py(62):                     queue.appendleft((C[vy][vx]+s, (vy,vx)))
s415005060.py(63):                     mmax[vy][vx] = n
s415005060.py(54):         for dy,dx in dd:
s415005060.py(55):             vy,vx = uy+dy, ux+dx
s415005060.py(56):             if not (0 <= vy < H and 0 <= vx < W):
s415005060.py(57):                 num = max(num, mmax[uy][ux])
s415005060.py(58):                 continue
s415005060.py(54):         for dy,dx in dd:
s415005060.py(52):     while len(queue) != 0:
s415005060.py(53):         s, (uy,ux) = queue.pop()
s415005060.py(54):         for dy,dx in dd:
s415005060.py(55):             vy,vx = uy+dy, ux+dx
s415005060.py(56):             if not (0 <= vy < H and 0 <= vx < W):
s415005060.py(59):             if C[vy][vx].isdigit():
s415005060.py(60):                 n = int(C[vy][vx]+s)
s415005060.py(61):                 if mmax[vy][vx] < n:
s415005060.py(62):                     queue.appendleft((C[vy][vx]+s, (vy,vx)))
s415005060.py(63):                     mmax[vy][vx] = n
s415005060.py(54):         for dy,dx in dd:
s415005060.py(55):             vy,vx = uy+dy, ux+dx
s415005060.py(56):             if not (0 <= vy < H and 0 <= vx < W):
s415005060.py(57):                 num = max(num, mmax[uy][ux])
s415005060.py(58):                 continue
s415005060.py(54):         for dy,dx in dd:
s415005060.py(52):     while len(queue) != 0:
s415005060.py(53):         s, (uy,ux) = queue.pop()
s415005060.py(54):         for dy,dx in dd:
s415005060.py(55):             vy,vx = uy+dy, ux+dx
s415005060.py(56):             if not (0 <= vy < H and 0 <= vx < W):
s415005060.py(59):             if C[vy][vx].isdigit():
s415005060.py(65):                 num = max(num, mmax[uy][ux])
s415005060.py(54):         for dy,dx in dd:
s415005060.py(55):             vy,vx = uy+dy, ux+dx
s415005060.py(56):             if not (0 <= vy < H and 0 <= vx < W):
s415005060.py(57):                 num = max(num, mmax[uy][ux])
s415005060.py(58):                 continue
s415005060.py(54):         for dy,dx in dd:
s415005060.py(52):     while len(queue) != 0:
s415005060.py(67):     return num
s415005060.py(30):             for j in reversed(range(W)):
s415005060.py(31):                 if mmax[i][j] != -1:
s415005060.py(32):                     continue
s415005060.py(30):             for j in reversed(range(W)):
s415005060.py(31):                 if mmax[i][j] != -1:
s415005060.py(32):                     continue
s415005060.py(30):             for j in reversed(range(W)):
s415005060.py(31):                 if mmax[i][j] != -1:
s415005060.py(32):                     continue
s415005060.py(30):             for j in reversed(range(W)):
s415005060.py(31):                 if mmax[i][j] != -1:
s415005060.py(32):                     continue
s415005060.py(30):             for j in reversed(range(W)):
s415005060.py(31):                 if mmax[i][j] != -1:
s415005060.py(32):                     continue
s415005060.py(30):             for j in reversed(range(W)):
s415005060.py(31):                 if mmax[i][j] != -1:
s415005060.py(32):                     continue
s415005060.py(30):             for j in reversed(range(W)):
s415005060.py(31):                 if mmax[i][j] != -1:
s415005060.py(32):                     continue
s415005060.py(30):             for j in reversed(range(W)):
s415005060.py(31):                 if mmax[i][j] != -1:
s415005060.py(32):                     continue
s415005060.py(30):             for j in reversed(range(W)):
s415005060.py(31):                 if mmax[i][j] != -1:
s415005060.py(32):                     continue
s415005060.py(30):             for j in reversed(range(W)):
s415005060.py(31):                 if mmax[i][j] != -1:
s415005060.py(32):                     continue
s415005060.py(30):             for j in reversed(range(W)):
s415005060.py(31):                 if mmax[i][j] != -1:
s415005060.py(32):                     continue
s415005060.py(30):             for j in reversed(range(W)):
s415005060.py(31):                 if mmax[i][j] != -1:
s415005060.py(32):                     continue
s415005060.py(30):             for j in reversed(range(W)):
s415005060.py(31):                 if mmax[i][j] != -1:
s415005060.py(32):                     continue
s415005060.py(30):             for j in reversed(range(W)):
s415005060.py(31):                 if mmax[i][j] != -1:
s415005060.py(32):                     continue
s415005060.py(30):             for j in reversed(range(W)):
s415005060.py(31):                 if mmax[i][j] != -1:
s415005060.py(33):                 num = max(num, bfs(i,j))
 --- modulename: s415005060, funcname: bfs
s415005060.py(41):     if not C[y][x].isdigit():
s415005060.py(42):         return 0
s415005060.py(30):             for j in reversed(range(W)):
s415005060.py(31):                 if mmax[i][j] != -1:
s415005060.py(33):                 num = max(num, bfs(i,j))
 --- modulename: s415005060, funcname: bfs
s415005060.py(41):     if not C[y][x].isdigit():
s415005060.py(42):         return 0
s415005060.py(30):             for j in reversed(range(W)):
s415005060.py(31):                 if mmax[i][j] != -1:
s415005060.py(33):                 num = max(num, bfs(i,j))
 --- modulename: s415005060, funcname: bfs
s415005060.py(41):     if not C[y][x].isdigit():
s415005060.py(42):         return 0
s415005060.py(30):             for j in reversed(range(W)):
s415005060.py(31):                 if mmax[i][j] != -1:
s415005060.py(33):                 num = max(num, bfs(i,j))
 --- modulename: s415005060, funcname: bfs
s415005060.py(41):     if not C[y][x].isdigit():
s415005060.py(42):         return 0
s415005060.py(30):             for j in reversed(range(W)):
s415005060.py(31):                 if mmax[i][j] != -1:
s415005060.py(33):                 num = max(num, bfs(i,j))
 --- modulename: s415005060, funcname: bfs
s415005060.py(41):     if not C[y][x].isdigit():
s415005060.py(42):         return 0
s415005060.py(30):             for j in reversed(range(W)):
s415005060.py(29):         for i in reversed(range(H)):
s415005060.py(30):             for j in reversed(range(W)):
s415005060.py(31):                 if mmax[i][j] != -1:
s415005060.py(33):                 num = max(num, bfs(i,j))
 --- modulename: s415005060, funcname: bfs
s415005060.py(41):     if not C[y][x].isdigit():
s415005060.py(42):         return 0
s415005060.py(30):             for j in reversed(range(W)):
s415005060.py(31):                 if mmax[i][j] != -1:
s415005060.py(33):                 num = max(num, bfs(i,j))
 --- modulename: s415005060, funcname: bfs
s415005060.py(41):     if not C[y][x].isdigit():
s415005060.py(42):         return 0
s415005060.py(30):             for j in reversed(range(W)):
s415005060.py(31):                 if mmax[i][j] != -1:
s415005060.py(33):                 num = max(num, bfs(i,j))
 --- modulename: s415005060, funcname: bfs
s415005060.py(41):     if not C[y][x].isdigit():
s415005060.py(42):         return 0
s415005060.py(30):             for j in reversed(range(W)):
s415005060.py(31):                 if mmax[i][j] != -1:
s415005060.py(33):                 num = max(num, bfs(i,j))
 --- modulename: s415005060, funcname: bfs
s415005060.py(41):     if not C[y][x].isdigit():
s415005060.py(42):         return 0
s415005060.py(30):             for j in reversed(range(W)):
s415005060.py(31):                 if mmax[i][j] != -1:
s415005060.py(33):                 num = max(num, bfs(i,j))
 --- modulename: s415005060, funcname: bfs
s415005060.py(41):     if not C[y][x].isdigit():
s415005060.py(42):         return 0
s415005060.py(30):             for j in reversed(range(W)):
s415005060.py(31):                 if mmax[i][j] != -1:
s415005060.py(33):                 num = max(num, bfs(i,j))
 --- modulename: s415005060, funcname: bfs
s415005060.py(41):     if not C[y][x].isdigit():
s415005060.py(42):         return 0
s415005060.py(30):             for j in reversed(range(W)):
s415005060.py(31):                 if mmax[i][j] != -1:
s415005060.py(32):                     continue
s415005060.py(30):             for j in reversed(range(W)):
s415005060.py(31):                 if mmax[i][j] != -1:
s415005060.py(32):                     continue
s415005060.py(30):             for j in reversed(range(W)):
s415005060.py(31):                 if mmax[i][j] != -1:
s415005060.py(32):                     continue
s415005060.py(30):             for j in reversed(range(W)):
s415005060.py(31):                 if mmax[i][j] != -1:
s415005060.py(32):                     continue
s415005060.py(30):             for j in reversed(range(W)):
s415005060.py(31):                 if mmax[i][j] != -1:
s415005060.py(32):                     continue
s415005060.py(30):             for j in reversed(range(W)):
s415005060.py(31):                 if mmax[i][j] != -1:
s415005060.py(32):                     continue
s415005060.py(30):             for j in reversed(range(W)):
s415005060.py(31):                 if mmax[i][j] != -1:
s415005060.py(32):                     continue
s415005060.py(30):             for j in reversed(range(W)):
s415005060.py(31):                 if mmax[i][j] != -1:
s415005060.py(32):                     continue
s415005060.py(30):             for j in reversed(range(W)):
s415005060.py(31):                 if mmax[i][j] != -1:
s415005060.py(32):                     continue
s415005060.py(30):             for j in reversed(range(W)):
s415005060.py(31):                 if mmax[i][j] != -1:
s415005060.py(32):                     continue
s415005060.py(30):             for j in reversed(range(W)):
s415005060.py(31):                 if mmax[i][j] != -1:
s415005060.py(32):                     continue
s415005060.py(30):             for j in reversed(range(W)):
s415005060.py(31):                 if mmax[i][j] != -1:
s415005060.py(32):                     continue
s415005060.py(30):             for j in reversed(range(W)):
s415005060.py(31):                 if mmax[i][j] != -1:
s415005060.py(32):                     continue
s415005060.py(30):             for j in reversed(range(W)):
s415005060.py(31):                 if mmax[i][j] != -1:
s415005060.py(33):                 num = max(num, bfs(i,j))
 --- modulename: s415005060, funcname: bfs
s415005060.py(41):     if not C[y][x].isdigit():
s415005060.py(42):         return 0
s415005060.py(30):             for j in reversed(range(W)):
s415005060.py(29):         for i in reversed(range(H)):
s415005060.py(35):         print(num)
12345908034265091499
s415005060.py(11):         W,H = map(int,input().split())
s415005060.py(12):         if not W and not H:
s415005060.py(13):             return
