 --- modulename: s967145561, funcname: <module>
s967145561.py(2): import sys
s967145561.py(3): sys.setrecursionlimit(10**6)
s967145561.py(4): write = sys.stdout.write
s967145561.py(5): dbg = lambda *something : print(*something) if DEBUG else 0
s967145561.py(6): DEBUG = False
s967145561.py(7): def main(given = sys.stdin.readline):
s967145561.py(64): if __name__ == '__main__':
s967145561.py(65):     main()
 --- modulename: s967145561, funcname: main
s967145561.py(8):     input = lambda : given().rstrip()
s967145561.py(9):     LMIIS = lambda : list(map(int,input().split()))
s967145561.py(10):     II = lambda : int(input())
s967145561.py(11):     XLMIIS = lambda x : [LMIIS() for _ in range(x)]
s967145561.py(12):     MOD = 10**9+7
s967145561.py(14):     H,W = LMIIS()
 --- modulename: s967145561, funcname: <lambda>
s967145561.py(9):     LMIIS = lambda : list(map(int,input().split()))
 --- modulename: s967145561, funcname: <lambda>
s967145561.py(8):     input = lambda : given().rstrip()
 --- modulename: codecs, funcname: getstate
codecs.py(333):         return (self.buffer, 0)
 --- modulename: codecs, funcname: decode
codecs.py(321):         data = self.buffer + input
codecs.py(322):         (result, consumed) = self._buffer_decode(data, self.errors, final)
codecs.py(324):         self.buffer = data[consumed:]
codecs.py(325):         return result
s967145561.py(15):     S = [input() for _ in range(H)]
 --- modulename: s967145561, funcname: <listcomp>
s967145561.py(15):     S = [input() for _ in range(H)]
 --- modulename: s967145561, funcname: <lambda>
s967145561.py(8):     input = lambda : given().rstrip()
s967145561.py(15):     S = [input() for _ in range(H)]
 --- modulename: s967145561, funcname: <lambda>
s967145561.py(8):     input = lambda : given().rstrip()
s967145561.py(15):     S = [input() for _ in range(H)]
 --- modulename: s967145561, funcname: <lambda>
s967145561.py(8):     input = lambda : given().rstrip()
s967145561.py(15):     S = [input() for _ in range(H)]
s967145561.py(18):     def tansaku(S,V,y,x,length):
s967145561.py(42):     def getmax():
s967145561.py(56):     print(getmax())
 --- modulename: s967145561, funcname: getmax
s967145561.py(43):         max_length = 0
s967145561.py(44):         for h in range(H):
s967145561.py(45):             for w in range(W):
s967145561.py(46):                 V = [[MOD] * W for _ in range(H)]
 --- modulename: s967145561, funcname: <listcomp>
s967145561.py(46):                 V = [[MOD] * W for _ in range(H)]
s967145561.py(46):                 V = [[MOD] * W for _ in range(H)]
s967145561.py(46):                 V = [[MOD] * W for _ in range(H)]
s967145561.py(46):                 V = [[MOD] * W for _ in range(H)]
s967145561.py(47):                 if S[h][w] == '.':
s967145561.py(48):                     V[h][w] = 0
s967145561.py(49):                     tansaku(S,V,h,w,0) 
 --- modulename: s967145561, funcname: tansaku
s967145561.py(21):         if  x >= 1 and S[y][x-1] == '.' and V[y][x-1] > length+1:
s967145561.py(26):         if x < W-1 and S[y][x+1] == '.' and V[y][x+1] > length+1:
s967145561.py(27):             V[y][x+1] = length+1
s967145561.py(28):             tansaku(S,V,y,x+1,length+1)
 --- modulename: s967145561, funcname: tansaku
s967145561.py(21):         if  x >= 1 and S[y][x-1] == '.' and V[y][x-1] > length+1:
s967145561.py(26):         if x < W-1 and S[y][x+1] == '.' and V[y][x+1] > length+1:
s967145561.py(27):             V[y][x+1] = length+1
s967145561.py(28):             tansaku(S,V,y,x+1,length+1)
 --- modulename: s967145561, funcname: tansaku
s967145561.py(21):         if  x >= 1 and S[y][x-1] == '.' and V[y][x-1] > length+1:
s967145561.py(26):         if x < W-1 and S[y][x+1] == '.' and V[y][x+1] > length+1:
s967145561.py(31):         if y >= 1 and S[y-1][x] == '.' and V[y-1][x] > length+1:
s967145561.py(36):         if y < H-1 and S[y+1][x] == '.' and V[y+1][x]> length+1:
s967145561.py(37):             V[y+1][x] = length+1
s967145561.py(38):             tansaku(S,V,y+1,x,length+1)
 --- modulename: s967145561, funcname: tansaku
s967145561.py(21):         if  x >= 1 and S[y][x-1] == '.' and V[y][x-1] > length+1:
s967145561.py(22):             V[y][x-1] = length+1
s967145561.py(23):             tansaku(S,V,y,x-1,length+1)
 --- modulename: s967145561, funcname: tansaku
s967145561.py(21):         if  x >= 1 and S[y][x-1] == '.' and V[y][x-1] > length+1:
s967145561.py(22):             V[y][x-1] = length+1
s967145561.py(23):             tansaku(S,V,y,x-1,length+1)
 --- modulename: s967145561, funcname: tansaku
s967145561.py(21):         if  x >= 1 and S[y][x-1] == '.' and V[y][x-1] > length+1:
s967145561.py(26):         if x < W-1 and S[y][x+1] == '.' and V[y][x+1] > length+1:
s967145561.py(31):         if y >= 1 and S[y-1][x] == '.' and V[y-1][x] > length+1:
s967145561.py(36):         if y < H-1 and S[y+1][x] == '.' and V[y+1][x]> length+1:
s967145561.py(37):             V[y+1][x] = length+1
s967145561.py(38):             tansaku(S,V,y+1,x,length+1)
 --- modulename: s967145561, funcname: tansaku
s967145561.py(21):         if  x >= 1 and S[y][x-1] == '.' and V[y][x-1] > length+1:
s967145561.py(26):         if x < W-1 and S[y][x+1] == '.' and V[y][x+1] > length+1:
s967145561.py(27):             V[y][x+1] = length+1
s967145561.py(28):             tansaku(S,V,y,x+1,length+1)
 --- modulename: s967145561, funcname: tansaku
s967145561.py(21):         if  x >= 1 and S[y][x-1] == '.' and V[y][x-1] > length+1:
s967145561.py(26):         if x < W-1 and S[y][x+1] == '.' and V[y][x+1] > length+1:
s967145561.py(27):             V[y][x+1] = length+1
s967145561.py(28):             tansaku(S,V,y,x+1,length+1)
 --- modulename: s967145561, funcname: tansaku
s967145561.py(21):         if  x >= 1 and S[y][x-1] == '.' and V[y][x-1] > length+1:
s967145561.py(26):         if x < W-1 and S[y][x+1] == '.' and V[y][x+1] > length+1:
s967145561.py(31):         if y >= 1 and S[y-1][x] == '.' and V[y-1][x] > length+1:
s967145561.py(36):         if y < H-1 and S[y+1][x] == '.' and V[y+1][x]> length+1:
s967145561.py(40):         return
s967145561.py(31):         if y >= 1 and S[y-1][x] == '.' and V[y-1][x] > length+1:
s967145561.py(36):         if y < H-1 and S[y+1][x] == '.' and V[y+1][x]> length+1:
s967145561.py(40):         return
s967145561.py(31):         if y >= 1 and S[y-1][x] == '.' and V[y-1][x] > length+1:
s967145561.py(36):         if y < H-1 and S[y+1][x] == '.' and V[y+1][x]> length+1:
s967145561.py(40):         return
s967145561.py(40):         return
s967145561.py(26):         if x < W-1 and S[y][x+1] == '.' and V[y][x+1] > length+1:
s967145561.py(31):         if y >= 1 and S[y-1][x] == '.' and V[y-1][x] > length+1:
s967145561.py(36):         if y < H-1 and S[y+1][x] == '.' and V[y+1][x]> length+1:
s967145561.py(37):             V[y+1][x] = length+1
s967145561.py(38):             tansaku(S,V,y+1,x,length+1)
 --- modulename: s967145561, funcname: tansaku
s967145561.py(21):         if  x >= 1 and S[y][x-1] == '.' and V[y][x-1] > length+1:
s967145561.py(26):         if x < W-1 and S[y][x+1] == '.' and V[y][x+1] > length+1:
s967145561.py(27):             V[y][x+1] = length+1
s967145561.py(28):             tansaku(S,V,y,x+1,length+1)
 --- modulename: s967145561, funcname: tansaku
s967145561.py(21):         if  x >= 1 and S[y][x-1] == '.' and V[y][x-1] > length+1:
s967145561.py(26):         if x < W-1 and S[y][x+1] == '.' and V[y][x+1] > length+1:
s967145561.py(31):         if y >= 1 and S[y-1][x] == '.' and V[y-1][x] > length+1:
s967145561.py(36):         if y < H-1 and S[y+1][x] == '.' and V[y+1][x]> length+1:
s967145561.py(40):         return
s967145561.py(31):         if y >= 1 and S[y-1][x] == '.' and V[y-1][x] > length+1:
s967145561.py(36):         if y < H-1 and S[y+1][x] == '.' and V[y+1][x]> length+1:
s967145561.py(40):         return
s967145561.py(40):         return
s967145561.py(26):         if x < W-1 and S[y][x+1] == '.' and V[y][x+1] > length+1:
s967145561.py(31):         if y >= 1 and S[y-1][x] == '.' and V[y-1][x] > length+1:
s967145561.py(36):         if y < H-1 and S[y+1][x] == '.' and V[y+1][x]> length+1:
s967145561.py(37):             V[y+1][x] = length+1
s967145561.py(38):             tansaku(S,V,y+1,x,length+1)
 --- modulename: s967145561, funcname: tansaku
s967145561.py(21):         if  x >= 1 and S[y][x-1] == '.' and V[y][x-1] > length+1:
s967145561.py(26):         if x < W-1 and S[y][x+1] == '.' and V[y][x+1] > length+1:
s967145561.py(31):         if y >= 1 and S[y-1][x] == '.' and V[y-1][x] > length+1:
s967145561.py(36):         if y < H-1 and S[y+1][x] == '.' and V[y+1][x]> length+1:
s967145561.py(40):         return
s967145561.py(40):         return
s967145561.py(40):         return
s967145561.py(31):         if y >= 1 and S[y-1][x] == '.' and V[y-1][x] > length+1:
s967145561.py(36):         if y < H-1 and S[y+1][x] == '.' and V[y+1][x]> length+1:
s967145561.py(37):             V[y+1][x] = length+1
s967145561.py(38):             tansaku(S,V,y+1,x,length+1)
 --- modulename: s967145561, funcname: tansaku
s967145561.py(21):         if  x >= 1 and S[y][x-1] == '.' and V[y][x-1] > length+1:
s967145561.py(22):             V[y][x-1] = length+1
s967145561.py(23):             tansaku(S,V,y,x-1,length+1)
 --- modulename: s967145561, funcname: tansaku
s967145561.py(21):         if  x >= 1 and S[y][x-1] == '.' and V[y][x-1] > length+1:
s967145561.py(26):         if x < W-1 and S[y][x+1] == '.' and V[y][x+1] > length+1:
s967145561.py(31):         if y >= 1 and S[y-1][x] == '.' and V[y-1][x] > length+1:
s967145561.py(36):         if y < H-1 and S[y+1][x] == '.' and V[y+1][x]> length+1:
s967145561.py(37):             V[y+1][x] = length+1
s967145561.py(38):             tansaku(S,V,y+1,x,length+1)
 --- modulename: s967145561, funcname: tansaku
s967145561.py(21):         if  x >= 1 and S[y][x-1] == '.' and V[y][x-1] > length+1:
s967145561.py(26):         if x < W-1 and S[y][x+1] == '.' and V[y][x+1] > length+1:
s967145561.py(31):         if y >= 1 and S[y-1][x] == '.' and V[y-1][x] > length+1:
s967145561.py(36):         if y < H-1 and S[y+1][x] == '.' and V[y+1][x]> length+1:
s967145561.py(40):         return
s967145561.py(40):         return
s967145561.py(26):         if x < W-1 and S[y][x+1] == '.' and V[y][x+1] > length+1:
s967145561.py(31):         if y >= 1 and S[y-1][x] == '.' and V[y-1][x] > length+1:
s967145561.py(36):         if y < H-1 and S[y+1][x] == '.' and V[y+1][x]> length+1:
s967145561.py(37):             V[y+1][x] = length+1
s967145561.py(38):             tansaku(S,V,y+1,x,length+1)
 --- modulename: s967145561, funcname: tansaku
s967145561.py(21):         if  x >= 1 and S[y][x-1] == '.' and V[y][x-1] > length+1:
s967145561.py(26):         if x < W-1 and S[y][x+1] == '.' and V[y][x+1] > length+1:
s967145561.py(31):         if y >= 1 and S[y-1][x] == '.' and V[y-1][x] > length+1:
s967145561.py(36):         if y < H-1 and S[y+1][x] == '.' and V[y+1][x]> length+1:
s967145561.py(40):         return
s967145561.py(40):         return
s967145561.py(40):         return
s967145561.py(31):         if y >= 1 and S[y-1][x] == '.' and V[y-1][x] > length+1:
s967145561.py(36):         if y < H-1 and S[y+1][x] == '.' and V[y+1][x]> length+1:
s967145561.py(37):             V[y+1][x] = length+1
s967145561.py(38):             tansaku(S,V,y+1,x,length+1)
 --- modulename: s967145561, funcname: tansaku
s967145561.py(21):         if  x >= 1 and S[y][x-1] == '.' and V[y][x-1] > length+1:
s967145561.py(26):         if x < W-1 and S[y][x+1] == '.' and V[y][x+1] > length+1:
s967145561.py(31):         if y >= 1 and S[y-1][x] == '.' and V[y-1][x] > length+1:
s967145561.py(36):         if y < H-1 and S[y+1][x] == '.' and V[y+1][x]> length+1:
s967145561.py(37):             V[y+1][x] = length+1
s967145561.py(38):             tansaku(S,V,y+1,x,length+1)
 --- modulename: s967145561, funcname: tansaku
s967145561.py(21):         if  x >= 1 and S[y][x-1] == '.' and V[y][x-1] > length+1:
s967145561.py(26):         if x < W-1 and S[y][x+1] == '.' and V[y][x+1] > length+1:
s967145561.py(31):         if y >= 1 and S[y-1][x] == '.' and V[y-1][x] > length+1:
s967145561.py(36):         if y < H-1 and S[y+1][x] == '.' and V[y+1][x]> length+1:
s967145561.py(40):         return
s967145561.py(40):         return
s967145561.py(40):         return
s967145561.py(50):                 for v in V:
s967145561.py(51):                     v = list(map(lambda x:x%MOD,v))
 --- modulename: s967145561, funcname: <lambda>
s967145561.py(51):                     v = list(map(lambda x:x%MOD,v))
 --- modulename: s967145561, funcname: <lambda>
s967145561.py(51):                     v = list(map(lambda x:x%MOD,v))
 --- modulename: s967145561, funcname: <lambda>
s967145561.py(51):                     v = list(map(lambda x:x%MOD,v))
s967145561.py(52):                     max_length = max(v+[max_length])
s967145561.py(50):                 for v in V:
s967145561.py(51):                     v = list(map(lambda x:x%MOD,v))
 --- modulename: s967145561, funcname: <lambda>
s967145561.py(51):                     v = list(map(lambda x:x%MOD,v))
 --- modulename: s967145561, funcname: <lambda>
s967145561.py(51):                     v = list(map(lambda x:x%MOD,v))
 --- modulename: s967145561, funcname: <lambda>
s967145561.py(51):                     v = list(map(lambda x:x%MOD,v))
s967145561.py(52):                     max_length = max(v+[max_length])
s967145561.py(50):                 for v in V:
s967145561.py(51):                     v = list(map(lambda x:x%MOD,v))
 --- modulename: s967145561, funcname: <lambda>
s967145561.py(51):                     v = list(map(lambda x:x%MOD,v))
 --- modulename: s967145561, funcname: <lambda>
s967145561.py(51):                     v = list(map(lambda x:x%MOD,v))
 --- modulename: s967145561, funcname: <lambda>
s967145561.py(51):                     v = list(map(lambda x:x%MOD,v))
s967145561.py(52):                     max_length = max(v+[max_length])
s967145561.py(50):                 for v in V:
s967145561.py(45):             for w in range(W):
s967145561.py(46):                 V = [[MOD] * W for _ in range(H)]
 --- modulename: s967145561, funcname: <listcomp>
s967145561.py(46):                 V = [[MOD] * W for _ in range(H)]
s967145561.py(46):                 V = [[MOD] * W for _ in range(H)]
s967145561.py(46):                 V = [[MOD] * W for _ in range(H)]
s967145561.py(46):                 V = [[MOD] * W for _ in range(H)]
s967145561.py(47):                 if S[h][w] == '.':
s967145561.py(48):                     V[h][w] = 0
s967145561.py(49):                     tansaku(S,V,h,w,0) 
 --- modulename: s967145561, funcname: tansaku
s967145561.py(21):         if  x >= 1 and S[y][x-1] == '.' and V[y][x-1] > length+1:
s967145561.py(22):             V[y][x-1] = length+1
s967145561.py(23):             tansaku(S,V,y,x-1,length+1)
 --- modulename: s967145561, funcname: tansaku
s967145561.py(21):         if  x >= 1 and S[y][x-1] == '.' and V[y][x-1] > length+1:
s967145561.py(26):         if x < W-1 and S[y][x+1] == '.' and V[y][x+1] > length+1:
s967145561.py(31):         if y >= 1 and S[y-1][x] == '.' and V[y-1][x] > length+1:
s967145561.py(36):         if y < H-1 and S[y+1][x] == '.' and V[y+1][x]> length+1:
s967145561.py(37):             V[y+1][x] = length+1
s967145561.py(38):             tansaku(S,V,y+1,x,length+1)
 --- modulename: s967145561, funcname: tansaku
s967145561.py(21):         if  x >= 1 and S[y][x-1] == '.' and V[y][x-1] > length+1:
s967145561.py(26):         if x < W-1 and S[y][x+1] == '.' and V[y][x+1] > length+1:
s967145561.py(27):             V[y][x+1] = length+1
s967145561.py(28):             tansaku(S,V,y,x+1,length+1)
 --- modulename: s967145561, funcname: tansaku
s967145561.py(21):         if  x >= 1 and S[y][x-1] == '.' and V[y][x-1] > length+1:
s967145561.py(26):         if x < W-1 and S[y][x+1] == '.' and V[y][x+1] > length+1:
s967145561.py(27):             V[y][x+1] = length+1
s967145561.py(28):             tansaku(S,V,y,x+1,length+1)
 --- modulename: s967145561, funcname: tansaku
s967145561.py(21):         if  x >= 1 and S[y][x-1] == '.' and V[y][x-1] > length+1:
s967145561.py(26):         if x < W-1 and S[y][x+1] == '.' and V[y][x+1] > length+1:
s967145561.py(31):         if y >= 1 and S[y-1][x] == '.' and V[y-1][x] > length+1:
s967145561.py(32):             V[y-1][x] = length+1
s967145561.py(33):             tansaku(S,V,y-1,x,length+1)
 --- modulename: s967145561, funcname: tansaku
s967145561.py(21):         if  x >= 1 and S[y][x-1] == '.' and V[y][x-1] > length+1:
s967145561.py(26):         if x < W-1 and S[y][x+1] == '.' and V[y][x+1] > length+1:
s967145561.py(31):         if y >= 1 and S[y-1][x] == '.' and V[y-1][x] > length+1:
s967145561.py(36):         if y < H-1 and S[y+1][x] == '.' and V[y+1][x]> length+1:
s967145561.py(40):         return
s967145561.py(36):         if y < H-1 and S[y+1][x] == '.' and V[y+1][x]> length+1:
s967145561.py(37):             V[y+1][x] = length+1
s967145561.py(38):             tansaku(S,V,y+1,x,length+1)
 --- modulename: s967145561, funcname: tansaku
s967145561.py(21):         if  x >= 1 and S[y][x-1] == '.' and V[y][x-1] > length+1:
s967145561.py(22):             V[y][x-1] = length+1
s967145561.py(23):             tansaku(S,V,y,x-1,length+1)
 --- modulename: s967145561, funcname: tansaku
s967145561.py(21):         if  x >= 1 and S[y][x-1] == '.' and V[y][x-1] > length+1:
s967145561.py(22):             V[y][x-1] = length+1
s967145561.py(23):             tansaku(S,V,y,x-1,length+1)
 --- modulename: s967145561, funcname: tansaku
s967145561.py(21):         if  x >= 1 and S[y][x-1] == '.' and V[y][x-1] > length+1:
s967145561.py(26):         if x < W-1 and S[y][x+1] == '.' and V[y][x+1] > length+1:
s967145561.py(31):         if y >= 1 and S[y-1][x] == '.' and V[y-1][x] > length+1:
s967145561.py(36):         if y < H-1 and S[y+1][x] == '.' and V[y+1][x]> length+1:
s967145561.py(40):         return
s967145561.py(26):         if x < W-1 and S[y][x+1] == '.' and V[y][x+1] > length+1:
s967145561.py(31):         if y >= 1 and S[y-1][x] == '.' and V[y-1][x] > length+1:
s967145561.py(36):         if y < H-1 and S[y+1][x] == '.' and V[y+1][x]> length+1:
s967145561.py(40):         return
s967145561.py(26):         if x < W-1 and S[y][x+1] == '.' and V[y][x+1] > length+1:
s967145561.py(31):         if y >= 1 and S[y-1][x] == '.' and V[y-1][x] > length+1:
s967145561.py(36):         if y < H-1 and S[y+1][x] == '.' and V[y+1][x]> length+1:
s967145561.py(40):         return
s967145561.py(40):         return
s967145561.py(31):         if y >= 1 and S[y-1][x] == '.' and V[y-1][x] > length+1:
s967145561.py(36):         if y < H-1 and S[y+1][x] == '.' and V[y+1][x]> length+1:
s967145561.py(37):             V[y+1][x] = length+1
s967145561.py(38):             tansaku(S,V,y+1,x,length+1)
 --- modulename: s967145561, funcname: tansaku
s967145561.py(21):         if  x >= 1 and S[y][x-1] == '.' and V[y][x-1] > length+1:
s967145561.py(22):             V[y][x-1] = length+1
s967145561.py(23):             tansaku(S,V,y,x-1,length+1)
 --- modulename: s967145561, funcname: tansaku
s967145561.py(21):         if  x >= 1 and S[y][x-1] == '.' and V[y][x-1] > length+1:
s967145561.py(26):         if x < W-1 and S[y][x+1] == '.' and V[y][x+1] > length+1:
s967145561.py(31):         if y >= 1 and S[y-1][x] == '.' and V[y-1][x] > length+1:
s967145561.py(36):         if y < H-1 and S[y+1][x] == '.' and V[y+1][x]> length+1:
s967145561.py(40):         return
s967145561.py(26):         if x < W-1 and S[y][x+1] == '.' and V[y][x+1] > length+1:
s967145561.py(31):         if y >= 1 and S[y-1][x] == '.' and V[y-1][x] > length+1:
s967145561.py(36):         if y < H-1 and S[y+1][x] == '.' and V[y+1][x]> length+1:
s967145561.py(40):         return
s967145561.py(40):         return
s967145561.py(31):         if y >= 1 and S[y-1][x] == '.' and V[y-1][x] > length+1:
s967145561.py(36):         if y < H-1 and S[y+1][x] == '.' and V[y+1][x]> length+1:
s967145561.py(37):             V[y+1][x] = length+1
s967145561.py(38):             tansaku(S,V,y+1,x,length+1)
 --- modulename: s967145561, funcname: tansaku
s967145561.py(21):         if  x >= 1 and S[y][x-1] == '.' and V[y][x-1] > length+1:
s967145561.py(26):         if x < W-1 and S[y][x+1] == '.' and V[y][x+1] > length+1:
s967145561.py(31):         if y >= 1 and S[y-1][x] == '.' and V[y-1][x] > length+1:
s967145561.py(36):         if y < H-1 and S[y+1][x] == '.' and V[y+1][x]> length+1:
s967145561.py(40):         return
s967145561.py(40):         return
s967145561.py(40):         return
s967145561.py(26):         if x < W-1 and S[y][x+1] == '.' and V[y][x+1] > length+1:
s967145561.py(27):             V[y][x+1] = length+1
s967145561.py(28):             tansaku(S,V,y,x+1,length+1)
 --- modulename: s967145561, funcname: tansaku
s967145561.py(21):         if  x >= 1 and S[y][x-1] == '.' and V[y][x-1] > length+1:
s967145561.py(26):         if x < W-1 and S[y][x+1] == '.' and V[y][x+1] > length+1:
s967145561.py(31):         if y >= 1 and S[y-1][x] == '.' and V[y-1][x] > length+1:
s967145561.py(36):         if y < H-1 and S[y+1][x] == '.' and V[y+1][x]> length+1:
s967145561.py(37):             V[y+1][x] = length+1
s967145561.py(38):             tansaku(S,V,y+1,x,length+1)
 --- modulename: s967145561, funcname: tansaku
s967145561.py(21):         if  x >= 1 and S[y][x-1] == '.' and V[y][x-1] > length+1:
s967145561.py(26):         if x < W-1 and S[y][x+1] == '.' and V[y][x+1] > length+1:
s967145561.py(31):         if y >= 1 and S[y-1][x] == '.' and V[y-1][x] > length+1:
s967145561.py(36):         if y < H-1 and S[y+1][x] == '.' and V[y+1][x]> length+1:
s967145561.py(37):             V[y+1][x] = length+1
s967145561.py(38):             tansaku(S,V,y+1,x,length+1)
 --- modulename: s967145561, funcname: tansaku
s967145561.py(21):         if  x >= 1 and S[y][x-1] == '.' and V[y][x-1] > length+1:
s967145561.py(26):         if x < W-1 and S[y][x+1] == '.' and V[y][x+1] > length+1:
s967145561.py(31):         if y >= 1 and S[y-1][x] == '.' and V[y-1][x] > length+1:
s967145561.py(36):         if y < H-1 and S[y+1][x] == '.' and V[y+1][x]> length+1:
s967145561.py(40):         return
s967145561.py(40):         return
s967145561.py(40):         return
s967145561.py(31):         if y >= 1 and S[y-1][x] == '.' and V[y-1][x] > length+1:
s967145561.py(36):         if y < H-1 and S[y+1][x] == '.' and V[y+1][x]> length+1:
s967145561.py(37):             V[y+1][x] = length+1
s967145561.py(38):             tansaku(S,V,y+1,x,length+1)
 --- modulename: s967145561, funcname: tansaku
s967145561.py(21):         if  x >= 1 and S[y][x-1] == '.' and V[y][x-1] > length+1:
s967145561.py(26):         if x < W-1 and S[y][x+1] == '.' and V[y][x+1] > length+1:
s967145561.py(31):         if y >= 1 and S[y-1][x] == '.' and V[y-1][x] > length+1:
s967145561.py(36):         if y < H-1 and S[y+1][x] == '.' and V[y+1][x]> length+1:
s967145561.py(37):             V[y+1][x] = length+1
s967145561.py(38):             tansaku(S,V,y+1,x,length+1)
 --- modulename: s967145561, funcname: tansaku
s967145561.py(21):         if  x >= 1 and S[y][x-1] == '.' and V[y][x-1] > length+1:
s967145561.py(26):         if x < W-1 and S[y][x+1] == '.' and V[y][x+1] > length+1:
s967145561.py(31):         if y >= 1 and S[y-1][x] == '.' and V[y-1][x] > length+1:
s967145561.py(36):         if y < H-1 and S[y+1][x] == '.' and V[y+1][x]> length+1:
s967145561.py(40):         return
s967145561.py(40):         return
s967145561.py(40):         return
s967145561.py(50):                 for v in V:
s967145561.py(51):                     v = list(map(lambda x:x%MOD,v))
 --- modulename: s967145561, funcname: <lambda>
s967145561.py(51):                     v = list(map(lambda x:x%MOD,v))
 --- modulename: s967145561, funcname: <lambda>
s967145561.py(51):                     v = list(map(lambda x:x%MOD,v))
 --- modulename: s967145561, funcname: <lambda>
s967145561.py(51):                     v = list(map(lambda x:x%MOD,v))
s967145561.py(52):                     max_length = max(v+[max_length])
s967145561.py(50):                 for v in V:
s967145561.py(51):                     v = list(map(lambda x:x%MOD,v))
 --- modulename: s967145561, funcname: <lambda>
s967145561.py(51):                     v = list(map(lambda x:x%MOD,v))
 --- modulename: s967145561, funcname: <lambda>
s967145561.py(51):                     v = list(map(lambda x:x%MOD,v))
 --- modulename: s967145561, funcname: <lambda>
s967145561.py(51):                     v = list(map(lambda x:x%MOD,v))
s967145561.py(52):                     max_length = max(v+[max_length])
s967145561.py(50):                 for v in V:
s967145561.py(51):                     v = list(map(lambda x:x%MOD,v))
 --- modulename: s967145561, funcname: <lambda>
s967145561.py(51):                     v = list(map(lambda x:x%MOD,v))
 --- modulename: s967145561, funcname: <lambda>
s967145561.py(51):                     v = list(map(lambda x:x%MOD,v))
 --- modulename: s967145561, funcname: <lambda>
s967145561.py(51):                     v = list(map(lambda x:x%MOD,v))
s967145561.py(52):                     max_length = max(v+[max_length])
s967145561.py(50):                 for v in V:
s967145561.py(45):             for w in range(W):
s967145561.py(46):                 V = [[MOD] * W for _ in range(H)]
 --- modulename: s967145561, funcname: <listcomp>
s967145561.py(46):                 V = [[MOD] * W for _ in range(H)]
s967145561.py(46):                 V = [[MOD] * W for _ in range(H)]
s967145561.py(46):                 V = [[MOD] * W for _ in range(H)]
s967145561.py(46):                 V = [[MOD] * W for _ in range(H)]
s967145561.py(47):                 if S[h][w] == '.':
s967145561.py(48):                     V[h][w] = 0
s967145561.py(49):                     tansaku(S,V,h,w,0) 
 --- modulename: s967145561, funcname: tansaku
s967145561.py(21):         if  x >= 1 and S[y][x-1] == '.' and V[y][x-1] > length+1:
s967145561.py(22):             V[y][x-1] = length+1
s967145561.py(23):             tansaku(S,V,y,x-1,length+1)
 --- modulename: s967145561, funcname: tansaku
s967145561.py(21):         if  x >= 1 and S[y][x-1] == '.' and V[y][x-1] > length+1:
s967145561.py(22):             V[y][x-1] = length+1
s967145561.py(23):             tansaku(S,V,y,x-1,length+1)
 --- modulename: s967145561, funcname: tansaku
s967145561.py(21):         if  x >= 1 and S[y][x-1] == '.' and V[y][x-1] > length+1:
s967145561.py(26):         if x < W-1 and S[y][x+1] == '.' and V[y][x+1] > length+1:
s967145561.py(31):         if y >= 1 and S[y-1][x] == '.' and V[y-1][x] > length+1:
s967145561.py(36):         if y < H-1 and S[y+1][x] == '.' and V[y+1][x]> length+1:
s967145561.py(37):             V[y+1][x] = length+1
s967145561.py(38):             tansaku(S,V,y+1,x,length+1)
 --- modulename: s967145561, funcname: tansaku
s967145561.py(21):         if  x >= 1 and S[y][x-1] == '.' and V[y][x-1] > length+1:
s967145561.py(26):         if x < W-1 and S[y][x+1] == '.' and V[y][x+1] > length+1:
s967145561.py(27):             V[y][x+1] = length+1
s967145561.py(28):             tansaku(S,V,y,x+1,length+1)
 --- modulename: s967145561, funcname: tansaku
s967145561.py(21):         if  x >= 1 and S[y][x-1] == '.' and V[y][x-1] > length+1:
s967145561.py(26):         if x < W-1 and S[y][x+1] == '.' and V[y][x+1] > length+1:
s967145561.py(27):             V[y][x+1] = length+1
s967145561.py(28):             tansaku(S,V,y,x+1,length+1)
 --- modulename: s967145561, funcname: tansaku
s967145561.py(21):         if  x >= 1 and S[y][x-1] == '.' and V[y][x-1] > length+1:
s967145561.py(26):         if x < W-1 and S[y][x+1] == '.' and V[y][x+1] > length+1:
s967145561.py(31):         if y >= 1 and S[y-1][x] == '.' and V[y-1][x] > length+1:
s967145561.py(36):         if y < H-1 and S[y+1][x] == '.' and V[y+1][x]> length+1:
s967145561.py(37):             V[y+1][x] = length+1
s967145561.py(38):             tansaku(S,V,y+1,x,length+1)
 --- modulename: s967145561, funcname: tansaku
s967145561.py(21):         if  x >= 1 and S[y][x-1] == '.' and V[y][x-1] > length+1:
s967145561.py(22):             V[y][x-1] = length+1
s967145561.py(23):             tansaku(S,V,y,x-1,length+1)
 --- modulename: s967145561, funcname: tansaku
s967145561.py(21):         if  x >= 1 and S[y][x-1] == '.' and V[y][x-1] > length+1:
s967145561.py(22):             V[y][x-1] = length+1
s967145561.py(23):             tansaku(S,V,y,x-1,length+1)
 --- modulename: s967145561, funcname: tansaku
s967145561.py(21):         if  x >= 1 and S[y][x-1] == '.' and V[y][x-1] > length+1:
s967145561.py(26):         if x < W-1 and S[y][x+1] == '.' and V[y][x+1] > length+1:
s967145561.py(31):         if y >= 1 and S[y-1][x] == '.' and V[y-1][x] > length+1:
s967145561.py(36):         if y < H-1 and S[y+1][x] == '.' and V[y+1][x]> length+1:
s967145561.py(40):         return
s967145561.py(26):         if x < W-1 and S[y][x+1] == '.' and V[y][x+1] > length+1:
s967145561.py(31):         if y >= 1 and S[y-1][x] == '.' and V[y-1][x] > length+1:
s967145561.py(36):         if y < H-1 and S[y+1][x] == '.' and V[y+1][x]> length+1:
s967145561.py(40):         return
s967145561.py(26):         if x < W-1 and S[y][x+1] == '.' and V[y][x+1] > length+1:
s967145561.py(31):         if y >= 1 and S[y-1][x] == '.' and V[y-1][x] > length+1:
s967145561.py(36):         if y < H-1 and S[y+1][x] == '.' and V[y+1][x]> length+1:
s967145561.py(40):         return
s967145561.py(40):         return
s967145561.py(31):         if y >= 1 and S[y-1][x] == '.' and V[y-1][x] > length+1:
s967145561.py(36):         if y < H-1 and S[y+1][x] == '.' and V[y+1][x]> length+1:
s967145561.py(37):             V[y+1][x] = length+1
s967145561.py(38):             tansaku(S,V,y+1,x,length+1)
 --- modulename: s967145561, funcname: tansaku
s967145561.py(21):         if  x >= 1 and S[y][x-1] == '.' and V[y][x-1] > length+1:
s967145561.py(22):             V[y][x-1] = length+1
s967145561.py(23):             tansaku(S,V,y,x-1,length+1)
 --- modulename: s967145561, funcname: tansaku
s967145561.py(21):         if  x >= 1 and S[y][x-1] == '.' and V[y][x-1] > length+1:
s967145561.py(26):         if x < W-1 and S[y][x+1] == '.' and V[y][x+1] > length+1:
s967145561.py(31):         if y >= 1 and S[y-1][x] == '.' and V[y-1][x] > length+1:
s967145561.py(36):         if y < H-1 and S[y+1][x] == '.' and V[y+1][x]> length+1:
s967145561.py(40):         return
s967145561.py(26):         if x < W-1 and S[y][x+1] == '.' and V[y][x+1] > length+1:
s967145561.py(31):         if y >= 1 and S[y-1][x] == '.' and V[y-1][x] > length+1:
s967145561.py(36):         if y < H-1 and S[y+1][x] == '.' and V[y+1][x]> length+1:
s967145561.py(40):         return
s967145561.py(40):         return
s967145561.py(31):         if y >= 1 and S[y-1][x] == '.' and V[y-1][x] > length+1:
s967145561.py(36):         if y < H-1 and S[y+1][x] == '.' and V[y+1][x]> length+1:
s967145561.py(37):             V[y+1][x] = length+1
s967145561.py(38):             tansaku(S,V,y+1,x,length+1)
 --- modulename: s967145561, funcname: tansaku
s967145561.py(21):         if  x >= 1 and S[y][x-1] == '.' and V[y][x-1] > length+1:
s967145561.py(26):         if x < W-1 and S[y][x+1] == '.' and V[y][x+1] > length+1:
s967145561.py(31):         if y >= 1 and S[y-1][x] == '.' and V[y-1][x] > length+1:
s967145561.py(36):         if y < H-1 and S[y+1][x] == '.' and V[y+1][x]> length+1:
s967145561.py(40):         return
s967145561.py(40):         return
s967145561.py(40):         return
s967145561.py(26):         if x < W-1 and S[y][x+1] == '.' and V[y][x+1] > length+1:
s967145561.py(31):         if y >= 1 and S[y-1][x] == '.' and V[y-1][x] > length+1:
s967145561.py(36):         if y < H-1 and S[y+1][x] == '.' and V[y+1][x]> length+1:
s967145561.py(37):             V[y+1][x] = length+1
s967145561.py(38):             tansaku(S,V,y+1,x,length+1)
 --- modulename: s967145561, funcname: tansaku
s967145561.py(21):         if  x >= 1 and S[y][x-1] == '.' and V[y][x-1] > length+1:
s967145561.py(26):         if x < W-1 and S[y][x+1] == '.' and V[y][x+1] > length+1:
s967145561.py(27):             V[y][x+1] = length+1
s967145561.py(28):             tansaku(S,V,y,x+1,length+1)
 --- modulename: s967145561, funcname: tansaku
s967145561.py(21):         if  x >= 1 and S[y][x-1] == '.' and V[y][x-1] > length+1:
s967145561.py(26):         if x < W-1 and S[y][x+1] == '.' and V[y][x+1] > length+1:
s967145561.py(31):         if y >= 1 and S[y-1][x] == '.' and V[y-1][x] > length+1:
s967145561.py(36):         if y < H-1 and S[y+1][x] == '.' and V[y+1][x]> length+1:
s967145561.py(37):             V[y+1][x] = length+1
s967145561.py(38):             tansaku(S,V,y+1,x,length+1)
 --- modulename: s967145561, funcname: tansaku
s967145561.py(21):         if  x >= 1 and S[y][x-1] == '.' and V[y][x-1] > length+1:
s967145561.py(26):         if x < W-1 and S[y][x+1] == '.' and V[y][x+1] > length+1:
s967145561.py(31):         if y >= 1 and S[y-1][x] == '.' and V[y-1][x] > length+1:
s967145561.py(36):         if y < H-1 and S[y+1][x] == '.' and V[y+1][x]> length+1:
s967145561.py(40):         return
s967145561.py(40):         return
s967145561.py(31):         if y >= 1 and S[y-1][x] == '.' and V[y-1][x] > length+1:
s967145561.py(36):         if y < H-1 and S[y+1][x] == '.' and V[y+1][x]> length+1:
s967145561.py(37):             V[y+1][x] = length+1
s967145561.py(38):             tansaku(S,V,y+1,x,length+1)
 --- modulename: s967145561, funcname: tansaku
s967145561.py(21):         if  x >= 1 and S[y][x-1] == '.' and V[y][x-1] > length+1:
s967145561.py(26):         if x < W-1 and S[y][x+1] == '.' and V[y][x+1] > length+1:
s967145561.py(31):         if y >= 1 and S[y-1][x] == '.' and V[y-1][x] > length+1:
s967145561.py(36):         if y < H-1 and S[y+1][x] == '.' and V[y+1][x]> length+1:
s967145561.py(40):         return
s967145561.py(40):         return
s967145561.py(40):         return
s967145561.py(26):         if x < W-1 and S[y][x+1] == '.' and V[y][x+1] > length+1:
s967145561.py(31):         if y >= 1 and S[y-1][x] == '.' and V[y-1][x] > length+1:
s967145561.py(36):         if y < H-1 and S[y+1][x] == '.' and V[y+1][x]> length+1:
s967145561.py(37):             V[y+1][x] = length+1
s967145561.py(38):             tansaku(S,V,y+1,x,length+1)
 --- modulename: s967145561, funcname: tansaku
s967145561.py(21):         if  x >= 1 and S[y][x-1] == '.' and V[y][x-1] > length+1:
s967145561.py(26):         if x < W-1 and S[y][x+1] == '.' and V[y][x+1] > length+1:
s967145561.py(31):         if y >= 1 and S[y-1][x] == '.' and V[y-1][x] > length+1:
s967145561.py(36):         if y < H-1 and S[y+1][x] == '.' and V[y+1][x]> length+1:
s967145561.py(37):             V[y+1][x] = length+1
s967145561.py(38):             tansaku(S,V,y+1,x,length+1)
 --- modulename: s967145561, funcname: tansaku
s967145561.py(21):         if  x >= 1 and S[y][x-1] == '.' and V[y][x-1] > length+1:
s967145561.py(26):         if x < W-1 and S[y][x+1] == '.' and V[y][x+1] > length+1:
s967145561.py(31):         if y >= 1 and S[y-1][x] == '.' and V[y-1][x] > length+1:
s967145561.py(36):         if y < H-1 and S[y+1][x] == '.' and V[y+1][x]> length+1:
s967145561.py(40):         return
s967145561.py(40):         return
s967145561.py(40):         return
s967145561.py(50):                 for v in V:
s967145561.py(51):                     v = list(map(lambda x:x%MOD,v))
 --- modulename: s967145561, funcname: <lambda>
s967145561.py(51):                     v = list(map(lambda x:x%MOD,v))
 --- modulename: s967145561, funcname: <lambda>
s967145561.py(51):                     v = list(map(lambda x:x%MOD,v))
 --- modulename: s967145561, funcname: <lambda>
s967145561.py(51):                     v = list(map(lambda x:x%MOD,v))
s967145561.py(52):                     max_length = max(v+[max_length])
s967145561.py(50):                 for v in V:
s967145561.py(51):                     v = list(map(lambda x:x%MOD,v))
 --- modulename: s967145561, funcname: <lambda>
s967145561.py(51):                     v = list(map(lambda x:x%MOD,v))
 --- modulename: s967145561, funcname: <lambda>
s967145561.py(51):                     v = list(map(lambda x:x%MOD,v))
 --- modulename: s967145561, funcname: <lambda>
s967145561.py(51):                     v = list(map(lambda x:x%MOD,v))
s967145561.py(52):                     max_length = max(v+[max_length])
s967145561.py(50):                 for v in V:
s967145561.py(51):                     v = list(map(lambda x:x%MOD,v))
 --- modulename: s967145561, funcname: <lambda>
s967145561.py(51):                     v = list(map(lambda x:x%MOD,v))
 --- modulename: s967145561, funcname: <lambda>
s967145561.py(51):                     v = list(map(lambda x:x%MOD,v))
 --- modulename: s967145561, funcname: <lambda>
s967145561.py(51):                     v = list(map(lambda x:x%MOD,v))
s967145561.py(52):                     max_length = max(v+[max_length])
s967145561.py(50):                 for v in V:
s967145561.py(45):             for w in range(W):
s967145561.py(44):         for h in range(H):
s967145561.py(45):             for w in range(W):
s967145561.py(46):                 V = [[MOD] * W for _ in range(H)]
 --- modulename: s967145561, funcname: <listcomp>
s967145561.py(46):                 V = [[MOD] * W for _ in range(H)]
s967145561.py(46):                 V = [[MOD] * W for _ in range(H)]
s967145561.py(46):                 V = [[MOD] * W for _ in range(H)]
s967145561.py(46):                 V = [[MOD] * W for _ in range(H)]
s967145561.py(47):                 if S[h][w] == '.':
s967145561.py(48):                     V[h][w] = 0
s967145561.py(49):                     tansaku(S,V,h,w,0) 
 --- modulename: s967145561, funcname: tansaku
s967145561.py(21):         if  x >= 1 and S[y][x-1] == '.' and V[y][x-1] > length+1:
s967145561.py(26):         if x < W-1 and S[y][x+1] == '.' and V[y][x+1] > length+1:
s967145561.py(27):             V[y][x+1] = length+1
s967145561.py(28):             tansaku(S,V,y,x+1,length+1)
 --- modulename: s967145561, funcname: tansaku
s967145561.py(21):         if  x >= 1 and S[y][x-1] == '.' and V[y][x-1] > length+1:
s967145561.py(26):         if x < W-1 and S[y][x+1] == '.' and V[y][x+1] > length+1:
s967145561.py(27):             V[y][x+1] = length+1
s967145561.py(28):             tansaku(S,V,y,x+1,length+1)
 --- modulename: s967145561, funcname: tansaku
s967145561.py(21):         if  x >= 1 and S[y][x-1] == '.' and V[y][x-1] > length+1:
s967145561.py(26):         if x < W-1 and S[y][x+1] == '.' and V[y][x+1] > length+1:
s967145561.py(31):         if y >= 1 and S[y-1][x] == '.' and V[y-1][x] > length+1:
s967145561.py(32):             V[y-1][x] = length+1
s967145561.py(33):             tansaku(S,V,y-1,x,length+1)
 --- modulename: s967145561, funcname: tansaku
s967145561.py(21):         if  x >= 1 and S[y][x-1] == '.' and V[y][x-1] > length+1:
s967145561.py(22):             V[y][x-1] = length+1
s967145561.py(23):             tansaku(S,V,y,x-1,length+1)
 --- modulename: s967145561, funcname: tansaku
s967145561.py(21):         if  x >= 1 and S[y][x-1] == '.' and V[y][x-1] > length+1:
s967145561.py(22):             V[y][x-1] = length+1
s967145561.py(23):             tansaku(S,V,y,x-1,length+1)
 --- modulename: s967145561, funcname: tansaku
s967145561.py(21):         if  x >= 1 and S[y][x-1] == '.' and V[y][x-1] > length+1:
s967145561.py(26):         if x < W-1 and S[y][x+1] == '.' and V[y][x+1] > length+1:
s967145561.py(31):         if y >= 1 and S[y-1][x] == '.' and V[y-1][x] > length+1:
s967145561.py(36):         if y < H-1 and S[y+1][x] == '.' and V[y+1][x]> length+1:
s967145561.py(40):         return
s967145561.py(26):         if x < W-1 and S[y][x+1] == '.' and V[y][x+1] > length+1:
s967145561.py(31):         if y >= 1 and S[y-1][x] == '.' and V[y-1][x] > length+1:
s967145561.py(36):         if y < H-1 and S[y+1][x] == '.' and V[y+1][x]> length+1:
s967145561.py(40):         return
s967145561.py(26):         if x < W-1 and S[y][x+1] == '.' and V[y][x+1] > length+1:
s967145561.py(31):         if y >= 1 and S[y-1][x] == '.' and V[y-1][x] > length+1:
s967145561.py(36):         if y < H-1 and S[y+1][x] == '.' and V[y+1][x]> length+1:
s967145561.py(40):         return
s967145561.py(36):         if y < H-1 and S[y+1][x] == '.' and V[y+1][x]> length+1:
s967145561.py(37):             V[y+1][x] = length+1
s967145561.py(38):             tansaku(S,V,y+1,x,length+1)
 --- modulename: s967145561, funcname: tansaku
s967145561.py(21):         if  x >= 1 and S[y][x-1] == '.' and V[y][x-1] > length+1:
s967145561.py(22):             V[y][x-1] = length+1
s967145561.py(23):             tansaku(S,V,y,x-1,length+1)
 --- modulename: s967145561, funcname: tansaku
s967145561.py(21):         if  x >= 1 and S[y][x-1] == '.' and V[y][x-1] > length+1:
s967145561.py(22):             V[y][x-1] = length+1
s967145561.py(23):             tansaku(S,V,y,x-1,length+1)
 --- modulename: s967145561, funcname: tansaku
s967145561.py(21):         if  x >= 1 and S[y][x-1] == '.' and V[y][x-1] > length+1:
s967145561.py(26):         if x < W-1 and S[y][x+1] == '.' and V[y][x+1] > length+1:
s967145561.py(31):         if y >= 1 and S[y-1][x] == '.' and V[y-1][x] > length+1:
s967145561.py(36):         if y < H-1 and S[y+1][x] == '.' and V[y+1][x]> length+1:
s967145561.py(40):         return
s967145561.py(26):         if x < W-1 and S[y][x+1] == '.' and V[y][x+1] > length+1:
s967145561.py(31):         if y >= 1 and S[y-1][x] == '.' and V[y-1][x] > length+1:
s967145561.py(36):         if y < H-1 and S[y+1][x] == '.' and V[y+1][x]> length+1:
s967145561.py(40):         return
s967145561.py(26):         if x < W-1 and S[y][x+1] == '.' and V[y][x+1] > length+1:
s967145561.py(31):         if y >= 1 and S[y-1][x] == '.' and V[y-1][x] > length+1:
s967145561.py(36):         if y < H-1 and S[y+1][x] == '.' and V[y+1][x]> length+1:
s967145561.py(40):         return
s967145561.py(40):         return
s967145561.py(31):         if y >= 1 and S[y-1][x] == '.' and V[y-1][x] > length+1:
s967145561.py(32):             V[y-1][x] = length+1
s967145561.py(33):             tansaku(S,V,y-1,x,length+1)
 --- modulename: s967145561, funcname: tansaku
s967145561.py(21):         if  x >= 1 and S[y][x-1] == '.' and V[y][x-1] > length+1:
s967145561.py(22):             V[y][x-1] = length+1
s967145561.py(23):             tansaku(S,V,y,x-1,length+1)
 --- modulename: s967145561, funcname: tansaku
s967145561.py(21):         if  x >= 1 and S[y][x-1] == '.' and V[y][x-1] > length+1:
s967145561.py(26):         if x < W-1 and S[y][x+1] == '.' and V[y][x+1] > length+1:
s967145561.py(31):         if y >= 1 and S[y-1][x] == '.' and V[y-1][x] > length+1:
s967145561.py(36):         if y < H-1 and S[y+1][x] == '.' and V[y+1][x]> length+1:
s967145561.py(40):         return
s967145561.py(26):         if x < W-1 and S[y][x+1] == '.' and V[y][x+1] > length+1:
s967145561.py(31):         if y >= 1 and S[y-1][x] == '.' and V[y-1][x] > length+1:
s967145561.py(36):         if y < H-1 and S[y+1][x] == '.' and V[y+1][x]> length+1:
s967145561.py(40):         return
s967145561.py(36):         if y < H-1 and S[y+1][x] == '.' and V[y+1][x]> length+1:
s967145561.py(37):             V[y+1][x] = length+1
s967145561.py(38):             tansaku(S,V,y+1,x,length+1)
 --- modulename: s967145561, funcname: tansaku
s967145561.py(21):         if  x >= 1 and S[y][x-1] == '.' and V[y][x-1] > length+1:
s967145561.py(22):             V[y][x-1] = length+1
s967145561.py(23):             tansaku(S,V,y,x-1,length+1)
 --- modulename: s967145561, funcname: tansaku
s967145561.py(21):         if  x >= 1 and S[y][x-1] == '.' and V[y][x-1] > length+1:
s967145561.py(26):         if x < W-1 and S[y][x+1] == '.' and V[y][x+1] > length+1:
s967145561.py(31):         if y >= 1 and S[y-1][x] == '.' and V[y-1][x] > length+1:
s967145561.py(36):         if y < H-1 and S[y+1][x] == '.' and V[y+1][x]> length+1:
s967145561.py(40):         return
s967145561.py(26):         if x < W-1 and S[y][x+1] == '.' and V[y][x+1] > length+1:
s967145561.py(31):         if y >= 1 and S[y-1][x] == '.' and V[y-1][x] > length+1:
s967145561.py(36):         if y < H-1 and S[y+1][x] == '.' and V[y+1][x]> length+1:
s967145561.py(40):         return
s967145561.py(40):         return
s967145561.py(31):         if y >= 1 and S[y-1][x] == '.' and V[y-1][x] > length+1:
s967145561.py(32):             V[y-1][x] = length+1
s967145561.py(33):             tansaku(S,V,y-1,x,length+1)
 --- modulename: s967145561, funcname: tansaku
s967145561.py(21):         if  x >= 1 and S[y][x-1] == '.' and V[y][x-1] > length+1:
s967145561.py(26):         if x < W-1 and S[y][x+1] == '.' and V[y][x+1] > length+1:
s967145561.py(31):         if y >= 1 and S[y-1][x] == '.' and V[y-1][x] > length+1:
s967145561.py(36):         if y < H-1 and S[y+1][x] == '.' and V[y+1][x]> length+1:
s967145561.py(40):         return
s967145561.py(36):         if y < H-1 and S[y+1][x] == '.' and V[y+1][x]> length+1:
s967145561.py(37):             V[y+1][x] = length+1
s967145561.py(38):             tansaku(S,V,y+1,x,length+1)
 --- modulename: s967145561, funcname: tansaku
s967145561.py(21):         if  x >= 1 and S[y][x-1] == '.' and V[y][x-1] > length+1:
s967145561.py(26):         if x < W-1 and S[y][x+1] == '.' and V[y][x+1] > length+1:
s967145561.py(31):         if y >= 1 and S[y-1][x] == '.' and V[y-1][x] > length+1:
s967145561.py(36):         if y < H-1 and S[y+1][x] == '.' and V[y+1][x]> length+1:
s967145561.py(40):         return
s967145561.py(40):         return
s967145561.py(50):                 for v in V:
s967145561.py(51):                     v = list(map(lambda x:x%MOD,v))
 --- modulename: s967145561, funcname: <lambda>
s967145561.py(51):                     v = list(map(lambda x:x%MOD,v))
 --- modulename: s967145561, funcname: <lambda>
s967145561.py(51):                     v = list(map(lambda x:x%MOD,v))
 --- modulename: s967145561, funcname: <lambda>
s967145561.py(51):                     v = list(map(lambda x:x%MOD,v))
s967145561.py(52):                     max_length = max(v+[max_length])
s967145561.py(50):                 for v in V:
s967145561.py(51):                     v = list(map(lambda x:x%MOD,v))
 --- modulename: s967145561, funcname: <lambda>
s967145561.py(51):                     v = list(map(lambda x:x%MOD,v))
 --- modulename: s967145561, funcname: <lambda>
s967145561.py(51):                     v = list(map(lambda x:x%MOD,v))
 --- modulename: s967145561, funcname: <lambda>
s967145561.py(51):                     v = list(map(lambda x:x%MOD,v))
s967145561.py(52):                     max_length = max(v+[max_length])
s967145561.py(50):                 for v in V:
s967145561.py(51):                     v = list(map(lambda x:x%MOD,v))
 --- modulename: s967145561, funcname: <lambda>
s967145561.py(51):                     v = list(map(lambda x:x%MOD,v))
 --- modulename: s967145561, funcname: <lambda>
s967145561.py(51):                     v = list(map(lambda x:x%MOD,v))
 --- modulename: s967145561, funcname: <lambda>
s967145561.py(51):                     v = list(map(lambda x:x%MOD,v))
s967145561.py(52):                     max_length = max(v+[max_length])
s967145561.py(50):                 for v in V:
s967145561.py(45):             for w in range(W):
s967145561.py(46):                 V = [[MOD] * W for _ in range(H)]
 --- modulename: s967145561, funcname: <listcomp>
s967145561.py(46):                 V = [[MOD] * W for _ in range(H)]
s967145561.py(46):                 V = [[MOD] * W for _ in range(H)]
s967145561.py(46):                 V = [[MOD] * W for _ in range(H)]
s967145561.py(46):                 V = [[MOD] * W for _ in range(H)]
s967145561.py(47):                 if S[h][w] == '.':
s967145561.py(48):                     V[h][w] = 0
s967145561.py(49):                     tansaku(S,V,h,w,0) 
 --- modulename: s967145561, funcname: tansaku
s967145561.py(21):         if  x >= 1 and S[y][x-1] == '.' and V[y][x-1] > length+1:
s967145561.py(22):             V[y][x-1] = length+1
s967145561.py(23):             tansaku(S,V,y,x-1,length+1)
 --- modulename: s967145561, funcname: tansaku
s967145561.py(21):         if  x >= 1 and S[y][x-1] == '.' and V[y][x-1] > length+1:
s967145561.py(26):         if x < W-1 and S[y][x+1] == '.' and V[y][x+1] > length+1:
s967145561.py(31):         if y >= 1 and S[y-1][x] == '.' and V[y-1][x] > length+1:
s967145561.py(32):             V[y-1][x] = length+1
s967145561.py(33):             tansaku(S,V,y-1,x,length+1)
 --- modulename: s967145561, funcname: tansaku
s967145561.py(21):         if  x >= 1 and S[y][x-1] == '.' and V[y][x-1] > length+1:
s967145561.py(26):         if x < W-1 and S[y][x+1] == '.' and V[y][x+1] > length+1:
s967145561.py(27):             V[y][x+1] = length+1
s967145561.py(28):             tansaku(S,V,y,x+1,length+1)
 --- modulename: s967145561, funcname: tansaku
s967145561.py(21):         if  x >= 1 and S[y][x-1] == '.' and V[y][x-1] > length+1:
s967145561.py(26):         if x < W-1 and S[y][x+1] == '.' and V[y][x+1] > length+1:
s967145561.py(27):             V[y][x+1] = length+1
s967145561.py(28):             tansaku(S,V,y,x+1,length+1)
 --- modulename: s967145561, funcname: tansaku
s967145561.py(21):         if  x >= 1 and S[y][x-1] == '.' and V[y][x-1] > length+1:
s967145561.py(26):         if x < W-1 and S[y][x+1] == '.' and V[y][x+1] > length+1:
s967145561.py(31):         if y >= 1 and S[y-1][x] == '.' and V[y-1][x] > length+1:
s967145561.py(36):         if y < H-1 and S[y+1][x] == '.' and V[y+1][x]> length+1:
s967145561.py(37):             V[y+1][x] = length+1
s967145561.py(38):             tansaku(S,V,y+1,x,length+1)
 --- modulename: s967145561, funcname: tansaku
s967145561.py(21):         if  x >= 1 and S[y][x-1] == '.' and V[y][x-1] > length+1:
s967145561.py(26):         if x < W-1 and S[y][x+1] == '.' and V[y][x+1] > length+1:
s967145561.py(31):         if y >= 1 and S[y-1][x] == '.' and V[y-1][x] > length+1:
s967145561.py(36):         if y < H-1 and S[y+1][x] == '.' and V[y+1][x]> length+1:
s967145561.py(37):             V[y+1][x] = length+1
s967145561.py(38):             tansaku(S,V,y+1,x,length+1)
 --- modulename: s967145561, funcname: tansaku
s967145561.py(21):         if  x >= 1 and S[y][x-1] == '.' and V[y][x-1] > length+1:
s967145561.py(22):             V[y][x-1] = length+1
s967145561.py(23):             tansaku(S,V,y,x-1,length+1)
 --- modulename: s967145561, funcname: tansaku
s967145561.py(21):         if  x >= 1 and S[y][x-1] == '.' and V[y][x-1] > length+1:
s967145561.py(22):             V[y][x-1] = length+1
s967145561.py(23):             tansaku(S,V,y,x-1,length+1)
 --- modulename: s967145561, funcname: tansaku
s967145561.py(21):         if  x >= 1 and S[y][x-1] == '.' and V[y][x-1] > length+1:
s967145561.py(26):         if x < W-1 and S[y][x+1] == '.' and V[y][x+1] > length+1:
s967145561.py(31):         if y >= 1 and S[y-1][x] == '.' and V[y-1][x] > length+1:
s967145561.py(36):         if y < H-1 and S[y+1][x] == '.' and V[y+1][x]> length+1:
s967145561.py(40):         return
s967145561.py(26):         if x < W-1 and S[y][x+1] == '.' and V[y][x+1] > length+1:
s967145561.py(31):         if y >= 1 and S[y-1][x] == '.' and V[y-1][x] > length+1:
s967145561.py(36):         if y < H-1 and S[y+1][x] == '.' and V[y+1][x]> length+1:
s967145561.py(40):         return
s967145561.py(26):         if x < W-1 and S[y][x+1] == '.' and V[y][x+1] > length+1:
s967145561.py(31):         if y >= 1 and S[y-1][x] == '.' and V[y-1][x] > length+1:
s967145561.py(36):         if y < H-1 and S[y+1][x] == '.' and V[y+1][x]> length+1:
s967145561.py(40):         return
s967145561.py(40):         return
s967145561.py(40):         return
s967145561.py(31):         if y >= 1 and S[y-1][x] == '.' and V[y-1][x] > length+1:
s967145561.py(36):         if y < H-1 and S[y+1][x] == '.' and V[y+1][x]> length+1:
s967145561.py(40):         return
s967145561.py(31):         if y >= 1 and S[y-1][x] == '.' and V[y-1][x] > length+1:
s967145561.py(36):         if y < H-1 and S[y+1][x] == '.' and V[y+1][x]> length+1:
s967145561.py(40):         return
s967145561.py(36):         if y < H-1 and S[y+1][x] == '.' and V[y+1][x]> length+1:
s967145561.py(37):             V[y+1][x] = length+1
s967145561.py(38):             tansaku(S,V,y+1,x,length+1)
 --- modulename: s967145561, funcname: tansaku
s967145561.py(21):         if  x >= 1 and S[y][x-1] == '.' and V[y][x-1] > length+1:
s967145561.py(26):         if x < W-1 and S[y][x+1] == '.' and V[y][x+1] > length+1:
s967145561.py(27):             V[y][x+1] = length+1
s967145561.py(28):             tansaku(S,V,y,x+1,length+1)
 --- modulename: s967145561, funcname: tansaku
s967145561.py(21):         if  x >= 1 and S[y][x-1] == '.' and V[y][x-1] > length+1:
s967145561.py(26):         if x < W-1 and S[y][x+1] == '.' and V[y][x+1] > length+1:
s967145561.py(27):             V[y][x+1] = length+1
s967145561.py(28):             tansaku(S,V,y,x+1,length+1)
 --- modulename: s967145561, funcname: tansaku
s967145561.py(21):         if  x >= 1 and S[y][x-1] == '.' and V[y][x-1] > length+1:
s967145561.py(26):         if x < W-1 and S[y][x+1] == '.' and V[y][x+1] > length+1:
s967145561.py(31):         if y >= 1 and S[y-1][x] == '.' and V[y-1][x] > length+1:
s967145561.py(36):         if y < H-1 and S[y+1][x] == '.' and V[y+1][x]> length+1:
s967145561.py(40):         return
s967145561.py(31):         if y >= 1 and S[y-1][x] == '.' and V[y-1][x] > length+1:
s967145561.py(36):         if y < H-1 and S[y+1][x] == '.' and V[y+1][x]> length+1:
s967145561.py(40):         return
s967145561.py(31):         if y >= 1 and S[y-1][x] == '.' and V[y-1][x] > length+1:
s967145561.py(36):         if y < H-1 and S[y+1][x] == '.' and V[y+1][x]> length+1:
s967145561.py(40):         return
s967145561.py(40):         return
s967145561.py(26):         if x < W-1 and S[y][x+1] == '.' and V[y][x+1] > length+1:
s967145561.py(27):             V[y][x+1] = length+1
s967145561.py(28):             tansaku(S,V,y,x+1,length+1)
 --- modulename: s967145561, funcname: tansaku
s967145561.py(21):         if  x >= 1 and S[y][x-1] == '.' and V[y][x-1] > length+1:
s967145561.py(26):         if x < W-1 and S[y][x+1] == '.' and V[y][x+1] > length+1:
s967145561.py(31):         if y >= 1 and S[y-1][x] == '.' and V[y-1][x] > length+1:
s967145561.py(32):             V[y-1][x] = length+1
s967145561.py(33):             tansaku(S,V,y-1,x,length+1)
 --- modulename: s967145561, funcname: tansaku
s967145561.py(21):         if  x >= 1 and S[y][x-1] == '.' and V[y][x-1] > length+1:
s967145561.py(26):         if x < W-1 and S[y][x+1] == '.' and V[y][x+1] > length+1:
s967145561.py(31):         if y >= 1 and S[y-1][x] == '.' and V[y-1][x] > length+1:
s967145561.py(36):         if y < H-1 and S[y+1][x] == '.' and V[y+1][x]> length+1:
s967145561.py(40):         return
s967145561.py(36):         if y < H-1 and S[y+1][x] == '.' and V[y+1][x]> length+1:
s967145561.py(37):             V[y+1][x] = length+1
s967145561.py(38):             tansaku(S,V,y+1,x,length+1)
 --- modulename: s967145561, funcname: tansaku
s967145561.py(21):         if  x >= 1 and S[y][x-1] == '.' and V[y][x-1] > length+1:
s967145561.py(26):         if x < W-1 and S[y][x+1] == '.' and V[y][x+1] > length+1:
s967145561.py(31):         if y >= 1 and S[y-1][x] == '.' and V[y-1][x] > length+1:
s967145561.py(36):         if y < H-1 and S[y+1][x] == '.' and V[y+1][x]> length+1:
s967145561.py(40):         return
s967145561.py(40):         return
s967145561.py(31):         if y >= 1 and S[y-1][x] == '.' and V[y-1][x] > length+1:
s967145561.py(32):             V[y-1][x] = length+1
s967145561.py(33):             tansaku(S,V,y-1,x,length+1)
 --- modulename: s967145561, funcname: tansaku
s967145561.py(21):         if  x >= 1 and S[y][x-1] == '.' and V[y][x-1] > length+1:
s967145561.py(26):         if x < W-1 and S[y][x+1] == '.' and V[y][x+1] > length+1:
s967145561.py(31):         if y >= 1 and S[y-1][x] == '.' and V[y-1][x] > length+1:
s967145561.py(36):         if y < H-1 and S[y+1][x] == '.' and V[y+1][x]> length+1:
s967145561.py(40):         return
s967145561.py(36):         if y < H-1 and S[y+1][x] == '.' and V[y+1][x]> length+1:
s967145561.py(37):             V[y+1][x] = length+1
s967145561.py(38):             tansaku(S,V,y+1,x,length+1)
 --- modulename: s967145561, funcname: tansaku
s967145561.py(21):         if  x >= 1 and S[y][x-1] == '.' and V[y][x-1] > length+1:
s967145561.py(26):         if x < W-1 and S[y][x+1] == '.' and V[y][x+1] > length+1:
s967145561.py(31):         if y >= 1 and S[y-1][x] == '.' and V[y-1][x] > length+1:
s967145561.py(36):         if y < H-1 and S[y+1][x] == '.' and V[y+1][x]> length+1:
s967145561.py(40):         return
s967145561.py(40):         return
s967145561.py(50):                 for v in V:
s967145561.py(51):                     v = list(map(lambda x:x%MOD,v))
 --- modulename: s967145561, funcname: <lambda>
s967145561.py(51):                     v = list(map(lambda x:x%MOD,v))
 --- modulename: s967145561, funcname: <lambda>
s967145561.py(51):                     v = list(map(lambda x:x%MOD,v))
 --- modulename: s967145561, funcname: <lambda>
s967145561.py(51):                     v = list(map(lambda x:x%MOD,v))
s967145561.py(52):                     max_length = max(v+[max_length])
s967145561.py(50):                 for v in V:
s967145561.py(51):                     v = list(map(lambda x:x%MOD,v))
 --- modulename: s967145561, funcname: <lambda>
s967145561.py(51):                     v = list(map(lambda x:x%MOD,v))
 --- modulename: s967145561, funcname: <lambda>
s967145561.py(51):                     v = list(map(lambda x:x%MOD,v))
 --- modulename: s967145561, funcname: <lambda>
s967145561.py(51):                     v = list(map(lambda x:x%MOD,v))
s967145561.py(52):                     max_length = max(v+[max_length])
s967145561.py(50):                 for v in V:
s967145561.py(51):                     v = list(map(lambda x:x%MOD,v))
 --- modulename: s967145561, funcname: <lambda>
s967145561.py(51):                     v = list(map(lambda x:x%MOD,v))
 --- modulename: s967145561, funcname: <lambda>
s967145561.py(51):                     v = list(map(lambda x:x%MOD,v))
 --- modulename: s967145561, funcname: <lambda>
s967145561.py(51):                     v = list(map(lambda x:x%MOD,v))
s967145561.py(52):                     max_length = max(v+[max_length])
s967145561.py(50):                 for v in V:
s967145561.py(45):             for w in range(W):
s967145561.py(46):                 V = [[MOD] * W for _ in range(H)]
 --- modulename: s967145561, funcname: <listcomp>
s967145561.py(46):                 V = [[MOD] * W for _ in range(H)]
s967145561.py(46):                 V = [[MOD] * W for _ in range(H)]
s967145561.py(46):                 V = [[MOD] * W for _ in range(H)]
s967145561.py(46):                 V = [[MOD] * W for _ in range(H)]
s967145561.py(47):                 if S[h][w] == '.':
s967145561.py(48):                     V[h][w] = 0
s967145561.py(49):                     tansaku(S,V,h,w,0) 
 --- modulename: s967145561, funcname: tansaku
s967145561.py(21):         if  x >= 1 and S[y][x-1] == '.' and V[y][x-1] > length+1:
s967145561.py(22):             V[y][x-1] = length+1
s967145561.py(23):             tansaku(S,V,y,x-1,length+1)
 --- modulename: s967145561, funcname: tansaku
s967145561.py(21):         if  x >= 1 and S[y][x-1] == '.' and V[y][x-1] > length+1:
s967145561.py(22):             V[y][x-1] = length+1
s967145561.py(23):             tansaku(S,V,y,x-1,length+1)
 --- modulename: s967145561, funcname: tansaku
s967145561.py(21):         if  x >= 1 and S[y][x-1] == '.' and V[y][x-1] > length+1:
s967145561.py(26):         if x < W-1 and S[y][x+1] == '.' and V[y][x+1] > length+1:
s967145561.py(31):         if y >= 1 and S[y-1][x] == '.' and V[y-1][x] > length+1:
s967145561.py(32):             V[y-1][x] = length+1
s967145561.py(33):             tansaku(S,V,y-1,x,length+1)
 --- modulename: s967145561, funcname: tansaku
s967145561.py(21):         if  x >= 1 and S[y][x-1] == '.' and V[y][x-1] > length+1:
s967145561.py(26):         if x < W-1 and S[y][x+1] == '.' and V[y][x+1] > length+1:
s967145561.py(27):             V[y][x+1] = length+1
s967145561.py(28):             tansaku(S,V,y,x+1,length+1)
 --- modulename: s967145561, funcname: tansaku
s967145561.py(21):         if  x >= 1 and S[y][x-1] == '.' and V[y][x-1] > length+1:
s967145561.py(26):         if x < W-1 and S[y][x+1] == '.' and V[y][x+1] > length+1:
s967145561.py(27):             V[y][x+1] = length+1
s967145561.py(28):             tansaku(S,V,y,x+1,length+1)
 --- modulename: s967145561, funcname: tansaku
s967145561.py(21):         if  x >= 1 and S[y][x-1] == '.' and V[y][x-1] > length+1:
s967145561.py(26):         if x < W-1 and S[y][x+1] == '.' and V[y][x+1] > length+1:
s967145561.py(31):         if y >= 1 and S[y-1][x] == '.' and V[y-1][x] > length+1:
s967145561.py(36):         if y < H-1 and S[y+1][x] == '.' and V[y+1][x]> length+1:
s967145561.py(40):         return
s967145561.py(31):         if y >= 1 and S[y-1][x] == '.' and V[y-1][x] > length+1:
s967145561.py(36):         if y < H-1 and S[y+1][x] == '.' and V[y+1][x]> length+1:
s967145561.py(40):         return
s967145561.py(31):         if y >= 1 and S[y-1][x] == '.' and V[y-1][x] > length+1:
s967145561.py(36):         if y < H-1 and S[y+1][x] == '.' and V[y+1][x]> length+1:
s967145561.py(40):         return
s967145561.py(36):         if y < H-1 and S[y+1][x] == '.' and V[y+1][x]> length+1:
s967145561.py(37):             V[y+1][x] = length+1
s967145561.py(38):             tansaku(S,V,y+1,x,length+1)
 --- modulename: s967145561, funcname: tansaku
s967145561.py(21):         if  x >= 1 and S[y][x-1] == '.' and V[y][x-1] > length+1:
s967145561.py(26):         if x < W-1 and S[y][x+1] == '.' and V[y][x+1] > length+1:
s967145561.py(27):             V[y][x+1] = length+1
s967145561.py(28):             tansaku(S,V,y,x+1,length+1)
 --- modulename: s967145561, funcname: tansaku
s967145561.py(21):         if  x >= 1 and S[y][x-1] == '.' and V[y][x-1] > length+1:
s967145561.py(26):         if x < W-1 and S[y][x+1] == '.' and V[y][x+1] > length+1:
s967145561.py(27):             V[y][x+1] = length+1
s967145561.py(28):             tansaku(S,V,y,x+1,length+1)
 --- modulename: s967145561, funcname: tansaku
s967145561.py(21):         if  x >= 1 and S[y][x-1] == '.' and V[y][x-1] > length+1:
s967145561.py(26):         if x < W-1 and S[y][x+1] == '.' and V[y][x+1] > length+1:
s967145561.py(31):         if y >= 1 and S[y-1][x] == '.' and V[y-1][x] > length+1:
s967145561.py(36):         if y < H-1 and S[y+1][x] == '.' and V[y+1][x]> length+1:
s967145561.py(40):         return
s967145561.py(31):         if y >= 1 and S[y-1][x] == '.' and V[y-1][x] > length+1:
s967145561.py(36):         if y < H-1 and S[y+1][x] == '.' and V[y+1][x]> length+1:
s967145561.py(40):         return
s967145561.py(31):         if y >= 1 and S[y-1][x] == '.' and V[y-1][x] > length+1:
s967145561.py(36):         if y < H-1 and S[y+1][x] == '.' and V[y+1][x]> length+1:
s967145561.py(40):         return
s967145561.py(40):         return
s967145561.py(26):         if x < W-1 and S[y][x+1] == '.' and V[y][x+1] > length+1:
s967145561.py(31):         if y >= 1 and S[y-1][x] == '.' and V[y-1][x] > length+1:
s967145561.py(32):             V[y-1][x] = length+1
s967145561.py(33):             tansaku(S,V,y-1,x,length+1)
 --- modulename: s967145561, funcname: tansaku
s967145561.py(21):         if  x >= 1 and S[y][x-1] == '.' and V[y][x-1] > length+1:
s967145561.py(26):         if x < W-1 and S[y][x+1] == '.' and V[y][x+1] > length+1:
s967145561.py(27):             V[y][x+1] = length+1
s967145561.py(28):             tansaku(S,V,y,x+1,length+1)
 --- modulename: s967145561, funcname: tansaku
s967145561.py(21):         if  x >= 1 and S[y][x-1] == '.' and V[y][x-1] > length+1:
s967145561.py(26):         if x < W-1 and S[y][x+1] == '.' and V[y][x+1] > length+1:
s967145561.py(31):         if y >= 1 and S[y-1][x] == '.' and V[y-1][x] > length+1:
s967145561.py(36):         if y < H-1 and S[y+1][x] == '.' and V[y+1][x]> length+1:
s967145561.py(40):         return
s967145561.py(31):         if y >= 1 and S[y-1][x] == '.' and V[y-1][x] > length+1:
s967145561.py(36):         if y < H-1 and S[y+1][x] == '.' and V[y+1][x]> length+1:
s967145561.py(40):         return
s967145561.py(36):         if y < H-1 and S[y+1][x] == '.' and V[y+1][x]> length+1:
s967145561.py(37):             V[y+1][x] = length+1
s967145561.py(38):             tansaku(S,V,y+1,x,length+1)
 --- modulename: s967145561, funcname: tansaku
s967145561.py(21):         if  x >= 1 and S[y][x-1] == '.' and V[y][x-1] > length+1:
s967145561.py(26):         if x < W-1 and S[y][x+1] == '.' and V[y][x+1] > length+1:
s967145561.py(27):             V[y][x+1] = length+1
s967145561.py(28):             tansaku(S,V,y,x+1,length+1)
 --- modulename: s967145561, funcname: tansaku
s967145561.py(21):         if  x >= 1 and S[y][x-1] == '.' and V[y][x-1] > length+1:
s967145561.py(26):         if x < W-1 and S[y][x+1] == '.' and V[y][x+1] > length+1:
s967145561.py(31):         if y >= 1 and S[y-1][x] == '.' and V[y-1][x] > length+1:
s967145561.py(36):         if y < H-1 and S[y+1][x] == '.' and V[y+1][x]> length+1:
s967145561.py(40):         return
s967145561.py(31):         if y >= 1 and S[y-1][x] == '.' and V[y-1][x] > length+1:
s967145561.py(36):         if y < H-1 and S[y+1][x] == '.' and V[y+1][x]> length+1:
s967145561.py(40):         return
s967145561.py(40):         return
s967145561.py(26):         if x < W-1 and S[y][x+1] == '.' and V[y][x+1] > length+1:
s967145561.py(31):         if y >= 1 and S[y-1][x] == '.' and V[y-1][x] > length+1:
s967145561.py(32):             V[y-1][x] = length+1
s967145561.py(33):             tansaku(S,V,y-1,x,length+1)
 --- modulename: s967145561, funcname: tansaku
s967145561.py(21):         if  x >= 1 and S[y][x-1] == '.' and V[y][x-1] > length+1:
s967145561.py(26):         if x < W-1 and S[y][x+1] == '.' and V[y][x+1] > length+1:
s967145561.py(31):         if y >= 1 and S[y-1][x] == '.' and V[y-1][x] > length+1:
s967145561.py(36):         if y < H-1 and S[y+1][x] == '.' and V[y+1][x]> length+1:
s967145561.py(40):         return
s967145561.py(36):         if y < H-1 and S[y+1][x] == '.' and V[y+1][x]> length+1:
s967145561.py(37):             V[y+1][x] = length+1
s967145561.py(38):             tansaku(S,V,y+1,x,length+1)
 --- modulename: s967145561, funcname: tansaku
s967145561.py(21):         if  x >= 1 and S[y][x-1] == '.' and V[y][x-1] > length+1:
s967145561.py(26):         if x < W-1 and S[y][x+1] == '.' and V[y][x+1] > length+1:
s967145561.py(31):         if y >= 1 and S[y-1][x] == '.' and V[y-1][x] > length+1:
s967145561.py(36):         if y < H-1 and S[y+1][x] == '.' and V[y+1][x]> length+1:
s967145561.py(40):         return
s967145561.py(40):         return
s967145561.py(50):                 for v in V:
s967145561.py(51):                     v = list(map(lambda x:x%MOD,v))
 --- modulename: s967145561, funcname: <lambda>
s967145561.py(51):                     v = list(map(lambda x:x%MOD,v))
 --- modulename: s967145561, funcname: <lambda>
s967145561.py(51):                     v = list(map(lambda x:x%MOD,v))
 --- modulename: s967145561, funcname: <lambda>
s967145561.py(51):                     v = list(map(lambda x:x%MOD,v))
s967145561.py(52):                     max_length = max(v+[max_length])
s967145561.py(50):                 for v in V:
s967145561.py(51):                     v = list(map(lambda x:x%MOD,v))
 --- modulename: s967145561, funcname: <lambda>
s967145561.py(51):                     v = list(map(lambda x:x%MOD,v))
 --- modulename: s967145561, funcname: <lambda>
s967145561.py(51):                     v = list(map(lambda x:x%MOD,v))
 --- modulename: s967145561, funcname: <lambda>
s967145561.py(51):                     v = list(map(lambda x:x%MOD,v))
s967145561.py(52):                     max_length = max(v+[max_length])
s967145561.py(50):                 for v in V:
s967145561.py(51):                     v = list(map(lambda x:x%MOD,v))
 --- modulename: s967145561, funcname: <lambda>
s967145561.py(51):                     v = list(map(lambda x:x%MOD,v))
 --- modulename: s967145561, funcname: <lambda>
s967145561.py(51):                     v = list(map(lambda x:x%MOD,v))
 --- modulename: s967145561, funcname: <lambda>
s967145561.py(51):                     v = list(map(lambda x:x%MOD,v))
s967145561.py(52):                     max_length = max(v+[max_length])
s967145561.py(50):                 for v in V:
s967145561.py(45):             for w in range(W):
s967145561.py(44):         for h in range(H):
s967145561.py(45):             for w in range(W):
s967145561.py(46):                 V = [[MOD] * W for _ in range(H)]
 --- modulename: s967145561, funcname: <listcomp>
s967145561.py(46):                 V = [[MOD] * W for _ in range(H)]
s967145561.py(46):                 V = [[MOD] * W for _ in range(H)]
s967145561.py(46):                 V = [[MOD] * W for _ in range(H)]
s967145561.py(46):                 V = [[MOD] * W for _ in range(H)]
s967145561.py(47):                 if S[h][w] == '.':
s967145561.py(48):                     V[h][w] = 0
s967145561.py(49):                     tansaku(S,V,h,w,0) 
 --- modulename: s967145561, funcname: tansaku
s967145561.py(21):         if  x >= 1 and S[y][x-1] == '.' and V[y][x-1] > length+1:
s967145561.py(26):         if x < W-1 and S[y][x+1] == '.' and V[y][x+1] > length+1:
s967145561.py(27):             V[y][x+1] = length+1
s967145561.py(28):             tansaku(S,V,y,x+1,length+1)
 --- modulename: s967145561, funcname: tansaku
s967145561.py(21):         if  x >= 1 and S[y][x-1] == '.' and V[y][x-1] > length+1:
s967145561.py(26):         if x < W-1 and S[y][x+1] == '.' and V[y][x+1] > length+1:
s967145561.py(27):             V[y][x+1] = length+1
s967145561.py(28):             tansaku(S,V,y,x+1,length+1)
 --- modulename: s967145561, funcname: tansaku
s967145561.py(21):         if  x >= 1 and S[y][x-1] == '.' and V[y][x-1] > length+1:
s967145561.py(26):         if x < W-1 and S[y][x+1] == '.' and V[y][x+1] > length+1:
s967145561.py(31):         if y >= 1 and S[y-1][x] == '.' and V[y-1][x] > length+1:
s967145561.py(32):             V[y-1][x] = length+1
s967145561.py(33):             tansaku(S,V,y-1,x,length+1)
 --- modulename: s967145561, funcname: tansaku
s967145561.py(21):         if  x >= 1 and S[y][x-1] == '.' and V[y][x-1] > length+1:
s967145561.py(22):             V[y][x-1] = length+1
s967145561.py(23):             tansaku(S,V,y,x-1,length+1)
 --- modulename: s967145561, funcname: tansaku
s967145561.py(21):         if  x >= 1 and S[y][x-1] == '.' and V[y][x-1] > length+1:
s967145561.py(22):             V[y][x-1] = length+1
s967145561.py(23):             tansaku(S,V,y,x-1,length+1)
 --- modulename: s967145561, funcname: tansaku
s967145561.py(21):         if  x >= 1 and S[y][x-1] == '.' and V[y][x-1] > length+1:
s967145561.py(26):         if x < W-1 and S[y][x+1] == '.' and V[y][x+1] > length+1:
s967145561.py(31):         if y >= 1 and S[y-1][x] == '.' and V[y-1][x] > length+1:
s967145561.py(32):             V[y-1][x] = length+1
s967145561.py(33):             tansaku(S,V,y-1,x,length+1)
 --- modulename: s967145561, funcname: tansaku
s967145561.py(21):         if  x >= 1 and S[y][x-1] == '.' and V[y][x-1] > length+1:
s967145561.py(26):         if x < W-1 and S[y][x+1] == '.' and V[y][x+1] > length+1:
s967145561.py(27):             V[y][x+1] = length+1
s967145561.py(28):             tansaku(S,V,y,x+1,length+1)
 --- modulename: s967145561, funcname: tansaku
s967145561.py(21):         if  x >= 1 and S[y][x-1] == '.' and V[y][x-1] > length+1:
s967145561.py(26):         if x < W-1 and S[y][x+1] == '.' and V[y][x+1] > length+1:
s967145561.py(27):             V[y][x+1] = length+1
s967145561.py(28):             tansaku(S,V,y,x+1,length+1)
 --- modulename: s967145561, funcname: tansaku
s967145561.py(21):         if  x >= 1 and S[y][x-1] == '.' and V[y][x-1] > length+1:
s967145561.py(26):         if x < W-1 and S[y][x+1] == '.' and V[y][x+1] > length+1:
s967145561.py(31):         if y >= 1 and S[y-1][x] == '.' and V[y-1][x] > length+1:
s967145561.py(36):         if y < H-1 and S[y+1][x] == '.' and V[y+1][x]> length+1:
s967145561.py(40):         return
s967145561.py(31):         if y >= 1 and S[y-1][x] == '.' and V[y-1][x] > length+1:
s967145561.py(36):         if y < H-1 and S[y+1][x] == '.' and V[y+1][x]> length+1:
s967145561.py(40):         return
s967145561.py(31):         if y >= 1 and S[y-1][x] == '.' and V[y-1][x] > length+1:
s967145561.py(36):         if y < H-1 and S[y+1][x] == '.' and V[y+1][x]> length+1:
s967145561.py(40):         return
s967145561.py(36):         if y < H-1 and S[y+1][x] == '.' and V[y+1][x]> length+1:
s967145561.py(40):         return
s967145561.py(26):         if x < W-1 and S[y][x+1] == '.' and V[y][x+1] > length+1:
s967145561.py(31):         if y >= 1 and S[y-1][x] == '.' and V[y-1][x] > length+1:
s967145561.py(32):             V[y-1][x] = length+1
s967145561.py(33):             tansaku(S,V,y-1,x,length+1)
 --- modulename: s967145561, funcname: tansaku
s967145561.py(21):         if  x >= 1 and S[y][x-1] == '.' and V[y][x-1] > length+1:
s967145561.py(26):         if x < W-1 and S[y][x+1] == '.' and V[y][x+1] > length+1:
s967145561.py(27):             V[y][x+1] = length+1
s967145561.py(28):             tansaku(S,V,y,x+1,length+1)
 --- modulename: s967145561, funcname: tansaku
s967145561.py(21):         if  x >= 1 and S[y][x-1] == '.' and V[y][x-1] > length+1:
s967145561.py(26):         if x < W-1 and S[y][x+1] == '.' and V[y][x+1] > length+1:
s967145561.py(31):         if y >= 1 and S[y-1][x] == '.' and V[y-1][x] > length+1:
s967145561.py(36):         if y < H-1 and S[y+1][x] == '.' and V[y+1][x]> length+1:
s967145561.py(40):         return
s967145561.py(31):         if y >= 1 and S[y-1][x] == '.' and V[y-1][x] > length+1:
s967145561.py(36):         if y < H-1 and S[y+1][x] == '.' and V[y+1][x]> length+1:
s967145561.py(40):         return
s967145561.py(36):         if y < H-1 and S[y+1][x] == '.' and V[y+1][x]> length+1:
s967145561.py(40):         return
s967145561.py(26):         if x < W-1 and S[y][x+1] == '.' and V[y][x+1] > length+1:
s967145561.py(31):         if y >= 1 and S[y-1][x] == '.' and V[y-1][x] > length+1:
s967145561.py(32):             V[y-1][x] = length+1
s967145561.py(33):             tansaku(S,V,y-1,x,length+1)
 --- modulename: s967145561, funcname: tansaku
s967145561.py(21):         if  x >= 1 and S[y][x-1] == '.' and V[y][x-1] > length+1:
s967145561.py(26):         if x < W-1 and S[y][x+1] == '.' and V[y][x+1] > length+1:
s967145561.py(31):         if y >= 1 and S[y-1][x] == '.' and V[y-1][x] > length+1:
s967145561.py(36):         if y < H-1 and S[y+1][x] == '.' and V[y+1][x]> length+1:
s967145561.py(40):         return
s967145561.py(36):         if y < H-1 and S[y+1][x] == '.' and V[y+1][x]> length+1:
s967145561.py(40):         return
s967145561.py(36):         if y < H-1 and S[y+1][x] == '.' and V[y+1][x]> length+1:
s967145561.py(40):         return
s967145561.py(31):         if y >= 1 and S[y-1][x] == '.' and V[y-1][x] > length+1:
s967145561.py(32):             V[y-1][x] = length+1
s967145561.py(33):             tansaku(S,V,y-1,x,length+1)
 --- modulename: s967145561, funcname: tansaku
s967145561.py(21):         if  x >= 1 and S[y][x-1] == '.' and V[y][x-1] > length+1:
s967145561.py(22):             V[y][x-1] = length+1
s967145561.py(23):             tansaku(S,V,y,x-1,length+1)
 --- modulename: s967145561, funcname: tansaku
s967145561.py(21):         if  x >= 1 and S[y][x-1] == '.' and V[y][x-1] > length+1:
s967145561.py(26):         if x < W-1 and S[y][x+1] == '.' and V[y][x+1] > length+1:
s967145561.py(31):         if y >= 1 and S[y-1][x] == '.' and V[y-1][x] > length+1:
s967145561.py(32):             V[y-1][x] = length+1
s967145561.py(33):             tansaku(S,V,y-1,x,length+1)
 --- modulename: s967145561, funcname: tansaku
s967145561.py(21):         if  x >= 1 and S[y][x-1] == '.' and V[y][x-1] > length+1:
s967145561.py(26):         if x < W-1 and S[y][x+1] == '.' and V[y][x+1] > length+1:
s967145561.py(31):         if y >= 1 and S[y-1][x] == '.' and V[y-1][x] > length+1:
s967145561.py(36):         if y < H-1 and S[y+1][x] == '.' and V[y+1][x]> length+1:
s967145561.py(40):         return
s967145561.py(36):         if y < H-1 and S[y+1][x] == '.' and V[y+1][x]> length+1:
s967145561.py(40):         return
s967145561.py(26):         if x < W-1 and S[y][x+1] == '.' and V[y][x+1] > length+1:
s967145561.py(31):         if y >= 1 and S[y-1][x] == '.' and V[y-1][x] > length+1:
s967145561.py(32):             V[y-1][x] = length+1
s967145561.py(33):             tansaku(S,V,y-1,x,length+1)
 --- modulename: s967145561, funcname: tansaku
s967145561.py(21):         if  x >= 1 and S[y][x-1] == '.' and V[y][x-1] > length+1:
s967145561.py(26):         if x < W-1 and S[y][x+1] == '.' and V[y][x+1] > length+1:
s967145561.py(31):         if y >= 1 and S[y-1][x] == '.' and V[y-1][x] > length+1:
s967145561.py(36):         if y < H-1 and S[y+1][x] == '.' and V[y+1][x]> length+1:
s967145561.py(40):         return
s967145561.py(36):         if y < H-1 and S[y+1][x] == '.' and V[y+1][x]> length+1:
s967145561.py(40):         return
s967145561.py(36):         if y < H-1 and S[y+1][x] == '.' and V[y+1][x]> length+1:
s967145561.py(40):         return
s967145561.py(31):         if y >= 1 and S[y-1][x] == '.' and V[y-1][x] > length+1:
s967145561.py(32):             V[y-1][x] = length+1
s967145561.py(33):             tansaku(S,V,y-1,x,length+1)
 --- modulename: s967145561, funcname: tansaku
s967145561.py(21):         if  x >= 1 and S[y][x-1] == '.' and V[y][x-1] > length+1:
s967145561.py(26):         if x < W-1 and S[y][x+1] == '.' and V[y][x+1] > length+1:
s967145561.py(31):         if y >= 1 and S[y-1][x] == '.' and V[y-1][x] > length+1:
s967145561.py(32):             V[y-1][x] = length+1
s967145561.py(33):             tansaku(S,V,y-1,x,length+1)
 --- modulename: s967145561, funcname: tansaku
s967145561.py(21):         if  x >= 1 and S[y][x-1] == '.' and V[y][x-1] > length+1:
s967145561.py(26):         if x < W-1 and S[y][x+1] == '.' and V[y][x+1] > length+1:
s967145561.py(31):         if y >= 1 and S[y-1][x] == '.' and V[y-1][x] > length+1:
s967145561.py(36):         if y < H-1 and S[y+1][x] == '.' and V[y+1][x]> length+1:
s967145561.py(40):         return
s967145561.py(36):         if y < H-1 and S[y+1][x] == '.' and V[y+1][x]> length+1:
s967145561.py(40):         return
s967145561.py(36):         if y < H-1 and S[y+1][x] == '.' and V[y+1][x]> length+1:
s967145561.py(40):         return
s967145561.py(50):                 for v in V:
s967145561.py(51):                     v = list(map(lambda x:x%MOD,v))
 --- modulename: s967145561, funcname: <lambda>
s967145561.py(51):                     v = list(map(lambda x:x%MOD,v))
 --- modulename: s967145561, funcname: <lambda>
s967145561.py(51):                     v = list(map(lambda x:x%MOD,v))
 --- modulename: s967145561, funcname: <lambda>
s967145561.py(51):                     v = list(map(lambda x:x%MOD,v))
s967145561.py(52):                     max_length = max(v+[max_length])
s967145561.py(50):                 for v in V:
s967145561.py(51):                     v = list(map(lambda x:x%MOD,v))
 --- modulename: s967145561, funcname: <lambda>
s967145561.py(51):                     v = list(map(lambda x:x%MOD,v))
 --- modulename: s967145561, funcname: <lambda>
s967145561.py(51):                     v = list(map(lambda x:x%MOD,v))
 --- modulename: s967145561, funcname: <lambda>
s967145561.py(51):                     v = list(map(lambda x:x%MOD,v))
s967145561.py(52):                     max_length = max(v+[max_length])
s967145561.py(50):                 for v in V:
s967145561.py(51):                     v = list(map(lambda x:x%MOD,v))
 --- modulename: s967145561, funcname: <lambda>
s967145561.py(51):                     v = list(map(lambda x:x%MOD,v))
 --- modulename: s967145561, funcname: <lambda>
s967145561.py(51):                     v = list(map(lambda x:x%MOD,v))
 --- modulename: s967145561, funcname: <lambda>
s967145561.py(51):                     v = list(map(lambda x:x%MOD,v))
s967145561.py(52):                     max_length = max(v+[max_length])
s967145561.py(50):                 for v in V:
s967145561.py(45):             for w in range(W):
s967145561.py(46):                 V = [[MOD] * W for _ in range(H)]
 --- modulename: s967145561, funcname: <listcomp>
s967145561.py(46):                 V = [[MOD] * W for _ in range(H)]
s967145561.py(46):                 V = [[MOD] * W for _ in range(H)]
s967145561.py(46):                 V = [[MOD] * W for _ in range(H)]
s967145561.py(46):                 V = [[MOD] * W for _ in range(H)]
s967145561.py(47):                 if S[h][w] == '.':
s967145561.py(48):                     V[h][w] = 0
s967145561.py(49):                     tansaku(S,V,h,w,0) 
 --- modulename: s967145561, funcname: tansaku
s967145561.py(21):         if  x >= 1 and S[y][x-1] == '.' and V[y][x-1] > length+1:
s967145561.py(22):             V[y][x-1] = length+1
s967145561.py(23):             tansaku(S,V,y,x-1,length+1)
 --- modulename: s967145561, funcname: tansaku
s967145561.py(21):         if  x >= 1 and S[y][x-1] == '.' and V[y][x-1] > length+1:
s967145561.py(26):         if x < W-1 and S[y][x+1] == '.' and V[y][x+1] > length+1:
s967145561.py(31):         if y >= 1 and S[y-1][x] == '.' and V[y-1][x] > length+1:
s967145561.py(32):             V[y-1][x] = length+1
s967145561.py(33):             tansaku(S,V,y-1,x,length+1)
 --- modulename: s967145561, funcname: tansaku
s967145561.py(21):         if  x >= 1 and S[y][x-1] == '.' and V[y][x-1] > length+1:
s967145561.py(26):         if x < W-1 and S[y][x+1] == '.' and V[y][x+1] > length+1:
s967145561.py(27):             V[y][x+1] = length+1
s967145561.py(28):             tansaku(S,V,y,x+1,length+1)
 --- modulename: s967145561, funcname: tansaku
s967145561.py(21):         if  x >= 1 and S[y][x-1] == '.' and V[y][x-1] > length+1:
s967145561.py(26):         if x < W-1 and S[y][x+1] == '.' and V[y][x+1] > length+1:
s967145561.py(27):             V[y][x+1] = length+1
s967145561.py(28):             tansaku(S,V,y,x+1,length+1)
 --- modulename: s967145561, funcname: tansaku
s967145561.py(21):         if  x >= 1 and S[y][x-1] == '.' and V[y][x-1] > length+1:
s967145561.py(26):         if x < W-1 and S[y][x+1] == '.' and V[y][x+1] > length+1:
s967145561.py(31):         if y >= 1 and S[y-1][x] == '.' and V[y-1][x] > length+1:
s967145561.py(32):             V[y-1][x] = length+1
s967145561.py(33):             tansaku(S,V,y-1,x,length+1)
 --- modulename: s967145561, funcname: tansaku
s967145561.py(21):         if  x >= 1 and S[y][x-1] == '.' and V[y][x-1] > length+1:
s967145561.py(22):             V[y][x-1] = length+1
s967145561.py(23):             tansaku(S,V,y,x-1,length+1)
 --- modulename: s967145561, funcname: tansaku
s967145561.py(21):         if  x >= 1 and S[y][x-1] == '.' and V[y][x-1] > length+1:
s967145561.py(22):             V[y][x-1] = length+1
s967145561.py(23):             tansaku(S,V,y,x-1,length+1)
 --- modulename: s967145561, funcname: tansaku
s967145561.py(21):         if  x >= 1 and S[y][x-1] == '.' and V[y][x-1] > length+1:
s967145561.py(26):         if x < W-1 and S[y][x+1] == '.' and V[y][x+1] > length+1:
s967145561.py(31):         if y >= 1 and S[y-1][x] == '.' and V[y-1][x] > length+1:
s967145561.py(36):         if y < H-1 and S[y+1][x] == '.' and V[y+1][x]> length+1:
s967145561.py(40):         return
s967145561.py(26):         if x < W-1 and S[y][x+1] == '.' and V[y][x+1] > length+1:
s967145561.py(31):         if y >= 1 and S[y-1][x] == '.' and V[y-1][x] > length+1:
s967145561.py(36):         if y < H-1 and S[y+1][x] == '.' and V[y+1][x]> length+1:
s967145561.py(40):         return
s967145561.py(26):         if x < W-1 and S[y][x+1] == '.' and V[y][x+1] > length+1:
s967145561.py(31):         if y >= 1 and S[y-1][x] == '.' and V[y-1][x] > length+1:
s967145561.py(36):         if y < H-1 and S[y+1][x] == '.' and V[y+1][x]> length+1:
s967145561.py(40):         return
s967145561.py(36):         if y < H-1 and S[y+1][x] == '.' and V[y+1][x]> length+1:
s967145561.py(37):             V[y+1][x] = length+1
s967145561.py(38):             tansaku(S,V,y+1,x,length+1)
 --- modulename: s967145561, funcname: tansaku
s967145561.py(21):         if  x >= 1 and S[y][x-1] == '.' and V[y][x-1] > length+1:
s967145561.py(26):         if x < W-1 and S[y][x+1] == '.' and V[y][x+1] > length+1:
s967145561.py(31):         if y >= 1 and S[y-1][x] == '.' and V[y-1][x] > length+1:
s967145561.py(36):         if y < H-1 and S[y+1][x] == '.' and V[y+1][x]> length+1:
s967145561.py(40):         return
s967145561.py(40):         return
s967145561.py(31):         if y >= 1 and S[y-1][x] == '.' and V[y-1][x] > length+1:
s967145561.py(32):             V[y-1][x] = length+1
s967145561.py(33):             tansaku(S,V,y-1,x,length+1)
 --- modulename: s967145561, funcname: tansaku
s967145561.py(21):         if  x >= 1 and S[y][x-1] == '.' and V[y][x-1] > length+1:
s967145561.py(22):             V[y][x-1] = length+1
s967145561.py(23):             tansaku(S,V,y,x-1,length+1)
 --- modulename: s967145561, funcname: tansaku
s967145561.py(21):         if  x >= 1 and S[y][x-1] == '.' and V[y][x-1] > length+1:
s967145561.py(26):         if x < W-1 and S[y][x+1] == '.' and V[y][x+1] > length+1:
s967145561.py(31):         if y >= 1 and S[y-1][x] == '.' and V[y-1][x] > length+1:
s967145561.py(36):         if y < H-1 and S[y+1][x] == '.' and V[y+1][x]> length+1:
s967145561.py(40):         return
s967145561.py(26):         if x < W-1 and S[y][x+1] == '.' and V[y][x+1] > length+1:
s967145561.py(31):         if y >= 1 and S[y-1][x] == '.' and V[y-1][x] > length+1:
s967145561.py(36):         if y < H-1 and S[y+1][x] == '.' and V[y+1][x]> length+1:
s967145561.py(40):         return
s967145561.py(36):         if y < H-1 and S[y+1][x] == '.' and V[y+1][x]> length+1:
s967145561.py(40):         return
s967145561.py(31):         if y >= 1 and S[y-1][x] == '.' and V[y-1][x] > length+1:
s967145561.py(32):             V[y-1][x] = length+1
s967145561.py(33):             tansaku(S,V,y-1,x,length+1)
 --- modulename: s967145561, funcname: tansaku
s967145561.py(21):         if  x >= 1 and S[y][x-1] == '.' and V[y][x-1] > length+1:
s967145561.py(26):         if x < W-1 and S[y][x+1] == '.' and V[y][x+1] > length+1:
s967145561.py(31):         if y >= 1 and S[y-1][x] == '.' and V[y-1][x] > length+1:
s967145561.py(36):         if y < H-1 and S[y+1][x] == '.' and V[y+1][x]> length+1:
s967145561.py(40):         return
s967145561.py(36):         if y < H-1 and S[y+1][x] == '.' and V[y+1][x]> length+1:
s967145561.py(40):         return
s967145561.py(36):         if y < H-1 and S[y+1][x] == '.' and V[y+1][x]> length+1:
s967145561.py(40):         return
s967145561.py(26):         if x < W-1 and S[y][x+1] == '.' and V[y][x+1] > length+1:
s967145561.py(27):             V[y][x+1] = length+1
s967145561.py(28):             tansaku(S,V,y,x+1,length+1)
 --- modulename: s967145561, funcname: tansaku
s967145561.py(21):         if  x >= 1 and S[y][x-1] == '.' and V[y][x-1] > length+1:
s967145561.py(26):         if x < W-1 and S[y][x+1] == '.' and V[y][x+1] > length+1:
s967145561.py(31):         if y >= 1 and S[y-1][x] == '.' and V[y-1][x] > length+1:
s967145561.py(32):             V[y-1][x] = length+1
s967145561.py(33):             tansaku(S,V,y-1,x,length+1)
 --- modulename: s967145561, funcname: tansaku
s967145561.py(21):         if  x >= 1 and S[y][x-1] == '.' and V[y][x-1] > length+1:
s967145561.py(26):         if x < W-1 and S[y][x+1] == '.' and V[y][x+1] > length+1:
s967145561.py(31):         if y >= 1 and S[y-1][x] == '.' and V[y-1][x] > length+1:
s967145561.py(32):             V[y-1][x] = length+1
s967145561.py(33):             tansaku(S,V,y-1,x,length+1)
 --- modulename: s967145561, funcname: tansaku
s967145561.py(21):         if  x >= 1 and S[y][x-1] == '.' and V[y][x-1] > length+1:
s967145561.py(26):         if x < W-1 and S[y][x+1] == '.' and V[y][x+1] > length+1:
s967145561.py(31):         if y >= 1 and S[y-1][x] == '.' and V[y-1][x] > length+1:
s967145561.py(36):         if y < H-1 and S[y+1][x] == '.' and V[y+1][x]> length+1:
s967145561.py(40):         return
s967145561.py(36):         if y < H-1 and S[y+1][x] == '.' and V[y+1][x]> length+1:
s967145561.py(40):         return
s967145561.py(36):         if y < H-1 and S[y+1][x] == '.' and V[y+1][x]> length+1:
s967145561.py(40):         return
s967145561.py(31):         if y >= 1 and S[y-1][x] == '.' and V[y-1][x] > length+1:
s967145561.py(32):             V[y-1][x] = length+1
s967145561.py(33):             tansaku(S,V,y-1,x,length+1)
 --- modulename: s967145561, funcname: tansaku
s967145561.py(21):         if  x >= 1 and S[y][x-1] == '.' and V[y][x-1] > length+1:
s967145561.py(26):         if x < W-1 and S[y][x+1] == '.' and V[y][x+1] > length+1:
s967145561.py(31):         if y >= 1 and S[y-1][x] == '.' and V[y-1][x] > length+1:
s967145561.py(32):             V[y-1][x] = length+1
s967145561.py(33):             tansaku(S,V,y-1,x,length+1)
 --- modulename: s967145561, funcname: tansaku
s967145561.py(21):         if  x >= 1 and S[y][x-1] == '.' and V[y][x-1] > length+1:
s967145561.py(26):         if x < W-1 and S[y][x+1] == '.' and V[y][x+1] > length+1:
s967145561.py(31):         if y >= 1 and S[y-1][x] == '.' and V[y-1][x] > length+1:
s967145561.py(36):         if y < H-1 and S[y+1][x] == '.' and V[y+1][x]> length+1:
s967145561.py(40):         return
s967145561.py(36):         if y < H-1 and S[y+1][x] == '.' and V[y+1][x]> length+1:
s967145561.py(40):         return
s967145561.py(36):         if y < H-1 and S[y+1][x] == '.' and V[y+1][x]> length+1:
s967145561.py(40):         return
s967145561.py(50):                 for v in V:
s967145561.py(51):                     v = list(map(lambda x:x%MOD,v))
 --- modulename: s967145561, funcname: <lambda>
s967145561.py(51):                     v = list(map(lambda x:x%MOD,v))
 --- modulename: s967145561, funcname: <lambda>
s967145561.py(51):                     v = list(map(lambda x:x%MOD,v))
 --- modulename: s967145561, funcname: <lambda>
s967145561.py(51):                     v = list(map(lambda x:x%MOD,v))
s967145561.py(52):                     max_length = max(v+[max_length])
s967145561.py(50):                 for v in V:
s967145561.py(51):                     v = list(map(lambda x:x%MOD,v))
 --- modulename: s967145561, funcname: <lambda>
s967145561.py(51):                     v = list(map(lambda x:x%MOD,v))
 --- modulename: s967145561, funcname: <lambda>
s967145561.py(51):                     v = list(map(lambda x:x%MOD,v))
 --- modulename: s967145561, funcname: <lambda>
s967145561.py(51):                     v = list(map(lambda x:x%MOD,v))
s967145561.py(52):                     max_length = max(v+[max_length])
s967145561.py(50):                 for v in V:
s967145561.py(51):                     v = list(map(lambda x:x%MOD,v))
 --- modulename: s967145561, funcname: <lambda>
s967145561.py(51):                     v = list(map(lambda x:x%MOD,v))
 --- modulename: s967145561, funcname: <lambda>
s967145561.py(51):                     v = list(map(lambda x:x%MOD,v))
 --- modulename: s967145561, funcname: <lambda>
s967145561.py(51):                     v = list(map(lambda x:x%MOD,v))
s967145561.py(52):                     max_length = max(v+[max_length])
s967145561.py(50):                 for v in V:
s967145561.py(45):             for w in range(W):
s967145561.py(46):                 V = [[MOD] * W for _ in range(H)]
 --- modulename: s967145561, funcname: <listcomp>
s967145561.py(46):                 V = [[MOD] * W for _ in range(H)]
s967145561.py(46):                 V = [[MOD] * W for _ in range(H)]
s967145561.py(46):                 V = [[MOD] * W for _ in range(H)]
s967145561.py(46):                 V = [[MOD] * W for _ in range(H)]
s967145561.py(47):                 if S[h][w] == '.':
s967145561.py(48):                     V[h][w] = 0
s967145561.py(49):                     tansaku(S,V,h,w,0) 
 --- modulename: s967145561, funcname: tansaku
s967145561.py(21):         if  x >= 1 and S[y][x-1] == '.' and V[y][x-1] > length+1:
s967145561.py(22):             V[y][x-1] = length+1
s967145561.py(23):             tansaku(S,V,y,x-1,length+1)
 --- modulename: s967145561, funcname: tansaku
s967145561.py(21):         if  x >= 1 and S[y][x-1] == '.' and V[y][x-1] > length+1:
s967145561.py(22):             V[y][x-1] = length+1
s967145561.py(23):             tansaku(S,V,y,x-1,length+1)
 --- modulename: s967145561, funcname: tansaku
s967145561.py(21):         if  x >= 1 and S[y][x-1] == '.' and V[y][x-1] > length+1:
s967145561.py(26):         if x < W-1 and S[y][x+1] == '.' and V[y][x+1] > length+1:
s967145561.py(31):         if y >= 1 and S[y-1][x] == '.' and V[y-1][x] > length+1:
s967145561.py(32):             V[y-1][x] = length+1
s967145561.py(33):             tansaku(S,V,y-1,x,length+1)
 --- modulename: s967145561, funcname: tansaku
s967145561.py(21):         if  x >= 1 and S[y][x-1] == '.' and V[y][x-1] > length+1:
s967145561.py(26):         if x < W-1 and S[y][x+1] == '.' and V[y][x+1] > length+1:
s967145561.py(27):             V[y][x+1] = length+1
s967145561.py(28):             tansaku(S,V,y,x+1,length+1)
 --- modulename: s967145561, funcname: tansaku
s967145561.py(21):         if  x >= 1 and S[y][x-1] == '.' and V[y][x-1] > length+1:
s967145561.py(26):         if x < W-1 and S[y][x+1] == '.' and V[y][x+1] > length+1:
s967145561.py(27):             V[y][x+1] = length+1
s967145561.py(28):             tansaku(S,V,y,x+1,length+1)
 --- modulename: s967145561, funcname: tansaku
s967145561.py(21):         if  x >= 1 and S[y][x-1] == '.' and V[y][x-1] > length+1:
s967145561.py(26):         if x < W-1 and S[y][x+1] == '.' and V[y][x+1] > length+1:
s967145561.py(31):         if y >= 1 and S[y-1][x] == '.' and V[y-1][x] > length+1:
s967145561.py(32):             V[y-1][x] = length+1
s967145561.py(33):             tansaku(S,V,y-1,x,length+1)
 --- modulename: s967145561, funcname: tansaku
s967145561.py(21):         if  x >= 1 and S[y][x-1] == '.' and V[y][x-1] > length+1:
s967145561.py(22):             V[y][x-1] = length+1
s967145561.py(23):             tansaku(S,V,y,x-1,length+1)
 --- modulename: s967145561, funcname: tansaku
s967145561.py(21):         if  x >= 1 and S[y][x-1] == '.' and V[y][x-1] > length+1:
s967145561.py(22):             V[y][x-1] = length+1
s967145561.py(23):             tansaku(S,V,y,x-1,length+1)
 --- modulename: s967145561, funcname: tansaku
s967145561.py(21):         if  x >= 1 and S[y][x-1] == '.' and V[y][x-1] > length+1:
s967145561.py(26):         if x < W-1 and S[y][x+1] == '.' and V[y][x+1] > length+1:
s967145561.py(31):         if y >= 1 and S[y-1][x] == '.' and V[y-1][x] > length+1:
s967145561.py(36):         if y < H-1 and S[y+1][x] == '.' and V[y+1][x]> length+1:
s967145561.py(40):         return
s967145561.py(26):         if x < W-1 and S[y][x+1] == '.' and V[y][x+1] > length+1:
s967145561.py(31):         if y >= 1 and S[y-1][x] == '.' and V[y-1][x] > length+1:
s967145561.py(36):         if y < H-1 and S[y+1][x] == '.' and V[y+1][x]> length+1:
s967145561.py(40):         return
s967145561.py(26):         if x < W-1 and S[y][x+1] == '.' and V[y][x+1] > length+1:
s967145561.py(31):         if y >= 1 and S[y-1][x] == '.' and V[y-1][x] > length+1:
s967145561.py(36):         if y < H-1 and S[y+1][x] == '.' and V[y+1][x]> length+1:
s967145561.py(40):         return
s967145561.py(36):         if y < H-1 and S[y+1][x] == '.' and V[y+1][x]> length+1:
s967145561.py(40):         return
s967145561.py(31):         if y >= 1 and S[y-1][x] == '.' and V[y-1][x] > length+1:
s967145561.py(32):             V[y-1][x] = length+1
s967145561.py(33):             tansaku(S,V,y-1,x,length+1)
 --- modulename: s967145561, funcname: tansaku
s967145561.py(21):         if  x >= 1 and S[y][x-1] == '.' and V[y][x-1] > length+1:
s967145561.py(22):             V[y][x-1] = length+1
s967145561.py(23):             tansaku(S,V,y,x-1,length+1)
 --- modulename: s967145561, funcname: tansaku
s967145561.py(21):         if  x >= 1 and S[y][x-1] == '.' and V[y][x-1] > length+1:
s967145561.py(26):         if x < W-1 and S[y][x+1] == '.' and V[y][x+1] > length+1:
s967145561.py(31):         if y >= 1 and S[y-1][x] == '.' and V[y-1][x] > length+1:
s967145561.py(36):         if y < H-1 and S[y+1][x] == '.' and V[y+1][x]> length+1:
s967145561.py(40):         return
s967145561.py(26):         if x < W-1 and S[y][x+1] == '.' and V[y][x+1] > length+1:
s967145561.py(31):         if y >= 1 and S[y-1][x] == '.' and V[y-1][x] > length+1:
s967145561.py(36):         if y < H-1 and S[y+1][x] == '.' and V[y+1][x]> length+1:
s967145561.py(40):         return
s967145561.py(36):         if y < H-1 and S[y+1][x] == '.' and V[y+1][x]> length+1:
s967145561.py(40):         return
s967145561.py(31):         if y >= 1 and S[y-1][x] == '.' and V[y-1][x] > length+1:
s967145561.py(32):             V[y-1][x] = length+1
s967145561.py(33):             tansaku(S,V,y-1,x,length+1)
 --- modulename: s967145561, funcname: tansaku
s967145561.py(21):         if  x >= 1 and S[y][x-1] == '.' and V[y][x-1] > length+1:
s967145561.py(26):         if x < W-1 and S[y][x+1] == '.' and V[y][x+1] > length+1:
s967145561.py(31):         if y >= 1 and S[y-1][x] == '.' and V[y-1][x] > length+1:
s967145561.py(36):         if y < H-1 and S[y+1][x] == '.' and V[y+1][x]> length+1:
s967145561.py(40):         return
s967145561.py(36):         if y < H-1 and S[y+1][x] == '.' and V[y+1][x]> length+1:
s967145561.py(40):         return
s967145561.py(36):         if y < H-1 and S[y+1][x] == '.' and V[y+1][x]> length+1:
s967145561.py(40):         return
s967145561.py(26):         if x < W-1 and S[y][x+1] == '.' and V[y][x+1] > length+1:
s967145561.py(31):         if y >= 1 and S[y-1][x] == '.' and V[y-1][x] > length+1:
s967145561.py(32):             V[y-1][x] = length+1
s967145561.py(33):             tansaku(S,V,y-1,x,length+1)
 --- modulename: s967145561, funcname: tansaku
s967145561.py(21):         if  x >= 1 and S[y][x-1] == '.' and V[y][x-1] > length+1:
s967145561.py(26):         if x < W-1 and S[y][x+1] == '.' and V[y][x+1] > length+1:
s967145561.py(27):             V[y][x+1] = length+1
s967145561.py(28):             tansaku(S,V,y,x+1,length+1)
 --- modulename: s967145561, funcname: tansaku
s967145561.py(21):         if  x >= 1 and S[y][x-1] == '.' and V[y][x-1] > length+1:
s967145561.py(26):         if x < W-1 and S[y][x+1] == '.' and V[y][x+1] > length+1:
s967145561.py(31):         if y >= 1 and S[y-1][x] == '.' and V[y-1][x] > length+1:
s967145561.py(32):             V[y-1][x] = length+1
s967145561.py(33):             tansaku(S,V,y-1,x,length+1)
 --- modulename: s967145561, funcname: tansaku
s967145561.py(21):         if  x >= 1 and S[y][x-1] == '.' and V[y][x-1] > length+1:
s967145561.py(26):         if x < W-1 and S[y][x+1] == '.' and V[y][x+1] > length+1:
s967145561.py(31):         if y >= 1 and S[y-1][x] == '.' and V[y-1][x] > length+1:
s967145561.py(36):         if y < H-1 and S[y+1][x] == '.' and V[y+1][x]> length+1:
s967145561.py(40):         return
s967145561.py(36):         if y < H-1 and S[y+1][x] == '.' and V[y+1][x]> length+1:
s967145561.py(40):         return
s967145561.py(31):         if y >= 1 and S[y-1][x] == '.' and V[y-1][x] > length+1:
s967145561.py(32):             V[y-1][x] = length+1
s967145561.py(33):             tansaku(S,V,y-1,x,length+1)
 --- modulename: s967145561, funcname: tansaku
s967145561.py(21):         if  x >= 1 and S[y][x-1] == '.' and V[y][x-1] > length+1:
s967145561.py(26):         if x < W-1 and S[y][x+1] == '.' and V[y][x+1] > length+1:
s967145561.py(31):         if y >= 1 and S[y-1][x] == '.' and V[y-1][x] > length+1:
s967145561.py(36):         if y < H-1 and S[y+1][x] == '.' and V[y+1][x]> length+1:
s967145561.py(40):         return
s967145561.py(36):         if y < H-1 and S[y+1][x] == '.' and V[y+1][x]> length+1:
s967145561.py(40):         return
s967145561.py(36):         if y < H-1 and S[y+1][x] == '.' and V[y+1][x]> length+1:
s967145561.py(40):         return
s967145561.py(26):         if x < W-1 and S[y][x+1] == '.' and V[y][x+1] > length+1:
s967145561.py(31):         if y >= 1 and S[y-1][x] == '.' and V[y-1][x] > length+1:
s967145561.py(32):             V[y-1][x] = length+1
s967145561.py(33):             tansaku(S,V,y-1,x,length+1)
 --- modulename: s967145561, funcname: tansaku
s967145561.py(21):         if  x >= 1 and S[y][x-1] == '.' and V[y][x-1] > length+1:
s967145561.py(26):         if x < W-1 and S[y][x+1] == '.' and V[y][x+1] > length+1:
s967145561.py(31):         if y >= 1 and S[y-1][x] == '.' and V[y-1][x] > length+1:
s967145561.py(32):             V[y-1][x] = length+1
s967145561.py(33):             tansaku(S,V,y-1,x,length+1)
 --- modulename: s967145561, funcname: tansaku
s967145561.py(21):         if  x >= 1 and S[y][x-1] == '.' and V[y][x-1] > length+1:
s967145561.py(26):         if x < W-1 and S[y][x+1] == '.' and V[y][x+1] > length+1:
s967145561.py(31):         if y >= 1 and S[y-1][x] == '.' and V[y-1][x] > length+1:
s967145561.py(36):         if y < H-1 and S[y+1][x] == '.' and V[y+1][x]> length+1:
s967145561.py(40):         return
s967145561.py(36):         if y < H-1 and S[y+1][x] == '.' and V[y+1][x]> length+1:
s967145561.py(40):         return
s967145561.py(36):         if y < H-1 and S[y+1][x] == '.' and V[y+1][x]> length+1:
s967145561.py(40):         return
s967145561.py(50):                 for v in V:
s967145561.py(51):                     v = list(map(lambda x:x%MOD,v))
 --- modulename: s967145561, funcname: <lambda>
s967145561.py(51):                     v = list(map(lambda x:x%MOD,v))
 --- modulename: s967145561, funcname: <lambda>
s967145561.py(51):                     v = list(map(lambda x:x%MOD,v))
 --- modulename: s967145561, funcname: <lambda>
s967145561.py(51):                     v = list(map(lambda x:x%MOD,v))
s967145561.py(52):                     max_length = max(v+[max_length])
s967145561.py(50):                 for v in V:
s967145561.py(51):                     v = list(map(lambda x:x%MOD,v))
 --- modulename: s967145561, funcname: <lambda>
s967145561.py(51):                     v = list(map(lambda x:x%MOD,v))
 --- modulename: s967145561, funcname: <lambda>
s967145561.py(51):                     v = list(map(lambda x:x%MOD,v))
 --- modulename: s967145561, funcname: <lambda>
s967145561.py(51):                     v = list(map(lambda x:x%MOD,v))
s967145561.py(52):                     max_length = max(v+[max_length])
s967145561.py(50):                 for v in V:
s967145561.py(51):                     v = list(map(lambda x:x%MOD,v))
 --- modulename: s967145561, funcname: <lambda>
s967145561.py(51):                     v = list(map(lambda x:x%MOD,v))
 --- modulename: s967145561, funcname: <lambda>
s967145561.py(51):                     v = list(map(lambda x:x%MOD,v))
 --- modulename: s967145561, funcname: <lambda>
s967145561.py(51):                     v = list(map(lambda x:x%MOD,v))
s967145561.py(52):                     max_length = max(v+[max_length])
s967145561.py(50):                 for v in V:
s967145561.py(45):             for w in range(W):
s967145561.py(44):         for h in range(H):
s967145561.py(54):         return max_length
4
