 --- modulename: s976901749, funcname: <module>
s976901749.py(1): import sys
s976901749.py(2): sys.setrecursionlimit(10 ** 9)
s976901749.py(4): def int1(x): return int(x) - 1
s976901749.py(5): def II(): return int(input())
s976901749.py(7): def MI(): return map(int, input().split())
s976901749.py(8): def MI1(): return map(int1, input().split())
s976901749.py(10): def LI(): return list(map(int, input().split()))
s976901749.py(11): def LI1(): return list(map(int1, input().split()))
s976901749.py(12): def LLI(rows_number): return [LI() for _ in range(rows_number)]
s976901749.py(14): def SMI(): return input().split()
s976901749.py(15): def SLI(): return list(input())
s976901749.py(17): def printlist(lst, k=' '): print(k.join(list(map(str, lst))))
s976901749.py(18): INF = float('inf')
s976901749.py(27): def solve():
s976901749.py(53): if __name__ == '__main__':
s976901749.py(54):     solve()
 --- modulename: s976901749, funcname: solve
s976901749.py(28):     S = SLI()
 --- modulename: s976901749, funcname: SLI
s976901749.py(15): def SLI(): return list(input())
 --- modulename: codecs, funcname: getstate
codecs.py(333):         return (self.buffer, 0)
 --- modulename: codecs, funcname: decode
codecs.py(321):         data = self.buffer + input
codecs.py(322):         (result, consumed) = self._buffer_decode(data, self.errors, final)
codecs.py(324):         self.buffer = data[consumed:]
codecs.py(325):         return result
s976901749.py(29):     l = len(S)
s976901749.py(30):     MOD = 1000000007
s976901749.py(31):     dp = [[0]*13 for _ in range(l+1)]
 --- modulename: s976901749, funcname: <listcomp>
s976901749.py(31):     dp = [[0]*13 for _ in range(l+1)]
s976901749.py(31):     dp = [[0]*13 for _ in range(l+1)]
s976901749.py(31):     dp = [[0]*13 for _ in range(l+1)]
s976901749.py(31):     dp = [[0]*13 for _ in range(l+1)]
s976901749.py(31):     dp = [[0]*13 for _ in range(l+1)]
s976901749.py(31):     dp = [[0]*13 for _ in range(l+1)]
s976901749.py(31):     dp = [[0]*13 for _ in range(l+1)]
s976901749.py(31):     dp = [[0]*13 for _ in range(l+1)]
s976901749.py(32):     dp[0][0] = 1
s976901749.py(33):     mul = 1
s976901749.py(34):     S = S[::-1]
s976901749.py(35):     for i in range(l):
s976901749.py(37):         s = S[i]
s976901749.py(38):         if s == '?':
s976901749.py(44):             for j in range(13):
s976901749.py(45):                 k = int(s)
s976901749.py(46):                 dp[i+1][(k*mul + j)%13] += dp[i][j]
s976901749.py(47):                 dp[i+1][(k*mul + j)%13] %= MOD
s976901749.py(44):             for j in range(13):
s976901749.py(45):                 k = int(s)
s976901749.py(46):                 dp[i+1][(k*mul + j)%13] += dp[i][j]
s976901749.py(47):                 dp[i+1][(k*mul + j)%13] %= MOD
s976901749.py(44):             for j in range(13):
s976901749.py(45):                 k = int(s)
s976901749.py(46):                 dp[i+1][(k*mul + j)%13] += dp[i][j]
s976901749.py(47):                 dp[i+1][(k*mul + j)%13] %= MOD
s976901749.py(44):             for j in range(13):
s976901749.py(45):                 k = int(s)
s976901749.py(46):                 dp[i+1][(k*mul + j)%13] += dp[i][j]
s976901749.py(47):                 dp[i+1][(k*mul + j)%13] %= MOD
s976901749.py(44):             for j in range(13):
s976901749.py(45):                 k = int(s)
s976901749.py(46):                 dp[i+1][(k*mul + j)%13] += dp[i][j]
s976901749.py(47):                 dp[i+1][(k*mul + j)%13] %= MOD
s976901749.py(44):             for j in range(13):
s976901749.py(45):                 k = int(s)
s976901749.py(46):                 dp[i+1][(k*mul + j)%13] += dp[i][j]
s976901749.py(47):                 dp[i+1][(k*mul + j)%13] %= MOD
s976901749.py(44):             for j in range(13):
s976901749.py(45):                 k = int(s)
s976901749.py(46):                 dp[i+1][(k*mul + j)%13] += dp[i][j]
s976901749.py(47):                 dp[i+1][(k*mul + j)%13] %= MOD
s976901749.py(44):             for j in range(13):
s976901749.py(45):                 k = int(s)
s976901749.py(46):                 dp[i+1][(k*mul + j)%13] += dp[i][j]
s976901749.py(47):                 dp[i+1][(k*mul + j)%13] %= MOD
s976901749.py(44):             for j in range(13):
s976901749.py(45):                 k = int(s)
s976901749.py(46):                 dp[i+1][(k*mul + j)%13] += dp[i][j]
s976901749.py(47):                 dp[i+1][(k*mul + j)%13] %= MOD
s976901749.py(44):             for j in range(13):
s976901749.py(45):                 k = int(s)
s976901749.py(46):                 dp[i+1][(k*mul + j)%13] += dp[i][j]
s976901749.py(47):                 dp[i+1][(k*mul + j)%13] %= MOD
s976901749.py(44):             for j in range(13):
s976901749.py(45):                 k = int(s)
s976901749.py(46):                 dp[i+1][(k*mul + j)%13] += dp[i][j]
s976901749.py(47):                 dp[i+1][(k*mul + j)%13] %= MOD
s976901749.py(44):             for j in range(13):
s976901749.py(45):                 k = int(s)
s976901749.py(46):                 dp[i+1][(k*mul + j)%13] += dp[i][j]
s976901749.py(47):                 dp[i+1][(k*mul + j)%13] %= MOD
s976901749.py(44):             for j in range(13):
s976901749.py(45):                 k = int(s)
s976901749.py(46):                 dp[i+1][(k*mul + j)%13] += dp[i][j]
s976901749.py(47):                 dp[i+1][(k*mul + j)%13] %= MOD
s976901749.py(44):             for j in range(13):
s976901749.py(49):         mul = mul * 10 % 13
s976901749.py(35):     for i in range(l):
s976901749.py(37):         s = S[i]
s976901749.py(38):         if s == '?':
s976901749.py(39):             for q in range(10):
s976901749.py(40):                 for j in range(13):
s976901749.py(41):                     dp[i+1][(q*mul + j)%13] += dp[i][j]
s976901749.py(42):                     dp[i+1][(q*mul + j)%13] %= MOD
s976901749.py(40):                 for j in range(13):
s976901749.py(41):                     dp[i+1][(q*mul + j)%13] += dp[i][j]
s976901749.py(42):                     dp[i+1][(q*mul + j)%13] %= MOD
s976901749.py(40):                 for j in range(13):
s976901749.py(41):                     dp[i+1][(q*mul + j)%13] += dp[i][j]
s976901749.py(42):                     dp[i+1][(q*mul + j)%13] %= MOD
s976901749.py(40):                 for j in range(13):
s976901749.py(41):                     dp[i+1][(q*mul + j)%13] += dp[i][j]
s976901749.py(42):                     dp[i+1][(q*mul + j)%13] %= MOD
s976901749.py(40):                 for j in range(13):
s976901749.py(41):                     dp[i+1][(q*mul + j)%13] += dp[i][j]
s976901749.py(42):                     dp[i+1][(q*mul + j)%13] %= MOD
s976901749.py(40):                 for j in range(13):
s976901749.py(41):                     dp[i+1][(q*mul + j)%13] += dp[i][j]
s976901749.py(42):                     dp[i+1][(q*mul + j)%13] %= MOD
s976901749.py(40):                 for j in range(13):
s976901749.py(41):                     dp[i+1][(q*mul + j)%13] += dp[i][j]
s976901749.py(42):                     dp[i+1][(q*mul + j)%13] %= MOD
s976901749.py(40):                 for j in range(13):
s976901749.py(41):                     dp[i+1][(q*mul + j)%13] += dp[i][j]
s976901749.py(42):                     dp[i+1][(q*mul + j)%13] %= MOD
s976901749.py(40):                 for j in range(13):
s976901749.py(41):                     dp[i+1][(q*mul + j)%13] += dp[i][j]
s976901749.py(42):                     dp[i+1][(q*mul + j)%13] %= MOD
s976901749.py(40):                 for j in range(13):
s976901749.py(41):                     dp[i+1][(q*mul + j)%13] += dp[i][j]
s976901749.py(42):                     dp[i+1][(q*mul + j)%13] %= MOD
s976901749.py(40):                 for j in range(13):
s976901749.py(41):                     dp[i+1][(q*mul + j)%13] += dp[i][j]
s976901749.py(42):                     dp[i+1][(q*mul + j)%13] %= MOD
s976901749.py(40):                 for j in range(13):
s976901749.py(41):                     dp[i+1][(q*mul + j)%13] += dp[i][j]
s976901749.py(42):                     dp[i+1][(q*mul + j)%13] %= MOD
s976901749.py(40):                 for j in range(13):
s976901749.py(41):                     dp[i+1][(q*mul + j)%13] += dp[i][j]
s976901749.py(42):                     dp[i+1][(q*mul + j)%13] %= MOD
s976901749.py(40):                 for j in range(13):
s976901749.py(39):             for q in range(10):
s976901749.py(40):                 for j in range(13):
s976901749.py(41):                     dp[i+1][(q*mul + j)%13] += dp[i][j]
s976901749.py(42):                     dp[i+1][(q*mul + j)%13] %= MOD
s976901749.py(40):                 for j in range(13):
s976901749.py(41):                     dp[i+1][(q*mul + j)%13] += dp[i][j]
s976901749.py(42):                     dp[i+1][(q*mul + j)%13] %= MOD
s976901749.py(40):                 for j in range(13):
s976901749.py(41):                     dp[i+1][(q*mul + j)%13] += dp[i][j]
s976901749.py(42):                     dp[i+1][(q*mul + j)%13] %= MOD
s976901749.py(40):                 for j in range(13):
s976901749.py(41):                     dp[i+1][(q*mul + j)%13] += dp[i][j]
s976901749.py(42):                     dp[i+1][(q*mul + j)%13] %= MOD
s976901749.py(40):                 for j in range(13):
s976901749.py(41):                     dp[i+1][(q*mul + j)%13] += dp[i][j]
s976901749.py(42):                     dp[i+1][(q*mul + j)%13] %= MOD
s976901749.py(40):                 for j in range(13):
s976901749.py(41):                     dp[i+1][(q*mul + j)%13] += dp[i][j]
s976901749.py(42):                     dp[i+1][(q*mul + j)%13] %= MOD
s976901749.py(40):                 for j in range(13):
s976901749.py(41):                     dp[i+1][(q*mul + j)%13] += dp[i][j]
s976901749.py(42):                     dp[i+1][(q*mul + j)%13] %= MOD
s976901749.py(40):                 for j in range(13):
s976901749.py(41):                     dp[i+1][(q*mul + j)%13] += dp[i][j]
s976901749.py(42):                     dp[i+1][(q*mul + j)%13] %= MOD
s976901749.py(40):                 for j in range(13):
s976901749.py(41):                     dp[i+1][(q*mul + j)%13] += dp[i][j]
s976901749.py(42):                     dp[i+1][(q*mul + j)%13] %= MOD
s976901749.py(40):                 for j in range(13):
s976901749.py(41):                     dp[i+1][(q*mul + j)%13] += dp[i][j]
s976901749.py(42):                     dp[i+1][(q*mul + j)%13] %= MOD
s976901749.py(40):                 for j in range(13):
s976901749.py(41):                     dp[i+1][(q*mul + j)%13] += dp[i][j]
s976901749.py(42):                     dp[i+1][(q*mul + j)%13] %= MOD
s976901749.py(40):                 for j in range(13):
s976901749.py(41):                     dp[i+1][(q*mul + j)%13] += dp[i][j]
s976901749.py(42):                     dp[i+1][(q*mul + j)%13] %= MOD
s976901749.py(40):                 for j in range(13):
s976901749.py(41):                     dp[i+1][(q*mul + j)%13] += dp[i][j]
s976901749.py(42):                     dp[i+1][(q*mul + j)%13] %= MOD
s976901749.py(40):                 for j in range(13):
s976901749.py(39):             for q in range(10):
s976901749.py(40):                 for j in range(13):
s976901749.py(41):                     dp[i+1][(q*mul + j)%13] += dp[i][j]
s976901749.py(42):                     dp[i+1][(q*mul + j)%13] %= MOD
s976901749.py(40):                 for j in range(13):
s976901749.py(41):                     dp[i+1][(q*mul + j)%13] += dp[i][j]
s976901749.py(42):                     dp[i+1][(q*mul + j)%13] %= MOD
s976901749.py(40):                 for j in range(13):
s976901749.py(41):                     dp[i+1][(q*mul + j)%13] += dp[i][j]
s976901749.py(42):                     dp[i+1][(q*mul + j)%13] %= MOD
s976901749.py(40):                 for j in range(13):
s976901749.py(41):                     dp[i+1][(q*mul + j)%13] += dp[i][j]
s976901749.py(42):                     dp[i+1][(q*mul + j)%13] %= MOD
s976901749.py(40):                 for j in range(13):
s976901749.py(41):                     dp[i+1][(q*mul + j)%13] += dp[i][j]
s976901749.py(42):                     dp[i+1][(q*mul + j)%13] %= MOD
s976901749.py(40):                 for j in range(13):
s976901749.py(41):                     dp[i+1][(q*mul + j)%13] += dp[i][j]
s976901749.py(42):                     dp[i+1][(q*mul + j)%13] %= MOD
s976901749.py(40):                 for j in range(13):
s976901749.py(41):                     dp[i+1][(q*mul + j)%13] += dp[i][j]
s976901749.py(42):                     dp[i+1][(q*mul + j)%13] %= MOD
s976901749.py(40):                 for j in range(13):
s976901749.py(41):                     dp[i+1][(q*mul + j)%13] += dp[i][j]
s976901749.py(42):                     dp[i+1][(q*mul + j)%13] %= MOD
s976901749.py(40):                 for j in range(13):
s976901749.py(41):                     dp[i+1][(q*mul + j)%13] += dp[i][j]
s976901749.py(42):                     dp[i+1][(q*mul + j)%13] %= MOD
s976901749.py(40):                 for j in range(13):
s976901749.py(41):                     dp[i+1][(q*mul + j)%13] += dp[i][j]
s976901749.py(42):                     dp[i+1][(q*mul + j)%13] %= MOD
s976901749.py(40):                 for j in range(13):
s976901749.py(41):                     dp[i+1][(q*mul + j)%13] += dp[i][j]
s976901749.py(42):                     dp[i+1][(q*mul + j)%13] %= MOD
s976901749.py(40):                 for j in range(13):
s976901749.py(41):                     dp[i+1][(q*mul + j)%13] += dp[i][j]
s976901749.py(42):                     dp[i+1][(q*mul + j)%13] %= MOD
s976901749.py(40):                 for j in range(13):
s976901749.py(41):                     dp[i+1][(q*mul + j)%13] += dp[i][j]
s976901749.py(42):                     dp[i+1][(q*mul + j)%13] %= MOD
s976901749.py(40):                 for j in range(13):
s976901749.py(39):             for q in range(10):
s976901749.py(40):                 for j in range(13):
s976901749.py(41):                     dp[i+1][(q*mul + j)%13] += dp[i][j]
s976901749.py(42):                     dp[i+1][(q*mul + j)%13] %= MOD
s976901749.py(40):                 for j in range(13):
s976901749.py(41):                     dp[i+1][(q*mul + j)%13] += dp[i][j]
s976901749.py(42):                     dp[i+1][(q*mul + j)%13] %= MOD
s976901749.py(40):                 for j in range(13):
s976901749.py(41):                     dp[i+1][(q*mul + j)%13] += dp[i][j]
s976901749.py(42):                     dp[i+1][(q*mul + j)%13] %= MOD
s976901749.py(40):                 for j in range(13):
s976901749.py(41):                     dp[i+1][(q*mul + j)%13] += dp[i][j]
s976901749.py(42):                     dp[i+1][(q*mul + j)%13] %= MOD
s976901749.py(40):                 for j in range(13):
s976901749.py(41):                     dp[i+1][(q*mul + j)%13] += dp[i][j]
s976901749.py(42):                     dp[i+1][(q*mul + j)%13] %= MOD
s976901749.py(40):                 for j in range(13):
s976901749.py(41):                     dp[i+1][(q*mul + j)%13] += dp[i][j]
s976901749.py(42):                     dp[i+1][(q*mul + j)%13] %= MOD
s976901749.py(40):                 for j in range(13):
s976901749.py(41):                     dp[i+1][(q*mul + j)%13] += dp[i][j]
s976901749.py(42):                     dp[i+1][(q*mul + j)%13] %= MOD
s976901749.py(40):                 for j in range(13):
s976901749.py(41):                     dp[i+1][(q*mul + j)%13] += dp[i][j]
s976901749.py(42):                     dp[i+1][(q*mul + j)%13] %= MOD
s976901749.py(40):                 for j in range(13):
s976901749.py(41):                     dp[i+1][(q*mul + j)%13] += dp[i][j]
s976901749.py(42):                     dp[i+1][(q*mul + j)%13] %= MOD
s976901749.py(40):                 for j in range(13):
s976901749.py(41):                     dp[i+1][(q*mul + j)%13] += dp[i][j]
s976901749.py(42):                     dp[i+1][(q*mul + j)%13] %= MOD
s976901749.py(40):                 for j in range(13):
s976901749.py(41):                     dp[i+1][(q*mul + j)%13] += dp[i][j]
s976901749.py(42):                     dp[i+1][(q*mul + j)%13] %= MOD
s976901749.py(40):                 for j in range(13):
s976901749.py(41):                     dp[i+1][(q*mul + j)%13] += dp[i][j]
s976901749.py(42):                     dp[i+1][(q*mul + j)%13] %= MOD
s976901749.py(40):                 for j in range(13):
s976901749.py(41):                     dp[i+1][(q*mul + j)%13] += dp[i][j]
s976901749.py(42):                     dp[i+1][(q*mul + j)%13] %= MOD
s976901749.py(40):                 for j in range(13):
s976901749.py(39):             for q in range(10):
s976901749.py(40):                 for j in range(13):
s976901749.py(41):                     dp[i+1][(q*mul + j)%13] += dp[i][j]
s976901749.py(42):                     dp[i+1][(q*mul + j)%13] %= MOD
s976901749.py(40):                 for j in range(13):
s976901749.py(41):                     dp[i+1][(q*mul + j)%13] += dp[i][j]
s976901749.py(42):                     dp[i+1][(q*mul + j)%13] %= MOD
s976901749.py(40):                 for j in range(13):
s976901749.py(41):                     dp[i+1][(q*mul + j)%13] += dp[i][j]
s976901749.py(42):                     dp[i+1][(q*mul + j)%13] %= MOD
s976901749.py(40):                 for j in range(13):
s976901749.py(41):                     dp[i+1][(q*mul + j)%13] += dp[i][j]
s976901749.py(42):                     dp[i+1][(q*mul + j)%13] %= MOD
s976901749.py(40):                 for j in range(13):
s976901749.py(41):                     dp[i+1][(q*mul + j)%13] += dp[i][j]
s976901749.py(42):                     dp[i+1][(q*mul + j)%13] %= MOD
s976901749.py(40):                 for j in range(13):
s976901749.py(41):                     dp[i+1][(q*mul + j)%13] += dp[i][j]
s976901749.py(42):                     dp[i+1][(q*mul + j)%13] %= MOD
s976901749.py(40):                 for j in range(13):
s976901749.py(41):                     dp[i+1][(q*mul + j)%13] += dp[i][j]
s976901749.py(42):                     dp[i+1][(q*mul + j)%13] %= MOD
s976901749.py(40):                 for j in range(13):
s976901749.py(41):                     dp[i+1][(q*mul + j)%13] += dp[i][j]
s976901749.py(42):                     dp[i+1][(q*mul + j)%13] %= MOD
s976901749.py(40):                 for j in range(13):
s976901749.py(41):                     dp[i+1][(q*mul + j)%13] += dp[i][j]
s976901749.py(42):                     dp[i+1][(q*mul + j)%13] %= MOD
s976901749.py(40):                 for j in range(13):
s976901749.py(41):                     dp[i+1][(q*mul + j)%13] += dp[i][j]
s976901749.py(42):                     dp[i+1][(q*mul + j)%13] %= MOD
s976901749.py(40):                 for j in range(13):
s976901749.py(41):                     dp[i+1][(q*mul + j)%13] += dp[i][j]
s976901749.py(42):                     dp[i+1][(q*mul + j)%13] %= MOD
s976901749.py(40):                 for j in range(13):
s976901749.py(41):                     dp[i+1][(q*mul + j)%13] += dp[i][j]
s976901749.py(42):                     dp[i+1][(q*mul + j)%13] %= MOD
s976901749.py(40):                 for j in range(13):
s976901749.py(41):                     dp[i+1][(q*mul + j)%13] += dp[i][j]
s976901749.py(42):                     dp[i+1][(q*mul + j)%13] %= MOD
s976901749.py(40):                 for j in range(13):
s976901749.py(39):             for q in range(10):
s976901749.py(40):                 for j in range(13):
s976901749.py(41):                     dp[i+1][(q*mul + j)%13] += dp[i][j]
s976901749.py(42):                     dp[i+1][(q*mul + j)%13] %= MOD
s976901749.py(40):                 for j in range(13):
s976901749.py(41):                     dp[i+1][(q*mul + j)%13] += dp[i][j]
s976901749.py(42):                     dp[i+1][(q*mul + j)%13] %= MOD
s976901749.py(40):                 for j in range(13):
s976901749.py(41):                     dp[i+1][(q*mul + j)%13] += dp[i][j]
s976901749.py(42):                     dp[i+1][(q*mul + j)%13] %= MOD
s976901749.py(40):                 for j in range(13):
s976901749.py(41):                     dp[i+1][(q*mul + j)%13] += dp[i][j]
s976901749.py(42):                     dp[i+1][(q*mul + j)%13] %= MOD
s976901749.py(40):                 for j in range(13):
s976901749.py(41):                     dp[i+1][(q*mul + j)%13] += dp[i][j]
s976901749.py(42):                     dp[i+1][(q*mul + j)%13] %= MOD
s976901749.py(40):                 for j in range(13):
s976901749.py(41):                     dp[i+1][(q*mul + j)%13] += dp[i][j]
s976901749.py(42):                     dp[i+1][(q*mul + j)%13] %= MOD
s976901749.py(40):                 for j in range(13):
s976901749.py(41):                     dp[i+1][(q*mul + j)%13] += dp[i][j]
s976901749.py(42):                     dp[i+1][(q*mul + j)%13] %= MOD
s976901749.py(40):                 for j in range(13):
s976901749.py(41):                     dp[i+1][(q*mul + j)%13] += dp[i][j]
s976901749.py(42):                     dp[i+1][(q*mul + j)%13] %= MOD
s976901749.py(40):                 for j in range(13):
s976901749.py(41):                     dp[i+1][(q*mul + j)%13] += dp[i][j]
s976901749.py(42):                     dp[i+1][(q*mul + j)%13] %= MOD
s976901749.py(40):                 for j in range(13):
s976901749.py(41):                     dp[i+1][(q*mul + j)%13] += dp[i][j]
s976901749.py(42):                     dp[i+1][(q*mul + j)%13] %= MOD
s976901749.py(40):                 for j in range(13):
s976901749.py(41):                     dp[i+1][(q*mul + j)%13] += dp[i][j]
s976901749.py(42):                     dp[i+1][(q*mul + j)%13] %= MOD
s976901749.py(40):                 for j in range(13):
s976901749.py(41):                     dp[i+1][(q*mul + j)%13] += dp[i][j]
s976901749.py(42):                     dp[i+1][(q*mul + j)%13] %= MOD
s976901749.py(40):                 for j in range(13):
s976901749.py(41):                     dp[i+1][(q*mul + j)%13] += dp[i][j]
s976901749.py(42):                     dp[i+1][(q*mul + j)%13] %= MOD
s976901749.py(40):                 for j in range(13):
s976901749.py(39):             for q in range(10):
s976901749.py(40):                 for j in range(13):
s976901749.py(41):                     dp[i+1][(q*mul + j)%13] += dp[i][j]
s976901749.py(42):                     dp[i+1][(q*mul + j)%13] %= MOD
s976901749.py(40):                 for j in range(13):
s976901749.py(41):                     dp[i+1][(q*mul + j)%13] += dp[i][j]
s976901749.py(42):                     dp[i+1][(q*mul + j)%13] %= MOD
s976901749.py(40):                 for j in range(13):
s976901749.py(41):                     dp[i+1][(q*mul + j)%13] += dp[i][j]
s976901749.py(42):                     dp[i+1][(q*mul + j)%13] %= MOD
s976901749.py(40):                 for j in range(13):
s976901749.py(41):                     dp[i+1][(q*mul + j)%13] += dp[i][j]
s976901749.py(42):                     dp[i+1][(q*mul + j)%13] %= MOD
s976901749.py(40):                 for j in range(13):
s976901749.py(41):                     dp[i+1][(q*mul + j)%13] += dp[i][j]
s976901749.py(42):                     dp[i+1][(q*mul + j)%13] %= MOD
s976901749.py(40):                 for j in range(13):
s976901749.py(41):                     dp[i+1][(q*mul + j)%13] += dp[i][j]
s976901749.py(42):                     dp[i+1][(q*mul + j)%13] %= MOD
s976901749.py(40):                 for j in range(13):
s976901749.py(41):                     dp[i+1][(q*mul + j)%13] += dp[i][j]
s976901749.py(42):                     dp[i+1][(q*mul + j)%13] %= MOD
s976901749.py(40):                 for j in range(13):
s976901749.py(41):                     dp[i+1][(q*mul + j)%13] += dp[i][j]
s976901749.py(42):                     dp[i+1][(q*mul + j)%13] %= MOD
s976901749.py(40):                 for j in range(13):
s976901749.py(41):                     dp[i+1][(q*mul + j)%13] += dp[i][j]
s976901749.py(42):                     dp[i+1][(q*mul + j)%13] %= MOD
s976901749.py(40):                 for j in range(13):
s976901749.py(41):                     dp[i+1][(q*mul + j)%13] += dp[i][j]
s976901749.py(42):                     dp[i+1][(q*mul + j)%13] %= MOD
s976901749.py(40):                 for j in range(13):
s976901749.py(41):                     dp[i+1][(q*mul + j)%13] += dp[i][j]
s976901749.py(42):                     dp[i+1][(q*mul + j)%13] %= MOD
s976901749.py(40):                 for j in range(13):
s976901749.py(41):                     dp[i+1][(q*mul + j)%13] += dp[i][j]
s976901749.py(42):                     dp[i+1][(q*mul + j)%13] %= MOD
s976901749.py(40):                 for j in range(13):
s976901749.py(41):                     dp[i+1][(q*mul + j)%13] += dp[i][j]
s976901749.py(42):                     dp[i+1][(q*mul + j)%13] %= MOD
s976901749.py(40):                 for j in range(13):
s976901749.py(39):             for q in range(10):
s976901749.py(40):                 for j in range(13):
s976901749.py(41):                     dp[i+1][(q*mul + j)%13] += dp[i][j]
s976901749.py(42):                     dp[i+1][(q*mul + j)%13] %= MOD
s976901749.py(40):                 for j in range(13):
s976901749.py(41):                     dp[i+1][(q*mul + j)%13] += dp[i][j]
s976901749.py(42):                     dp[i+1][(q*mul + j)%13] %= MOD
s976901749.py(40):                 for j in range(13):
s976901749.py(41):                     dp[i+1][(q*mul + j)%13] += dp[i][j]
s976901749.py(42):                     dp[i+1][(q*mul + j)%13] %= MOD
s976901749.py(40):                 for j in range(13):
s976901749.py(41):                     dp[i+1][(q*mul + j)%13] += dp[i][j]
s976901749.py(42):                     dp[i+1][(q*mul + j)%13] %= MOD
s976901749.py(40):                 for j in range(13):
s976901749.py(41):                     dp[i+1][(q*mul + j)%13] += dp[i][j]
s976901749.py(42):                     dp[i+1][(q*mul + j)%13] %= MOD
s976901749.py(40):                 for j in range(13):
s976901749.py(41):                     dp[i+1][(q*mul + j)%13] += dp[i][j]
s976901749.py(42):                     dp[i+1][(q*mul + j)%13] %= MOD
s976901749.py(40):                 for j in range(13):
s976901749.py(41):                     dp[i+1][(q*mul + j)%13] += dp[i][j]
s976901749.py(42):                     dp[i+1][(q*mul + j)%13] %= MOD
s976901749.py(40):                 for j in range(13):
s976901749.py(41):                     dp[i+1][(q*mul + j)%13] += dp[i][j]
s976901749.py(42):                     dp[i+1][(q*mul + j)%13] %= MOD
s976901749.py(40):                 for j in range(13):
s976901749.py(41):                     dp[i+1][(q*mul + j)%13] += dp[i][j]
s976901749.py(42):                     dp[i+1][(q*mul + j)%13] %= MOD
s976901749.py(40):                 for j in range(13):
s976901749.py(41):                     dp[i+1][(q*mul + j)%13] += dp[i][j]
s976901749.py(42):                     dp[i+1][(q*mul + j)%13] %= MOD
s976901749.py(40):                 for j in range(13):
s976901749.py(41):                     dp[i+1][(q*mul + j)%13] += dp[i][j]
s976901749.py(42):                     dp[i+1][(q*mul + j)%13] %= MOD
s976901749.py(40):                 for j in range(13):
s976901749.py(41):                     dp[i+1][(q*mul + j)%13] += dp[i][j]
s976901749.py(42):                     dp[i+1][(q*mul + j)%13] %= MOD
s976901749.py(40):                 for j in range(13):
s976901749.py(41):                     dp[i+1][(q*mul + j)%13] += dp[i][j]
s976901749.py(42):                     dp[i+1][(q*mul + j)%13] %= MOD
s976901749.py(40):                 for j in range(13):
s976901749.py(39):             for q in range(10):
s976901749.py(40):                 for j in range(13):
s976901749.py(41):                     dp[i+1][(q*mul + j)%13] += dp[i][j]
s976901749.py(42):                     dp[i+1][(q*mul + j)%13] %= MOD
s976901749.py(40):                 for j in range(13):
s976901749.py(41):                     dp[i+1][(q*mul + j)%13] += dp[i][j]
s976901749.py(42):                     dp[i+1][(q*mul + j)%13] %= MOD
s976901749.py(40):                 for j in range(13):
s976901749.py(41):                     dp[i+1][(q*mul + j)%13] += dp[i][j]
s976901749.py(42):                     dp[i+1][(q*mul + j)%13] %= MOD
s976901749.py(40):                 for j in range(13):
s976901749.py(41):                     dp[i+1][(q*mul + j)%13] += dp[i][j]
s976901749.py(42):                     dp[i+1][(q*mul + j)%13] %= MOD
s976901749.py(40):                 for j in range(13):
s976901749.py(41):                     dp[i+1][(q*mul + j)%13] += dp[i][j]
s976901749.py(42):                     dp[i+1][(q*mul + j)%13] %= MOD
s976901749.py(40):                 for j in range(13):
s976901749.py(41):                     dp[i+1][(q*mul + j)%13] += dp[i][j]
s976901749.py(42):                     dp[i+1][(q*mul + j)%13] %= MOD
s976901749.py(40):                 for j in range(13):
s976901749.py(41):                     dp[i+1][(q*mul + j)%13] += dp[i][j]
s976901749.py(42):                     dp[i+1][(q*mul + j)%13] %= MOD
s976901749.py(40):                 for j in range(13):
s976901749.py(41):                     dp[i+1][(q*mul + j)%13] += dp[i][j]
s976901749.py(42):                     dp[i+1][(q*mul + j)%13] %= MOD
s976901749.py(40):                 for j in range(13):
s976901749.py(41):                     dp[i+1][(q*mul + j)%13] += dp[i][j]
s976901749.py(42):                     dp[i+1][(q*mul + j)%13] %= MOD
s976901749.py(40):                 for j in range(13):
s976901749.py(41):                     dp[i+1][(q*mul + j)%13] += dp[i][j]
s976901749.py(42):                     dp[i+1][(q*mul + j)%13] %= MOD
s976901749.py(40):                 for j in range(13):
s976901749.py(41):                     dp[i+1][(q*mul + j)%13] += dp[i][j]
s976901749.py(42):                     dp[i+1][(q*mul + j)%13] %= MOD
s976901749.py(40):                 for j in range(13):
s976901749.py(41):                     dp[i+1][(q*mul + j)%13] += dp[i][j]
s976901749.py(42):                     dp[i+1][(q*mul + j)%13] %= MOD
s976901749.py(40):                 for j in range(13):
s976901749.py(41):                     dp[i+1][(q*mul + j)%13] += dp[i][j]
s976901749.py(42):                     dp[i+1][(q*mul + j)%13] %= MOD
s976901749.py(40):                 for j in range(13):
s976901749.py(39):             for q in range(10):
s976901749.py(40):                 for j in range(13):
s976901749.py(41):                     dp[i+1][(q*mul + j)%13] += dp[i][j]
s976901749.py(42):                     dp[i+1][(q*mul + j)%13] %= MOD
s976901749.py(40):                 for j in range(13):
s976901749.py(41):                     dp[i+1][(q*mul + j)%13] += dp[i][j]
s976901749.py(42):                     dp[i+1][(q*mul + j)%13] %= MOD
s976901749.py(40):                 for j in range(13):
s976901749.py(41):                     dp[i+1][(q*mul + j)%13] += dp[i][j]
s976901749.py(42):                     dp[i+1][(q*mul + j)%13] %= MOD
s976901749.py(40):                 for j in range(13):
s976901749.py(41):                     dp[i+1][(q*mul + j)%13] += dp[i][j]
s976901749.py(42):                     dp[i+1][(q*mul + j)%13] %= MOD
s976901749.py(40):                 for j in range(13):
s976901749.py(41):                     dp[i+1][(q*mul + j)%13] += dp[i][j]
s976901749.py(42):                     dp[i+1][(q*mul + j)%13] %= MOD
s976901749.py(40):                 for j in range(13):
s976901749.py(41):                     dp[i+1][(q*mul + j)%13] += dp[i][j]
s976901749.py(42):                     dp[i+1][(q*mul + j)%13] %= MOD
s976901749.py(40):                 for j in range(13):
s976901749.py(41):                     dp[i+1][(q*mul + j)%13] += dp[i][j]
s976901749.py(42):                     dp[i+1][(q*mul + j)%13] %= MOD
s976901749.py(40):                 for j in range(13):
s976901749.py(41):                     dp[i+1][(q*mul + j)%13] += dp[i][j]
s976901749.py(42):                     dp[i+1][(q*mul + j)%13] %= MOD
s976901749.py(40):                 for j in range(13):
s976901749.py(41):                     dp[i+1][(q*mul + j)%13] += dp[i][j]
s976901749.py(42):                     dp[i+1][(q*mul + j)%13] %= MOD
s976901749.py(40):                 for j in range(13):
s976901749.py(41):                     dp[i+1][(q*mul + j)%13] += dp[i][j]
s976901749.py(42):                     dp[i+1][(q*mul + j)%13] %= MOD
s976901749.py(40):                 for j in range(13):
s976901749.py(41):                     dp[i+1][(q*mul + j)%13] += dp[i][j]
s976901749.py(42):                     dp[i+1][(q*mul + j)%13] %= MOD
s976901749.py(40):                 for j in range(13):
s976901749.py(41):                     dp[i+1][(q*mul + j)%13] += dp[i][j]
s976901749.py(42):                     dp[i+1][(q*mul + j)%13] %= MOD
s976901749.py(40):                 for j in range(13):
s976901749.py(41):                     dp[i+1][(q*mul + j)%13] += dp[i][j]
s976901749.py(42):                     dp[i+1][(q*mul + j)%13] %= MOD
s976901749.py(40):                 for j in range(13):
s976901749.py(39):             for q in range(10):
s976901749.py(49):         mul = mul * 10 % 13
s976901749.py(35):     for i in range(l):
s976901749.py(37):         s = S[i]
s976901749.py(38):         if s == '?':
s976901749.py(39):             for q in range(10):
s976901749.py(40):                 for j in range(13):
s976901749.py(41):                     dp[i+1][(q*mul + j)%13] += dp[i][j]
s976901749.py(42):                     dp[i+1][(q*mul + j)%13] %= MOD
s976901749.py(40):                 for j in range(13):
s976901749.py(41):                     dp[i+1][(q*mul + j)%13] += dp[i][j]
s976901749.py(42):                     dp[i+1][(q*mul + j)%13] %= MOD
s976901749.py(40):                 for j in range(13):
s976901749.py(41):                     dp[i+1][(q*mul + j)%13] += dp[i][j]
s976901749.py(42):                     dp[i+1][(q*mul + j)%13] %= MOD
s976901749.py(40):                 for j in range(13):
s976901749.py(41):                     dp[i+1][(q*mul + j)%13] += dp[i][j]
s976901749.py(42):                     dp[i+1][(q*mul + j)%13] %= MOD
s976901749.py(40):                 for j in range(13):
s976901749.py(41):                     dp[i+1][(q*mul + j)%13] += dp[i][j]
s976901749.py(42):                     dp[i+1][(q*mul + j)%13] %= MOD
s976901749.py(40):                 for j in range(13):
s976901749.py(41):                     dp[i+1][(q*mul + j)%13] += dp[i][j]
s976901749.py(42):                     dp[i+1][(q*mul + j)%13] %= MOD
s976901749.py(40):                 for j in range(13):
s976901749.py(41):                     dp[i+1][(q*mul + j)%13] += dp[i][j]
s976901749.py(42):                     dp[i+1][(q*mul + j)%13] %= MOD
s976901749.py(40):                 for j in range(13):
s976901749.py(41):                     dp[i+1][(q*mul + j)%13] += dp[i][j]
s976901749.py(42):                     dp[i+1][(q*mul + j)%13] %= MOD
s976901749.py(40):                 for j in range(13):
s976901749.py(41):                     dp[i+1][(q*mul + j)%13] += dp[i][j]
s976901749.py(42):                     dp[i+1][(q*mul + j)%13] %= MOD
s976901749.py(40):                 for j in range(13):
s976901749.py(41):                     dp[i+1][(q*mul + j)%13] += dp[i][j]
s976901749.py(42):                     dp[i+1][(q*mul + j)%13] %= MOD
s976901749.py(40):                 for j in range(13):
s976901749.py(41):                     dp[i+1][(q*mul + j)%13] += dp[i][j]
s976901749.py(42):                     dp[i+1][(q*mul + j)%13] %= MOD
s976901749.py(40):                 for j in range(13):
s976901749.py(41):                     dp[i+1][(q*mul + j)%13] += dp[i][j]
s976901749.py(42):                     dp[i+1][(q*mul + j)%13] %= MOD
s976901749.py(40):                 for j in range(13):
s976901749.py(41):                     dp[i+1][(q*mul + j)%13] += dp[i][j]
s976901749.py(42):                     dp[i+1][(q*mul + j)%13] %= MOD
s976901749.py(40):                 for j in range(13):
s976901749.py(39):             for q in range(10):
s976901749.py(40):                 for j in range(13):
s976901749.py(41):                     dp[i+1][(q*mul + j)%13] += dp[i][j]
s976901749.py(42):                     dp[i+1][(q*mul + j)%13] %= MOD
s976901749.py(40):                 for j in range(13):
s976901749.py(41):                     dp[i+1][(q*mul + j)%13] += dp[i][j]
s976901749.py(42):                     dp[i+1][(q*mul + j)%13] %= MOD
s976901749.py(40):                 for j in range(13):
s976901749.py(41):                     dp[i+1][(q*mul + j)%13] += dp[i][j]
s976901749.py(42):                     dp[i+1][(q*mul + j)%13] %= MOD
s976901749.py(40):                 for j in range(13):
s976901749.py(41):                     dp[i+1][(q*mul + j)%13] += dp[i][j]
s976901749.py(42):                     dp[i+1][(q*mul + j)%13] %= MOD
s976901749.py(40):                 for j in range(13):
s976901749.py(41):                     dp[i+1][(q*mul + j)%13] += dp[i][j]
s976901749.py(42):                     dp[i+1][(q*mul + j)%13] %= MOD
s976901749.py(40):                 for j in range(13):
s976901749.py(41):                     dp[i+1][(q*mul + j)%13] += dp[i][j]
s976901749.py(42):                     dp[i+1][(q*mul + j)%13] %= MOD
s976901749.py(40):                 for j in range(13):
s976901749.py(41):                     dp[i+1][(q*mul + j)%13] += dp[i][j]
s976901749.py(42):                     dp[i+1][(q*mul + j)%13] %= MOD
s976901749.py(40):                 for j in range(13):
s976901749.py(41):                     dp[i+1][(q*mul + j)%13] += dp[i][j]
s976901749.py(42):                     dp[i+1][(q*mul + j)%13] %= MOD
s976901749.py(40):                 for j in range(13):
s976901749.py(41):                     dp[i+1][(q*mul + j)%13] += dp[i][j]
s976901749.py(42):                     dp[i+1][(q*mul + j)%13] %= MOD
s976901749.py(40):                 for j in range(13):
s976901749.py(41):                     dp[i+1][(q*mul + j)%13] += dp[i][j]
s976901749.py(42):                     dp[i+1][(q*mul + j)%13] %= MOD
s976901749.py(40):                 for j in range(13):
s976901749.py(41):                     dp[i+1][(q*mul + j)%13] += dp[i][j]
s976901749.py(42):                     dp[i+1][(q*mul + j)%13] %= MOD
s976901749.py(40):                 for j in range(13):
s976901749.py(41):                     dp[i+1][(q*mul + j)%13] += dp[i][j]
s976901749.py(42):                     dp[i+1][(q*mul + j)%13] %= MOD
s976901749.py(40):                 for j in range(13):
s976901749.py(41):                     dp[i+1][(q*mul + j)%13] += dp[i][j]
s976901749.py(42):                     dp[i+1][(q*mul + j)%13] %= MOD
s976901749.py(40):                 for j in range(13):
s976901749.py(39):             for q in range(10):
s976901749.py(40):                 for j in range(13):
s976901749.py(41):                     dp[i+1][(q*mul + j)%13] += dp[i][j]
s976901749.py(42):                     dp[i+1][(q*mul + j)%13] %= MOD
s976901749.py(40):                 for j in range(13):
s976901749.py(41):                     dp[i+1][(q*mul + j)%13] += dp[i][j]
s976901749.py(42):                     dp[i+1][(q*mul + j)%13] %= MOD
s976901749.py(40):                 for j in range(13):
s976901749.py(41):                     dp[i+1][(q*mul + j)%13] += dp[i][j]
s976901749.py(42):                     dp[i+1][(q*mul + j)%13] %= MOD
s976901749.py(40):                 for j in range(13):
s976901749.py(41):                     dp[i+1][(q*mul + j)%13] += dp[i][j]
s976901749.py(42):                     dp[i+1][(q*mul + j)%13] %= MOD
s976901749.py(40):                 for j in range(13):
s976901749.py(41):                     dp[i+1][(q*mul + j)%13] += dp[i][j]
s976901749.py(42):                     dp[i+1][(q*mul + j)%13] %= MOD
s976901749.py(40):                 for j in range(13):
s976901749.py(41):                     dp[i+1][(q*mul + j)%13] += dp[i][j]
s976901749.py(42):                     dp[i+1][(q*mul + j)%13] %= MOD
s976901749.py(40):                 for j in range(13):
s976901749.py(41):                     dp[i+1][(q*mul + j)%13] += dp[i][j]
s976901749.py(42):                     dp[i+1][(q*mul + j)%13] %= MOD
s976901749.py(40):                 for j in range(13):
s976901749.py(41):                     dp[i+1][(q*mul + j)%13] += dp[i][j]
s976901749.py(42):                     dp[i+1][(q*mul + j)%13] %= MOD
s976901749.py(40):                 for j in range(13):
s976901749.py(41):                     dp[i+1][(q*mul + j)%13] += dp[i][j]
s976901749.py(42):                     dp[i+1][(q*mul + j)%13] %= MOD
s976901749.py(40):                 for j in range(13):
s976901749.py(41):                     dp[i+1][(q*mul + j)%13] += dp[i][j]
s976901749.py(42):                     dp[i+1][(q*mul + j)%13] %= MOD
s976901749.py(40):                 for j in range(13):
s976901749.py(41):                     dp[i+1][(q*mul + j)%13] += dp[i][j]
s976901749.py(42):                     dp[i+1][(q*mul + j)%13] %= MOD
s976901749.py(40):                 for j in range(13):
s976901749.py(41):                     dp[i+1][(q*mul + j)%13] += dp[i][j]
s976901749.py(42):                     dp[i+1][(q*mul + j)%13] %= MOD
s976901749.py(40):                 for j in range(13):
s976901749.py(41):                     dp[i+1][(q*mul + j)%13] += dp[i][j]
s976901749.py(42):                     dp[i+1][(q*mul + j)%13] %= MOD
s976901749.py(40):                 for j in range(13):
s976901749.py(39):             for q in range(10):
s976901749.py(40):                 for j in range(13):
s976901749.py(41):                     dp[i+1][(q*mul + j)%13] += dp[i][j]
s976901749.py(42):                     dp[i+1][(q*mul + j)%13] %= MOD
s976901749.py(40):                 for j in range(13):
s976901749.py(41):                     dp[i+1][(q*mul + j)%13] += dp[i][j]
s976901749.py(42):                     dp[i+1][(q*mul + j)%13] %= MOD
s976901749.py(40):                 for j in range(13):
s976901749.py(41):                     dp[i+1][(q*mul + j)%13] += dp[i][j]
s976901749.py(42):                     dp[i+1][(q*mul + j)%13] %= MOD
s976901749.py(40):                 for j in range(13):
s976901749.py(41):                     dp[i+1][(q*mul + j)%13] += dp[i][j]
s976901749.py(42):                     dp[i+1][(q*mul + j)%13] %= MOD
s976901749.py(40):                 for j in range(13):
s976901749.py(41):                     dp[i+1][(q*mul + j)%13] += dp[i][j]
s976901749.py(42):                     dp[i+1][(q*mul + j)%13] %= MOD
s976901749.py(40):                 for j in range(13):
s976901749.py(41):                     dp[i+1][(q*mul + j)%13] += dp[i][j]
s976901749.py(42):                     dp[i+1][(q*mul + j)%13] %= MOD
s976901749.py(40):                 for j in range(13):
s976901749.py(41):                     dp[i+1][(q*mul + j)%13] += dp[i][j]
s976901749.py(42):                     dp[i+1][(q*mul + j)%13] %= MOD
s976901749.py(40):                 for j in range(13):
s976901749.py(41):                     dp[i+1][(q*mul + j)%13] += dp[i][j]
s976901749.py(42):                     dp[i+1][(q*mul + j)%13] %= MOD
s976901749.py(40):                 for j in range(13):
s976901749.py(41):                     dp[i+1][(q*mul + j)%13] += dp[i][j]
s976901749.py(42):                     dp[i+1][(q*mul + j)%13] %= MOD
s976901749.py(40):                 for j in range(13):
s976901749.py(41):                     dp[i+1][(q*mul + j)%13] += dp[i][j]
s976901749.py(42):                     dp[i+1][(q*mul + j)%13] %= MOD
s976901749.py(40):                 for j in range(13):
s976901749.py(41):                     dp[i+1][(q*mul + j)%13] += dp[i][j]
s976901749.py(42):                     dp[i+1][(q*mul + j)%13] %= MOD
s976901749.py(40):                 for j in range(13):
s976901749.py(41):                     dp[i+1][(q*mul + j)%13] += dp[i][j]
s976901749.py(42):                     dp[i+1][(q*mul + j)%13] %= MOD
s976901749.py(40):                 for j in range(13):
s976901749.py(41):                     dp[i+1][(q*mul + j)%13] += dp[i][j]
s976901749.py(42):                     dp[i+1][(q*mul + j)%13] %= MOD
s976901749.py(40):                 for j in range(13):
s976901749.py(39):             for q in range(10):
s976901749.py(40):                 for j in range(13):
s976901749.py(41):                     dp[i+1][(q*mul + j)%13] += dp[i][j]
s976901749.py(42):                     dp[i+1][(q*mul + j)%13] %= MOD
s976901749.py(40):                 for j in range(13):
s976901749.py(41):                     dp[i+1][(q*mul + j)%13] += dp[i][j]
s976901749.py(42):                     dp[i+1][(q*mul + j)%13] %= MOD
s976901749.py(40):                 for j in range(13):
s976901749.py(41):                     dp[i+1][(q*mul + j)%13] += dp[i][j]
s976901749.py(42):                     dp[i+1][(q*mul + j)%13] %= MOD
s976901749.py(40):                 for j in range(13):
s976901749.py(41):                     dp[i+1][(q*mul + j)%13] += dp[i][j]
s976901749.py(42):                     dp[i+1][(q*mul + j)%13] %= MOD
s976901749.py(40):                 for j in range(13):
s976901749.py(41):                     dp[i+1][(q*mul + j)%13] += dp[i][j]
s976901749.py(42):                     dp[i+1][(q*mul + j)%13] %= MOD
s976901749.py(40):                 for j in range(13):
s976901749.py(41):                     dp[i+1][(q*mul + j)%13] += dp[i][j]
s976901749.py(42):                     dp[i+1][(q*mul + j)%13] %= MOD
s976901749.py(40):                 for j in range(13):
s976901749.py(41):                     dp[i+1][(q*mul + j)%13] += dp[i][j]
s976901749.py(42):                     dp[i+1][(q*mul + j)%13] %= MOD
s976901749.py(40):                 for j in range(13):
s976901749.py(41):                     dp[i+1][(q*mul + j)%13] += dp[i][j]
s976901749.py(42):                     dp[i+1][(q*mul + j)%13] %= MOD
s976901749.py(40):                 for j in range(13):
s976901749.py(41):                     dp[i+1][(q*mul + j)%13] += dp[i][j]
s976901749.py(42):                     dp[i+1][(q*mul + j)%13] %= MOD
s976901749.py(40):                 for j in range(13):
s976901749.py(41):                     dp[i+1][(q*mul + j)%13] += dp[i][j]
s976901749.py(42):                     dp[i+1][(q*mul + j)%13] %= MOD
s976901749.py(40):                 for j in range(13):
s976901749.py(41):                     dp[i+1][(q*mul + j)%13] += dp[i][j]
s976901749.py(42):                     dp[i+1][(q*mul + j)%13] %= MOD
s976901749.py(40):                 for j in range(13):
s976901749.py(41):                     dp[i+1][(q*mul + j)%13] += dp[i][j]
s976901749.py(42):                     dp[i+1][(q*mul + j)%13] %= MOD
s976901749.py(40):                 for j in range(13):
s976901749.py(41):                     dp[i+1][(q*mul + j)%13] += dp[i][j]
s976901749.py(42):                     dp[i+1][(q*mul + j)%13] %= MOD
s976901749.py(40):                 for j in range(13):
s976901749.py(39):             for q in range(10):
s976901749.py(40):                 for j in range(13):
s976901749.py(41):                     dp[i+1][(q*mul + j)%13] += dp[i][j]
s976901749.py(42):                     dp[i+1][(q*mul + j)%13] %= MOD
s976901749.py(40):                 for j in range(13):
s976901749.py(41):                     dp[i+1][(q*mul + j)%13] += dp[i][j]
s976901749.py(42):                     dp[i+1][(q*mul + j)%13] %= MOD
s976901749.py(40):                 for j in range(13):
s976901749.py(41):                     dp[i+1][(q*mul + j)%13] += dp[i][j]
s976901749.py(42):                     dp[i+1][(q*mul + j)%13] %= MOD
s976901749.py(40):                 for j in range(13):
s976901749.py(41):                     dp[i+1][(q*mul + j)%13] += dp[i][j]
s976901749.py(42):                     dp[i+1][(q*mul + j)%13] %= MOD
s976901749.py(40):                 for j in range(13):
s976901749.py(41):                     dp[i+1][(q*mul + j)%13] += dp[i][j]
s976901749.py(42):                     dp[i+1][(q*mul + j)%13] %= MOD
s976901749.py(40):                 for j in range(13):
s976901749.py(41):                     dp[i+1][(q*mul + j)%13] += dp[i][j]
s976901749.py(42):                     dp[i+1][(q*mul + j)%13] %= MOD
s976901749.py(40):                 for j in range(13):
s976901749.py(41):                     dp[i+1][(q*mul + j)%13] += dp[i][j]
s976901749.py(42):                     dp[i+1][(q*mul + j)%13] %= MOD
s976901749.py(40):                 for j in range(13):
s976901749.py(41):                     dp[i+1][(q*mul + j)%13] += dp[i][j]
s976901749.py(42):                     dp[i+1][(q*mul + j)%13] %= MOD
s976901749.py(40):                 for j in range(13):
s976901749.py(41):                     dp[i+1][(q*mul + j)%13] += dp[i][j]
s976901749.py(42):                     dp[i+1][(q*mul + j)%13] %= MOD
s976901749.py(40):                 for j in range(13):
s976901749.py(41):                     dp[i+1][(q*mul + j)%13] += dp[i][j]
s976901749.py(42):                     dp[i+1][(q*mul + j)%13] %= MOD
s976901749.py(40):                 for j in range(13):
s976901749.py(41):                     dp[i+1][(q*mul + j)%13] += dp[i][j]
s976901749.py(42):                     dp[i+1][(q*mul + j)%13] %= MOD
s976901749.py(40):                 for j in range(13):
s976901749.py(41):                     dp[i+1][(q*mul + j)%13] += dp[i][j]
s976901749.py(42):                     dp[i+1][(q*mul + j)%13] %= MOD
s976901749.py(40):                 for j in range(13):
s976901749.py(41):                     dp[i+1][(q*mul + j)%13] += dp[i][j]
s976901749.py(42):                     dp[i+1][(q*mul + j)%13] %= MOD
s976901749.py(40):                 for j in range(13):
s976901749.py(39):             for q in range(10):
s976901749.py(40):                 for j in range(13):
s976901749.py(41):                     dp[i+1][(q*mul + j)%13] += dp[i][j]
s976901749.py(42):                     dp[i+1][(q*mul + j)%13] %= MOD
s976901749.py(40):                 for j in range(13):
s976901749.py(41):                     dp[i+1][(q*mul + j)%13] += dp[i][j]
s976901749.py(42):                     dp[i+1][(q*mul + j)%13] %= MOD
s976901749.py(40):                 for j in range(13):
s976901749.py(41):                     dp[i+1][(q*mul + j)%13] += dp[i][j]
s976901749.py(42):                     dp[i+1][(q*mul + j)%13] %= MOD
s976901749.py(40):                 for j in range(13):
s976901749.py(41):                     dp[i+1][(q*mul + j)%13] += dp[i][j]
s976901749.py(42):                     dp[i+1][(q*mul + j)%13] %= MOD
s976901749.py(40):                 for j in range(13):
s976901749.py(41):                     dp[i+1][(q*mul + j)%13] += dp[i][j]
s976901749.py(42):                     dp[i+1][(q*mul + j)%13] %= MOD
s976901749.py(40):                 for j in range(13):
s976901749.py(41):                     dp[i+1][(q*mul + j)%13] += dp[i][j]
s976901749.py(42):                     dp[i+1][(q*mul + j)%13] %= MOD
s976901749.py(40):                 for j in range(13):
s976901749.py(41):                     dp[i+1][(q*mul + j)%13] += dp[i][j]
s976901749.py(42):                     dp[i+1][(q*mul + j)%13] %= MOD
s976901749.py(40):                 for j in range(13):
s976901749.py(41):                     dp[i+1][(q*mul + j)%13] += dp[i][j]
s976901749.py(42):                     dp[i+1][(q*mul + j)%13] %= MOD
s976901749.py(40):                 for j in range(13):
s976901749.py(41):                     dp[i+1][(q*mul + j)%13] += dp[i][j]
s976901749.py(42):                     dp[i+1][(q*mul + j)%13] %= MOD
s976901749.py(40):                 for j in range(13):
s976901749.py(41):                     dp[i+1][(q*mul + j)%13] += dp[i][j]
s976901749.py(42):                     dp[i+1][(q*mul + j)%13] %= MOD
s976901749.py(40):                 for j in range(13):
s976901749.py(41):                     dp[i+1][(q*mul + j)%13] += dp[i][j]
s976901749.py(42):                     dp[i+1][(q*mul + j)%13] %= MOD
s976901749.py(40):                 for j in range(13):
s976901749.py(41):                     dp[i+1][(q*mul + j)%13] += dp[i][j]
s976901749.py(42):                     dp[i+1][(q*mul + j)%13] %= MOD
s976901749.py(40):                 for j in range(13):
s976901749.py(41):                     dp[i+1][(q*mul + j)%13] += dp[i][j]
s976901749.py(42):                     dp[i+1][(q*mul + j)%13] %= MOD
s976901749.py(40):                 for j in range(13):
s976901749.py(39):             for q in range(10):
s976901749.py(40):                 for j in range(13):
s976901749.py(41):                     dp[i+1][(q*mul + j)%13] += dp[i][j]
s976901749.py(42):                     dp[i+1][(q*mul + j)%13] %= MOD
s976901749.py(40):                 for j in range(13):
s976901749.py(41):                     dp[i+1][(q*mul + j)%13] += dp[i][j]
s976901749.py(42):                     dp[i+1][(q*mul + j)%13] %= MOD
s976901749.py(40):                 for j in range(13):
s976901749.py(41):                     dp[i+1][(q*mul + j)%13] += dp[i][j]
s976901749.py(42):                     dp[i+1][(q*mul + j)%13] %= MOD
s976901749.py(40):                 for j in range(13):
s976901749.py(41):                     dp[i+1][(q*mul + j)%13] += dp[i][j]
s976901749.py(42):                     dp[i+1][(q*mul + j)%13] %= MOD
s976901749.py(40):                 for j in range(13):
s976901749.py(41):                     dp[i+1][(q*mul + j)%13] += dp[i][j]
s976901749.py(42):                     dp[i+1][(q*mul + j)%13] %= MOD
s976901749.py(40):                 for j in range(13):
s976901749.py(41):                     dp[i+1][(q*mul + j)%13] += dp[i][j]
s976901749.py(42):                     dp[i+1][(q*mul + j)%13] %= MOD
s976901749.py(40):                 for j in range(13):
s976901749.py(41):                     dp[i+1][(q*mul + j)%13] += dp[i][j]
s976901749.py(42):                     dp[i+1][(q*mul + j)%13] %= MOD
s976901749.py(40):                 for j in range(13):
s976901749.py(41):                     dp[i+1][(q*mul + j)%13] += dp[i][j]
s976901749.py(42):                     dp[i+1][(q*mul + j)%13] %= MOD
s976901749.py(40):                 for j in range(13):
s976901749.py(41):                     dp[i+1][(q*mul + j)%13] += dp[i][j]
s976901749.py(42):                     dp[i+1][(q*mul + j)%13] %= MOD
s976901749.py(40):                 for j in range(13):
s976901749.py(41):                     dp[i+1][(q*mul + j)%13] += dp[i][j]
s976901749.py(42):                     dp[i+1][(q*mul + j)%13] %= MOD
s976901749.py(40):                 for j in range(13):
s976901749.py(41):                     dp[i+1][(q*mul + j)%13] += dp[i][j]
s976901749.py(42):                     dp[i+1][(q*mul + j)%13] %= MOD
s976901749.py(40):                 for j in range(13):
s976901749.py(41):                     dp[i+1][(q*mul + j)%13] += dp[i][j]
s976901749.py(42):                     dp[i+1][(q*mul + j)%13] %= MOD
s976901749.py(40):                 for j in range(13):
s976901749.py(41):                     dp[i+1][(q*mul + j)%13] += dp[i][j]
s976901749.py(42):                     dp[i+1][(q*mul + j)%13] %= MOD
s976901749.py(40):                 for j in range(13):
s976901749.py(39):             for q in range(10):
s976901749.py(40):                 for j in range(13):
s976901749.py(41):                     dp[i+1][(q*mul + j)%13] += dp[i][j]
s976901749.py(42):                     dp[i+1][(q*mul + j)%13] %= MOD
s976901749.py(40):                 for j in range(13):
s976901749.py(41):                     dp[i+1][(q*mul + j)%13] += dp[i][j]
s976901749.py(42):                     dp[i+1][(q*mul + j)%13] %= MOD
s976901749.py(40):                 for j in range(13):
s976901749.py(41):                     dp[i+1][(q*mul + j)%13] += dp[i][j]
s976901749.py(42):                     dp[i+1][(q*mul + j)%13] %= MOD
s976901749.py(40):                 for j in range(13):
s976901749.py(41):                     dp[i+1][(q*mul + j)%13] += dp[i][j]
s976901749.py(42):                     dp[i+1][(q*mul + j)%13] %= MOD
s976901749.py(40):                 for j in range(13):
s976901749.py(41):                     dp[i+1][(q*mul + j)%13] += dp[i][j]
s976901749.py(42):                     dp[i+1][(q*mul + j)%13] %= MOD
s976901749.py(40):                 for j in range(13):
s976901749.py(41):                     dp[i+1][(q*mul + j)%13] += dp[i][j]
s976901749.py(42):                     dp[i+1][(q*mul + j)%13] %= MOD
s976901749.py(40):                 for j in range(13):
s976901749.py(41):                     dp[i+1][(q*mul + j)%13] += dp[i][j]
s976901749.py(42):                     dp[i+1][(q*mul + j)%13] %= MOD
s976901749.py(40):                 for j in range(13):
s976901749.py(41):                     dp[i+1][(q*mul + j)%13] += dp[i][j]
s976901749.py(42):                     dp[i+1][(q*mul + j)%13] %= MOD
s976901749.py(40):                 for j in range(13):
s976901749.py(41):                     dp[i+1][(q*mul + j)%13] += dp[i][j]
s976901749.py(42):                     dp[i+1][(q*mul + j)%13] %= MOD
s976901749.py(40):                 for j in range(13):
s976901749.py(41):                     dp[i+1][(q*mul + j)%13] += dp[i][j]
s976901749.py(42):                     dp[i+1][(q*mul + j)%13] %= MOD
s976901749.py(40):                 for j in range(13):
s976901749.py(41):                     dp[i+1][(q*mul + j)%13] += dp[i][j]
s976901749.py(42):                     dp[i+1][(q*mul + j)%13] %= MOD
s976901749.py(40):                 for j in range(13):
s976901749.py(41):                     dp[i+1][(q*mul + j)%13] += dp[i][j]
s976901749.py(42):                     dp[i+1][(q*mul + j)%13] %= MOD
s976901749.py(40):                 for j in range(13):
s976901749.py(41):                     dp[i+1][(q*mul + j)%13] += dp[i][j]
s976901749.py(42):                     dp[i+1][(q*mul + j)%13] %= MOD
s976901749.py(40):                 for j in range(13):
s976901749.py(39):             for q in range(10):
s976901749.py(40):                 for j in range(13):
s976901749.py(41):                     dp[i+1][(q*mul + j)%13] += dp[i][j]
s976901749.py(42):                     dp[i+1][(q*mul + j)%13] %= MOD
s976901749.py(40):                 for j in range(13):
s976901749.py(41):                     dp[i+1][(q*mul + j)%13] += dp[i][j]
s976901749.py(42):                     dp[i+1][(q*mul + j)%13] %= MOD
s976901749.py(40):                 for j in range(13):
s976901749.py(41):                     dp[i+1][(q*mul + j)%13] += dp[i][j]
s976901749.py(42):                     dp[i+1][(q*mul + j)%13] %= MOD
s976901749.py(40):                 for j in range(13):
s976901749.py(41):                     dp[i+1][(q*mul + j)%13] += dp[i][j]
s976901749.py(42):                     dp[i+1][(q*mul + j)%13] %= MOD
s976901749.py(40):                 for j in range(13):
s976901749.py(41):                     dp[i+1][(q*mul + j)%13] += dp[i][j]
s976901749.py(42):                     dp[i+1][(q*mul + j)%13] %= MOD
s976901749.py(40):                 for j in range(13):
s976901749.py(41):                     dp[i+1][(q*mul + j)%13] += dp[i][j]
s976901749.py(42):                     dp[i+1][(q*mul + j)%13] %= MOD
s976901749.py(40):                 for j in range(13):
s976901749.py(41):                     dp[i+1][(q*mul + j)%13] += dp[i][j]
s976901749.py(42):                     dp[i+1][(q*mul + j)%13] %= MOD
s976901749.py(40):                 for j in range(13):
s976901749.py(41):                     dp[i+1][(q*mul + j)%13] += dp[i][j]
s976901749.py(42):                     dp[i+1][(q*mul + j)%13] %= MOD
s976901749.py(40):                 for j in range(13):
s976901749.py(41):                     dp[i+1][(q*mul + j)%13] += dp[i][j]
s976901749.py(42):                     dp[i+1][(q*mul + j)%13] %= MOD
s976901749.py(40):                 for j in range(13):
s976901749.py(41):                     dp[i+1][(q*mul + j)%13] += dp[i][j]
s976901749.py(42):                     dp[i+1][(q*mul + j)%13] %= MOD
s976901749.py(40):                 for j in range(13):
s976901749.py(41):                     dp[i+1][(q*mul + j)%13] += dp[i][j]
s976901749.py(42):                     dp[i+1][(q*mul + j)%13] %= MOD
s976901749.py(40):                 for j in range(13):
s976901749.py(41):                     dp[i+1][(q*mul + j)%13] += dp[i][j]
s976901749.py(42):                     dp[i+1][(q*mul + j)%13] %= MOD
s976901749.py(40):                 for j in range(13):
s976901749.py(41):                     dp[i+1][(q*mul + j)%13] += dp[i][j]
s976901749.py(42):                     dp[i+1][(q*mul + j)%13] %= MOD
s976901749.py(40):                 for j in range(13):
s976901749.py(39):             for q in range(10):
s976901749.py(49):         mul = mul * 10 % 13
s976901749.py(35):     for i in range(l):
s976901749.py(37):         s = S[i]
s976901749.py(38):         if s == '?':
s976901749.py(44):             for j in range(13):
s976901749.py(45):                 k = int(s)
s976901749.py(46):                 dp[i+1][(k*mul + j)%13] += dp[i][j]
s976901749.py(47):                 dp[i+1][(k*mul + j)%13] %= MOD
s976901749.py(44):             for j in range(13):
s976901749.py(45):                 k = int(s)
s976901749.py(46):                 dp[i+1][(k*mul + j)%13] += dp[i][j]
s976901749.py(47):                 dp[i+1][(k*mul + j)%13] %= MOD
s976901749.py(44):             for j in range(13):
s976901749.py(45):                 k = int(s)
s976901749.py(46):                 dp[i+1][(k*mul + j)%13] += dp[i][j]
s976901749.py(47):                 dp[i+1][(k*mul + j)%13] %= MOD
s976901749.py(44):             for j in range(13):
s976901749.py(45):                 k = int(s)
s976901749.py(46):                 dp[i+1][(k*mul + j)%13] += dp[i][j]
s976901749.py(47):                 dp[i+1][(k*mul + j)%13] %= MOD
s976901749.py(44):             for j in range(13):
s976901749.py(45):                 k = int(s)
s976901749.py(46):                 dp[i+1][(k*mul + j)%13] += dp[i][j]
s976901749.py(47):                 dp[i+1][(k*mul + j)%13] %= MOD
s976901749.py(44):             for j in range(13):
s976901749.py(45):                 k = int(s)
s976901749.py(46):                 dp[i+1][(k*mul + j)%13] += dp[i][j]
s976901749.py(47):                 dp[i+1][(k*mul + j)%13] %= MOD
s976901749.py(44):             for j in range(13):
s976901749.py(45):                 k = int(s)
s976901749.py(46):                 dp[i+1][(k*mul + j)%13] += dp[i][j]
s976901749.py(47):                 dp[i+1][(k*mul + j)%13] %= MOD
s976901749.py(44):             for j in range(13):
s976901749.py(45):                 k = int(s)
s976901749.py(46):                 dp[i+1][(k*mul + j)%13] += dp[i][j]
s976901749.py(47):                 dp[i+1][(k*mul + j)%13] %= MOD
s976901749.py(44):             for j in range(13):
s976901749.py(45):                 k = int(s)
s976901749.py(46):                 dp[i+1][(k*mul + j)%13] += dp[i][j]
s976901749.py(47):                 dp[i+1][(k*mul + j)%13] %= MOD
s976901749.py(44):             for j in range(13):
s976901749.py(45):                 k = int(s)
s976901749.py(46):                 dp[i+1][(k*mul + j)%13] += dp[i][j]
s976901749.py(47):                 dp[i+1][(k*mul + j)%13] %= MOD
s976901749.py(44):             for j in range(13):
s976901749.py(45):                 k = int(s)
s976901749.py(46):                 dp[i+1][(k*mul + j)%13] += dp[i][j]
s976901749.py(47):                 dp[i+1][(k*mul + j)%13] %= MOD
s976901749.py(44):             for j in range(13):
s976901749.py(45):                 k = int(s)
s976901749.py(46):                 dp[i+1][(k*mul + j)%13] += dp[i][j]
s976901749.py(47):                 dp[i+1][(k*mul + j)%13] %= MOD
s976901749.py(44):             for j in range(13):
s976901749.py(45):                 k = int(s)
s976901749.py(46):                 dp[i+1][(k*mul + j)%13] += dp[i][j]
s976901749.py(47):                 dp[i+1][(k*mul + j)%13] %= MOD
s976901749.py(44):             for j in range(13):
s976901749.py(49):         mul = mul * 10 % 13
s976901749.py(35):     for i in range(l):
s976901749.py(37):         s = S[i]
s976901749.py(38):         if s == '?':
s976901749.py(39):             for q in range(10):
s976901749.py(40):                 for j in range(13):
s976901749.py(41):                     dp[i+1][(q*mul + j)%13] += dp[i][j]
s976901749.py(42):                     dp[i+1][(q*mul + j)%13] %= MOD
s976901749.py(40):                 for j in range(13):
s976901749.py(41):                     dp[i+1][(q*mul + j)%13] += dp[i][j]
s976901749.py(42):                     dp[i+1][(q*mul + j)%13] %= MOD
s976901749.py(40):                 for j in range(13):
s976901749.py(41):                     dp[i+1][(q*mul + j)%13] += dp[i][j]
s976901749.py(42):                     dp[i+1][(q*mul + j)%13] %= MOD
s976901749.py(40):                 for j in range(13):
s976901749.py(41):                     dp[i+1][(q*mul + j)%13] += dp[i][j]
s976901749.py(42):                     dp[i+1][(q*mul + j)%13] %= MOD
s976901749.py(40):                 for j in range(13):
s976901749.py(41):                     dp[i+1][(q*mul + j)%13] += dp[i][j]
s976901749.py(42):                     dp[i+1][(q*mul + j)%13] %= MOD
s976901749.py(40):                 for j in range(13):
s976901749.py(41):                     dp[i+1][(q*mul + j)%13] += dp[i][j]
s976901749.py(42):                     dp[i+1][(q*mul + j)%13] %= MOD
s976901749.py(40):                 for j in range(13):
s976901749.py(41):                     dp[i+1][(q*mul + j)%13] += dp[i][j]
s976901749.py(42):                     dp[i+1][(q*mul + j)%13] %= MOD
s976901749.py(40):                 for j in range(13):
s976901749.py(41):                     dp[i+1][(q*mul + j)%13] += dp[i][j]
s976901749.py(42):                     dp[i+1][(q*mul + j)%13] %= MOD
s976901749.py(40):                 for j in range(13):
s976901749.py(41):                     dp[i+1][(q*mul + j)%13] += dp[i][j]
s976901749.py(42):                     dp[i+1][(q*mul + j)%13] %= MOD
s976901749.py(40):                 for j in range(13):
s976901749.py(41):                     dp[i+1][(q*mul + j)%13] += dp[i][j]
s976901749.py(42):                     dp[i+1][(q*mul + j)%13] %= MOD
s976901749.py(40):                 for j in range(13):
s976901749.py(41):                     dp[i+1][(q*mul + j)%13] += dp[i][j]
s976901749.py(42):                     dp[i+1][(q*mul + j)%13] %= MOD
s976901749.py(40):                 for j in range(13):
s976901749.py(41):                     dp[i+1][(q*mul + j)%13] += dp[i][j]
s976901749.py(42):                     dp[i+1][(q*mul + j)%13] %= MOD
s976901749.py(40):                 for j in range(13):
s976901749.py(41):                     dp[i+1][(q*mul + j)%13] += dp[i][j]
s976901749.py(42):                     dp[i+1][(q*mul + j)%13] %= MOD
s976901749.py(40):                 for j in range(13):
s976901749.py(39):             for q in range(10):
s976901749.py(40):                 for j in range(13):
s976901749.py(41):                     dp[i+1][(q*mul + j)%13] += dp[i][j]
s976901749.py(42):                     dp[i+1][(q*mul + j)%13] %= MOD
s976901749.py(40):                 for j in range(13):
s976901749.py(41):                     dp[i+1][(q*mul + j)%13] += dp[i][j]
s976901749.py(42):                     dp[i+1][(q*mul + j)%13] %= MOD
s976901749.py(40):                 for j in range(13):
s976901749.py(41):                     dp[i+1][(q*mul + j)%13] += dp[i][j]
s976901749.py(42):                     dp[i+1][(q*mul + j)%13] %= MOD
s976901749.py(40):                 for j in range(13):
s976901749.py(41):                     dp[i+1][(q*mul + j)%13] += dp[i][j]
s976901749.py(42):                     dp[i+1][(q*mul + j)%13] %= MOD
s976901749.py(40):                 for j in range(13):
s976901749.py(41):                     dp[i+1][(q*mul + j)%13] += dp[i][j]
s976901749.py(42):                     dp[i+1][(q*mul + j)%13] %= MOD
s976901749.py(40):                 for j in range(13):
s976901749.py(41):                     dp[i+1][(q*mul + j)%13] += dp[i][j]
s976901749.py(42):                     dp[i+1][(q*mul + j)%13] %= MOD
s976901749.py(40):                 for j in range(13):
s976901749.py(41):                     dp[i+1][(q*mul + j)%13] += dp[i][j]
s976901749.py(42):                     dp[i+1][(q*mul + j)%13] %= MOD
s976901749.py(40):                 for j in range(13):
s976901749.py(41):                     dp[i+1][(q*mul + j)%13] += dp[i][j]
s976901749.py(42):                     dp[i+1][(q*mul + j)%13] %= MOD
s976901749.py(40):                 for j in range(13):
s976901749.py(41):                     dp[i+1][(q*mul + j)%13] += dp[i][j]
s976901749.py(42):                     dp[i+1][(q*mul + j)%13] %= MOD
s976901749.py(40):                 for j in range(13):
s976901749.py(41):                     dp[i+1][(q*mul + j)%13] += dp[i][j]
s976901749.py(42):                     dp[i+1][(q*mul + j)%13] %= MOD
s976901749.py(40):                 for j in range(13):
s976901749.py(41):                     dp[i+1][(q*mul + j)%13] += dp[i][j]
s976901749.py(42):                     dp[i+1][(q*mul + j)%13] %= MOD
s976901749.py(40):                 for j in range(13):
s976901749.py(41):                     dp[i+1][(q*mul + j)%13] += dp[i][j]
s976901749.py(42):                     dp[i+1][(q*mul + j)%13] %= MOD
s976901749.py(40):                 for j in range(13):
s976901749.py(41):                     dp[i+1][(q*mul + j)%13] += dp[i][j]
s976901749.py(42):                     dp[i+1][(q*mul + j)%13] %= MOD
s976901749.py(40):                 for j in range(13):
s976901749.py(39):             for q in range(10):
s976901749.py(40):                 for j in range(13):
s976901749.py(41):                     dp[i+1][(q*mul + j)%13] += dp[i][j]
s976901749.py(42):                     dp[i+1][(q*mul + j)%13] %= MOD
s976901749.py(40):                 for j in range(13):
s976901749.py(41):                     dp[i+1][(q*mul + j)%13] += dp[i][j]
s976901749.py(42):                     dp[i+1][(q*mul + j)%13] %= MOD
s976901749.py(40):                 for j in range(13):
s976901749.py(41):                     dp[i+1][(q*mul + j)%13] += dp[i][j]
s976901749.py(42):                     dp[i+1][(q*mul + j)%13] %= MOD
s976901749.py(40):                 for j in range(13):
s976901749.py(41):                     dp[i+1][(q*mul + j)%13] += dp[i][j]
s976901749.py(42):                     dp[i+1][(q*mul + j)%13] %= MOD
s976901749.py(40):                 for j in range(13):
s976901749.py(41):                     dp[i+1][(q*mul + j)%13] += dp[i][j]
s976901749.py(42):                     dp[i+1][(q*mul + j)%13] %= MOD
s976901749.py(40):                 for j in range(13):
s976901749.py(41):                     dp[i+1][(q*mul + j)%13] += dp[i][j]
s976901749.py(42):                     dp[i+1][(q*mul + j)%13] %= MOD
s976901749.py(40):                 for j in range(13):
s976901749.py(41):                     dp[i+1][(q*mul + j)%13] += dp[i][j]
s976901749.py(42):                     dp[i+1][(q*mul + j)%13] %= MOD
s976901749.py(40):                 for j in range(13):
s976901749.py(41):                     dp[i+1][(q*mul + j)%13] += dp[i][j]
s976901749.py(42):                     dp[i+1][(q*mul + j)%13] %= MOD
s976901749.py(40):                 for j in range(13):
s976901749.py(41):                     dp[i+1][(q*mul + j)%13] += dp[i][j]
s976901749.py(42):                     dp[i+1][(q*mul + j)%13] %= MOD
s976901749.py(40):                 for j in range(13):
s976901749.py(41):                     dp[i+1][(q*mul + j)%13] += dp[i][j]
s976901749.py(42):                     dp[i+1][(q*mul + j)%13] %= MOD
s976901749.py(40):                 for j in range(13):
s976901749.py(41):                     dp[i+1][(q*mul + j)%13] += dp[i][j]
s976901749.py(42):                     dp[i+1][(q*mul + j)%13] %= MOD
s976901749.py(40):                 for j in range(13):
s976901749.py(41):                     dp[i+1][(q*mul + j)%13] += dp[i][j]
s976901749.py(42):                     dp[i+1][(q*mul + j)%13] %= MOD
s976901749.py(40):                 for j in range(13):
s976901749.py(41):                     dp[i+1][(q*mul + j)%13] += dp[i][j]
s976901749.py(42):                     dp[i+1][(q*mul + j)%13] %= MOD
s976901749.py(40):                 for j in range(13):
s976901749.py(39):             for q in range(10):
s976901749.py(40):                 for j in range(13):
s976901749.py(41):                     dp[i+1][(q*mul + j)%13] += dp[i][j]
s976901749.py(42):                     dp[i+1][(q*mul + j)%13] %= MOD
s976901749.py(40):                 for j in range(13):
s976901749.py(41):                     dp[i+1][(q*mul + j)%13] += dp[i][j]
s976901749.py(42):                     dp[i+1][(q*mul + j)%13] %= MOD
s976901749.py(40):                 for j in range(13):
s976901749.py(41):                     dp[i+1][(q*mul + j)%13] += dp[i][j]
s976901749.py(42):                     dp[i+1][(q*mul + j)%13] %= MOD
s976901749.py(40):                 for j in range(13):
s976901749.py(41):                     dp[i+1][(q*mul + j)%13] += dp[i][j]
s976901749.py(42):                     dp[i+1][(q*mul + j)%13] %= MOD
s976901749.py(40):                 for j in range(13):
s976901749.py(41):                     dp[i+1][(q*mul + j)%13] += dp[i][j]
s976901749.py(42):                     dp[i+1][(q*mul + j)%13] %= MOD
s976901749.py(40):                 for j in range(13):
s976901749.py(41):                     dp[i+1][(q*mul + j)%13] += dp[i][j]
s976901749.py(42):                     dp[i+1][(q*mul + j)%13] %= MOD
s976901749.py(40):                 for j in range(13):
s976901749.py(41):                     dp[i+1][(q*mul + j)%13] += dp[i][j]
s976901749.py(42):                     dp[i+1][(q*mul + j)%13] %= MOD
s976901749.py(40):                 for j in range(13):
s976901749.py(41):                     dp[i+1][(q*mul + j)%13] += dp[i][j]
s976901749.py(42):                     dp[i+1][(q*mul + j)%13] %= MOD
s976901749.py(40):                 for j in range(13):
s976901749.py(41):                     dp[i+1][(q*mul + j)%13] += dp[i][j]
s976901749.py(42):                     dp[i+1][(q*mul + j)%13] %= MOD
s976901749.py(40):                 for j in range(13):
s976901749.py(41):                     dp[i+1][(q*mul + j)%13] += dp[i][j]
s976901749.py(42):                     dp[i+1][(q*mul + j)%13] %= MOD
s976901749.py(40):                 for j in range(13):
s976901749.py(41):                     dp[i+1][(q*mul + j)%13] += dp[i][j]
s976901749.py(42):                     dp[i+1][(q*mul + j)%13] %= MOD
s976901749.py(40):                 for j in range(13):
s976901749.py(41):                     dp[i+1][(q*mul + j)%13] += dp[i][j]
s976901749.py(42):                     dp[i+1][(q*mul + j)%13] %= MOD
s976901749.py(40):                 for j in range(13):
s976901749.py(41):                     dp[i+1][(q*mul + j)%13] += dp[i][j]
s976901749.py(42):                     dp[i+1][(q*mul + j)%13] %= MOD
s976901749.py(40):                 for j in range(13):
s976901749.py(39):             for q in range(10):
s976901749.py(40):                 for j in range(13):
s976901749.py(41):                     dp[i+1][(q*mul + j)%13] += dp[i][j]
s976901749.py(42):                     dp[i+1][(q*mul + j)%13] %= MOD
s976901749.py(40):                 for j in range(13):
s976901749.py(41):                     dp[i+1][(q*mul + j)%13] += dp[i][j]
s976901749.py(42):                     dp[i+1][(q*mul + j)%13] %= MOD
s976901749.py(40):                 for j in range(13):
s976901749.py(41):                     dp[i+1][(q*mul + j)%13] += dp[i][j]
s976901749.py(42):                     dp[i+1][(q*mul + j)%13] %= MOD
s976901749.py(40):                 for j in range(13):
s976901749.py(41):                     dp[i+1][(q*mul + j)%13] += dp[i][j]
s976901749.py(42):                     dp[i+1][(q*mul + j)%13] %= MOD
s976901749.py(40):                 for j in range(13):
s976901749.py(41):                     dp[i+1][(q*mul + j)%13] += dp[i][j]
s976901749.py(42):                     dp[i+1][(q*mul + j)%13] %= MOD
s976901749.py(40):                 for j in range(13):
s976901749.py(41):                     dp[i+1][(q*mul + j)%13] += dp[i][j]
s976901749.py(42):                     dp[i+1][(q*mul + j)%13] %= MOD
s976901749.py(40):                 for j in range(13):
s976901749.py(41):                     dp[i+1][(q*mul + j)%13] += dp[i][j]
s976901749.py(42):                     dp[i+1][(q*mul + j)%13] %= MOD
s976901749.py(40):                 for j in range(13):
s976901749.py(41):                     dp[i+1][(q*mul + j)%13] += dp[i][j]
s976901749.py(42):                     dp[i+1][(q*mul + j)%13] %= MOD
s976901749.py(40):                 for j in range(13):
s976901749.py(41):                     dp[i+1][(q*mul + j)%13] += dp[i][j]
s976901749.py(42):                     dp[i+1][(q*mul + j)%13] %= MOD
s976901749.py(40):                 for j in range(13):
s976901749.py(41):                     dp[i+1][(q*mul + j)%13] += dp[i][j]
s976901749.py(42):                     dp[i+1][(q*mul + j)%13] %= MOD
s976901749.py(40):                 for j in range(13):
s976901749.py(41):                     dp[i+1][(q*mul + j)%13] += dp[i][j]
s976901749.py(42):                     dp[i+1][(q*mul + j)%13] %= MOD
s976901749.py(40):                 for j in range(13):
s976901749.py(41):                     dp[i+1][(q*mul + j)%13] += dp[i][j]
s976901749.py(42):                     dp[i+1][(q*mul + j)%13] %= MOD
s976901749.py(40):                 for j in range(13):
s976901749.py(41):                     dp[i+1][(q*mul + j)%13] += dp[i][j]
s976901749.py(42):                     dp[i+1][(q*mul + j)%13] %= MOD
s976901749.py(40):                 for j in range(13):
s976901749.py(39):             for q in range(10):
s976901749.py(40):                 for j in range(13):
s976901749.py(41):                     dp[i+1][(q*mul + j)%13] += dp[i][j]
s976901749.py(42):                     dp[i+1][(q*mul + j)%13] %= MOD
s976901749.py(40):                 for j in range(13):
s976901749.py(41):                     dp[i+1][(q*mul + j)%13] += dp[i][j]
s976901749.py(42):                     dp[i+1][(q*mul + j)%13] %= MOD
s976901749.py(40):                 for j in range(13):
s976901749.py(41):                     dp[i+1][(q*mul + j)%13] += dp[i][j]
s976901749.py(42):                     dp[i+1][(q*mul + j)%13] %= MOD
s976901749.py(40):                 for j in range(13):
s976901749.py(41):                     dp[i+1][(q*mul + j)%13] += dp[i][j]
s976901749.py(42):                     dp[i+1][(q*mul + j)%13] %= MOD
s976901749.py(40):                 for j in range(13):
s976901749.py(41):                     dp[i+1][(q*mul + j)%13] += dp[i][j]
s976901749.py(42):                     dp[i+1][(q*mul + j)%13] %= MOD
s976901749.py(40):                 for j in range(13):
s976901749.py(41):                     dp[i+1][(q*mul + j)%13] += dp[i][j]
s976901749.py(42):                     dp[i+1][(q*mul + j)%13] %= MOD
s976901749.py(40):                 for j in range(13):
s976901749.py(41):                     dp[i+1][(q*mul + j)%13] += dp[i][j]
s976901749.py(42):                     dp[i+1][(q*mul + j)%13] %= MOD
s976901749.py(40):                 for j in range(13):
s976901749.py(41):                     dp[i+1][(q*mul + j)%13] += dp[i][j]
s976901749.py(42):                     dp[i+1][(q*mul + j)%13] %= MOD
s976901749.py(40):                 for j in range(13):
s976901749.py(41):                     dp[i+1][(q*mul + j)%13] += dp[i][j]
s976901749.py(42):                     dp[i+1][(q*mul + j)%13] %= MOD
s976901749.py(40):                 for j in range(13):
s976901749.py(41):                     dp[i+1][(q*mul + j)%13] += dp[i][j]
s976901749.py(42):                     dp[i+1][(q*mul + j)%13] %= MOD
s976901749.py(40):                 for j in range(13):
s976901749.py(41):                     dp[i+1][(q*mul + j)%13] += dp[i][j]
s976901749.py(42):                     dp[i+1][(q*mul + j)%13] %= MOD
s976901749.py(40):                 for j in range(13):
s976901749.py(41):                     dp[i+1][(q*mul + j)%13] += dp[i][j]
s976901749.py(42):                     dp[i+1][(q*mul + j)%13] %= MOD
s976901749.py(40):                 for j in range(13):
s976901749.py(41):                     dp[i+1][(q*mul + j)%13] += dp[i][j]
s976901749.py(42):                     dp[i+1][(q*mul + j)%13] %= MOD
s976901749.py(40):                 for j in range(13):
s976901749.py(39):             for q in range(10):
s976901749.py(40):                 for j in range(13):
s976901749.py(41):                     dp[i+1][(q*mul + j)%13] += dp[i][j]
s976901749.py(42):                     dp[i+1][(q*mul + j)%13] %= MOD
s976901749.py(40):                 for j in range(13):
s976901749.py(41):                     dp[i+1][(q*mul + j)%13] += dp[i][j]
s976901749.py(42):                     dp[i+1][(q*mul + j)%13] %= MOD
s976901749.py(40):                 for j in range(13):
s976901749.py(41):                     dp[i+1][(q*mul + j)%13] += dp[i][j]
s976901749.py(42):                     dp[i+1][(q*mul + j)%13] %= MOD
s976901749.py(40):                 for j in range(13):
s976901749.py(41):                     dp[i+1][(q*mul + j)%13] += dp[i][j]
s976901749.py(42):                     dp[i+1][(q*mul + j)%13] %= MOD
s976901749.py(40):                 for j in range(13):
s976901749.py(41):                     dp[i+1][(q*mul + j)%13] += dp[i][j]
s976901749.py(42):                     dp[i+1][(q*mul + j)%13] %= MOD
s976901749.py(40):                 for j in range(13):
s976901749.py(41):                     dp[i+1][(q*mul + j)%13] += dp[i][j]
s976901749.py(42):                     dp[i+1][(q*mul + j)%13] %= MOD
s976901749.py(40):                 for j in range(13):
s976901749.py(41):                     dp[i+1][(q*mul + j)%13] += dp[i][j]
s976901749.py(42):                     dp[i+1][(q*mul + j)%13] %= MOD
s976901749.py(40):                 for j in range(13):
s976901749.py(41):                     dp[i+1][(q*mul + j)%13] += dp[i][j]
s976901749.py(42):                     dp[i+1][(q*mul + j)%13] %= MOD
s976901749.py(40):                 for j in range(13):
s976901749.py(41):                     dp[i+1][(q*mul + j)%13] += dp[i][j]
s976901749.py(42):                     dp[i+1][(q*mul + j)%13] %= MOD
s976901749.py(40):                 for j in range(13):
s976901749.py(41):                     dp[i+1][(q*mul + j)%13] += dp[i][j]
s976901749.py(42):                     dp[i+1][(q*mul + j)%13] %= MOD
s976901749.py(40):                 for j in range(13):
s976901749.py(41):                     dp[i+1][(q*mul + j)%13] += dp[i][j]
s976901749.py(42):                     dp[i+1][(q*mul + j)%13] %= MOD
s976901749.py(40):                 for j in range(13):
s976901749.py(41):                     dp[i+1][(q*mul + j)%13] += dp[i][j]
s976901749.py(42):                     dp[i+1][(q*mul + j)%13] %= MOD
s976901749.py(40):                 for j in range(13):
s976901749.py(41):                     dp[i+1][(q*mul + j)%13] += dp[i][j]
s976901749.py(42):                     dp[i+1][(q*mul + j)%13] %= MOD
s976901749.py(40):                 for j in range(13):
s976901749.py(39):             for q in range(10):
s976901749.py(40):                 for j in range(13):
s976901749.py(41):                     dp[i+1][(q*mul + j)%13] += dp[i][j]
s976901749.py(42):                     dp[i+1][(q*mul + j)%13] %= MOD
s976901749.py(40):                 for j in range(13):
s976901749.py(41):                     dp[i+1][(q*mul + j)%13] += dp[i][j]
s976901749.py(42):                     dp[i+1][(q*mul + j)%13] %= MOD
s976901749.py(40):                 for j in range(13):
s976901749.py(41):                     dp[i+1][(q*mul + j)%13] += dp[i][j]
s976901749.py(42):                     dp[i+1][(q*mul + j)%13] %= MOD
s976901749.py(40):                 for j in range(13):
s976901749.py(41):                     dp[i+1][(q*mul + j)%13] += dp[i][j]
s976901749.py(42):                     dp[i+1][(q*mul + j)%13] %= MOD
s976901749.py(40):                 for j in range(13):
s976901749.py(41):                     dp[i+1][(q*mul + j)%13] += dp[i][j]
s976901749.py(42):                     dp[i+1][(q*mul + j)%13] %= MOD
s976901749.py(40):                 for j in range(13):
s976901749.py(41):                     dp[i+1][(q*mul + j)%13] += dp[i][j]
s976901749.py(42):                     dp[i+1][(q*mul + j)%13] %= MOD
s976901749.py(40):                 for j in range(13):
s976901749.py(41):                     dp[i+1][(q*mul + j)%13] += dp[i][j]
s976901749.py(42):                     dp[i+1][(q*mul + j)%13] %= MOD
s976901749.py(40):                 for j in range(13):
s976901749.py(41):                     dp[i+1][(q*mul + j)%13] += dp[i][j]
s976901749.py(42):                     dp[i+1][(q*mul + j)%13] %= MOD
s976901749.py(40):                 for j in range(13):
s976901749.py(41):                     dp[i+1][(q*mul + j)%13] += dp[i][j]
s976901749.py(42):                     dp[i+1][(q*mul + j)%13] %= MOD
s976901749.py(40):                 for j in range(13):
s976901749.py(41):                     dp[i+1][(q*mul + j)%13] += dp[i][j]
s976901749.py(42):                     dp[i+1][(q*mul + j)%13] %= MOD
s976901749.py(40):                 for j in range(13):
s976901749.py(41):                     dp[i+1][(q*mul + j)%13] += dp[i][j]
s976901749.py(42):                     dp[i+1][(q*mul + j)%13] %= MOD
s976901749.py(40):                 for j in range(13):
s976901749.py(41):                     dp[i+1][(q*mul + j)%13] += dp[i][j]
s976901749.py(42):                     dp[i+1][(q*mul + j)%13] %= MOD
s976901749.py(40):                 for j in range(13):
s976901749.py(41):                     dp[i+1][(q*mul + j)%13] += dp[i][j]
s976901749.py(42):                     dp[i+1][(q*mul + j)%13] %= MOD
s976901749.py(40):                 for j in range(13):
s976901749.py(39):             for q in range(10):
s976901749.py(40):                 for j in range(13):
s976901749.py(41):                     dp[i+1][(q*mul + j)%13] += dp[i][j]
s976901749.py(42):                     dp[i+1][(q*mul + j)%13] %= MOD
s976901749.py(40):                 for j in range(13):
s976901749.py(41):                     dp[i+1][(q*mul + j)%13] += dp[i][j]
s976901749.py(42):                     dp[i+1][(q*mul + j)%13] %= MOD
s976901749.py(40):                 for j in range(13):
s976901749.py(41):                     dp[i+1][(q*mul + j)%13] += dp[i][j]
s976901749.py(42):                     dp[i+1][(q*mul + j)%13] %= MOD
s976901749.py(40):                 for j in range(13):
s976901749.py(41):                     dp[i+1][(q*mul + j)%13] += dp[i][j]
s976901749.py(42):                     dp[i+1][(q*mul + j)%13] %= MOD
s976901749.py(40):                 for j in range(13):
s976901749.py(41):                     dp[i+1][(q*mul + j)%13] += dp[i][j]
s976901749.py(42):                     dp[i+1][(q*mul + j)%13] %= MOD
s976901749.py(40):                 for j in range(13):
s976901749.py(41):                     dp[i+1][(q*mul + j)%13] += dp[i][j]
s976901749.py(42):                     dp[i+1][(q*mul + j)%13] %= MOD
s976901749.py(40):                 for j in range(13):
s976901749.py(41):                     dp[i+1][(q*mul + j)%13] += dp[i][j]
s976901749.py(42):                     dp[i+1][(q*mul + j)%13] %= MOD
s976901749.py(40):                 for j in range(13):
s976901749.py(41):                     dp[i+1][(q*mul + j)%13] += dp[i][j]
s976901749.py(42):                     dp[i+1][(q*mul + j)%13] %= MOD
s976901749.py(40):                 for j in range(13):
s976901749.py(41):                     dp[i+1][(q*mul + j)%13] += dp[i][j]
s976901749.py(42):                     dp[i+1][(q*mul + j)%13] %= MOD
s976901749.py(40):                 for j in range(13):
s976901749.py(41):                     dp[i+1][(q*mul + j)%13] += dp[i][j]
s976901749.py(42):                     dp[i+1][(q*mul + j)%13] %= MOD
s976901749.py(40):                 for j in range(13):
s976901749.py(41):                     dp[i+1][(q*mul + j)%13] += dp[i][j]
s976901749.py(42):                     dp[i+1][(q*mul + j)%13] %= MOD
s976901749.py(40):                 for j in range(13):
s976901749.py(41):                     dp[i+1][(q*mul + j)%13] += dp[i][j]
s976901749.py(42):                     dp[i+1][(q*mul + j)%13] %= MOD
s976901749.py(40):                 for j in range(13):
s976901749.py(41):                     dp[i+1][(q*mul + j)%13] += dp[i][j]
s976901749.py(42):                     dp[i+1][(q*mul + j)%13] %= MOD
s976901749.py(40):                 for j in range(13):
s976901749.py(39):             for q in range(10):
s976901749.py(40):                 for j in range(13):
s976901749.py(41):                     dp[i+1][(q*mul + j)%13] += dp[i][j]
s976901749.py(42):                     dp[i+1][(q*mul + j)%13] %= MOD
s976901749.py(40):                 for j in range(13):
s976901749.py(41):                     dp[i+1][(q*mul + j)%13] += dp[i][j]
s976901749.py(42):                     dp[i+1][(q*mul + j)%13] %= MOD
s976901749.py(40):                 for j in range(13):
s976901749.py(41):                     dp[i+1][(q*mul + j)%13] += dp[i][j]
s976901749.py(42):                     dp[i+1][(q*mul + j)%13] %= MOD
s976901749.py(40):                 for j in range(13):
s976901749.py(41):                     dp[i+1][(q*mul + j)%13] += dp[i][j]
s976901749.py(42):                     dp[i+1][(q*mul + j)%13] %= MOD
s976901749.py(40):                 for j in range(13):
s976901749.py(41):                     dp[i+1][(q*mul + j)%13] += dp[i][j]
s976901749.py(42):                     dp[i+1][(q*mul + j)%13] %= MOD
s976901749.py(40):                 for j in range(13):
s976901749.py(41):                     dp[i+1][(q*mul + j)%13] += dp[i][j]
s976901749.py(42):                     dp[i+1][(q*mul + j)%13] %= MOD
s976901749.py(40):                 for j in range(13):
s976901749.py(41):                     dp[i+1][(q*mul + j)%13] += dp[i][j]
s976901749.py(42):                     dp[i+1][(q*mul + j)%13] %= MOD
s976901749.py(40):                 for j in range(13):
s976901749.py(41):                     dp[i+1][(q*mul + j)%13] += dp[i][j]
s976901749.py(42):                     dp[i+1][(q*mul + j)%13] %= MOD
s976901749.py(40):                 for j in range(13):
s976901749.py(41):                     dp[i+1][(q*mul + j)%13] += dp[i][j]
s976901749.py(42):                     dp[i+1][(q*mul + j)%13] %= MOD
s976901749.py(40):                 for j in range(13):
s976901749.py(41):                     dp[i+1][(q*mul + j)%13] += dp[i][j]
s976901749.py(42):                     dp[i+1][(q*mul + j)%13] %= MOD
s976901749.py(40):                 for j in range(13):
s976901749.py(41):                     dp[i+1][(q*mul + j)%13] += dp[i][j]
s976901749.py(42):                     dp[i+1][(q*mul + j)%13] %= MOD
s976901749.py(40):                 for j in range(13):
s976901749.py(41):                     dp[i+1][(q*mul + j)%13] += dp[i][j]
s976901749.py(42):                     dp[i+1][(q*mul + j)%13] %= MOD
s976901749.py(40):                 for j in range(13):
s976901749.py(41):                     dp[i+1][(q*mul + j)%13] += dp[i][j]
s976901749.py(42):                     dp[i+1][(q*mul + j)%13] %= MOD
s976901749.py(40):                 for j in range(13):
s976901749.py(39):             for q in range(10):
s976901749.py(49):         mul = mul * 10 % 13
s976901749.py(35):     for i in range(l):
s976901749.py(37):         s = S[i]
s976901749.py(38):         if s == '?':
s976901749.py(39):             for q in range(10):
s976901749.py(40):                 for j in range(13):
s976901749.py(41):                     dp[i+1][(q*mul + j)%13] += dp[i][j]
s976901749.py(42):                     dp[i+1][(q*mul + j)%13] %= MOD
s976901749.py(40):                 for j in range(13):
s976901749.py(41):                     dp[i+1][(q*mul + j)%13] += dp[i][j]
s976901749.py(42):                     dp[i+1][(q*mul + j)%13] %= MOD
s976901749.py(40):                 for j in range(13):
s976901749.py(41):                     dp[i+1][(q*mul + j)%13] += dp[i][j]
s976901749.py(42):                     dp[i+1][(q*mul + j)%13] %= MOD
s976901749.py(40):                 for j in range(13):
s976901749.py(41):                     dp[i+1][(q*mul + j)%13] += dp[i][j]
s976901749.py(42):                     dp[i+1][(q*mul + j)%13] %= MOD
s976901749.py(40):                 for j in range(13):
s976901749.py(41):                     dp[i+1][(q*mul + j)%13] += dp[i][j]
s976901749.py(42):                     dp[i+1][(q*mul + j)%13] %= MOD
s976901749.py(40):                 for j in range(13):
s976901749.py(41):                     dp[i+1][(q*mul + j)%13] += dp[i][j]
s976901749.py(42):                     dp[i+1][(q*mul + j)%13] %= MOD
s976901749.py(40):                 for j in range(13):
s976901749.py(41):                     dp[i+1][(q*mul + j)%13] += dp[i][j]
s976901749.py(42):                     dp[i+1][(q*mul + j)%13] %= MOD
s976901749.py(40):                 for j in range(13):
s976901749.py(41):                     dp[i+1][(q*mul + j)%13] += dp[i][j]
s976901749.py(42):                     dp[i+1][(q*mul + j)%13] %= MOD
s976901749.py(40):                 for j in range(13):
s976901749.py(41):                     dp[i+1][(q*mul + j)%13] += dp[i][j]
s976901749.py(42):                     dp[i+1][(q*mul + j)%13] %= MOD
s976901749.py(40):                 for j in range(13):
s976901749.py(41):                     dp[i+1][(q*mul + j)%13] += dp[i][j]
s976901749.py(42):                     dp[i+1][(q*mul + j)%13] %= MOD
s976901749.py(40):                 for j in range(13):
s976901749.py(41):                     dp[i+1][(q*mul + j)%13] += dp[i][j]
s976901749.py(42):                     dp[i+1][(q*mul + j)%13] %= MOD
s976901749.py(40):                 for j in range(13):
s976901749.py(41):                     dp[i+1][(q*mul + j)%13] += dp[i][j]
s976901749.py(42):                     dp[i+1][(q*mul + j)%13] %= MOD
s976901749.py(40):                 for j in range(13):
s976901749.py(41):                     dp[i+1][(q*mul + j)%13] += dp[i][j]
s976901749.py(42):                     dp[i+1][(q*mul + j)%13] %= MOD
s976901749.py(40):                 for j in range(13):
s976901749.py(39):             for q in range(10):
s976901749.py(40):                 for j in range(13):
s976901749.py(41):                     dp[i+1][(q*mul + j)%13] += dp[i][j]
s976901749.py(42):                     dp[i+1][(q*mul + j)%13] %= MOD
s976901749.py(40):                 for j in range(13):
s976901749.py(41):                     dp[i+1][(q*mul + j)%13] += dp[i][j]
s976901749.py(42):                     dp[i+1][(q*mul + j)%13] %= MOD
s976901749.py(40):                 for j in range(13):
s976901749.py(41):                     dp[i+1][(q*mul + j)%13] += dp[i][j]
s976901749.py(42):                     dp[i+1][(q*mul + j)%13] %= MOD
s976901749.py(40):                 for j in range(13):
s976901749.py(41):                     dp[i+1][(q*mul + j)%13] += dp[i][j]
s976901749.py(42):                     dp[i+1][(q*mul + j)%13] %= MOD
s976901749.py(40):                 for j in range(13):
s976901749.py(41):                     dp[i+1][(q*mul + j)%13] += dp[i][j]
s976901749.py(42):                     dp[i+1][(q*mul + j)%13] %= MOD
s976901749.py(40):                 for j in range(13):
s976901749.py(41):                     dp[i+1][(q*mul + j)%13] += dp[i][j]
s976901749.py(42):                     dp[i+1][(q*mul + j)%13] %= MOD
s976901749.py(40):                 for j in range(13):
s976901749.py(41):                     dp[i+1][(q*mul + j)%13] += dp[i][j]
s976901749.py(42):                     dp[i+1][(q*mul + j)%13] %= MOD
s976901749.py(40):                 for j in range(13):
s976901749.py(41):                     dp[i+1][(q*mul + j)%13] += dp[i][j]
s976901749.py(42):                     dp[i+1][(q*mul + j)%13] %= MOD
s976901749.py(40):                 for j in range(13):
s976901749.py(41):                     dp[i+1][(q*mul + j)%13] += dp[i][j]
s976901749.py(42):                     dp[i+1][(q*mul + j)%13] %= MOD
s976901749.py(40):                 for j in range(13):
s976901749.py(41):                     dp[i+1][(q*mul + j)%13] += dp[i][j]
s976901749.py(42):                     dp[i+1][(q*mul + j)%13] %= MOD
s976901749.py(40):                 for j in range(13):
s976901749.py(41):                     dp[i+1][(q*mul + j)%13] += dp[i][j]
s976901749.py(42):                     dp[i+1][(q*mul + j)%13] %= MOD
s976901749.py(40):                 for j in range(13):
s976901749.py(41):                     dp[i+1][(q*mul + j)%13] += dp[i][j]
s976901749.py(42):                     dp[i+1][(q*mul + j)%13] %= MOD
s976901749.py(40):                 for j in range(13):
s976901749.py(41):                     dp[i+1][(q*mul + j)%13] += dp[i][j]
s976901749.py(42):                     dp[i+1][(q*mul + j)%13] %= MOD
s976901749.py(40):                 for j in range(13):
s976901749.py(39):             for q in range(10):
s976901749.py(40):                 for j in range(13):
s976901749.py(41):                     dp[i+1][(q*mul + j)%13] += dp[i][j]
s976901749.py(42):                     dp[i+1][(q*mul + j)%13] %= MOD
s976901749.py(40):                 for j in range(13):
s976901749.py(41):                     dp[i+1][(q*mul + j)%13] += dp[i][j]
s976901749.py(42):                     dp[i+1][(q*mul + j)%13] %= MOD
s976901749.py(40):                 for j in range(13):
s976901749.py(41):                     dp[i+1][(q*mul + j)%13] += dp[i][j]
s976901749.py(42):                     dp[i+1][(q*mul + j)%13] %= MOD
s976901749.py(40):                 for j in range(13):
s976901749.py(41):                     dp[i+1][(q*mul + j)%13] += dp[i][j]
s976901749.py(42):                     dp[i+1][(q*mul + j)%13] %= MOD
s976901749.py(40):                 for j in range(13):
s976901749.py(41):                     dp[i+1][(q*mul + j)%13] += dp[i][j]
s976901749.py(42):                     dp[i+1][(q*mul + j)%13] %= MOD
s976901749.py(40):                 for j in range(13):
s976901749.py(41):                     dp[i+1][(q*mul + j)%13] += dp[i][j]
s976901749.py(42):                     dp[i+1][(q*mul + j)%13] %= MOD
s976901749.py(40):                 for j in range(13):
s976901749.py(41):                     dp[i+1][(q*mul + j)%13] += dp[i][j]
s976901749.py(42):                     dp[i+1][(q*mul + j)%13] %= MOD
s976901749.py(40):                 for j in range(13):
s976901749.py(41):                     dp[i+1][(q*mul + j)%13] += dp[i][j]
s976901749.py(42):                     dp[i+1][(q*mul + j)%13] %= MOD
s976901749.py(40):                 for j in range(13):
s976901749.py(41):                     dp[i+1][(q*mul + j)%13] += dp[i][j]
s976901749.py(42):                     dp[i+1][(q*mul + j)%13] %= MOD
s976901749.py(40):                 for j in range(13):
s976901749.py(41):                     dp[i+1][(q*mul + j)%13] += dp[i][j]
s976901749.py(42):                     dp[i+1][(q*mul + j)%13] %= MOD
s976901749.py(40):                 for j in range(13):
s976901749.py(41):                     dp[i+1][(q*mul + j)%13] += dp[i][j]
s976901749.py(42):                     dp[i+1][(q*mul + j)%13] %= MOD
s976901749.py(40):                 for j in range(13):
s976901749.py(41):                     dp[i+1][(q*mul + j)%13] += dp[i][j]
s976901749.py(42):                     dp[i+1][(q*mul + j)%13] %= MOD
s976901749.py(40):                 for j in range(13):
s976901749.py(41):                     dp[i+1][(q*mul + j)%13] += dp[i][j]
s976901749.py(42):                     dp[i+1][(q*mul + j)%13] %= MOD
s976901749.py(40):                 for j in range(13):
s976901749.py(39):             for q in range(10):
s976901749.py(40):                 for j in range(13):
s976901749.py(41):                     dp[i+1][(q*mul + j)%13] += dp[i][j]
s976901749.py(42):                     dp[i+1][(q*mul + j)%13] %= MOD
s976901749.py(40):                 for j in range(13):
s976901749.py(41):                     dp[i+1][(q*mul + j)%13] += dp[i][j]
s976901749.py(42):                     dp[i+1][(q*mul + j)%13] %= MOD
s976901749.py(40):                 for j in range(13):
s976901749.py(41):                     dp[i+1][(q*mul + j)%13] += dp[i][j]
s976901749.py(42):                     dp[i+1][(q*mul + j)%13] %= MOD
s976901749.py(40):                 for j in range(13):
s976901749.py(41):                     dp[i+1][(q*mul + j)%13] += dp[i][j]
s976901749.py(42):                     dp[i+1][(q*mul + j)%13] %= MOD
s976901749.py(40):                 for j in range(13):
s976901749.py(41):                     dp[i+1][(q*mul + j)%13] += dp[i][j]
s976901749.py(42):                     dp[i+1][(q*mul + j)%13] %= MOD
s976901749.py(40):                 for j in range(13):
s976901749.py(41):                     dp[i+1][(q*mul + j)%13] += dp[i][j]
s976901749.py(42):                     dp[i+1][(q*mul + j)%13] %= MOD
s976901749.py(40):                 for j in range(13):
s976901749.py(41):                     dp[i+1][(q*mul + j)%13] += dp[i][j]
s976901749.py(42):                     dp[i+1][(q*mul + j)%13] %= MOD
s976901749.py(40):                 for j in range(13):
s976901749.py(41):                     dp[i+1][(q*mul + j)%13] += dp[i][j]
s976901749.py(42):                     dp[i+1][(q*mul + j)%13] %= MOD
s976901749.py(40):                 for j in range(13):
s976901749.py(41):                     dp[i+1][(q*mul + j)%13] += dp[i][j]
s976901749.py(42):                     dp[i+1][(q*mul + j)%13] %= MOD
s976901749.py(40):                 for j in range(13):
s976901749.py(41):                     dp[i+1][(q*mul + j)%13] += dp[i][j]
s976901749.py(42):                     dp[i+1][(q*mul + j)%13] %= MOD
s976901749.py(40):                 for j in range(13):
s976901749.py(41):                     dp[i+1][(q*mul + j)%13] += dp[i][j]
s976901749.py(42):                     dp[i+1][(q*mul + j)%13] %= MOD
s976901749.py(40):                 for j in range(13):
s976901749.py(41):                     dp[i+1][(q*mul + j)%13] += dp[i][j]
s976901749.py(42):                     dp[i+1][(q*mul + j)%13] %= MOD
s976901749.py(40):                 for j in range(13):
s976901749.py(41):                     dp[i+1][(q*mul + j)%13] += dp[i][j]
s976901749.py(42):                     dp[i+1][(q*mul + j)%13] %= MOD
s976901749.py(40):                 for j in range(13):
s976901749.py(39):             for q in range(10):
s976901749.py(40):                 for j in range(13):
s976901749.py(41):                     dp[i+1][(q*mul + j)%13] += dp[i][j]
s976901749.py(42):                     dp[i+1][(q*mul + j)%13] %= MOD
s976901749.py(40):                 for j in range(13):
s976901749.py(41):                     dp[i+1][(q*mul + j)%13] += dp[i][j]
s976901749.py(42):                     dp[i+1][(q*mul + j)%13] %= MOD
s976901749.py(40):                 for j in range(13):
s976901749.py(41):                     dp[i+1][(q*mul + j)%13] += dp[i][j]
s976901749.py(42):                     dp[i+1][(q*mul + j)%13] %= MOD
s976901749.py(40):                 for j in range(13):
s976901749.py(41):                     dp[i+1][(q*mul + j)%13] += dp[i][j]
s976901749.py(42):                     dp[i+1][(q*mul + j)%13] %= MOD
s976901749.py(40):                 for j in range(13):
s976901749.py(41):                     dp[i+1][(q*mul + j)%13] += dp[i][j]
s976901749.py(42):                     dp[i+1][(q*mul + j)%13] %= MOD
s976901749.py(40):                 for j in range(13):
s976901749.py(41):                     dp[i+1][(q*mul + j)%13] += dp[i][j]
s976901749.py(42):                     dp[i+1][(q*mul + j)%13] %= MOD
s976901749.py(40):                 for j in range(13):
s976901749.py(41):                     dp[i+1][(q*mul + j)%13] += dp[i][j]
s976901749.py(42):                     dp[i+1][(q*mul + j)%13] %= MOD
s976901749.py(40):                 for j in range(13):
s976901749.py(41):                     dp[i+1][(q*mul + j)%13] += dp[i][j]
s976901749.py(42):                     dp[i+1][(q*mul + j)%13] %= MOD
s976901749.py(40):                 for j in range(13):
s976901749.py(41):                     dp[i+1][(q*mul + j)%13] += dp[i][j]
s976901749.py(42):                     dp[i+1][(q*mul + j)%13] %= MOD
s976901749.py(40):                 for j in range(13):
s976901749.py(41):                     dp[i+1][(q*mul + j)%13] += dp[i][j]
s976901749.py(42):                     dp[i+1][(q*mul + j)%13] %= MOD
s976901749.py(40):                 for j in range(13):
s976901749.py(41):                     dp[i+1][(q*mul + j)%13] += dp[i][j]
s976901749.py(42):                     dp[i+1][(q*mul + j)%13] %= MOD
s976901749.py(40):                 for j in range(13):
s976901749.py(41):                     dp[i+1][(q*mul + j)%13] += dp[i][j]
s976901749.py(42):                     dp[i+1][(q*mul + j)%13] %= MOD
s976901749.py(40):                 for j in range(13):
s976901749.py(41):                     dp[i+1][(q*mul + j)%13] += dp[i][j]
s976901749.py(42):                     dp[i+1][(q*mul + j)%13] %= MOD
s976901749.py(40):                 for j in range(13):
s976901749.py(39):             for q in range(10):
s976901749.py(40):                 for j in range(13):
s976901749.py(41):                     dp[i+1][(q*mul + j)%13] += dp[i][j]
s976901749.py(42):                     dp[i+1][(q*mul + j)%13] %= MOD
s976901749.py(40):                 for j in range(13):
s976901749.py(41):                     dp[i+1][(q*mul + j)%13] += dp[i][j]
s976901749.py(42):                     dp[i+1][(q*mul + j)%13] %= MOD
s976901749.py(40):                 for j in range(13):
s976901749.py(41):                     dp[i+1][(q*mul + j)%13] += dp[i][j]
s976901749.py(42):                     dp[i+1][(q*mul + j)%13] %= MOD
s976901749.py(40):                 for j in range(13):
s976901749.py(41):                     dp[i+1][(q*mul + j)%13] += dp[i][j]
s976901749.py(42):                     dp[i+1][(q*mul + j)%13] %= MOD
s976901749.py(40):                 for j in range(13):
s976901749.py(41):                     dp[i+1][(q*mul + j)%13] += dp[i][j]
s976901749.py(42):                     dp[i+1][(q*mul + j)%13] %= MOD
s976901749.py(40):                 for j in range(13):
s976901749.py(41):                     dp[i+1][(q*mul + j)%13] += dp[i][j]
s976901749.py(42):                     dp[i+1][(q*mul + j)%13] %= MOD
s976901749.py(40):                 for j in range(13):
s976901749.py(41):                     dp[i+1][(q*mul + j)%13] += dp[i][j]
s976901749.py(42):                     dp[i+1][(q*mul + j)%13] %= MOD
s976901749.py(40):                 for j in range(13):
s976901749.py(41):                     dp[i+1][(q*mul + j)%13] += dp[i][j]
s976901749.py(42):                     dp[i+1][(q*mul + j)%13] %= MOD
s976901749.py(40):                 for j in range(13):
s976901749.py(41):                     dp[i+1][(q*mul + j)%13] += dp[i][j]
s976901749.py(42):                     dp[i+1][(q*mul + j)%13] %= MOD
s976901749.py(40):                 for j in range(13):
s976901749.py(41):                     dp[i+1][(q*mul + j)%13] += dp[i][j]
s976901749.py(42):                     dp[i+1][(q*mul + j)%13] %= MOD
s976901749.py(40):                 for j in range(13):
s976901749.py(41):                     dp[i+1][(q*mul + j)%13] += dp[i][j]
s976901749.py(42):                     dp[i+1][(q*mul + j)%13] %= MOD
s976901749.py(40):                 for j in range(13):
s976901749.py(41):                     dp[i+1][(q*mul + j)%13] += dp[i][j]
s976901749.py(42):                     dp[i+1][(q*mul + j)%13] %= MOD
s976901749.py(40):                 for j in range(13):
s976901749.py(41):                     dp[i+1][(q*mul + j)%13] += dp[i][j]
s976901749.py(42):                     dp[i+1][(q*mul + j)%13] %= MOD
s976901749.py(40):                 for j in range(13):
s976901749.py(39):             for q in range(10):
s976901749.py(40):                 for j in range(13):
s976901749.py(41):                     dp[i+1][(q*mul + j)%13] += dp[i][j]
s976901749.py(42):                     dp[i+1][(q*mul + j)%13] %= MOD
s976901749.py(40):                 for j in range(13):
s976901749.py(41):                     dp[i+1][(q*mul + j)%13] += dp[i][j]
s976901749.py(42):                     dp[i+1][(q*mul + j)%13] %= MOD
s976901749.py(40):                 for j in range(13):
s976901749.py(41):                     dp[i+1][(q*mul + j)%13] += dp[i][j]
s976901749.py(42):                     dp[i+1][(q*mul + j)%13] %= MOD
s976901749.py(40):                 for j in range(13):
s976901749.py(41):                     dp[i+1][(q*mul + j)%13] += dp[i][j]
s976901749.py(42):                     dp[i+1][(q*mul + j)%13] %= MOD
s976901749.py(40):                 for j in range(13):
s976901749.py(41):                     dp[i+1][(q*mul + j)%13] += dp[i][j]
s976901749.py(42):                     dp[i+1][(q*mul + j)%13] %= MOD
s976901749.py(40):                 for j in range(13):
s976901749.py(41):                     dp[i+1][(q*mul + j)%13] += dp[i][j]
s976901749.py(42):                     dp[i+1][(q*mul + j)%13] %= MOD
s976901749.py(40):                 for j in range(13):
s976901749.py(41):                     dp[i+1][(q*mul + j)%13] += dp[i][j]
s976901749.py(42):                     dp[i+1][(q*mul + j)%13] %= MOD
s976901749.py(40):                 for j in range(13):
s976901749.py(41):                     dp[i+1][(q*mul + j)%13] += dp[i][j]
s976901749.py(42):                     dp[i+1][(q*mul + j)%13] %= MOD
s976901749.py(40):                 for j in range(13):
s976901749.py(41):                     dp[i+1][(q*mul + j)%13] += dp[i][j]
s976901749.py(42):                     dp[i+1][(q*mul + j)%13] %= MOD
s976901749.py(40):                 for j in range(13):
s976901749.py(41):                     dp[i+1][(q*mul + j)%13] += dp[i][j]
s976901749.py(42):                     dp[i+1][(q*mul + j)%13] %= MOD
s976901749.py(40):                 for j in range(13):
s976901749.py(41):                     dp[i+1][(q*mul + j)%13] += dp[i][j]
s976901749.py(42):                     dp[i+1][(q*mul + j)%13] %= MOD
s976901749.py(40):                 for j in range(13):
s976901749.py(41):                     dp[i+1][(q*mul + j)%13] += dp[i][j]
s976901749.py(42):                     dp[i+1][(q*mul + j)%13] %= MOD
s976901749.py(40):                 for j in range(13):
s976901749.py(41):                     dp[i+1][(q*mul + j)%13] += dp[i][j]
s976901749.py(42):                     dp[i+1][(q*mul + j)%13] %= MOD
s976901749.py(40):                 for j in range(13):
s976901749.py(39):             for q in range(10):
s976901749.py(40):                 for j in range(13):
s976901749.py(41):                     dp[i+1][(q*mul + j)%13] += dp[i][j]
s976901749.py(42):                     dp[i+1][(q*mul + j)%13] %= MOD
s976901749.py(40):                 for j in range(13):
s976901749.py(41):                     dp[i+1][(q*mul + j)%13] += dp[i][j]
s976901749.py(42):                     dp[i+1][(q*mul + j)%13] %= MOD
s976901749.py(40):                 for j in range(13):
s976901749.py(41):                     dp[i+1][(q*mul + j)%13] += dp[i][j]
s976901749.py(42):                     dp[i+1][(q*mul + j)%13] %= MOD
s976901749.py(40):                 for j in range(13):
s976901749.py(41):                     dp[i+1][(q*mul + j)%13] += dp[i][j]
s976901749.py(42):                     dp[i+1][(q*mul + j)%13] %= MOD
s976901749.py(40):                 for j in range(13):
s976901749.py(41):                     dp[i+1][(q*mul + j)%13] += dp[i][j]
s976901749.py(42):                     dp[i+1][(q*mul + j)%13] %= MOD
s976901749.py(40):                 for j in range(13):
s976901749.py(41):                     dp[i+1][(q*mul + j)%13] += dp[i][j]
s976901749.py(42):                     dp[i+1][(q*mul + j)%13] %= MOD
s976901749.py(40):                 for j in range(13):
s976901749.py(41):                     dp[i+1][(q*mul + j)%13] += dp[i][j]
s976901749.py(42):                     dp[i+1][(q*mul + j)%13] %= MOD
s976901749.py(40):                 for j in range(13):
s976901749.py(41):                     dp[i+1][(q*mul + j)%13] += dp[i][j]
s976901749.py(42):                     dp[i+1][(q*mul + j)%13] %= MOD
s976901749.py(40):                 for j in range(13):
s976901749.py(41):                     dp[i+1][(q*mul + j)%13] += dp[i][j]
s976901749.py(42):                     dp[i+1][(q*mul + j)%13] %= MOD
s976901749.py(40):                 for j in range(13):
s976901749.py(41):                     dp[i+1][(q*mul + j)%13] += dp[i][j]
s976901749.py(42):                     dp[i+1][(q*mul + j)%13] %= MOD
s976901749.py(40):                 for j in range(13):
s976901749.py(41):                     dp[i+1][(q*mul + j)%13] += dp[i][j]
s976901749.py(42):                     dp[i+1][(q*mul + j)%13] %= MOD
s976901749.py(40):                 for j in range(13):
s976901749.py(41):                     dp[i+1][(q*mul + j)%13] += dp[i][j]
s976901749.py(42):                     dp[i+1][(q*mul + j)%13] %= MOD
s976901749.py(40):                 for j in range(13):
s976901749.py(41):                     dp[i+1][(q*mul + j)%13] += dp[i][j]
s976901749.py(42):                     dp[i+1][(q*mul + j)%13] %= MOD
s976901749.py(40):                 for j in range(13):
s976901749.py(39):             for q in range(10):
s976901749.py(40):                 for j in range(13):
s976901749.py(41):                     dp[i+1][(q*mul + j)%13] += dp[i][j]
s976901749.py(42):                     dp[i+1][(q*mul + j)%13] %= MOD
s976901749.py(40):                 for j in range(13):
s976901749.py(41):                     dp[i+1][(q*mul + j)%13] += dp[i][j]
s976901749.py(42):                     dp[i+1][(q*mul + j)%13] %= MOD
s976901749.py(40):                 for j in range(13):
s976901749.py(41):                     dp[i+1][(q*mul + j)%13] += dp[i][j]
s976901749.py(42):                     dp[i+1][(q*mul + j)%13] %= MOD
s976901749.py(40):                 for j in range(13):
s976901749.py(41):                     dp[i+1][(q*mul + j)%13] += dp[i][j]
s976901749.py(42):                     dp[i+1][(q*mul + j)%13] %= MOD
s976901749.py(40):                 for j in range(13):
s976901749.py(41):                     dp[i+1][(q*mul + j)%13] += dp[i][j]
s976901749.py(42):                     dp[i+1][(q*mul + j)%13] %= MOD
s976901749.py(40):                 for j in range(13):
s976901749.py(41):                     dp[i+1][(q*mul + j)%13] += dp[i][j]
s976901749.py(42):                     dp[i+1][(q*mul + j)%13] %= MOD
s976901749.py(40):                 for j in range(13):
s976901749.py(41):                     dp[i+1][(q*mul + j)%13] += dp[i][j]
s976901749.py(42):                     dp[i+1][(q*mul + j)%13] %= MOD
s976901749.py(40):                 for j in range(13):
s976901749.py(41):                     dp[i+1][(q*mul + j)%13] += dp[i][j]
s976901749.py(42):                     dp[i+1][(q*mul + j)%13] %= MOD
s976901749.py(40):                 for j in range(13):
s976901749.py(41):                     dp[i+1][(q*mul + j)%13] += dp[i][j]
s976901749.py(42):                     dp[i+1][(q*mul + j)%13] %= MOD
s976901749.py(40):                 for j in range(13):
s976901749.py(41):                     dp[i+1][(q*mul + j)%13] += dp[i][j]
s976901749.py(42):                     dp[i+1][(q*mul + j)%13] %= MOD
s976901749.py(40):                 for j in range(13):
s976901749.py(41):                     dp[i+1][(q*mul + j)%13] += dp[i][j]
s976901749.py(42):                     dp[i+1][(q*mul + j)%13] %= MOD
s976901749.py(40):                 for j in range(13):
s976901749.py(41):                     dp[i+1][(q*mul + j)%13] += dp[i][j]
s976901749.py(42):                     dp[i+1][(q*mul + j)%13] %= MOD
s976901749.py(40):                 for j in range(13):
s976901749.py(41):                     dp[i+1][(q*mul + j)%13] += dp[i][j]
s976901749.py(42):                     dp[i+1][(q*mul + j)%13] %= MOD
s976901749.py(40):                 for j in range(13):
s976901749.py(39):             for q in range(10):
s976901749.py(40):                 for j in range(13):
s976901749.py(41):                     dp[i+1][(q*mul + j)%13] += dp[i][j]
s976901749.py(42):                     dp[i+1][(q*mul + j)%13] %= MOD
s976901749.py(40):                 for j in range(13):
s976901749.py(41):                     dp[i+1][(q*mul + j)%13] += dp[i][j]
s976901749.py(42):                     dp[i+1][(q*mul + j)%13] %= MOD
s976901749.py(40):                 for j in range(13):
s976901749.py(41):                     dp[i+1][(q*mul + j)%13] += dp[i][j]
s976901749.py(42):                     dp[i+1][(q*mul + j)%13] %= MOD
s976901749.py(40):                 for j in range(13):
s976901749.py(41):                     dp[i+1][(q*mul + j)%13] += dp[i][j]
s976901749.py(42):                     dp[i+1][(q*mul + j)%13] %= MOD
s976901749.py(40):                 for j in range(13):
s976901749.py(41):                     dp[i+1][(q*mul + j)%13] += dp[i][j]
s976901749.py(42):                     dp[i+1][(q*mul + j)%13] %= MOD
s976901749.py(40):                 for j in range(13):
s976901749.py(41):                     dp[i+1][(q*mul + j)%13] += dp[i][j]
s976901749.py(42):                     dp[i+1][(q*mul + j)%13] %= MOD
s976901749.py(40):                 for j in range(13):
s976901749.py(41):                     dp[i+1][(q*mul + j)%13] += dp[i][j]
s976901749.py(42):                     dp[i+1][(q*mul + j)%13] %= MOD
s976901749.py(40):                 for j in range(13):
s976901749.py(41):                     dp[i+1][(q*mul + j)%13] += dp[i][j]
s976901749.py(42):                     dp[i+1][(q*mul + j)%13] %= MOD
s976901749.py(40):                 for j in range(13):
s976901749.py(41):                     dp[i+1][(q*mul + j)%13] += dp[i][j]
s976901749.py(42):                     dp[i+1][(q*mul + j)%13] %= MOD
s976901749.py(40):                 for j in range(13):
s976901749.py(41):                     dp[i+1][(q*mul + j)%13] += dp[i][j]
s976901749.py(42):                     dp[i+1][(q*mul + j)%13] %= MOD
s976901749.py(40):                 for j in range(13):
s976901749.py(41):                     dp[i+1][(q*mul + j)%13] += dp[i][j]
s976901749.py(42):                     dp[i+1][(q*mul + j)%13] %= MOD
s976901749.py(40):                 for j in range(13):
s976901749.py(41):                     dp[i+1][(q*mul + j)%13] += dp[i][j]
s976901749.py(42):                     dp[i+1][(q*mul + j)%13] %= MOD
s976901749.py(40):                 for j in range(13):
s976901749.py(41):                     dp[i+1][(q*mul + j)%13] += dp[i][j]
s976901749.py(42):                     dp[i+1][(q*mul + j)%13] %= MOD
s976901749.py(40):                 for j in range(13):
s976901749.py(39):             for q in range(10):
s976901749.py(49):         mul = mul * 10 % 13
s976901749.py(35):     for i in range(l):
s976901749.py(51):     print(dp[-1][5] % MOD)
768
