 --- modulename: s207214119, funcname: <module>
s207214119.py(2): import sys
s207214119.py(3): sys.setrecursionlimit(10**9)
s207214119.py(4): input = sys.stdin.readline
s207214119.py(7): def solve():
s207214119.py(29): def is_same(poly1, poly2):
s207214119.py(48): def dist(p1, p2):
s207214119.py(52): def calc_dist(poly):
s207214119.py(56): def turn(p1, p2, p3):
s207214119.py(84): def calc_turn(poly):
s207214119.py(89):     solve()
 --- modulename: s207214119, funcname: solve
s207214119.py(8):     N = int(input())
 --- modulename: codecs, funcname: getstate
codecs.py(333):         return (self.buffer, 0)
 --- modulename: codecs, funcname: decode
codecs.py(321):         data = self.buffer + input
codecs.py(322):         (result, consumed) = self._buffer_decode(data, self.errors, final)
codecs.py(324):         self.buffer = data[consumed:]
codecs.py(325):         return result
s207214119.py(9):     if N == 0:
s207214119.py(11):     n = int(input())
s207214119.py(12):     true_Poly = [list(map(int, input().split())) for _ in range(n)]
 --- modulename: s207214119, funcname: <listcomp>
s207214119.py(12):     true_Poly = [list(map(int, input().split())) for _ in range(n)]
s207214119.py(12):     true_Poly = [list(map(int, input().split())) for _ in range(n)]
s207214119.py(12):     true_Poly = [list(map(int, input().split())) for _ in range(n)]
s207214119.py(12):     true_Poly = [list(map(int, input().split())) for _ in range(n)]
s207214119.py(12):     true_Poly = [list(map(int, input().split())) for _ in range(n)]
s207214119.py(12):     true_Poly = [list(map(int, input().split())) for _ in range(n)]
s207214119.py(14):     serach_Polys = []
s207214119.py(15):     for _ in range(N):
s207214119.py(16):         n = int(input())
s207214119.py(17):         serach_Polys.append([list(map(int, input().split()))
s207214119.py(18):                              for _ in range(n)])
s207214119.py(17):         serach_Polys.append([list(map(int, input().split()))
 --- modulename: s207214119, funcname: <listcomp>
s207214119.py(17):         serach_Polys.append([list(map(int, input().split()))
s207214119.py(17):         serach_Polys.append([list(map(int, input().split()))
s207214119.py(17):         serach_Polys.append([list(map(int, input().split()))
s207214119.py(17):         serach_Polys.append([list(map(int, input().split()))
s207214119.py(17):         serach_Polys.append([list(map(int, input().split()))
s207214119.py(17):         serach_Polys.append([list(map(int, input().split()))
s207214119.py(17):         serach_Polys.append([list(map(int, input().split()))
s207214119.py(17):         serach_Polys.append([list(map(int, input().split()))
s207214119.py(17):         serach_Polys.append([list(map(int, input().split()))
s207214119.py(17):         serach_Polys.append([list(map(int, input().split()))
s207214119.py(17):         serach_Polys.append([list(map(int, input().split()))
s207214119.py(15):     for _ in range(N):
s207214119.py(16):         n = int(input())
s207214119.py(17):         serach_Polys.append([list(map(int, input().split()))
s207214119.py(18):                              for _ in range(n)])
s207214119.py(17):         serach_Polys.append([list(map(int, input().split()))
 --- modulename: s207214119, funcname: <listcomp>
s207214119.py(17):         serach_Polys.append([list(map(int, input().split()))
s207214119.py(17):         serach_Polys.append([list(map(int, input().split()))
s207214119.py(17):         serach_Polys.append([list(map(int, input().split()))
s207214119.py(17):         serach_Polys.append([list(map(int, input().split()))
s207214119.py(17):         serach_Polys.append([list(map(int, input().split()))
s207214119.py(17):         serach_Polys.append([list(map(int, input().split()))
s207214119.py(17):         serach_Polys.append([list(map(int, input().split()))
s207214119.py(17):         serach_Polys.append([list(map(int, input().split()))
s207214119.py(17):         serach_Polys.append([list(map(int, input().split()))
s207214119.py(17):         serach_Polys.append([list(map(int, input().split()))
s207214119.py(17):         serach_Polys.append([list(map(int, input().split()))
s207214119.py(15):     for _ in range(N):
s207214119.py(16):         n = int(input())
s207214119.py(17):         serach_Polys.append([list(map(int, input().split()))
s207214119.py(18):                              for _ in range(n)])
s207214119.py(17):         serach_Polys.append([list(map(int, input().split()))
 --- modulename: s207214119, funcname: <listcomp>
s207214119.py(17):         serach_Polys.append([list(map(int, input().split()))
s207214119.py(17):         serach_Polys.append([list(map(int, input().split()))
s207214119.py(17):         serach_Polys.append([list(map(int, input().split()))
s207214119.py(17):         serach_Polys.append([list(map(int, input().split()))
s207214119.py(17):         serach_Polys.append([list(map(int, input().split()))
s207214119.py(17):         serach_Polys.append([list(map(int, input().split()))
s207214119.py(17):         serach_Polys.append([list(map(int, input().split()))
s207214119.py(17):         serach_Polys.append([list(map(int, input().split()))
s207214119.py(17):         serach_Polys.append([list(map(int, input().split()))
s207214119.py(17):         serach_Polys.append([list(map(int, input().split()))
s207214119.py(17):         serach_Polys.append([list(map(int, input().split()))
s207214119.py(15):     for _ in range(N):
s207214119.py(16):         n = int(input())
s207214119.py(17):         serach_Polys.append([list(map(int, input().split()))
s207214119.py(18):                              for _ in range(n)])
s207214119.py(17):         serach_Polys.append([list(map(int, input().split()))
 --- modulename: s207214119, funcname: <listcomp>
s207214119.py(17):         serach_Polys.append([list(map(int, input().split()))
s207214119.py(17):         serach_Polys.append([list(map(int, input().split()))
s207214119.py(17):         serach_Polys.append([list(map(int, input().split()))
s207214119.py(17):         serach_Polys.append([list(map(int, input().split()))
s207214119.py(17):         serach_Polys.append([list(map(int, input().split()))
s207214119.py(17):         serach_Polys.append([list(map(int, input().split()))
s207214119.py(17):         serach_Polys.append([list(map(int, input().split()))
s207214119.py(17):         serach_Polys.append([list(map(int, input().split()))
s207214119.py(17):         serach_Polys.append([list(map(int, input().split()))
s207214119.py(17):         serach_Polys.append([list(map(int, input().split()))
s207214119.py(17):         serach_Polys.append([list(map(int, input().split()))
s207214119.py(15):     for _ in range(N):
s207214119.py(16):         n = int(input())
s207214119.py(17):         serach_Polys.append([list(map(int, input().split()))
s207214119.py(18):                              for _ in range(n)])
s207214119.py(17):         serach_Polys.append([list(map(int, input().split()))
 --- modulename: s207214119, funcname: <listcomp>
s207214119.py(17):         serach_Polys.append([list(map(int, input().split()))
s207214119.py(17):         serach_Polys.append([list(map(int, input().split()))
s207214119.py(17):         serach_Polys.append([list(map(int, input().split()))
s207214119.py(17):         serach_Polys.append([list(map(int, input().split()))
s207214119.py(17):         serach_Polys.append([list(map(int, input().split()))
s207214119.py(17):         serach_Polys.append([list(map(int, input().split()))
s207214119.py(17):         serach_Polys.append([list(map(int, input().split()))
s207214119.py(17):         serach_Polys.append([list(map(int, input().split()))
s207214119.py(17):         serach_Polys.append([list(map(int, input().split()))
s207214119.py(17):         serach_Polys.append([list(map(int, input().split()))
s207214119.py(17):         serach_Polys.append([list(map(int, input().split()))
s207214119.py(15):     for _ in range(N):
s207214119.py(20):     ans = []
s207214119.py(21):     for i, poly in enumerate(serach_Polys):
s207214119.py(22):         if is_same(true_Poly, poly):
 --- modulename: s207214119, funcname: is_same
s207214119.py(30):     if len(poly1) != len(poly2):
s207214119.py(33):     poly_1_turn = calc_turn(poly1)
 --- modulename: s207214119, funcname: calc_turn
s207214119.py(85):     return [turn(p1, p2, p3) for p1, p2, p3 in zip(poly, poly[1:], poly[2:])]
 --- modulename: s207214119, funcname: <listcomp>
s207214119.py(85):     return [turn(p1, p2, p3) for p1, p2, p3 in zip(poly, poly[1:], poly[2:])]
 --- modulename: s207214119, funcname: turn
s207214119.py(60):     if p1[0] == p2[0]:
s207214119.py(72):         if p1[0] < p2[0]:
s207214119.py(73):             if p3[1] > p2[1]:
s207214119.py(74):                 return 0
s207214119.py(85):     return [turn(p1, p2, p3) for p1, p2, p3 in zip(poly, poly[1:], poly[2:])]
 --- modulename: s207214119, funcname: turn
s207214119.py(60):     if p1[0] == p2[0]:
s207214119.py(61):         if p1[1] < p2[1]:
s207214119.py(62):             if p3[0] > p2[0]:
s207214119.py(63):                 return 1
s207214119.py(85):     return [turn(p1, p2, p3) for p1, p2, p3 in zip(poly, poly[1:], poly[2:])]
 --- modulename: s207214119, funcname: turn
s207214119.py(60):     if p1[0] == p2[0]:
s207214119.py(72):         if p1[0] < p2[0]:
s207214119.py(73):             if p3[1] > p2[1]:
s207214119.py(76):                 return 1
s207214119.py(85):     return [turn(p1, p2, p3) for p1, p2, p3 in zip(poly, poly[1:], poly[2:])]
s207214119.py(34):     poly_1_len = calc_dist(poly1)
 --- modulename: s207214119, funcname: calc_dist
s207214119.py(53):     return [dist(p1, p2) for p1, p2 in zip(poly, poly[1:])]
 --- modulename: s207214119, funcname: <listcomp>
s207214119.py(53):     return [dist(p1, p2) for p1, p2 in zip(poly, poly[1:])]
 --- modulename: s207214119, funcname: dist
s207214119.py(49):     return sum([abs(x1-x2) for x1, x2 in zip(p1, p2)])
 --- modulename: s207214119, funcname: <listcomp>
s207214119.py(49):     return sum([abs(x1-x2) for x1, x2 in zip(p1, p2)])
s207214119.py(49):     return sum([abs(x1-x2) for x1, x2 in zip(p1, p2)])
s207214119.py(49):     return sum([abs(x1-x2) for x1, x2 in zip(p1, p2)])
s207214119.py(53):     return [dist(p1, p2) for p1, p2 in zip(poly, poly[1:])]
 --- modulename: s207214119, funcname: dist
s207214119.py(49):     return sum([abs(x1-x2) for x1, x2 in zip(p1, p2)])
 --- modulename: s207214119, funcname: <listcomp>
s207214119.py(49):     return sum([abs(x1-x2) for x1, x2 in zip(p1, p2)])
s207214119.py(49):     return sum([abs(x1-x2) for x1, x2 in zip(p1, p2)])
s207214119.py(49):     return sum([abs(x1-x2) for x1, x2 in zip(p1, p2)])
s207214119.py(53):     return [dist(p1, p2) for p1, p2 in zip(poly, poly[1:])]
 --- modulename: s207214119, funcname: dist
s207214119.py(49):     return sum([abs(x1-x2) for x1, x2 in zip(p1, p2)])
 --- modulename: s207214119, funcname: <listcomp>
s207214119.py(49):     return sum([abs(x1-x2) for x1, x2 in zip(p1, p2)])
s207214119.py(49):     return sum([abs(x1-x2) for x1, x2 in zip(p1, p2)])
s207214119.py(49):     return sum([abs(x1-x2) for x1, x2 in zip(p1, p2)])
s207214119.py(53):     return [dist(p1, p2) for p1, p2 in zip(poly, poly[1:])]
 --- modulename: s207214119, funcname: dist
s207214119.py(49):     return sum([abs(x1-x2) for x1, x2 in zip(p1, p2)])
 --- modulename: s207214119, funcname: <listcomp>
s207214119.py(49):     return sum([abs(x1-x2) for x1, x2 in zip(p1, p2)])
s207214119.py(49):     return sum([abs(x1-x2) for x1, x2 in zip(p1, p2)])
s207214119.py(49):     return sum([abs(x1-x2) for x1, x2 in zip(p1, p2)])
s207214119.py(53):     return [dist(p1, p2) for p1, p2 in zip(poly, poly[1:])]
s207214119.py(36):     poly_2_turn = calc_turn(poly2)
 --- modulename: s207214119, funcname: calc_turn
s207214119.py(85):     return [turn(p1, p2, p3) for p1, p2, p3 in zip(poly, poly[1:], poly[2:])]
 --- modulename: s207214119, funcname: <listcomp>
s207214119.py(85):     return [turn(p1, p2, p3) for p1, p2, p3 in zip(poly, poly[1:], poly[2:])]
 --- modulename: s207214119, funcname: turn
s207214119.py(60):     if p1[0] == p2[0]:
s207214119.py(61):         if p1[1] < p2[1]:
s207214119.py(62):             if p3[0] > p2[0]:
s207214119.py(65):                 return 0
s207214119.py(85):     return [turn(p1, p2, p3) for p1, p2, p3 in zip(poly, poly[1:], poly[2:])]
 --- modulename: s207214119, funcname: turn
s207214119.py(60):     if p1[0] == p2[0]:
s207214119.py(72):         if p1[0] < p2[0]:
s207214119.py(78):             if p3[1] > p2[1]:
s207214119.py(79):                 return 1
s207214119.py(85):     return [turn(p1, p2, p3) for p1, p2, p3 in zip(poly, poly[1:], poly[2:])]
 --- modulename: s207214119, funcname: turn
s207214119.py(60):     if p1[0] == p2[0]:
s207214119.py(61):         if p1[1] < p2[1]:
s207214119.py(62):             if p3[0] > p2[0]:
s207214119.py(63):                 return 1
s207214119.py(85):     return [turn(p1, p2, p3) for p1, p2, p3 in zip(poly, poly[1:], poly[2:])]
s207214119.py(37):     poly_2_len = calc_dist(poly2)
 --- modulename: s207214119, funcname: calc_dist
s207214119.py(53):     return [dist(p1, p2) for p1, p2 in zip(poly, poly[1:])]
 --- modulename: s207214119, funcname: <listcomp>
s207214119.py(53):     return [dist(p1, p2) for p1, p2 in zip(poly, poly[1:])]
 --- modulename: s207214119, funcname: dist
s207214119.py(49):     return sum([abs(x1-x2) for x1, x2 in zip(p1, p2)])
 --- modulename: s207214119, funcname: <listcomp>
s207214119.py(49):     return sum([abs(x1-x2) for x1, x2 in zip(p1, p2)])
s207214119.py(49):     return sum([abs(x1-x2) for x1, x2 in zip(p1, p2)])
s207214119.py(49):     return sum([abs(x1-x2) for x1, x2 in zip(p1, p2)])
s207214119.py(53):     return [dist(p1, p2) for p1, p2 in zip(poly, poly[1:])]
 --- modulename: s207214119, funcname: dist
s207214119.py(49):     return sum([abs(x1-x2) for x1, x2 in zip(p1, p2)])
 --- modulename: s207214119, funcname: <listcomp>
s207214119.py(49):     return sum([abs(x1-x2) for x1, x2 in zip(p1, p2)])
s207214119.py(49):     return sum([abs(x1-x2) for x1, x2 in zip(p1, p2)])
s207214119.py(49):     return sum([abs(x1-x2) for x1, x2 in zip(p1, p2)])
s207214119.py(53):     return [dist(p1, p2) for p1, p2 in zip(poly, poly[1:])]
 --- modulename: s207214119, funcname: dist
s207214119.py(49):     return sum([abs(x1-x2) for x1, x2 in zip(p1, p2)])
 --- modulename: s207214119, funcname: <listcomp>
s207214119.py(49):     return sum([abs(x1-x2) for x1, x2 in zip(p1, p2)])
s207214119.py(49):     return sum([abs(x1-x2) for x1, x2 in zip(p1, p2)])
s207214119.py(49):     return sum([abs(x1-x2) for x1, x2 in zip(p1, p2)])
s207214119.py(53):     return [dist(p1, p2) for p1, p2 in zip(poly, poly[1:])]
 --- modulename: s207214119, funcname: dist
s207214119.py(49):     return sum([abs(x1-x2) for x1, x2 in zip(p1, p2)])
 --- modulename: s207214119, funcname: <listcomp>
s207214119.py(49):     return sum([abs(x1-x2) for x1, x2 in zip(p1, p2)])
s207214119.py(49):     return sum([abs(x1-x2) for x1, x2 in zip(p1, p2)])
s207214119.py(49):     return sum([abs(x1-x2) for x1, x2 in zip(p1, p2)])
s207214119.py(53):     return [dist(p1, p2) for p1, p2 in zip(poly, poly[1:])]
s207214119.py(38):     if all(a == b for a, b in zip(poly_2_turn, poly_1_turn)) and all(a == b for a, b in zip(poly_2_len, poly_1_len)):
 --- modulename: s207214119, funcname: <genexpr>
s207214119.py(38):     if all(a == b for a, b in zip(poly_2_turn, poly_1_turn)) and all(a == b for a, b in zip(poly_2_len, poly_1_len)):
 --- modulename: s207214119, funcname: <genexpr>
s207214119.py(38):     if all(a == b for a, b in zip(poly_2_turn, poly_1_turn)) and all(a == b for a, b in zip(poly_2_len, poly_1_len)):
 --- modulename: s207214119, funcname: <genexpr>
s207214119.py(38):     if all(a == b for a, b in zip(poly_2_turn, poly_1_turn)) and all(a == b for a, b in zip(poly_2_len, poly_1_len)):
 --- modulename: s207214119, funcname: <genexpr>
s207214119.py(38):     if all(a == b for a, b in zip(poly_2_turn, poly_1_turn)) and all(a == b for a, b in zip(poly_2_len, poly_1_len)):
 --- modulename: s207214119, funcname: <genexpr>
s207214119.py(38):     if all(a == b for a, b in zip(poly_2_turn, poly_1_turn)) and all(a == b for a, b in zip(poly_2_len, poly_1_len)):
 --- modulename: s207214119, funcname: <genexpr>
s207214119.py(38):     if all(a == b for a, b in zip(poly_2_turn, poly_1_turn)) and all(a == b for a, b in zip(poly_2_len, poly_1_len)):
 --- modulename: s207214119, funcname: <genexpr>
s207214119.py(38):     if all(a == b for a, b in zip(poly_2_turn, poly_1_turn)) and all(a == b for a, b in zip(poly_2_len, poly_1_len)):
 --- modulename: s207214119, funcname: <genexpr>
s207214119.py(38):     if all(a == b for a, b in zip(poly_2_turn, poly_1_turn)) and all(a == b for a, b in zip(poly_2_len, poly_1_len)):
 --- modulename: s207214119, funcname: <genexpr>
s207214119.py(38):     if all(a == b for a, b in zip(poly_2_turn, poly_1_turn)) and all(a == b for a, b in zip(poly_2_len, poly_1_len)):
s207214119.py(39):         return True
s207214119.py(23):             ans.append(i+1)
s207214119.py(21):     for i, poly in enumerate(serach_Polys):
s207214119.py(22):         if is_same(true_Poly, poly):
 --- modulename: s207214119, funcname: is_same
s207214119.py(30):     if len(poly1) != len(poly2):
s207214119.py(33):     poly_1_turn = calc_turn(poly1)
 --- modulename: s207214119, funcname: calc_turn
s207214119.py(85):     return [turn(p1, p2, p3) for p1, p2, p3 in zip(poly, poly[1:], poly[2:])]
 --- modulename: s207214119, funcname: <listcomp>
s207214119.py(85):     return [turn(p1, p2, p3) for p1, p2, p3 in zip(poly, poly[1:], poly[2:])]
 --- modulename: s207214119, funcname: turn
s207214119.py(60):     if p1[0] == p2[0]:
s207214119.py(72):         if p1[0] < p2[0]:
s207214119.py(73):             if p3[1] > p2[1]:
s207214119.py(74):                 return 0
s207214119.py(85):     return [turn(p1, p2, p3) for p1, p2, p3 in zip(poly, poly[1:], poly[2:])]
 --- modulename: s207214119, funcname: turn
s207214119.py(60):     if p1[0] == p2[0]:
s207214119.py(61):         if p1[1] < p2[1]:
s207214119.py(62):             if p3[0] > p2[0]:
s207214119.py(63):                 return 1
s207214119.py(85):     return [turn(p1, p2, p3) for p1, p2, p3 in zip(poly, poly[1:], poly[2:])]
 --- modulename: s207214119, funcname: turn
s207214119.py(60):     if p1[0] == p2[0]:
s207214119.py(72):         if p1[0] < p2[0]:
s207214119.py(73):             if p3[1] > p2[1]:
s207214119.py(76):                 return 1
s207214119.py(85):     return [turn(p1, p2, p3) for p1, p2, p3 in zip(poly, poly[1:], poly[2:])]
s207214119.py(34):     poly_1_len = calc_dist(poly1)
 --- modulename: s207214119, funcname: calc_dist
s207214119.py(53):     return [dist(p1, p2) for p1, p2 in zip(poly, poly[1:])]
 --- modulename: s207214119, funcname: <listcomp>
s207214119.py(53):     return [dist(p1, p2) for p1, p2 in zip(poly, poly[1:])]
 --- modulename: s207214119, funcname: dist
s207214119.py(49):     return sum([abs(x1-x2) for x1, x2 in zip(p1, p2)])
 --- modulename: s207214119, funcname: <listcomp>
s207214119.py(49):     return sum([abs(x1-x2) for x1, x2 in zip(p1, p2)])
s207214119.py(49):     return sum([abs(x1-x2) for x1, x2 in zip(p1, p2)])
s207214119.py(49):     return sum([abs(x1-x2) for x1, x2 in zip(p1, p2)])
s207214119.py(53):     return [dist(p1, p2) for p1, p2 in zip(poly, poly[1:])]
 --- modulename: s207214119, funcname: dist
s207214119.py(49):     return sum([abs(x1-x2) for x1, x2 in zip(p1, p2)])
 --- modulename: s207214119, funcname: <listcomp>
s207214119.py(49):     return sum([abs(x1-x2) for x1, x2 in zip(p1, p2)])
s207214119.py(49):     return sum([abs(x1-x2) for x1, x2 in zip(p1, p2)])
s207214119.py(49):     return sum([abs(x1-x2) for x1, x2 in zip(p1, p2)])
s207214119.py(53):     return [dist(p1, p2) for p1, p2 in zip(poly, poly[1:])]
 --- modulename: s207214119, funcname: dist
s207214119.py(49):     return sum([abs(x1-x2) for x1, x2 in zip(p1, p2)])
 --- modulename: s207214119, funcname: <listcomp>
s207214119.py(49):     return sum([abs(x1-x2) for x1, x2 in zip(p1, p2)])
s207214119.py(49):     return sum([abs(x1-x2) for x1, x2 in zip(p1, p2)])
s207214119.py(49):     return sum([abs(x1-x2) for x1, x2 in zip(p1, p2)])
s207214119.py(53):     return [dist(p1, p2) for p1, p2 in zip(poly, poly[1:])]
 --- modulename: s207214119, funcname: dist
s207214119.py(49):     return sum([abs(x1-x2) for x1, x2 in zip(p1, p2)])
 --- modulename: s207214119, funcname: <listcomp>
s207214119.py(49):     return sum([abs(x1-x2) for x1, x2 in zip(p1, p2)])
s207214119.py(49):     return sum([abs(x1-x2) for x1, x2 in zip(p1, p2)])
s207214119.py(49):     return sum([abs(x1-x2) for x1, x2 in zip(p1, p2)])
s207214119.py(53):     return [dist(p1, p2) for p1, p2 in zip(poly, poly[1:])]
s207214119.py(36):     poly_2_turn = calc_turn(poly2)
 --- modulename: s207214119, funcname: calc_turn
s207214119.py(85):     return [turn(p1, p2, p3) for p1, p2, p3 in zip(poly, poly[1:], poly[2:])]
 --- modulename: s207214119, funcname: <listcomp>
s207214119.py(85):     return [turn(p1, p2, p3) for p1, p2, p3 in zip(poly, poly[1:], poly[2:])]
 --- modulename: s207214119, funcname: turn
s207214119.py(60):     if p1[0] == p2[0]:
s207214119.py(61):         if p1[1] < p2[1]:
s207214119.py(62):             if p3[0] > p2[0]:
s207214119.py(65):                 return 0
s207214119.py(85):     return [turn(p1, p2, p3) for p1, p2, p3 in zip(poly, poly[1:], poly[2:])]
 --- modulename: s207214119, funcname: turn
s207214119.py(60):     if p1[0] == p2[0]:
s207214119.py(72):         if p1[0] < p2[0]:
s207214119.py(78):             if p3[1] > p2[1]:
s207214119.py(79):                 return 1
s207214119.py(85):     return [turn(p1, p2, p3) for p1, p2, p3 in zip(poly, poly[1:], poly[2:])]
 --- modulename: s207214119, funcname: turn
s207214119.py(60):     if p1[0] == p2[0]:
s207214119.py(61):         if p1[1] < p2[1]:
s207214119.py(62):             if p3[0] > p2[0]:
s207214119.py(63):                 return 1
s207214119.py(85):     return [turn(p1, p2, p3) for p1, p2, p3 in zip(poly, poly[1:], poly[2:])]
s207214119.py(37):     poly_2_len = calc_dist(poly2)
 --- modulename: s207214119, funcname: calc_dist
s207214119.py(53):     return [dist(p1, p2) for p1, p2 in zip(poly, poly[1:])]
 --- modulename: s207214119, funcname: <listcomp>
s207214119.py(53):     return [dist(p1, p2) for p1, p2 in zip(poly, poly[1:])]
 --- modulename: s207214119, funcname: dist
s207214119.py(49):     return sum([abs(x1-x2) for x1, x2 in zip(p1, p2)])
 --- modulename: s207214119, funcname: <listcomp>
s207214119.py(49):     return sum([abs(x1-x2) for x1, x2 in zip(p1, p2)])
s207214119.py(49):     return sum([abs(x1-x2) for x1, x2 in zip(p1, p2)])
s207214119.py(49):     return sum([abs(x1-x2) for x1, x2 in zip(p1, p2)])
s207214119.py(53):     return [dist(p1, p2) for p1, p2 in zip(poly, poly[1:])]
 --- modulename: s207214119, funcname: dist
s207214119.py(49):     return sum([abs(x1-x2) for x1, x2 in zip(p1, p2)])
 --- modulename: s207214119, funcname: <listcomp>
s207214119.py(49):     return sum([abs(x1-x2) for x1, x2 in zip(p1, p2)])
s207214119.py(49):     return sum([abs(x1-x2) for x1, x2 in zip(p1, p2)])
s207214119.py(49):     return sum([abs(x1-x2) for x1, x2 in zip(p1, p2)])
s207214119.py(53):     return [dist(p1, p2) for p1, p2 in zip(poly, poly[1:])]
 --- modulename: s207214119, funcname: dist
s207214119.py(49):     return sum([abs(x1-x2) for x1, x2 in zip(p1, p2)])
 --- modulename: s207214119, funcname: <listcomp>
s207214119.py(49):     return sum([abs(x1-x2) for x1, x2 in zip(p1, p2)])
s207214119.py(49):     return sum([abs(x1-x2) for x1, x2 in zip(p1, p2)])
s207214119.py(49):     return sum([abs(x1-x2) for x1, x2 in zip(p1, p2)])
s207214119.py(53):     return [dist(p1, p2) for p1, p2 in zip(poly, poly[1:])]
 --- modulename: s207214119, funcname: dist
s207214119.py(49):     return sum([abs(x1-x2) for x1, x2 in zip(p1, p2)])
 --- modulename: s207214119, funcname: <listcomp>
s207214119.py(49):     return sum([abs(x1-x2) for x1, x2 in zip(p1, p2)])
s207214119.py(49):     return sum([abs(x1-x2) for x1, x2 in zip(p1, p2)])
s207214119.py(49):     return sum([abs(x1-x2) for x1, x2 in zip(p1, p2)])
s207214119.py(53):     return [dist(p1, p2) for p1, p2 in zip(poly, poly[1:])]
s207214119.py(38):     if all(a == b for a, b in zip(poly_2_turn, poly_1_turn)) and all(a == b for a, b in zip(poly_2_len, poly_1_len)):
 --- modulename: s207214119, funcname: <genexpr>
s207214119.py(38):     if all(a == b for a, b in zip(poly_2_turn, poly_1_turn)) and all(a == b for a, b in zip(poly_2_len, poly_1_len)):
 --- modulename: s207214119, funcname: <genexpr>
s207214119.py(38):     if all(a == b for a, b in zip(poly_2_turn, poly_1_turn)) and all(a == b for a, b in zip(poly_2_len, poly_1_len)):
 --- modulename: s207214119, funcname: <genexpr>
s207214119.py(38):     if all(a == b for a, b in zip(poly_2_turn, poly_1_turn)) and all(a == b for a, b in zip(poly_2_len, poly_1_len)):
 --- modulename: s207214119, funcname: <genexpr>
s207214119.py(38):     if all(a == b for a, b in zip(poly_2_turn, poly_1_turn)) and all(a == b for a, b in zip(poly_2_len, poly_1_len)):
 --- modulename: s207214119, funcname: <genexpr>
s207214119.py(38):     if all(a == b for a, b in zip(poly_2_turn, poly_1_turn)) and all(a == b for a, b in zip(poly_2_len, poly_1_len)):
 --- modulename: s207214119, funcname: <genexpr>
s207214119.py(41):     poly_2_rev_turn = calc_turn(list(reversed(poly2)))
 --- modulename: s207214119, funcname: calc_turn
s207214119.py(85):     return [turn(p1, p2, p3) for p1, p2, p3 in zip(poly, poly[1:], poly[2:])]
 --- modulename: s207214119, funcname: <listcomp>
s207214119.py(85):     return [turn(p1, p2, p3) for p1, p2, p3 in zip(poly, poly[1:], poly[2:])]
 --- modulename: s207214119, funcname: turn
s207214119.py(60):     if p1[0] == p2[0]:
s207214119.py(72):         if p1[0] < p2[0]:
s207214119.py(78):             if p3[1] > p2[1]:
s207214119.py(81):                 return 0
s207214119.py(85):     return [turn(p1, p2, p3) for p1, p2, p3 in zip(poly, poly[1:], poly[2:])]
 --- modulename: s207214119, funcname: turn
s207214119.py(60):     if p1[0] == p2[0]:
s207214119.py(61):         if p1[1] < p2[1]:
s207214119.py(67):             if p3[0] > p2[0]:
s207214119.py(68):                 return 0
s207214119.py(85):     return [turn(p1, p2, p3) for p1, p2, p3 in zip(poly, poly[1:], poly[2:])]
 --- modulename: s207214119, funcname: turn
s207214119.py(60):     if p1[0] == p2[0]:
s207214119.py(72):         if p1[0] < p2[0]:
s207214119.py(73):             if p3[1] > p2[1]:
s207214119.py(76):                 return 1
s207214119.py(85):     return [turn(p1, p2, p3) for p1, p2, p3 in zip(poly, poly[1:], poly[2:])]
s207214119.py(42):     poly_2_rev_len = calc_dist(list(reversed(poly2)))
 --- modulename: s207214119, funcname: calc_dist
s207214119.py(53):     return [dist(p1, p2) for p1, p2 in zip(poly, poly[1:])]
 --- modulename: s207214119, funcname: <listcomp>
s207214119.py(53):     return [dist(p1, p2) for p1, p2 in zip(poly, poly[1:])]
 --- modulename: s207214119, funcname: dist
s207214119.py(49):     return sum([abs(x1-x2) for x1, x2 in zip(p1, p2)])
 --- modulename: s207214119, funcname: <listcomp>
s207214119.py(49):     return sum([abs(x1-x2) for x1, x2 in zip(p1, p2)])
s207214119.py(49):     return sum([abs(x1-x2) for x1, x2 in zip(p1, p2)])
s207214119.py(49):     return sum([abs(x1-x2) for x1, x2 in zip(p1, p2)])
s207214119.py(53):     return [dist(p1, p2) for p1, p2 in zip(poly, poly[1:])]
 --- modulename: s207214119, funcname: dist
s207214119.py(49):     return sum([abs(x1-x2) for x1, x2 in zip(p1, p2)])
 --- modulename: s207214119, funcname: <listcomp>
s207214119.py(49):     return sum([abs(x1-x2) for x1, x2 in zip(p1, p2)])
s207214119.py(49):     return sum([abs(x1-x2) for x1, x2 in zip(p1, p2)])
s207214119.py(49):     return sum([abs(x1-x2) for x1, x2 in zip(p1, p2)])
s207214119.py(53):     return [dist(p1, p2) for p1, p2 in zip(poly, poly[1:])]
 --- modulename: s207214119, funcname: dist
s207214119.py(49):     return sum([abs(x1-x2) for x1, x2 in zip(p1, p2)])
 --- modulename: s207214119, funcname: <listcomp>
s207214119.py(49):     return sum([abs(x1-x2) for x1, x2 in zip(p1, p2)])
s207214119.py(49):     return sum([abs(x1-x2) for x1, x2 in zip(p1, p2)])
s207214119.py(49):     return sum([abs(x1-x2) for x1, x2 in zip(p1, p2)])
s207214119.py(53):     return [dist(p1, p2) for p1, p2 in zip(poly, poly[1:])]
 --- modulename: s207214119, funcname: dist
s207214119.py(49):     return sum([abs(x1-x2) for x1, x2 in zip(p1, p2)])
 --- modulename: s207214119, funcname: <listcomp>
s207214119.py(49):     return sum([abs(x1-x2) for x1, x2 in zip(p1, p2)])
s207214119.py(49):     return sum([abs(x1-x2) for x1, x2 in zip(p1, p2)])
s207214119.py(49):     return sum([abs(x1-x2) for x1, x2 in zip(p1, p2)])
s207214119.py(53):     return [dist(p1, p2) for p1, p2 in zip(poly, poly[1:])]
s207214119.py(43):     if all(a == b for a, b in zip(poly_2_rev_turn, poly_1_turn)) and all(a == b for a, b in zip(poly_2_rev_len, poly_1_len)):
 --- modulename: s207214119, funcname: <genexpr>
s207214119.py(43):     if all(a == b for a, b in zip(poly_2_rev_turn, poly_1_turn)) and all(a == b for a, b in zip(poly_2_rev_len, poly_1_len)):
 --- modulename: s207214119, funcname: <genexpr>
s207214119.py(43):     if all(a == b for a, b in zip(poly_2_rev_turn, poly_1_turn)) and all(a == b for a, b in zip(poly_2_rev_len, poly_1_len)):
 --- modulename: s207214119, funcname: <genexpr>
s207214119.py(45):     return False
s207214119.py(21):     for i, poly in enumerate(serach_Polys):
s207214119.py(22):         if is_same(true_Poly, poly):
 --- modulename: s207214119, funcname: is_same
s207214119.py(30):     if len(poly1) != len(poly2):
s207214119.py(33):     poly_1_turn = calc_turn(poly1)
 --- modulename: s207214119, funcname: calc_turn
s207214119.py(85):     return [turn(p1, p2, p3) for p1, p2, p3 in zip(poly, poly[1:], poly[2:])]
 --- modulename: s207214119, funcname: <listcomp>
s207214119.py(85):     return [turn(p1, p2, p3) for p1, p2, p3 in zip(poly, poly[1:], poly[2:])]
 --- modulename: s207214119, funcname: turn
s207214119.py(60):     if p1[0] == p2[0]:
s207214119.py(72):         if p1[0] < p2[0]:
s207214119.py(73):             if p3[1] > p2[1]:
s207214119.py(74):                 return 0
s207214119.py(85):     return [turn(p1, p2, p3) for p1, p2, p3 in zip(poly, poly[1:], poly[2:])]
 --- modulename: s207214119, funcname: turn
s207214119.py(60):     if p1[0] == p2[0]:
s207214119.py(61):         if p1[1] < p2[1]:
s207214119.py(62):             if p3[0] > p2[0]:
s207214119.py(63):                 return 1
s207214119.py(85):     return [turn(p1, p2, p3) for p1, p2, p3 in zip(poly, poly[1:], poly[2:])]
 --- modulename: s207214119, funcname: turn
s207214119.py(60):     if p1[0] == p2[0]:
s207214119.py(72):         if p1[0] < p2[0]:
s207214119.py(73):             if p3[1] > p2[1]:
s207214119.py(76):                 return 1
s207214119.py(85):     return [turn(p1, p2, p3) for p1, p2, p3 in zip(poly, poly[1:], poly[2:])]
s207214119.py(34):     poly_1_len = calc_dist(poly1)
 --- modulename: s207214119, funcname: calc_dist
s207214119.py(53):     return [dist(p1, p2) for p1, p2 in zip(poly, poly[1:])]
 --- modulename: s207214119, funcname: <listcomp>
s207214119.py(53):     return [dist(p1, p2) for p1, p2 in zip(poly, poly[1:])]
 --- modulename: s207214119, funcname: dist
s207214119.py(49):     return sum([abs(x1-x2) for x1, x2 in zip(p1, p2)])
 --- modulename: s207214119, funcname: <listcomp>
s207214119.py(49):     return sum([abs(x1-x2) for x1, x2 in zip(p1, p2)])
s207214119.py(49):     return sum([abs(x1-x2) for x1, x2 in zip(p1, p2)])
s207214119.py(49):     return sum([abs(x1-x2) for x1, x2 in zip(p1, p2)])
s207214119.py(53):     return [dist(p1, p2) for p1, p2 in zip(poly, poly[1:])]
 --- modulename: s207214119, funcname: dist
s207214119.py(49):     return sum([abs(x1-x2) for x1, x2 in zip(p1, p2)])
 --- modulename: s207214119, funcname: <listcomp>
s207214119.py(49):     return sum([abs(x1-x2) for x1, x2 in zip(p1, p2)])
s207214119.py(49):     return sum([abs(x1-x2) for x1, x2 in zip(p1, p2)])
s207214119.py(49):     return sum([abs(x1-x2) for x1, x2 in zip(p1, p2)])
s207214119.py(53):     return [dist(p1, p2) for p1, p2 in zip(poly, poly[1:])]
 --- modulename: s207214119, funcname: dist
s207214119.py(49):     return sum([abs(x1-x2) for x1, x2 in zip(p1, p2)])
 --- modulename: s207214119, funcname: <listcomp>
s207214119.py(49):     return sum([abs(x1-x2) for x1, x2 in zip(p1, p2)])
s207214119.py(49):     return sum([abs(x1-x2) for x1, x2 in zip(p1, p2)])
s207214119.py(49):     return sum([abs(x1-x2) for x1, x2 in zip(p1, p2)])
s207214119.py(53):     return [dist(p1, p2) for p1, p2 in zip(poly, poly[1:])]
 --- modulename: s207214119, funcname: dist
s207214119.py(49):     return sum([abs(x1-x2) for x1, x2 in zip(p1, p2)])
 --- modulename: s207214119, funcname: <listcomp>
s207214119.py(49):     return sum([abs(x1-x2) for x1, x2 in zip(p1, p2)])
s207214119.py(49):     return sum([abs(x1-x2) for x1, x2 in zip(p1, p2)])
s207214119.py(49):     return sum([abs(x1-x2) for x1, x2 in zip(p1, p2)])
s207214119.py(53):     return [dist(p1, p2) for p1, p2 in zip(poly, poly[1:])]
s207214119.py(36):     poly_2_turn = calc_turn(poly2)
 --- modulename: s207214119, funcname: calc_turn
s207214119.py(85):     return [turn(p1, p2, p3) for p1, p2, p3 in zip(poly, poly[1:], poly[2:])]
 --- modulename: s207214119, funcname: <listcomp>
s207214119.py(85):     return [turn(p1, p2, p3) for p1, p2, p3 in zip(poly, poly[1:], poly[2:])]
 --- modulename: s207214119, funcname: turn
s207214119.py(60):     if p1[0] == p2[0]:
s207214119.py(61):         if p1[1] < p2[1]:
s207214119.py(67):             if p3[0] > p2[0]:
s207214119.py(68):                 return 0
s207214119.py(85):     return [turn(p1, p2, p3) for p1, p2, p3 in zip(poly, poly[1:], poly[2:])]
 --- modulename: s207214119, funcname: turn
s207214119.py(60):     if p1[0] == p2[0]:
s207214119.py(72):         if p1[0] < p2[0]:
s207214119.py(73):             if p3[1] > p2[1]:
s207214119.py(74):                 return 0
s207214119.py(85):     return [turn(p1, p2, p3) for p1, p2, p3 in zip(poly, poly[1:], poly[2:])]
 --- modulename: s207214119, funcname: turn
s207214119.py(60):     if p1[0] == p2[0]:
s207214119.py(61):         if p1[1] < p2[1]:
s207214119.py(62):             if p3[0] > p2[0]:
s207214119.py(63):                 return 1
s207214119.py(85):     return [turn(p1, p2, p3) for p1, p2, p3 in zip(poly, poly[1:], poly[2:])]
s207214119.py(37):     poly_2_len = calc_dist(poly2)
 --- modulename: s207214119, funcname: calc_dist
s207214119.py(53):     return [dist(p1, p2) for p1, p2 in zip(poly, poly[1:])]
 --- modulename: s207214119, funcname: <listcomp>
s207214119.py(53):     return [dist(p1, p2) for p1, p2 in zip(poly, poly[1:])]
 --- modulename: s207214119, funcname: dist
s207214119.py(49):     return sum([abs(x1-x2) for x1, x2 in zip(p1, p2)])
 --- modulename: s207214119, funcname: <listcomp>
s207214119.py(49):     return sum([abs(x1-x2) for x1, x2 in zip(p1, p2)])
s207214119.py(49):     return sum([abs(x1-x2) for x1, x2 in zip(p1, p2)])
s207214119.py(49):     return sum([abs(x1-x2) for x1, x2 in zip(p1, p2)])
s207214119.py(53):     return [dist(p1, p2) for p1, p2 in zip(poly, poly[1:])]
 --- modulename: s207214119, funcname: dist
s207214119.py(49):     return sum([abs(x1-x2) for x1, x2 in zip(p1, p2)])
 --- modulename: s207214119, funcname: <listcomp>
s207214119.py(49):     return sum([abs(x1-x2) for x1, x2 in zip(p1, p2)])
s207214119.py(49):     return sum([abs(x1-x2) for x1, x2 in zip(p1, p2)])
s207214119.py(49):     return sum([abs(x1-x2) for x1, x2 in zip(p1, p2)])
s207214119.py(53):     return [dist(p1, p2) for p1, p2 in zip(poly, poly[1:])]
 --- modulename: s207214119, funcname: dist
s207214119.py(49):     return sum([abs(x1-x2) for x1, x2 in zip(p1, p2)])
 --- modulename: s207214119, funcname: <listcomp>
s207214119.py(49):     return sum([abs(x1-x2) for x1, x2 in zip(p1, p2)])
s207214119.py(49):     return sum([abs(x1-x2) for x1, x2 in zip(p1, p2)])
s207214119.py(49):     return sum([abs(x1-x2) for x1, x2 in zip(p1, p2)])
s207214119.py(53):     return [dist(p1, p2) for p1, p2 in zip(poly, poly[1:])]
 --- modulename: s207214119, funcname: dist
s207214119.py(49):     return sum([abs(x1-x2) for x1, x2 in zip(p1, p2)])
 --- modulename: s207214119, funcname: <listcomp>
s207214119.py(49):     return sum([abs(x1-x2) for x1, x2 in zip(p1, p2)])
s207214119.py(49):     return sum([abs(x1-x2) for x1, x2 in zip(p1, p2)])
s207214119.py(49):     return sum([abs(x1-x2) for x1, x2 in zip(p1, p2)])
s207214119.py(53):     return [dist(p1, p2) for p1, p2 in zip(poly, poly[1:])]
s207214119.py(38):     if all(a == b for a, b in zip(poly_2_turn, poly_1_turn)) and all(a == b for a, b in zip(poly_2_len, poly_1_len)):
 --- modulename: s207214119, funcname: <genexpr>
s207214119.py(38):     if all(a == b for a, b in zip(poly_2_turn, poly_1_turn)) and all(a == b for a, b in zip(poly_2_len, poly_1_len)):
 --- modulename: s207214119, funcname: <genexpr>
s207214119.py(38):     if all(a == b for a, b in zip(poly_2_turn, poly_1_turn)) and all(a == b for a, b in zip(poly_2_len, poly_1_len)):
 --- modulename: s207214119, funcname: <genexpr>
s207214119.py(41):     poly_2_rev_turn = calc_turn(list(reversed(poly2)))
 --- modulename: s207214119, funcname: calc_turn
s207214119.py(85):     return [turn(p1, p2, p3) for p1, p2, p3 in zip(poly, poly[1:], poly[2:])]
 --- modulename: s207214119, funcname: <listcomp>
s207214119.py(85):     return [turn(p1, p2, p3) for p1, p2, p3 in zip(poly, poly[1:], poly[2:])]
 --- modulename: s207214119, funcname: turn
s207214119.py(60):     if p1[0] == p2[0]:
s207214119.py(72):         if p1[0] < p2[0]:
s207214119.py(78):             if p3[1] > p2[1]:
s207214119.py(81):                 return 0
s207214119.py(85):     return [turn(p1, p2, p3) for p1, p2, p3 in zip(poly, poly[1:], poly[2:])]
 --- modulename: s207214119, funcname: turn
s207214119.py(60):     if p1[0] == p2[0]:
s207214119.py(61):         if p1[1] < p2[1]:
s207214119.py(67):             if p3[0] > p2[0]:
s207214119.py(70):                 return 1
s207214119.py(85):     return [turn(p1, p2, p3) for p1, p2, p3 in zip(poly, poly[1:], poly[2:])]
 --- modulename: s207214119, funcname: turn
s207214119.py(60):     if p1[0] == p2[0]:
s207214119.py(72):         if p1[0] < p2[0]:
s207214119.py(78):             if p3[1] > p2[1]:
s207214119.py(79):                 return 1
s207214119.py(85):     return [turn(p1, p2, p3) for p1, p2, p3 in zip(poly, poly[1:], poly[2:])]
s207214119.py(42):     poly_2_rev_len = calc_dist(list(reversed(poly2)))
 --- modulename: s207214119, funcname: calc_dist
s207214119.py(53):     return [dist(p1, p2) for p1, p2 in zip(poly, poly[1:])]
 --- modulename: s207214119, funcname: <listcomp>
s207214119.py(53):     return [dist(p1, p2) for p1, p2 in zip(poly, poly[1:])]
 --- modulename: s207214119, funcname: dist
s207214119.py(49):     return sum([abs(x1-x2) for x1, x2 in zip(p1, p2)])
 --- modulename: s207214119, funcname: <listcomp>
s207214119.py(49):     return sum([abs(x1-x2) for x1, x2 in zip(p1, p2)])
s207214119.py(49):     return sum([abs(x1-x2) for x1, x2 in zip(p1, p2)])
s207214119.py(49):     return sum([abs(x1-x2) for x1, x2 in zip(p1, p2)])
s207214119.py(53):     return [dist(p1, p2) for p1, p2 in zip(poly, poly[1:])]
 --- modulename: s207214119, funcname: dist
s207214119.py(49):     return sum([abs(x1-x2) for x1, x2 in zip(p1, p2)])
 --- modulename: s207214119, funcname: <listcomp>
s207214119.py(49):     return sum([abs(x1-x2) for x1, x2 in zip(p1, p2)])
s207214119.py(49):     return sum([abs(x1-x2) for x1, x2 in zip(p1, p2)])
s207214119.py(49):     return sum([abs(x1-x2) for x1, x2 in zip(p1, p2)])
s207214119.py(53):     return [dist(p1, p2) for p1, p2 in zip(poly, poly[1:])]
 --- modulename: s207214119, funcname: dist
s207214119.py(49):     return sum([abs(x1-x2) for x1, x2 in zip(p1, p2)])
 --- modulename: s207214119, funcname: <listcomp>
s207214119.py(49):     return sum([abs(x1-x2) for x1, x2 in zip(p1, p2)])
s207214119.py(49):     return sum([abs(x1-x2) for x1, x2 in zip(p1, p2)])
s207214119.py(49):     return sum([abs(x1-x2) for x1, x2 in zip(p1, p2)])
s207214119.py(53):     return [dist(p1, p2) for p1, p2 in zip(poly, poly[1:])]
 --- modulename: s207214119, funcname: dist
s207214119.py(49):     return sum([abs(x1-x2) for x1, x2 in zip(p1, p2)])
 --- modulename: s207214119, funcname: <listcomp>
s207214119.py(49):     return sum([abs(x1-x2) for x1, x2 in zip(p1, p2)])
s207214119.py(49):     return sum([abs(x1-x2) for x1, x2 in zip(p1, p2)])
s207214119.py(49):     return sum([abs(x1-x2) for x1, x2 in zip(p1, p2)])
s207214119.py(53):     return [dist(p1, p2) for p1, p2 in zip(poly, poly[1:])]
s207214119.py(43):     if all(a == b for a, b in zip(poly_2_rev_turn, poly_1_turn)) and all(a == b for a, b in zip(poly_2_rev_len, poly_1_len)):
 --- modulename: s207214119, funcname: <genexpr>
s207214119.py(43):     if all(a == b for a, b in zip(poly_2_rev_turn, poly_1_turn)) and all(a == b for a, b in zip(poly_2_rev_len, poly_1_len)):
 --- modulename: s207214119, funcname: <genexpr>
s207214119.py(43):     if all(a == b for a, b in zip(poly_2_rev_turn, poly_1_turn)) and all(a == b for a, b in zip(poly_2_rev_len, poly_1_len)):
 --- modulename: s207214119, funcname: <genexpr>
s207214119.py(43):     if all(a == b for a, b in zip(poly_2_rev_turn, poly_1_turn)) and all(a == b for a, b in zip(poly_2_rev_len, poly_1_len)):
 --- modulename: s207214119, funcname: <genexpr>
s207214119.py(43):     if all(a == b for a, b in zip(poly_2_rev_turn, poly_1_turn)) and all(a == b for a, b in zip(poly_2_rev_len, poly_1_len)):
 --- modulename: s207214119, funcname: <genexpr>
s207214119.py(43):     if all(a == b for a, b in zip(poly_2_rev_turn, poly_1_turn)) and all(a == b for a, b in zip(poly_2_rev_len, poly_1_len)):
 --- modulename: s207214119, funcname: <genexpr>
s207214119.py(43):     if all(a == b for a, b in zip(poly_2_rev_turn, poly_1_turn)) and all(a == b for a, b in zip(poly_2_rev_len, poly_1_len)):
 --- modulename: s207214119, funcname: <genexpr>
s207214119.py(43):     if all(a == b for a, b in zip(poly_2_rev_turn, poly_1_turn)) and all(a == b for a, b in zip(poly_2_rev_len, poly_1_len)):
 --- modulename: s207214119, funcname: <genexpr>
s207214119.py(43):     if all(a == b for a, b in zip(poly_2_rev_turn, poly_1_turn)) and all(a == b for a, b in zip(poly_2_rev_len, poly_1_len)):
 --- modulename: s207214119, funcname: <genexpr>
s207214119.py(43):     if all(a == b for a, b in zip(poly_2_rev_turn, poly_1_turn)) and all(a == b for a, b in zip(poly_2_rev_len, poly_1_len)):
s207214119.py(44):         return True
s207214119.py(23):             ans.append(i+1)
s207214119.py(21):     for i, poly in enumerate(serach_Polys):
s207214119.py(22):         if is_same(true_Poly, poly):
 --- modulename: s207214119, funcname: is_same
s207214119.py(30):     if len(poly1) != len(poly2):
s207214119.py(33):     poly_1_turn = calc_turn(poly1)
 --- modulename: s207214119, funcname: calc_turn
s207214119.py(85):     return [turn(p1, p2, p3) for p1, p2, p3 in zip(poly, poly[1:], poly[2:])]
 --- modulename: s207214119, funcname: <listcomp>
s207214119.py(85):     return [turn(p1, p2, p3) for p1, p2, p3 in zip(poly, poly[1:], poly[2:])]
 --- modulename: s207214119, funcname: turn
s207214119.py(60):     if p1[0] == p2[0]:
s207214119.py(72):         if p1[0] < p2[0]:
s207214119.py(73):             if p3[1] > p2[1]:
s207214119.py(74):                 return 0
s207214119.py(85):     return [turn(p1, p2, p3) for p1, p2, p3 in zip(poly, poly[1:], poly[2:])]
 --- modulename: s207214119, funcname: turn
s207214119.py(60):     if p1[0] == p2[0]:
s207214119.py(61):         if p1[1] < p2[1]:
s207214119.py(62):             if p3[0] > p2[0]:
s207214119.py(63):                 return 1
s207214119.py(85):     return [turn(p1, p2, p3) for p1, p2, p3 in zip(poly, poly[1:], poly[2:])]
 --- modulename: s207214119, funcname: turn
s207214119.py(60):     if p1[0] == p2[0]:
s207214119.py(72):         if p1[0] < p2[0]:
s207214119.py(73):             if p3[1] > p2[1]:
s207214119.py(76):                 return 1
s207214119.py(85):     return [turn(p1, p2, p3) for p1, p2, p3 in zip(poly, poly[1:], poly[2:])]
s207214119.py(34):     poly_1_len = calc_dist(poly1)
 --- modulename: s207214119, funcname: calc_dist
s207214119.py(53):     return [dist(p1, p2) for p1, p2 in zip(poly, poly[1:])]
 --- modulename: s207214119, funcname: <listcomp>
s207214119.py(53):     return [dist(p1, p2) for p1, p2 in zip(poly, poly[1:])]
 --- modulename: s207214119, funcname: dist
s207214119.py(49):     return sum([abs(x1-x2) for x1, x2 in zip(p1, p2)])
 --- modulename: s207214119, funcname: <listcomp>
s207214119.py(49):     return sum([abs(x1-x2) for x1, x2 in zip(p1, p2)])
s207214119.py(49):     return sum([abs(x1-x2) for x1, x2 in zip(p1, p2)])
s207214119.py(49):     return sum([abs(x1-x2) for x1, x2 in zip(p1, p2)])
s207214119.py(53):     return [dist(p1, p2) for p1, p2 in zip(poly, poly[1:])]
 --- modulename: s207214119, funcname: dist
s207214119.py(49):     return sum([abs(x1-x2) for x1, x2 in zip(p1, p2)])
 --- modulename: s207214119, funcname: <listcomp>
s207214119.py(49):     return sum([abs(x1-x2) for x1, x2 in zip(p1, p2)])
s207214119.py(49):     return sum([abs(x1-x2) for x1, x2 in zip(p1, p2)])
s207214119.py(49):     return sum([abs(x1-x2) for x1, x2 in zip(p1, p2)])
s207214119.py(53):     return [dist(p1, p2) for p1, p2 in zip(poly, poly[1:])]
 --- modulename: s207214119, funcname: dist
s207214119.py(49):     return sum([abs(x1-x2) for x1, x2 in zip(p1, p2)])
 --- modulename: s207214119, funcname: <listcomp>
s207214119.py(49):     return sum([abs(x1-x2) for x1, x2 in zip(p1, p2)])
s207214119.py(49):     return sum([abs(x1-x2) for x1, x2 in zip(p1, p2)])
s207214119.py(49):     return sum([abs(x1-x2) for x1, x2 in zip(p1, p2)])
s207214119.py(53):     return [dist(p1, p2) for p1, p2 in zip(poly, poly[1:])]
 --- modulename: s207214119, funcname: dist
s207214119.py(49):     return sum([abs(x1-x2) for x1, x2 in zip(p1, p2)])
 --- modulename: s207214119, funcname: <listcomp>
s207214119.py(49):     return sum([abs(x1-x2) for x1, x2 in zip(p1, p2)])
s207214119.py(49):     return sum([abs(x1-x2) for x1, x2 in zip(p1, p2)])
s207214119.py(49):     return sum([abs(x1-x2) for x1, x2 in zip(p1, p2)])
s207214119.py(53):     return [dist(p1, p2) for p1, p2 in zip(poly, poly[1:])]
s207214119.py(36):     poly_2_turn = calc_turn(poly2)
 --- modulename: s207214119, funcname: calc_turn
s207214119.py(85):     return [turn(p1, p2, p3) for p1, p2, p3 in zip(poly, poly[1:], poly[2:])]
 --- modulename: s207214119, funcname: <listcomp>
s207214119.py(85):     return [turn(p1, p2, p3) for p1, p2, p3 in zip(poly, poly[1:], poly[2:])]
 --- modulename: s207214119, funcname: turn
s207214119.py(60):     if p1[0] == p2[0]:
s207214119.py(72):         if p1[0] < p2[0]:
s207214119.py(73):             if p3[1] > p2[1]:
s207214119.py(76):                 return 1
s207214119.py(85):     return [turn(p1, p2, p3) for p1, p2, p3 in zip(poly, poly[1:], poly[2:])]
 --- modulename: s207214119, funcname: turn
s207214119.py(60):     if p1[0] == p2[0]:
s207214119.py(61):         if p1[1] < p2[1]:
s207214119.py(67):             if p3[0] > p2[0]:
s207214119.py(68):                 return 0
s207214119.py(85):     return [turn(p1, p2, p3) for p1, p2, p3 in zip(poly, poly[1:], poly[2:])]
 --- modulename: s207214119, funcname: turn
s207214119.py(60):     if p1[0] == p2[0]:
s207214119.py(72):         if p1[0] < p2[0]:
s207214119.py(73):             if p3[1] > p2[1]:
s207214119.py(74):                 return 0
s207214119.py(85):     return [turn(p1, p2, p3) for p1, p2, p3 in zip(poly, poly[1:], poly[2:])]
s207214119.py(37):     poly_2_len = calc_dist(poly2)
 --- modulename: s207214119, funcname: calc_dist
s207214119.py(53):     return [dist(p1, p2) for p1, p2 in zip(poly, poly[1:])]
 --- modulename: s207214119, funcname: <listcomp>
s207214119.py(53):     return [dist(p1, p2) for p1, p2 in zip(poly, poly[1:])]
 --- modulename: s207214119, funcname: dist
s207214119.py(49):     return sum([abs(x1-x2) for x1, x2 in zip(p1, p2)])
 --- modulename: s207214119, funcname: <listcomp>
s207214119.py(49):     return sum([abs(x1-x2) for x1, x2 in zip(p1, p2)])
s207214119.py(49):     return sum([abs(x1-x2) for x1, x2 in zip(p1, p2)])
s207214119.py(49):     return sum([abs(x1-x2) for x1, x2 in zip(p1, p2)])
s207214119.py(53):     return [dist(p1, p2) for p1, p2 in zip(poly, poly[1:])]
 --- modulename: s207214119, funcname: dist
s207214119.py(49):     return sum([abs(x1-x2) for x1, x2 in zip(p1, p2)])
 --- modulename: s207214119, funcname: <listcomp>
s207214119.py(49):     return sum([abs(x1-x2) for x1, x2 in zip(p1, p2)])
s207214119.py(49):     return sum([abs(x1-x2) for x1, x2 in zip(p1, p2)])
s207214119.py(49):     return sum([abs(x1-x2) for x1, x2 in zip(p1, p2)])
s207214119.py(53):     return [dist(p1, p2) for p1, p2 in zip(poly, poly[1:])]
 --- modulename: s207214119, funcname: dist
s207214119.py(49):     return sum([abs(x1-x2) for x1, x2 in zip(p1, p2)])
 --- modulename: s207214119, funcname: <listcomp>
s207214119.py(49):     return sum([abs(x1-x2) for x1, x2 in zip(p1, p2)])
s207214119.py(49):     return sum([abs(x1-x2) for x1, x2 in zip(p1, p2)])
s207214119.py(49):     return sum([abs(x1-x2) for x1, x2 in zip(p1, p2)])
s207214119.py(53):     return [dist(p1, p2) for p1, p2 in zip(poly, poly[1:])]
 --- modulename: s207214119, funcname: dist
s207214119.py(49):     return sum([abs(x1-x2) for x1, x2 in zip(p1, p2)])
 --- modulename: s207214119, funcname: <listcomp>
s207214119.py(49):     return sum([abs(x1-x2) for x1, x2 in zip(p1, p2)])
s207214119.py(49):     return sum([abs(x1-x2) for x1, x2 in zip(p1, p2)])
s207214119.py(49):     return sum([abs(x1-x2) for x1, x2 in zip(p1, p2)])
s207214119.py(53):     return [dist(p1, p2) for p1, p2 in zip(poly, poly[1:])]
s207214119.py(38):     if all(a == b for a, b in zip(poly_2_turn, poly_1_turn)) and all(a == b for a, b in zip(poly_2_len, poly_1_len)):
 --- modulename: s207214119, funcname: <genexpr>
s207214119.py(38):     if all(a == b for a, b in zip(poly_2_turn, poly_1_turn)) and all(a == b for a, b in zip(poly_2_len, poly_1_len)):
 --- modulename: s207214119, funcname: <genexpr>
s207214119.py(41):     poly_2_rev_turn = calc_turn(list(reversed(poly2)))
 --- modulename: s207214119, funcname: calc_turn
s207214119.py(85):     return [turn(p1, p2, p3) for p1, p2, p3 in zip(poly, poly[1:], poly[2:])]
 --- modulename: s207214119, funcname: <listcomp>
s207214119.py(85):     return [turn(p1, p2, p3) for p1, p2, p3 in zip(poly, poly[1:], poly[2:])]
 --- modulename: s207214119, funcname: turn
s207214119.py(60):     if p1[0] == p2[0]:
s207214119.py(61):         if p1[1] < p2[1]:
s207214119.py(67):             if p3[0] > p2[0]:
s207214119.py(70):                 return 1
s207214119.py(85):     return [turn(p1, p2, p3) for p1, p2, p3 in zip(poly, poly[1:], poly[2:])]
 --- modulename: s207214119, funcname: turn
s207214119.py(60):     if p1[0] == p2[0]:
s207214119.py(72):         if p1[0] < p2[0]:
s207214119.py(78):             if p3[1] > p2[1]:
s207214119.py(79):                 return 1
s207214119.py(85):     return [turn(p1, p2, p3) for p1, p2, p3 in zip(poly, poly[1:], poly[2:])]
 --- modulename: s207214119, funcname: turn
s207214119.py(60):     if p1[0] == p2[0]:
s207214119.py(61):         if p1[1] < p2[1]:
s207214119.py(62):             if p3[0] > p2[0]:
s207214119.py(65):                 return 0
s207214119.py(85):     return [turn(p1, p2, p3) for p1, p2, p3 in zip(poly, poly[1:], poly[2:])]
s207214119.py(42):     poly_2_rev_len = calc_dist(list(reversed(poly2)))
 --- modulename: s207214119, funcname: calc_dist
s207214119.py(53):     return [dist(p1, p2) for p1, p2 in zip(poly, poly[1:])]
 --- modulename: s207214119, funcname: <listcomp>
s207214119.py(53):     return [dist(p1, p2) for p1, p2 in zip(poly, poly[1:])]
 --- modulename: s207214119, funcname: dist
s207214119.py(49):     return sum([abs(x1-x2) for x1, x2 in zip(p1, p2)])
 --- modulename: s207214119, funcname: <listcomp>
s207214119.py(49):     return sum([abs(x1-x2) for x1, x2 in zip(p1, p2)])
s207214119.py(49):     return sum([abs(x1-x2) for x1, x2 in zip(p1, p2)])
s207214119.py(49):     return sum([abs(x1-x2) for x1, x2 in zip(p1, p2)])
s207214119.py(53):     return [dist(p1, p2) for p1, p2 in zip(poly, poly[1:])]
 --- modulename: s207214119, funcname: dist
s207214119.py(49):     return sum([abs(x1-x2) for x1, x2 in zip(p1, p2)])
 --- modulename: s207214119, funcname: <listcomp>
s207214119.py(49):     return sum([abs(x1-x2) for x1, x2 in zip(p1, p2)])
s207214119.py(49):     return sum([abs(x1-x2) for x1, x2 in zip(p1, p2)])
s207214119.py(49):     return sum([abs(x1-x2) for x1, x2 in zip(p1, p2)])
s207214119.py(53):     return [dist(p1, p2) for p1, p2 in zip(poly, poly[1:])]
 --- modulename: s207214119, funcname: dist
s207214119.py(49):     return sum([abs(x1-x2) for x1, x2 in zip(p1, p2)])
 --- modulename: s207214119, funcname: <listcomp>
s207214119.py(49):     return sum([abs(x1-x2) for x1, x2 in zip(p1, p2)])
s207214119.py(49):     return sum([abs(x1-x2) for x1, x2 in zip(p1, p2)])
s207214119.py(49):     return sum([abs(x1-x2) for x1, x2 in zip(p1, p2)])
s207214119.py(53):     return [dist(p1, p2) for p1, p2 in zip(poly, poly[1:])]
 --- modulename: s207214119, funcname: dist
s207214119.py(49):     return sum([abs(x1-x2) for x1, x2 in zip(p1, p2)])
 --- modulename: s207214119, funcname: <listcomp>
s207214119.py(49):     return sum([abs(x1-x2) for x1, x2 in zip(p1, p2)])
s207214119.py(49):     return sum([abs(x1-x2) for x1, x2 in zip(p1, p2)])
s207214119.py(49):     return sum([abs(x1-x2) for x1, x2 in zip(p1, p2)])
s207214119.py(53):     return [dist(p1, p2) for p1, p2 in zip(poly, poly[1:])]
s207214119.py(43):     if all(a == b for a, b in zip(poly_2_rev_turn, poly_1_turn)) and all(a == b for a, b in zip(poly_2_rev_len, poly_1_len)):
 --- modulename: s207214119, funcname: <genexpr>
s207214119.py(43):     if all(a == b for a, b in zip(poly_2_rev_turn, poly_1_turn)) and all(a == b for a, b in zip(poly_2_rev_len, poly_1_len)):
 --- modulename: s207214119, funcname: <genexpr>
s207214119.py(45):     return False
s207214119.py(21):     for i, poly in enumerate(serach_Polys):
s207214119.py(22):         if is_same(true_Poly, poly):
 --- modulename: s207214119, funcname: is_same
s207214119.py(30):     if len(poly1) != len(poly2):
s207214119.py(33):     poly_1_turn = calc_turn(poly1)
 --- modulename: s207214119, funcname: calc_turn
s207214119.py(85):     return [turn(p1, p2, p3) for p1, p2, p3 in zip(poly, poly[1:], poly[2:])]
 --- modulename: s207214119, funcname: <listcomp>
s207214119.py(85):     return [turn(p1, p2, p3) for p1, p2, p3 in zip(poly, poly[1:], poly[2:])]
 --- modulename: s207214119, funcname: turn
s207214119.py(60):     if p1[0] == p2[0]:
s207214119.py(72):         if p1[0] < p2[0]:
s207214119.py(73):             if p3[1] > p2[1]:
s207214119.py(74):                 return 0
s207214119.py(85):     return [turn(p1, p2, p3) for p1, p2, p3 in zip(poly, poly[1:], poly[2:])]
 --- modulename: s207214119, funcname: turn
s207214119.py(60):     if p1[0] == p2[0]:
s207214119.py(61):         if p1[1] < p2[1]:
s207214119.py(62):             if p3[0] > p2[0]:
s207214119.py(63):                 return 1
s207214119.py(85):     return [turn(p1, p2, p3) for p1, p2, p3 in zip(poly, poly[1:], poly[2:])]
 --- modulename: s207214119, funcname: turn
s207214119.py(60):     if p1[0] == p2[0]:
s207214119.py(72):         if p1[0] < p2[0]:
s207214119.py(73):             if p3[1] > p2[1]:
s207214119.py(76):                 return 1
s207214119.py(85):     return [turn(p1, p2, p3) for p1, p2, p3 in zip(poly, poly[1:], poly[2:])]
s207214119.py(34):     poly_1_len = calc_dist(poly1)
 --- modulename: s207214119, funcname: calc_dist
s207214119.py(53):     return [dist(p1, p2) for p1, p2 in zip(poly, poly[1:])]
 --- modulename: s207214119, funcname: <listcomp>
s207214119.py(53):     return [dist(p1, p2) for p1, p2 in zip(poly, poly[1:])]
 --- modulename: s207214119, funcname: dist
s207214119.py(49):     return sum([abs(x1-x2) for x1, x2 in zip(p1, p2)])
 --- modulename: s207214119, funcname: <listcomp>
s207214119.py(49):     return sum([abs(x1-x2) for x1, x2 in zip(p1, p2)])
s207214119.py(49):     return sum([abs(x1-x2) for x1, x2 in zip(p1, p2)])
s207214119.py(49):     return sum([abs(x1-x2) for x1, x2 in zip(p1, p2)])
s207214119.py(53):     return [dist(p1, p2) for p1, p2 in zip(poly, poly[1:])]
 --- modulename: s207214119, funcname: dist
s207214119.py(49):     return sum([abs(x1-x2) for x1, x2 in zip(p1, p2)])
 --- modulename: s207214119, funcname: <listcomp>
s207214119.py(49):     return sum([abs(x1-x2) for x1, x2 in zip(p1, p2)])
s207214119.py(49):     return sum([abs(x1-x2) for x1, x2 in zip(p1, p2)])
s207214119.py(49):     return sum([abs(x1-x2) for x1, x2 in zip(p1, p2)])
s207214119.py(53):     return [dist(p1, p2) for p1, p2 in zip(poly, poly[1:])]
 --- modulename: s207214119, funcname: dist
s207214119.py(49):     return sum([abs(x1-x2) for x1, x2 in zip(p1, p2)])
 --- modulename: s207214119, funcname: <listcomp>
s207214119.py(49):     return sum([abs(x1-x2) for x1, x2 in zip(p1, p2)])
s207214119.py(49):     return sum([abs(x1-x2) for x1, x2 in zip(p1, p2)])
s207214119.py(49):     return sum([abs(x1-x2) for x1, x2 in zip(p1, p2)])
s207214119.py(53):     return [dist(p1, p2) for p1, p2 in zip(poly, poly[1:])]
 --- modulename: s207214119, funcname: dist
s207214119.py(49):     return sum([abs(x1-x2) for x1, x2 in zip(p1, p2)])
 --- modulename: s207214119, funcname: <listcomp>
s207214119.py(49):     return sum([abs(x1-x2) for x1, x2 in zip(p1, p2)])
s207214119.py(49):     return sum([abs(x1-x2) for x1, x2 in zip(p1, p2)])
s207214119.py(49):     return sum([abs(x1-x2) for x1, x2 in zip(p1, p2)])
s207214119.py(53):     return [dist(p1, p2) for p1, p2 in zip(poly, poly[1:])]
s207214119.py(36):     poly_2_turn = calc_turn(poly2)
 --- modulename: s207214119, funcname: calc_turn
s207214119.py(85):     return [turn(p1, p2, p3) for p1, p2, p3 in zip(poly, poly[1:], poly[2:])]
 --- modulename: s207214119, funcname: <listcomp>
s207214119.py(85):     return [turn(p1, p2, p3) for p1, p2, p3 in zip(poly, poly[1:], poly[2:])]
 --- modulename: s207214119, funcname: turn
s207214119.py(60):     if p1[0] == p2[0]:
s207214119.py(72):         if p1[0] < p2[0]:
s207214119.py(73):             if p3[1] > p2[1]:
s207214119.py(74):                 return 0
s207214119.py(85):     return [turn(p1, p2, p3) for p1, p2, p3 in zip(poly, poly[1:], poly[2:])]
 --- modulename: s207214119, funcname: turn
s207214119.py(60):     if p1[0] == p2[0]:
s207214119.py(61):         if p1[1] < p2[1]:
s207214119.py(62):             if p3[0] > p2[0]:
s207214119.py(63):                 return 1
s207214119.py(85):     return [turn(p1, p2, p3) for p1, p2, p3 in zip(poly, poly[1:], poly[2:])]
 --- modulename: s207214119, funcname: turn
s207214119.py(60):     if p1[0] == p2[0]:
s207214119.py(72):         if p1[0] < p2[0]:
s207214119.py(73):             if p3[1] > p2[1]:
s207214119.py(76):                 return 1
s207214119.py(85):     return [turn(p1, p2, p3) for p1, p2, p3 in zip(poly, poly[1:], poly[2:])]
s207214119.py(37):     poly_2_len = calc_dist(poly2)
 --- modulename: s207214119, funcname: calc_dist
s207214119.py(53):     return [dist(p1, p2) for p1, p2 in zip(poly, poly[1:])]
 --- modulename: s207214119, funcname: <listcomp>
s207214119.py(53):     return [dist(p1, p2) for p1, p2 in zip(poly, poly[1:])]
 --- modulename: s207214119, funcname: dist
s207214119.py(49):     return sum([abs(x1-x2) for x1, x2 in zip(p1, p2)])
 --- modulename: s207214119, funcname: <listcomp>
s207214119.py(49):     return sum([abs(x1-x2) for x1, x2 in zip(p1, p2)])
s207214119.py(49):     return sum([abs(x1-x2) for x1, x2 in zip(p1, p2)])
s207214119.py(49):     return sum([abs(x1-x2) for x1, x2 in zip(p1, p2)])
s207214119.py(53):     return [dist(p1, p2) for p1, p2 in zip(poly, poly[1:])]
 --- modulename: s207214119, funcname: dist
s207214119.py(49):     return sum([abs(x1-x2) for x1, x2 in zip(p1, p2)])
 --- modulename: s207214119, funcname: <listcomp>
s207214119.py(49):     return sum([abs(x1-x2) for x1, x2 in zip(p1, p2)])
s207214119.py(49):     return sum([abs(x1-x2) for x1, x2 in zip(p1, p2)])
s207214119.py(49):     return sum([abs(x1-x2) for x1, x2 in zip(p1, p2)])
s207214119.py(53):     return [dist(p1, p2) for p1, p2 in zip(poly, poly[1:])]
 --- modulename: s207214119, funcname: dist
s207214119.py(49):     return sum([abs(x1-x2) for x1, x2 in zip(p1, p2)])
 --- modulename: s207214119, funcname: <listcomp>
s207214119.py(49):     return sum([abs(x1-x2) for x1, x2 in zip(p1, p2)])
s207214119.py(49):     return sum([abs(x1-x2) for x1, x2 in zip(p1, p2)])
s207214119.py(49):     return sum([abs(x1-x2) for x1, x2 in zip(p1, p2)])
s207214119.py(53):     return [dist(p1, p2) for p1, p2 in zip(poly, poly[1:])]
 --- modulename: s207214119, funcname: dist
s207214119.py(49):     return sum([abs(x1-x2) for x1, x2 in zip(p1, p2)])
 --- modulename: s207214119, funcname: <listcomp>
s207214119.py(49):     return sum([abs(x1-x2) for x1, x2 in zip(p1, p2)])
s207214119.py(49):     return sum([abs(x1-x2) for x1, x2 in zip(p1, p2)])
s207214119.py(49):     return sum([abs(x1-x2) for x1, x2 in zip(p1, p2)])
s207214119.py(53):     return [dist(p1, p2) for p1, p2 in zip(poly, poly[1:])]
s207214119.py(38):     if all(a == b for a, b in zip(poly_2_turn, poly_1_turn)) and all(a == b for a, b in zip(poly_2_len, poly_1_len)):
 --- modulename: s207214119, funcname: <genexpr>
s207214119.py(38):     if all(a == b for a, b in zip(poly_2_turn, poly_1_turn)) and all(a == b for a, b in zip(poly_2_len, poly_1_len)):
 --- modulename: s207214119, funcname: <genexpr>
s207214119.py(38):     if all(a == b for a, b in zip(poly_2_turn, poly_1_turn)) and all(a == b for a, b in zip(poly_2_len, poly_1_len)):
 --- modulename: s207214119, funcname: <genexpr>
s207214119.py(38):     if all(a == b for a, b in zip(poly_2_turn, poly_1_turn)) and all(a == b for a, b in zip(poly_2_len, poly_1_len)):
 --- modulename: s207214119, funcname: <genexpr>
s207214119.py(38):     if all(a == b for a, b in zip(poly_2_turn, poly_1_turn)) and all(a == b for a, b in zip(poly_2_len, poly_1_len)):
 --- modulename: s207214119, funcname: <genexpr>
s207214119.py(38):     if all(a == b for a, b in zip(poly_2_turn, poly_1_turn)) and all(a == b for a, b in zip(poly_2_len, poly_1_len)):
 --- modulename: s207214119, funcname: <genexpr>
s207214119.py(38):     if all(a == b for a, b in zip(poly_2_turn, poly_1_turn)) and all(a == b for a, b in zip(poly_2_len, poly_1_len)):
 --- modulename: s207214119, funcname: <genexpr>
s207214119.py(38):     if all(a == b for a, b in zip(poly_2_turn, poly_1_turn)) and all(a == b for a, b in zip(poly_2_len, poly_1_len)):
 --- modulename: s207214119, funcname: <genexpr>
s207214119.py(38):     if all(a == b for a, b in zip(poly_2_turn, poly_1_turn)) and all(a == b for a, b in zip(poly_2_len, poly_1_len)):
 --- modulename: s207214119, funcname: <genexpr>
s207214119.py(38):     if all(a == b for a, b in zip(poly_2_turn, poly_1_turn)) and all(a == b for a, b in zip(poly_2_len, poly_1_len)):
s207214119.py(39):         return True
s207214119.py(23):             ans.append(i+1)
s207214119.py(21):     for i, poly in enumerate(serach_Polys):
s207214119.py(24):     if ans:
s207214119.py(25):         print("\n".join(map(str, ans)))
1
3
5
s207214119.py(26):     print("+"*5)
+++++
s207214119.py(89):     solve()
 --- modulename: s207214119, funcname: solve
s207214119.py(8):     N = int(input())
s207214119.py(9):     if N == 0:
s207214119.py(11):     n = int(input())
s207214119.py(12):     true_Poly = [list(map(int, input().split())) for _ in range(n)]
 --- modulename: s207214119, funcname: <listcomp>
s207214119.py(12):     true_Poly = [list(map(int, input().split())) for _ in range(n)]
s207214119.py(12):     true_Poly = [list(map(int, input().split())) for _ in range(n)]
s207214119.py(12):     true_Poly = [list(map(int, input().split())) for _ in range(n)]
s207214119.py(12):     true_Poly = [list(map(int, input().split())) for _ in range(n)]
s207214119.py(12):     true_Poly = [list(map(int, input().split())) for _ in range(n)]
s207214119.py(14):     serach_Polys = []
s207214119.py(15):     for _ in range(N):
s207214119.py(16):         n = int(input())
s207214119.py(17):         serach_Polys.append([list(map(int, input().split()))
s207214119.py(18):                              for _ in range(n)])
s207214119.py(17):         serach_Polys.append([list(map(int, input().split()))
 --- modulename: s207214119, funcname: <listcomp>
s207214119.py(17):         serach_Polys.append([list(map(int, input().split()))
s207214119.py(17):         serach_Polys.append([list(map(int, input().split()))
s207214119.py(17):         serach_Polys.append([list(map(int, input().split()))
s207214119.py(17):         serach_Polys.append([list(map(int, input().split()))
s207214119.py(17):         serach_Polys.append([list(map(int, input().split()))
s207214119.py(17):         serach_Polys.append([list(map(int, input().split()))
s207214119.py(17):         serach_Polys.append([list(map(int, input().split()))
s207214119.py(17):         serach_Polys.append([list(map(int, input().split()))
s207214119.py(17):         serach_Polys.append([list(map(int, input().split()))
s207214119.py(15):     for _ in range(N):
s207214119.py(16):         n = int(input())
s207214119.py(17):         serach_Polys.append([list(map(int, input().split()))
s207214119.py(18):                              for _ in range(n)])
s207214119.py(17):         serach_Polys.append([list(map(int, input().split()))
 --- modulename: s207214119, funcname: <listcomp>
s207214119.py(17):         serach_Polys.append([list(map(int, input().split()))
s207214119.py(17):         serach_Polys.append([list(map(int, input().split()))
s207214119.py(17):         serach_Polys.append([list(map(int, input().split()))
s207214119.py(17):         serach_Polys.append([list(map(int, input().split()))
s207214119.py(17):         serach_Polys.append([list(map(int, input().split()))
s207214119.py(17):         serach_Polys.append([list(map(int, input().split()))
s207214119.py(17):         serach_Polys.append([list(map(int, input().split()))
s207214119.py(17):         serach_Polys.append([list(map(int, input().split()))
s207214119.py(17):         serach_Polys.append([list(map(int, input().split()))
s207214119.py(15):     for _ in range(N):
s207214119.py(16):         n = int(input())
s207214119.py(17):         serach_Polys.append([list(map(int, input().split()))
s207214119.py(18):                              for _ in range(n)])
s207214119.py(17):         serach_Polys.append([list(map(int, input().split()))
 --- modulename: s207214119, funcname: <listcomp>
s207214119.py(17):         serach_Polys.append([list(map(int, input().split()))
s207214119.py(17):         serach_Polys.append([list(map(int, input().split()))
s207214119.py(17):         serach_Polys.append([list(map(int, input().split()))
s207214119.py(17):         serach_Polys.append([list(map(int, input().split()))
s207214119.py(17):         serach_Polys.append([list(map(int, input().split()))
s207214119.py(17):         serach_Polys.append([list(map(int, input().split()))
s207214119.py(17):         serach_Polys.append([list(map(int, input().split()))
s207214119.py(17):         serach_Polys.append([list(map(int, input().split()))
s207214119.py(17):         serach_Polys.append([list(map(int, input().split()))
s207214119.py(15):     for _ in range(N):
s207214119.py(16):         n = int(input())
s207214119.py(17):         serach_Polys.append([list(map(int, input().split()))
s207214119.py(18):                              for _ in range(n)])
s207214119.py(17):         serach_Polys.append([list(map(int, input().split()))
 --- modulename: s207214119, funcname: <listcomp>
s207214119.py(17):         serach_Polys.append([list(map(int, input().split()))
s207214119.py(17):         serach_Polys.append([list(map(int, input().split()))
s207214119.py(17):         serach_Polys.append([list(map(int, input().split()))
s207214119.py(17):         serach_Polys.append([list(map(int, input().split()))
s207214119.py(17):         serach_Polys.append([list(map(int, input().split()))
s207214119.py(17):         serach_Polys.append([list(map(int, input().split()))
s207214119.py(17):         serach_Polys.append([list(map(int, input().split()))
s207214119.py(17):         serach_Polys.append([list(map(int, input().split()))
s207214119.py(17):         serach_Polys.append([list(map(int, input().split()))
s207214119.py(15):     for _ in range(N):
s207214119.py(20):     ans = []
s207214119.py(21):     for i, poly in enumerate(serach_Polys):
s207214119.py(22):         if is_same(true_Poly, poly):
 --- modulename: s207214119, funcname: is_same
s207214119.py(30):     if len(poly1) != len(poly2):
s207214119.py(33):     poly_1_turn = calc_turn(poly1)
 --- modulename: s207214119, funcname: calc_turn
s207214119.py(85):     return [turn(p1, p2, p3) for p1, p2, p3 in zip(poly, poly[1:], poly[2:])]
 --- modulename: s207214119, funcname: <listcomp>
s207214119.py(85):     return [turn(p1, p2, p3) for p1, p2, p3 in zip(poly, poly[1:], poly[2:])]
 --- modulename: s207214119, funcname: turn
s207214119.py(60):     if p1[0] == p2[0]:
s207214119.py(61):         if p1[1] < p2[1]:
s207214119.py(67):             if p3[0] > p2[0]:
s207214119.py(68):                 return 0
s207214119.py(85):     return [turn(p1, p2, p3) for p1, p2, p3 in zip(poly, poly[1:], poly[2:])]
 --- modulename: s207214119, funcname: turn
s207214119.py(60):     if p1[0] == p2[0]:
s207214119.py(72):         if p1[0] < p2[0]:
s207214119.py(73):             if p3[1] > p2[1]:
s207214119.py(74):                 return 0
s207214119.py(85):     return [turn(p1, p2, p3) for p1, p2, p3 in zip(poly, poly[1:], poly[2:])]
s207214119.py(34):     poly_1_len = calc_dist(poly1)
 --- modulename: s207214119, funcname: calc_dist
s207214119.py(53):     return [dist(p1, p2) for p1, p2 in zip(poly, poly[1:])]
 --- modulename: s207214119, funcname: <listcomp>
s207214119.py(53):     return [dist(p1, p2) for p1, p2 in zip(poly, poly[1:])]
 --- modulename: s207214119, funcname: dist
s207214119.py(49):     return sum([abs(x1-x2) for x1, x2 in zip(p1, p2)])
 --- modulename: s207214119, funcname: <listcomp>
s207214119.py(49):     return sum([abs(x1-x2) for x1, x2 in zip(p1, p2)])
s207214119.py(49):     return sum([abs(x1-x2) for x1, x2 in zip(p1, p2)])
s207214119.py(49):     return sum([abs(x1-x2) for x1, x2 in zip(p1, p2)])
s207214119.py(53):     return [dist(p1, p2) for p1, p2 in zip(poly, poly[1:])]
 --- modulename: s207214119, funcname: dist
s207214119.py(49):     return sum([abs(x1-x2) for x1, x2 in zip(p1, p2)])
 --- modulename: s207214119, funcname: <listcomp>
s207214119.py(49):     return sum([abs(x1-x2) for x1, x2 in zip(p1, p2)])
s207214119.py(49):     return sum([abs(x1-x2) for x1, x2 in zip(p1, p2)])
s207214119.py(49):     return sum([abs(x1-x2) for x1, x2 in zip(p1, p2)])
s207214119.py(53):     return [dist(p1, p2) for p1, p2 in zip(poly, poly[1:])]
 --- modulename: s207214119, funcname: dist
s207214119.py(49):     return sum([abs(x1-x2) for x1, x2 in zip(p1, p2)])
 --- modulename: s207214119, funcname: <listcomp>
s207214119.py(49):     return sum([abs(x1-x2) for x1, x2 in zip(p1, p2)])
s207214119.py(49):     return sum([abs(x1-x2) for x1, x2 in zip(p1, p2)])
s207214119.py(49):     return sum([abs(x1-x2) for x1, x2 in zip(p1, p2)])
s207214119.py(53):     return [dist(p1, p2) for p1, p2 in zip(poly, poly[1:])]
s207214119.py(36):     poly_2_turn = calc_turn(poly2)
 --- modulename: s207214119, funcname: calc_turn
s207214119.py(85):     return [turn(p1, p2, p3) for p1, p2, p3 in zip(poly, poly[1:], poly[2:])]
 --- modulename: s207214119, funcname: <listcomp>
s207214119.py(85):     return [turn(p1, p2, p3) for p1, p2, p3 in zip(poly, poly[1:], poly[2:])]
 --- modulename: s207214119, funcname: turn
s207214119.py(60):     if p1[0] == p2[0]:
s207214119.py(61):         if p1[1] < p2[1]:
s207214119.py(62):             if p3[0] > p2[0]:
s207214119.py(65):                 return 0
s207214119.py(85):     return [turn(p1, p2, p3) for p1, p2, p3 in zip(poly, poly[1:], poly[2:])]
 --- modulename: s207214119, funcname: turn
s207214119.py(60):     if p1[0] == p2[0]:
s207214119.py(72):         if p1[0] < p2[0]:
s207214119.py(78):             if p3[1] > p2[1]:
s207214119.py(79):                 return 1
s207214119.py(85):     return [turn(p1, p2, p3) for p1, p2, p3 in zip(poly, poly[1:], poly[2:])]
s207214119.py(37):     poly_2_len = calc_dist(poly2)
 --- modulename: s207214119, funcname: calc_dist
s207214119.py(53):     return [dist(p1, p2) for p1, p2 in zip(poly, poly[1:])]
 --- modulename: s207214119, funcname: <listcomp>
s207214119.py(53):     return [dist(p1, p2) for p1, p2 in zip(poly, poly[1:])]
 --- modulename: s207214119, funcname: dist
s207214119.py(49):     return sum([abs(x1-x2) for x1, x2 in zip(p1, p2)])
 --- modulename: s207214119, funcname: <listcomp>
s207214119.py(49):     return sum([abs(x1-x2) for x1, x2 in zip(p1, p2)])
s207214119.py(49):     return sum([abs(x1-x2) for x1, x2 in zip(p1, p2)])
s207214119.py(49):     return sum([abs(x1-x2) for x1, x2 in zip(p1, p2)])
s207214119.py(53):     return [dist(p1, p2) for p1, p2 in zip(poly, poly[1:])]
 --- modulename: s207214119, funcname: dist
s207214119.py(49):     return sum([abs(x1-x2) for x1, x2 in zip(p1, p2)])
 --- modulename: s207214119, funcname: <listcomp>
s207214119.py(49):     return sum([abs(x1-x2) for x1, x2 in zip(p1, p2)])
s207214119.py(49):     return sum([abs(x1-x2) for x1, x2 in zip(p1, p2)])
s207214119.py(49):     return sum([abs(x1-x2) for x1, x2 in zip(p1, p2)])
s207214119.py(53):     return [dist(p1, p2) for p1, p2 in zip(poly, poly[1:])]
 --- modulename: s207214119, funcname: dist
s207214119.py(49):     return sum([abs(x1-x2) for x1, x2 in zip(p1, p2)])
 --- modulename: s207214119, funcname: <listcomp>
s207214119.py(49):     return sum([abs(x1-x2) for x1, x2 in zip(p1, p2)])
s207214119.py(49):     return sum([abs(x1-x2) for x1, x2 in zip(p1, p2)])
s207214119.py(49):     return sum([abs(x1-x2) for x1, x2 in zip(p1, p2)])
s207214119.py(53):     return [dist(p1, p2) for p1, p2 in zip(poly, poly[1:])]
s207214119.py(38):     if all(a == b for a, b in zip(poly_2_turn, poly_1_turn)) and all(a == b for a, b in zip(poly_2_len, poly_1_len)):
 --- modulename: s207214119, funcname: <genexpr>
s207214119.py(38):     if all(a == b for a, b in zip(poly_2_turn, poly_1_turn)) and all(a == b for a, b in zip(poly_2_len, poly_1_len)):
 --- modulename: s207214119, funcname: <genexpr>
s207214119.py(38):     if all(a == b for a, b in zip(poly_2_turn, poly_1_turn)) and all(a == b for a, b in zip(poly_2_len, poly_1_len)):
 --- modulename: s207214119, funcname: <genexpr>
s207214119.py(41):     poly_2_rev_turn = calc_turn(list(reversed(poly2)))
 --- modulename: s207214119, funcname: calc_turn
s207214119.py(85):     return [turn(p1, p2, p3) for p1, p2, p3 in zip(poly, poly[1:], poly[2:])]
 --- modulename: s207214119, funcname: <listcomp>
s207214119.py(85):     return [turn(p1, p2, p3) for p1, p2, p3 in zip(poly, poly[1:], poly[2:])]
 --- modulename: s207214119, funcname: turn
s207214119.py(60):     if p1[0] == p2[0]:
s207214119.py(61):         if p1[1] < p2[1]:
s207214119.py(67):             if p3[0] > p2[0]:
s207214119.py(68):                 return 0
s207214119.py(85):     return [turn(p1, p2, p3) for p1, p2, p3 in zip(poly, poly[1:], poly[2:])]
 --- modulename: s207214119, funcname: turn
s207214119.py(60):     if p1[0] == p2[0]:
s207214119.py(72):         if p1[0] < p2[0]:
s207214119.py(73):             if p3[1] > p2[1]:
s207214119.py(76):                 return 1
s207214119.py(85):     return [turn(p1, p2, p3) for p1, p2, p3 in zip(poly, poly[1:], poly[2:])]
s207214119.py(42):     poly_2_rev_len = calc_dist(list(reversed(poly2)))
 --- modulename: s207214119, funcname: calc_dist
s207214119.py(53):     return [dist(p1, p2) for p1, p2 in zip(poly, poly[1:])]
 --- modulename: s207214119, funcname: <listcomp>
s207214119.py(53):     return [dist(p1, p2) for p1, p2 in zip(poly, poly[1:])]
 --- modulename: s207214119, funcname: dist
s207214119.py(49):     return sum([abs(x1-x2) for x1, x2 in zip(p1, p2)])
 --- modulename: s207214119, funcname: <listcomp>
s207214119.py(49):     return sum([abs(x1-x2) for x1, x2 in zip(p1, p2)])
s207214119.py(49):     return sum([abs(x1-x2) for x1, x2 in zip(p1, p2)])
s207214119.py(49):     return sum([abs(x1-x2) for x1, x2 in zip(p1, p2)])
s207214119.py(53):     return [dist(p1, p2) for p1, p2 in zip(poly, poly[1:])]
 --- modulename: s207214119, funcname: dist
s207214119.py(49):     return sum([abs(x1-x2) for x1, x2 in zip(p1, p2)])
 --- modulename: s207214119, funcname: <listcomp>
s207214119.py(49):     return sum([abs(x1-x2) for x1, x2 in zip(p1, p2)])
s207214119.py(49):     return sum([abs(x1-x2) for x1, x2 in zip(p1, p2)])
s207214119.py(49):     return sum([abs(x1-x2) for x1, x2 in zip(p1, p2)])
s207214119.py(53):     return [dist(p1, p2) for p1, p2 in zip(poly, poly[1:])]
 --- modulename: s207214119, funcname: dist
s207214119.py(49):     return sum([abs(x1-x2) for x1, x2 in zip(p1, p2)])
 --- modulename: s207214119, funcname: <listcomp>
s207214119.py(49):     return sum([abs(x1-x2) for x1, x2 in zip(p1, p2)])
s207214119.py(49):     return sum([abs(x1-x2) for x1, x2 in zip(p1, p2)])
s207214119.py(49):     return sum([abs(x1-x2) for x1, x2 in zip(p1, p2)])
s207214119.py(53):     return [dist(p1, p2) for p1, p2 in zip(poly, poly[1:])]
s207214119.py(43):     if all(a == b for a, b in zip(poly_2_rev_turn, poly_1_turn)) and all(a == b for a, b in zip(poly_2_rev_len, poly_1_len)):
 --- modulename: s207214119, funcname: <genexpr>
s207214119.py(43):     if all(a == b for a, b in zip(poly_2_rev_turn, poly_1_turn)) and all(a == b for a, b in zip(poly_2_rev_len, poly_1_len)):
 --- modulename: s207214119, funcname: <genexpr>
s207214119.py(43):     if all(a == b for a, b in zip(poly_2_rev_turn, poly_1_turn)) and all(a == b for a, b in zip(poly_2_rev_len, poly_1_len)):
 --- modulename: s207214119, funcname: <genexpr>
s207214119.py(45):     return False
s207214119.py(21):     for i, poly in enumerate(serach_Polys):
s207214119.py(22):         if is_same(true_Poly, poly):
 --- modulename: s207214119, funcname: is_same
s207214119.py(30):     if len(poly1) != len(poly2):
s207214119.py(33):     poly_1_turn = calc_turn(poly1)
 --- modulename: s207214119, funcname: calc_turn
s207214119.py(85):     return [turn(p1, p2, p3) for p1, p2, p3 in zip(poly, poly[1:], poly[2:])]
 --- modulename: s207214119, funcname: <listcomp>
s207214119.py(85):     return [turn(p1, p2, p3) for p1, p2, p3 in zip(poly, poly[1:], poly[2:])]
 --- modulename: s207214119, funcname: turn
s207214119.py(60):     if p1[0] == p2[0]:
s207214119.py(61):         if p1[1] < p2[1]:
s207214119.py(67):             if p3[0] > p2[0]:
s207214119.py(68):                 return 0
s207214119.py(85):     return [turn(p1, p2, p3) for p1, p2, p3 in zip(poly, poly[1:], poly[2:])]
 --- modulename: s207214119, funcname: turn
s207214119.py(60):     if p1[0] == p2[0]:
s207214119.py(72):         if p1[0] < p2[0]:
s207214119.py(73):             if p3[1] > p2[1]:
s207214119.py(74):                 return 0
s207214119.py(85):     return [turn(p1, p2, p3) for p1, p2, p3 in zip(poly, poly[1:], poly[2:])]
s207214119.py(34):     poly_1_len = calc_dist(poly1)
 --- modulename: s207214119, funcname: calc_dist
s207214119.py(53):     return [dist(p1, p2) for p1, p2 in zip(poly, poly[1:])]
 --- modulename: s207214119, funcname: <listcomp>
s207214119.py(53):     return [dist(p1, p2) for p1, p2 in zip(poly, poly[1:])]
 --- modulename: s207214119, funcname: dist
s207214119.py(49):     return sum([abs(x1-x2) for x1, x2 in zip(p1, p2)])
 --- modulename: s207214119, funcname: <listcomp>
s207214119.py(49):     return sum([abs(x1-x2) for x1, x2 in zip(p1, p2)])
s207214119.py(49):     return sum([abs(x1-x2) for x1, x2 in zip(p1, p2)])
s207214119.py(49):     return sum([abs(x1-x2) for x1, x2 in zip(p1, p2)])
s207214119.py(53):     return [dist(p1, p2) for p1, p2 in zip(poly, poly[1:])]
 --- modulename: s207214119, funcname: dist
s207214119.py(49):     return sum([abs(x1-x2) for x1, x2 in zip(p1, p2)])
 --- modulename: s207214119, funcname: <listcomp>
s207214119.py(49):     return sum([abs(x1-x2) for x1, x2 in zip(p1, p2)])
s207214119.py(49):     return sum([abs(x1-x2) for x1, x2 in zip(p1, p2)])
s207214119.py(49):     return sum([abs(x1-x2) for x1, x2 in zip(p1, p2)])
s207214119.py(53):     return [dist(p1, p2) for p1, p2 in zip(poly, poly[1:])]
 --- modulename: s207214119, funcname: dist
s207214119.py(49):     return sum([abs(x1-x2) for x1, x2 in zip(p1, p2)])
 --- modulename: s207214119, funcname: <listcomp>
s207214119.py(49):     return sum([abs(x1-x2) for x1, x2 in zip(p1, p2)])
s207214119.py(49):     return sum([abs(x1-x2) for x1, x2 in zip(p1, p2)])
s207214119.py(49):     return sum([abs(x1-x2) for x1, x2 in zip(p1, p2)])
s207214119.py(53):     return [dist(p1, p2) for p1, p2 in zip(poly, poly[1:])]
s207214119.py(36):     poly_2_turn = calc_turn(poly2)
 --- modulename: s207214119, funcname: calc_turn
s207214119.py(85):     return [turn(p1, p2, p3) for p1, p2, p3 in zip(poly, poly[1:], poly[2:])]
 --- modulename: s207214119, funcname: <listcomp>
s207214119.py(85):     return [turn(p1, p2, p3) for p1, p2, p3 in zip(poly, poly[1:], poly[2:])]
 --- modulename: s207214119, funcname: turn
s207214119.py(60):     if p1[0] == p2[0]:
s207214119.py(61):         if p1[1] < p2[1]:
s207214119.py(67):             if p3[0] > p2[0]:
s207214119.py(70):                 return 1
s207214119.py(85):     return [turn(p1, p2, p3) for p1, p2, p3 in zip(poly, poly[1:], poly[2:])]
 --- modulename: s207214119, funcname: turn
s207214119.py(60):     if p1[0] == p2[0]:
s207214119.py(72):         if p1[0] < p2[0]:
s207214119.py(78):             if p3[1] > p2[1]:
s207214119.py(79):                 return 1
s207214119.py(85):     return [turn(p1, p2, p3) for p1, p2, p3 in zip(poly, poly[1:], poly[2:])]
s207214119.py(37):     poly_2_len = calc_dist(poly2)
 --- modulename: s207214119, funcname: calc_dist
s207214119.py(53):     return [dist(p1, p2) for p1, p2 in zip(poly, poly[1:])]
 --- modulename: s207214119, funcname: <listcomp>
s207214119.py(53):     return [dist(p1, p2) for p1, p2 in zip(poly, poly[1:])]
 --- modulename: s207214119, funcname: dist
s207214119.py(49):     return sum([abs(x1-x2) for x1, x2 in zip(p1, p2)])
 --- modulename: s207214119, funcname: <listcomp>
s207214119.py(49):     return sum([abs(x1-x2) for x1, x2 in zip(p1, p2)])
s207214119.py(49):     return sum([abs(x1-x2) for x1, x2 in zip(p1, p2)])
s207214119.py(49):     return sum([abs(x1-x2) for x1, x2 in zip(p1, p2)])
s207214119.py(53):     return [dist(p1, p2) for p1, p2 in zip(poly, poly[1:])]
 --- modulename: s207214119, funcname: dist
s207214119.py(49):     return sum([abs(x1-x2) for x1, x2 in zip(p1, p2)])
 --- modulename: s207214119, funcname: <listcomp>
s207214119.py(49):     return sum([abs(x1-x2) for x1, x2 in zip(p1, p2)])
s207214119.py(49):     return sum([abs(x1-x2) for x1, x2 in zip(p1, p2)])
s207214119.py(49):     return sum([abs(x1-x2) for x1, x2 in zip(p1, p2)])
s207214119.py(53):     return [dist(p1, p2) for p1, p2 in zip(poly, poly[1:])]
 --- modulename: s207214119, funcname: dist
s207214119.py(49):     return sum([abs(x1-x2) for x1, x2 in zip(p1, p2)])
 --- modulename: s207214119, funcname: <listcomp>
s207214119.py(49):     return sum([abs(x1-x2) for x1, x2 in zip(p1, p2)])
s207214119.py(49):     return sum([abs(x1-x2) for x1, x2 in zip(p1, p2)])
s207214119.py(49):     return sum([abs(x1-x2) for x1, x2 in zip(p1, p2)])
s207214119.py(53):     return [dist(p1, p2) for p1, p2 in zip(poly, poly[1:])]
s207214119.py(38):     if all(a == b for a, b in zip(poly_2_turn, poly_1_turn)) and all(a == b for a, b in zip(poly_2_len, poly_1_len)):
 --- modulename: s207214119, funcname: <genexpr>
s207214119.py(38):     if all(a == b for a, b in zip(poly_2_turn, poly_1_turn)) and all(a == b for a, b in zip(poly_2_len, poly_1_len)):
 --- modulename: s207214119, funcname: <genexpr>
s207214119.py(41):     poly_2_rev_turn = calc_turn(list(reversed(poly2)))
 --- modulename: s207214119, funcname: calc_turn
s207214119.py(85):     return [turn(p1, p2, p3) for p1, p2, p3 in zip(poly, poly[1:], poly[2:])]
 --- modulename: s207214119, funcname: <listcomp>
s207214119.py(85):     return [turn(p1, p2, p3) for p1, p2, p3 in zip(poly, poly[1:], poly[2:])]
 --- modulename: s207214119, funcname: turn
s207214119.py(60):     if p1[0] == p2[0]:
s207214119.py(61):         if p1[1] < p2[1]:
s207214119.py(67):             if p3[0] > p2[0]:
s207214119.py(68):                 return 0
s207214119.py(85):     return [turn(p1, p2, p3) for p1, p2, p3 in zip(poly, poly[1:], poly[2:])]
 --- modulename: s207214119, funcname: turn
s207214119.py(60):     if p1[0] == p2[0]:
s207214119.py(72):         if p1[0] < p2[0]:
s207214119.py(73):             if p3[1] > p2[1]:
s207214119.py(74):                 return 0
s207214119.py(85):     return [turn(p1, p2, p3) for p1, p2, p3 in zip(poly, poly[1:], poly[2:])]
s207214119.py(42):     poly_2_rev_len = calc_dist(list(reversed(poly2)))
 --- modulename: s207214119, funcname: calc_dist
s207214119.py(53):     return [dist(p1, p2) for p1, p2 in zip(poly, poly[1:])]
 --- modulename: s207214119, funcname: <listcomp>
s207214119.py(53):     return [dist(p1, p2) for p1, p2 in zip(poly, poly[1:])]
 --- modulename: s207214119, funcname: dist
s207214119.py(49):     return sum([abs(x1-x2) for x1, x2 in zip(p1, p2)])
 --- modulename: s207214119, funcname: <listcomp>
s207214119.py(49):     return sum([abs(x1-x2) for x1, x2 in zip(p1, p2)])
s207214119.py(49):     return sum([abs(x1-x2) for x1, x2 in zip(p1, p2)])
s207214119.py(49):     return sum([abs(x1-x2) for x1, x2 in zip(p1, p2)])
s207214119.py(53):     return [dist(p1, p2) for p1, p2 in zip(poly, poly[1:])]
 --- modulename: s207214119, funcname: dist
s207214119.py(49):     return sum([abs(x1-x2) for x1, x2 in zip(p1, p2)])
 --- modulename: s207214119, funcname: <listcomp>
s207214119.py(49):     return sum([abs(x1-x2) for x1, x2 in zip(p1, p2)])
s207214119.py(49):     return sum([abs(x1-x2) for x1, x2 in zip(p1, p2)])
s207214119.py(49):     return sum([abs(x1-x2) for x1, x2 in zip(p1, p2)])
s207214119.py(53):     return [dist(p1, p2) for p1, p2 in zip(poly, poly[1:])]
 --- modulename: s207214119, funcname: dist
s207214119.py(49):     return sum([abs(x1-x2) for x1, x2 in zip(p1, p2)])
 --- modulename: s207214119, funcname: <listcomp>
s207214119.py(49):     return sum([abs(x1-x2) for x1, x2 in zip(p1, p2)])
s207214119.py(49):     return sum([abs(x1-x2) for x1, x2 in zip(p1, p2)])
s207214119.py(49):     return sum([abs(x1-x2) for x1, x2 in zip(p1, p2)])
s207214119.py(53):     return [dist(p1, p2) for p1, p2 in zip(poly, poly[1:])]
s207214119.py(43):     if all(a == b for a, b in zip(poly_2_rev_turn, poly_1_turn)) and all(a == b for a, b in zip(poly_2_rev_len, poly_1_len)):
 --- modulename: s207214119, funcname: <genexpr>
s207214119.py(43):     if all(a == b for a, b in zip(poly_2_rev_turn, poly_1_turn)) and all(a == b for a, b in zip(poly_2_rev_len, poly_1_len)):
 --- modulename: s207214119, funcname: <genexpr>
s207214119.py(43):     if all(a == b for a, b in zip(poly_2_rev_turn, poly_1_turn)) and all(a == b for a, b in zip(poly_2_rev_len, poly_1_len)):
 --- modulename: s207214119, funcname: <genexpr>
s207214119.py(43):     if all(a == b for a, b in zip(poly_2_rev_turn, poly_1_turn)) and all(a == b for a, b in zip(poly_2_rev_len, poly_1_len)):
 --- modulename: s207214119, funcname: <genexpr>
s207214119.py(43):     if all(a == b for a, b in zip(poly_2_rev_turn, poly_1_turn)) and all(a == b for a, b in zip(poly_2_rev_len, poly_1_len)):
 --- modulename: s207214119, funcname: <genexpr>
s207214119.py(45):     return False
s207214119.py(21):     for i, poly in enumerate(serach_Polys):
s207214119.py(22):         if is_same(true_Poly, poly):
 --- modulename: s207214119, funcname: is_same
s207214119.py(30):     if len(poly1) != len(poly2):
s207214119.py(33):     poly_1_turn = calc_turn(poly1)
 --- modulename: s207214119, funcname: calc_turn
s207214119.py(85):     return [turn(p1, p2, p3) for p1, p2, p3 in zip(poly, poly[1:], poly[2:])]
 --- modulename: s207214119, funcname: <listcomp>
s207214119.py(85):     return [turn(p1, p2, p3) for p1, p2, p3 in zip(poly, poly[1:], poly[2:])]
 --- modulename: s207214119, funcname: turn
s207214119.py(60):     if p1[0] == p2[0]:
s207214119.py(61):         if p1[1] < p2[1]:
s207214119.py(67):             if p3[0] > p2[0]:
s207214119.py(68):                 return 0
s207214119.py(85):     return [turn(p1, p2, p3) for p1, p2, p3 in zip(poly, poly[1:], poly[2:])]
 --- modulename: s207214119, funcname: turn
s207214119.py(60):     if p1[0] == p2[0]:
s207214119.py(72):         if p1[0] < p2[0]:
s207214119.py(73):             if p3[1] > p2[1]:
s207214119.py(74):                 return 0
s207214119.py(85):     return [turn(p1, p2, p3) for p1, p2, p3 in zip(poly, poly[1:], poly[2:])]
s207214119.py(34):     poly_1_len = calc_dist(poly1)
 --- modulename: s207214119, funcname: calc_dist
s207214119.py(53):     return [dist(p1, p2) for p1, p2 in zip(poly, poly[1:])]
 --- modulename: s207214119, funcname: <listcomp>
s207214119.py(53):     return [dist(p1, p2) for p1, p2 in zip(poly, poly[1:])]
 --- modulename: s207214119, funcname: dist
s207214119.py(49):     return sum([abs(x1-x2) for x1, x2 in zip(p1, p2)])
 --- modulename: s207214119, funcname: <listcomp>
s207214119.py(49):     return sum([abs(x1-x2) for x1, x2 in zip(p1, p2)])
s207214119.py(49):     return sum([abs(x1-x2) for x1, x2 in zip(p1, p2)])
s207214119.py(49):     return sum([abs(x1-x2) for x1, x2 in zip(p1, p2)])
s207214119.py(53):     return [dist(p1, p2) for p1, p2 in zip(poly, poly[1:])]
 --- modulename: s207214119, funcname: dist
s207214119.py(49):     return sum([abs(x1-x2) for x1, x2 in zip(p1, p2)])
 --- modulename: s207214119, funcname: <listcomp>
s207214119.py(49):     return sum([abs(x1-x2) for x1, x2 in zip(p1, p2)])
s207214119.py(49):     return sum([abs(x1-x2) for x1, x2 in zip(p1, p2)])
s207214119.py(49):     return sum([abs(x1-x2) for x1, x2 in zip(p1, p2)])
s207214119.py(53):     return [dist(p1, p2) for p1, p2 in zip(poly, poly[1:])]
 --- modulename: s207214119, funcname: dist
s207214119.py(49):     return sum([abs(x1-x2) for x1, x2 in zip(p1, p2)])
 --- modulename: s207214119, funcname: <listcomp>
s207214119.py(49):     return sum([abs(x1-x2) for x1, x2 in zip(p1, p2)])
s207214119.py(49):     return sum([abs(x1-x2) for x1, x2 in zip(p1, p2)])
s207214119.py(49):     return sum([abs(x1-x2) for x1, x2 in zip(p1, p2)])
s207214119.py(53):     return [dist(p1, p2) for p1, p2 in zip(poly, poly[1:])]
s207214119.py(36):     poly_2_turn = calc_turn(poly2)
 --- modulename: s207214119, funcname: calc_turn
s207214119.py(85):     return [turn(p1, p2, p3) for p1, p2, p3 in zip(poly, poly[1:], poly[2:])]
 --- modulename: s207214119, funcname: <listcomp>
s207214119.py(85):     return [turn(p1, p2, p3) for p1, p2, p3 in zip(poly, poly[1:], poly[2:])]
 --- modulename: s207214119, funcname: turn
s207214119.py(60):     if p1[0] == p2[0]:
s207214119.py(61):         if p1[1] < p2[1]:
s207214119.py(62):             if p3[0] > p2[0]:
s207214119.py(65):                 return 0
s207214119.py(85):     return [turn(p1, p2, p3) for p1, p2, p3 in zip(poly, poly[1:], poly[2:])]
 --- modulename: s207214119, funcname: turn
s207214119.py(60):     if p1[0] == p2[0]:
s207214119.py(72):         if p1[0] < p2[0]:
s207214119.py(78):             if p3[1] > p2[1]:
s207214119.py(81):                 return 0
s207214119.py(85):     return [turn(p1, p2, p3) for p1, p2, p3 in zip(poly, poly[1:], poly[2:])]
s207214119.py(37):     poly_2_len = calc_dist(poly2)
 --- modulename: s207214119, funcname: calc_dist
s207214119.py(53):     return [dist(p1, p2) for p1, p2 in zip(poly, poly[1:])]
 --- modulename: s207214119, funcname: <listcomp>
s207214119.py(53):     return [dist(p1, p2) for p1, p2 in zip(poly, poly[1:])]
 --- modulename: s207214119, funcname: dist
s207214119.py(49):     return sum([abs(x1-x2) for x1, x2 in zip(p1, p2)])
 --- modulename: s207214119, funcname: <listcomp>
s207214119.py(49):     return sum([abs(x1-x2) for x1, x2 in zip(p1, p2)])
s207214119.py(49):     return sum([abs(x1-x2) for x1, x2 in zip(p1, p2)])
s207214119.py(49):     return sum([abs(x1-x2) for x1, x2 in zip(p1, p2)])
s207214119.py(53):     return [dist(p1, p2) for p1, p2 in zip(poly, poly[1:])]
 --- modulename: s207214119, funcname: dist
s207214119.py(49):     return sum([abs(x1-x2) for x1, x2 in zip(p1, p2)])
 --- modulename: s207214119, funcname: <listcomp>
s207214119.py(49):     return sum([abs(x1-x2) for x1, x2 in zip(p1, p2)])
s207214119.py(49):     return sum([abs(x1-x2) for x1, x2 in zip(p1, p2)])
s207214119.py(49):     return sum([abs(x1-x2) for x1, x2 in zip(p1, p2)])
s207214119.py(53):     return [dist(p1, p2) for p1, p2 in zip(poly, poly[1:])]
 --- modulename: s207214119, funcname: dist
s207214119.py(49):     return sum([abs(x1-x2) for x1, x2 in zip(p1, p2)])
 --- modulename: s207214119, funcname: <listcomp>
s207214119.py(49):     return sum([abs(x1-x2) for x1, x2 in zip(p1, p2)])
s207214119.py(49):     return sum([abs(x1-x2) for x1, x2 in zip(p1, p2)])
s207214119.py(49):     return sum([abs(x1-x2) for x1, x2 in zip(p1, p2)])
s207214119.py(53):     return [dist(p1, p2) for p1, p2 in zip(poly, poly[1:])]
s207214119.py(38):     if all(a == b for a, b in zip(poly_2_turn, poly_1_turn)) and all(a == b for a, b in zip(poly_2_len, poly_1_len)):
 --- modulename: s207214119, funcname: <genexpr>
s207214119.py(38):     if all(a == b for a, b in zip(poly_2_turn, poly_1_turn)) and all(a == b for a, b in zip(poly_2_len, poly_1_len)):
 --- modulename: s207214119, funcname: <genexpr>
s207214119.py(38):     if all(a == b for a, b in zip(poly_2_turn, poly_1_turn)) and all(a == b for a, b in zip(poly_2_len, poly_1_len)):
 --- modulename: s207214119, funcname: <genexpr>
s207214119.py(38):     if all(a == b for a, b in zip(poly_2_turn, poly_1_turn)) and all(a == b for a, b in zip(poly_2_len, poly_1_len)):
 --- modulename: s207214119, funcname: <genexpr>
s207214119.py(38):     if all(a == b for a, b in zip(poly_2_turn, poly_1_turn)) and all(a == b for a, b in zip(poly_2_len, poly_1_len)):
 --- modulename: s207214119, funcname: <genexpr>
s207214119.py(38):     if all(a == b for a, b in zip(poly_2_turn, poly_1_turn)) and all(a == b for a, b in zip(poly_2_len, poly_1_len)):
 --- modulename: s207214119, funcname: <genexpr>
s207214119.py(38):     if all(a == b for a, b in zip(poly_2_turn, poly_1_turn)) and all(a == b for a, b in zip(poly_2_len, poly_1_len)):
 --- modulename: s207214119, funcname: <genexpr>
s207214119.py(38):     if all(a == b for a, b in zip(poly_2_turn, poly_1_turn)) and all(a == b for a, b in zip(poly_2_len, poly_1_len)):
s207214119.py(39):         return True
s207214119.py(23):             ans.append(i+1)
s207214119.py(21):     for i, poly in enumerate(serach_Polys):
s207214119.py(22):         if is_same(true_Poly, poly):
 --- modulename: s207214119, funcname: is_same
s207214119.py(30):     if len(poly1) != len(poly2):
s207214119.py(33):     poly_1_turn = calc_turn(poly1)
 --- modulename: s207214119, funcname: calc_turn
s207214119.py(85):     return [turn(p1, p2, p3) for p1, p2, p3 in zip(poly, poly[1:], poly[2:])]
 --- modulename: s207214119, funcname: <listcomp>
s207214119.py(85):     return [turn(p1, p2, p3) for p1, p2, p3 in zip(poly, poly[1:], poly[2:])]
 --- modulename: s207214119, funcname: turn
s207214119.py(60):     if p1[0] == p2[0]:
s207214119.py(61):         if p1[1] < p2[1]:
s207214119.py(67):             if p3[0] > p2[0]:
s207214119.py(68):                 return 0
s207214119.py(85):     return [turn(p1, p2, p3) for p1, p2, p3 in zip(poly, poly[1:], poly[2:])]
 --- modulename: s207214119, funcname: turn
s207214119.py(60):     if p1[0] == p2[0]:
s207214119.py(72):         if p1[0] < p2[0]:
s207214119.py(73):             if p3[1] > p2[1]:
s207214119.py(74):                 return 0
s207214119.py(85):     return [turn(p1, p2, p3) for p1, p2, p3 in zip(poly, poly[1:], poly[2:])]
s207214119.py(34):     poly_1_len = calc_dist(poly1)
 --- modulename: s207214119, funcname: calc_dist
s207214119.py(53):     return [dist(p1, p2) for p1, p2 in zip(poly, poly[1:])]
 --- modulename: s207214119, funcname: <listcomp>
s207214119.py(53):     return [dist(p1, p2) for p1, p2 in zip(poly, poly[1:])]
 --- modulename: s207214119, funcname: dist
s207214119.py(49):     return sum([abs(x1-x2) for x1, x2 in zip(p1, p2)])
 --- modulename: s207214119, funcname: <listcomp>
s207214119.py(49):     return sum([abs(x1-x2) for x1, x2 in zip(p1, p2)])
s207214119.py(49):     return sum([abs(x1-x2) for x1, x2 in zip(p1, p2)])
s207214119.py(49):     return sum([abs(x1-x2) for x1, x2 in zip(p1, p2)])
s207214119.py(53):     return [dist(p1, p2) for p1, p2 in zip(poly, poly[1:])]
 --- modulename: s207214119, funcname: dist
s207214119.py(49):     return sum([abs(x1-x2) for x1, x2 in zip(p1, p2)])
 --- modulename: s207214119, funcname: <listcomp>
s207214119.py(49):     return sum([abs(x1-x2) for x1, x2 in zip(p1, p2)])
s207214119.py(49):     return sum([abs(x1-x2) for x1, x2 in zip(p1, p2)])
s207214119.py(49):     return sum([abs(x1-x2) for x1, x2 in zip(p1, p2)])
s207214119.py(53):     return [dist(p1, p2) for p1, p2 in zip(poly, poly[1:])]
 --- modulename: s207214119, funcname: dist
s207214119.py(49):     return sum([abs(x1-x2) for x1, x2 in zip(p1, p2)])
 --- modulename: s207214119, funcname: <listcomp>
s207214119.py(49):     return sum([abs(x1-x2) for x1, x2 in zip(p1, p2)])
s207214119.py(49):     return sum([abs(x1-x2) for x1, x2 in zip(p1, p2)])
s207214119.py(49):     return sum([abs(x1-x2) for x1, x2 in zip(p1, p2)])
s207214119.py(53):     return [dist(p1, p2) for p1, p2 in zip(poly, poly[1:])]
s207214119.py(36):     poly_2_turn = calc_turn(poly2)
 --- modulename: s207214119, funcname: calc_turn
s207214119.py(85):     return [turn(p1, p2, p3) for p1, p2, p3 in zip(poly, poly[1:], poly[2:])]
 --- modulename: s207214119, funcname: <listcomp>
s207214119.py(85):     return [turn(p1, p2, p3) for p1, p2, p3 in zip(poly, poly[1:], poly[2:])]
 --- modulename: s207214119, funcname: turn
s207214119.py(60):     if p1[0] == p2[0]:
s207214119.py(61):         if p1[1] < p2[1]:
s207214119.py(67):             if p3[0] > p2[0]:
s207214119.py(68):                 return 0
s207214119.py(85):     return [turn(p1, p2, p3) for p1, p2, p3 in zip(poly, poly[1:], poly[2:])]
 --- modulename: s207214119, funcname: turn
s207214119.py(60):     if p1[0] == p2[0]:
s207214119.py(72):         if p1[0] < p2[0]:
s207214119.py(73):             if p3[1] > p2[1]:
s207214119.py(74):                 return 0
s207214119.py(85):     return [turn(p1, p2, p3) for p1, p2, p3 in zip(poly, poly[1:], poly[2:])]
s207214119.py(37):     poly_2_len = calc_dist(poly2)
 --- modulename: s207214119, funcname: calc_dist
s207214119.py(53):     return [dist(p1, p2) for p1, p2 in zip(poly, poly[1:])]
 --- modulename: s207214119, funcname: <listcomp>
s207214119.py(53):     return [dist(p1, p2) for p1, p2 in zip(poly, poly[1:])]
 --- modulename: s207214119, funcname: dist
s207214119.py(49):     return sum([abs(x1-x2) for x1, x2 in zip(p1, p2)])
 --- modulename: s207214119, funcname: <listcomp>
s207214119.py(49):     return sum([abs(x1-x2) for x1, x2 in zip(p1, p2)])
s207214119.py(49):     return sum([abs(x1-x2) for x1, x2 in zip(p1, p2)])
s207214119.py(49):     return sum([abs(x1-x2) for x1, x2 in zip(p1, p2)])
s207214119.py(53):     return [dist(p1, p2) for p1, p2 in zip(poly, poly[1:])]
 --- modulename: s207214119, funcname: dist
s207214119.py(49):     return sum([abs(x1-x2) for x1, x2 in zip(p1, p2)])
 --- modulename: s207214119, funcname: <listcomp>
s207214119.py(49):     return sum([abs(x1-x2) for x1, x2 in zip(p1, p2)])
s207214119.py(49):     return sum([abs(x1-x2) for x1, x2 in zip(p1, p2)])
s207214119.py(49):     return sum([abs(x1-x2) for x1, x2 in zip(p1, p2)])
s207214119.py(53):     return [dist(p1, p2) for p1, p2 in zip(poly, poly[1:])]
 --- modulename: s207214119, funcname: dist
s207214119.py(49):     return sum([abs(x1-x2) for x1, x2 in zip(p1, p2)])
 --- modulename: s207214119, funcname: <listcomp>
s207214119.py(49):     return sum([abs(x1-x2) for x1, x2 in zip(p1, p2)])
s207214119.py(49):     return sum([abs(x1-x2) for x1, x2 in zip(p1, p2)])
s207214119.py(49):     return sum([abs(x1-x2) for x1, x2 in zip(p1, p2)])
s207214119.py(53):     return [dist(p1, p2) for p1, p2 in zip(poly, poly[1:])]
s207214119.py(38):     if all(a == b for a, b in zip(poly_2_turn, poly_1_turn)) and all(a == b for a, b in zip(poly_2_len, poly_1_len)):
 --- modulename: s207214119, funcname: <genexpr>
s207214119.py(38):     if all(a == b for a, b in zip(poly_2_turn, poly_1_turn)) and all(a == b for a, b in zip(poly_2_len, poly_1_len)):
 --- modulename: s207214119, funcname: <genexpr>
s207214119.py(38):     if all(a == b for a, b in zip(poly_2_turn, poly_1_turn)) and all(a == b for a, b in zip(poly_2_len, poly_1_len)):
 --- modulename: s207214119, funcname: <genexpr>
s207214119.py(38):     if all(a == b for a, b in zip(poly_2_turn, poly_1_turn)) and all(a == b for a, b in zip(poly_2_len, poly_1_len)):
 --- modulename: s207214119, funcname: <genexpr>
s207214119.py(38):     if all(a == b for a, b in zip(poly_2_turn, poly_1_turn)) and all(a == b for a, b in zip(poly_2_len, poly_1_len)):
 --- modulename: s207214119, funcname: <genexpr>
s207214119.py(38):     if all(a == b for a, b in zip(poly_2_turn, poly_1_turn)) and all(a == b for a, b in zip(poly_2_len, poly_1_len)):
 --- modulename: s207214119, funcname: <genexpr>
s207214119.py(38):     if all(a == b for a, b in zip(poly_2_turn, poly_1_turn)) and all(a == b for a, b in zip(poly_2_len, poly_1_len)):
 --- modulename: s207214119, funcname: <genexpr>
s207214119.py(38):     if all(a == b for a, b in zip(poly_2_turn, poly_1_turn)) and all(a == b for a, b in zip(poly_2_len, poly_1_len)):
s207214119.py(39):         return True
s207214119.py(23):             ans.append(i+1)
s207214119.py(21):     for i, poly in enumerate(serach_Polys):
s207214119.py(24):     if ans:
s207214119.py(25):         print("\n".join(map(str, ans)))
3
4
s207214119.py(26):     print("+"*5)
+++++
s207214119.py(89):     solve()
 --- modulename: s207214119, funcname: solve
s207214119.py(8):     N = int(input())
s207214119.py(9):     if N == 0:
s207214119.py(11):     n = int(input())
s207214119.py(12):     true_Poly = [list(map(int, input().split())) for _ in range(n)]
 --- modulename: s207214119, funcname: <listcomp>
s207214119.py(12):     true_Poly = [list(map(int, input().split())) for _ in range(n)]
s207214119.py(12):     true_Poly = [list(map(int, input().split())) for _ in range(n)]
s207214119.py(12):     true_Poly = [list(map(int, input().split())) for _ in range(n)]
s207214119.py(12):     true_Poly = [list(map(int, input().split())) for _ in range(n)]
s207214119.py(12):     true_Poly = [list(map(int, input().split())) for _ in range(n)]
s207214119.py(12):     true_Poly = [list(map(int, input().split())) for _ in range(n)]
s207214119.py(14):     serach_Polys = []
s207214119.py(15):     for _ in range(N):
s207214119.py(16):         n = int(input())
s207214119.py(17):         serach_Polys.append([list(map(int, input().split()))
s207214119.py(18):                              for _ in range(n)])
s207214119.py(17):         serach_Polys.append([list(map(int, input().split()))
 --- modulename: s207214119, funcname: <listcomp>
s207214119.py(17):         serach_Polys.append([list(map(int, input().split()))
s207214119.py(17):         serach_Polys.append([list(map(int, input().split()))
s207214119.py(17):         serach_Polys.append([list(map(int, input().split()))
s207214119.py(17):         serach_Polys.append([list(map(int, input().split()))
s207214119.py(17):         serach_Polys.append([list(map(int, input().split()))
s207214119.py(17):         serach_Polys.append([list(map(int, input().split()))
s207214119.py(17):         serach_Polys.append([list(map(int, input().split()))
s207214119.py(17):         serach_Polys.append([list(map(int, input().split()))
s207214119.py(17):         serach_Polys.append([list(map(int, input().split()))
s207214119.py(17):         serach_Polys.append([list(map(int, input().split()))
s207214119.py(17):         serach_Polys.append([list(map(int, input().split()))
s207214119.py(15):     for _ in range(N):
s207214119.py(16):         n = int(input())
s207214119.py(17):         serach_Polys.append([list(map(int, input().split()))
s207214119.py(18):                              for _ in range(n)])
s207214119.py(17):         serach_Polys.append([list(map(int, input().split()))
 --- modulename: s207214119, funcname: <listcomp>
s207214119.py(17):         serach_Polys.append([list(map(int, input().split()))
s207214119.py(17):         serach_Polys.append([list(map(int, input().split()))
s207214119.py(17):         serach_Polys.append([list(map(int, input().split()))
s207214119.py(17):         serach_Polys.append([list(map(int, input().split()))
s207214119.py(17):         serach_Polys.append([list(map(int, input().split()))
s207214119.py(17):         serach_Polys.append([list(map(int, input().split()))
s207214119.py(17):         serach_Polys.append([list(map(int, input().split()))
s207214119.py(17):         serach_Polys.append([list(map(int, input().split()))
s207214119.py(17):         serach_Polys.append([list(map(int, input().split()))
s207214119.py(17):         serach_Polys.append([list(map(int, input().split()))
s207214119.py(17):         serach_Polys.append([list(map(int, input().split()))
s207214119.py(15):     for _ in range(N):
s207214119.py(16):         n = int(input())
s207214119.py(17):         serach_Polys.append([list(map(int, input().split()))
s207214119.py(18):                              for _ in range(n)])
s207214119.py(17):         serach_Polys.append([list(map(int, input().split()))
 --- modulename: s207214119, funcname: <listcomp>
s207214119.py(17):         serach_Polys.append([list(map(int, input().split()))
s207214119.py(17):         serach_Polys.append([list(map(int, input().split()))
s207214119.py(17):         serach_Polys.append([list(map(int, input().split()))
s207214119.py(17):         serach_Polys.append([list(map(int, input().split()))
s207214119.py(17):         serach_Polys.append([list(map(int, input().split()))
s207214119.py(17):         serach_Polys.append([list(map(int, input().split()))
s207214119.py(17):         serach_Polys.append([list(map(int, input().split()))
s207214119.py(17):         serach_Polys.append([list(map(int, input().split()))
s207214119.py(17):         serach_Polys.append([list(map(int, input().split()))
s207214119.py(17):         serach_Polys.append([list(map(int, input().split()))
s207214119.py(17):         serach_Polys.append([list(map(int, input().split()))
s207214119.py(15):     for _ in range(N):
s207214119.py(20):     ans = []
s207214119.py(21):     for i, poly in enumerate(serach_Polys):
s207214119.py(22):         if is_same(true_Poly, poly):
 --- modulename: s207214119, funcname: is_same
s207214119.py(30):     if len(poly1) != len(poly2):
s207214119.py(33):     poly_1_turn = calc_turn(poly1)
 --- modulename: s207214119, funcname: calc_turn
s207214119.py(85):     return [turn(p1, p2, p3) for p1, p2, p3 in zip(poly, poly[1:], poly[2:])]
 --- modulename: s207214119, funcname: <listcomp>
s207214119.py(85):     return [turn(p1, p2, p3) for p1, p2, p3 in zip(poly, poly[1:], poly[2:])]
 --- modulename: s207214119, funcname: turn
s207214119.py(60):     if p1[0] == p2[0]:
s207214119.py(61):         if p1[1] < p2[1]:
s207214119.py(67):             if p3[0] > p2[0]:
s207214119.py(68):                 return 0
s207214119.py(85):     return [turn(p1, p2, p3) for p1, p2, p3 in zip(poly, poly[1:], poly[2:])]
 --- modulename: s207214119, funcname: turn
s207214119.py(60):     if p1[0] == p2[0]:
s207214119.py(72):         if p1[0] < p2[0]:
s207214119.py(73):             if p3[1] > p2[1]:
s207214119.py(74):                 return 0
s207214119.py(85):     return [turn(p1, p2, p3) for p1, p2, p3 in zip(poly, poly[1:], poly[2:])]
 --- modulename: s207214119, funcname: turn
s207214119.py(60):     if p1[0] == p2[0]:
s207214119.py(61):         if p1[1] < p2[1]:
s207214119.py(62):             if p3[0] > p2[0]:
s207214119.py(63):                 return 1
s207214119.py(85):     return [turn(p1, p2, p3) for p1, p2, p3 in zip(poly, poly[1:], poly[2:])]
s207214119.py(34):     poly_1_len = calc_dist(poly1)
 --- modulename: s207214119, funcname: calc_dist
s207214119.py(53):     return [dist(p1, p2) for p1, p2 in zip(poly, poly[1:])]
 --- modulename: s207214119, funcname: <listcomp>
s207214119.py(53):     return [dist(p1, p2) for p1, p2 in zip(poly, poly[1:])]
 --- modulename: s207214119, funcname: dist
s207214119.py(49):     return sum([abs(x1-x2) for x1, x2 in zip(p1, p2)])
 --- modulename: s207214119, funcname: <listcomp>
s207214119.py(49):     return sum([abs(x1-x2) for x1, x2 in zip(p1, p2)])
s207214119.py(49):     return sum([abs(x1-x2) for x1, x2 in zip(p1, p2)])
s207214119.py(49):     return sum([abs(x1-x2) for x1, x2 in zip(p1, p2)])
s207214119.py(53):     return [dist(p1, p2) for p1, p2 in zip(poly, poly[1:])]
 --- modulename: s207214119, funcname: dist
s207214119.py(49):     return sum([abs(x1-x2) for x1, x2 in zip(p1, p2)])
 --- modulename: s207214119, funcname: <listcomp>
s207214119.py(49):     return sum([abs(x1-x2) for x1, x2 in zip(p1, p2)])
s207214119.py(49):     return sum([abs(x1-x2) for x1, x2 in zip(p1, p2)])
s207214119.py(49):     return sum([abs(x1-x2) for x1, x2 in zip(p1, p2)])
s207214119.py(53):     return [dist(p1, p2) for p1, p2 in zip(poly, poly[1:])]
 --- modulename: s207214119, funcname: dist
s207214119.py(49):     return sum([abs(x1-x2) for x1, x2 in zip(p1, p2)])
 --- modulename: s207214119, funcname: <listcomp>
s207214119.py(49):     return sum([abs(x1-x2) for x1, x2 in zip(p1, p2)])
s207214119.py(49):     return sum([abs(x1-x2) for x1, x2 in zip(p1, p2)])
s207214119.py(49):     return sum([abs(x1-x2) for x1, x2 in zip(p1, p2)])
s207214119.py(53):     return [dist(p1, p2) for p1, p2 in zip(poly, poly[1:])]
 --- modulename: s207214119, funcname: dist
s207214119.py(49):     return sum([abs(x1-x2) for x1, x2 in zip(p1, p2)])
 --- modulename: s207214119, funcname: <listcomp>
s207214119.py(49):     return sum([abs(x1-x2) for x1, x2 in zip(p1, p2)])
s207214119.py(49):     return sum([abs(x1-x2) for x1, x2 in zip(p1, p2)])
s207214119.py(49):     return sum([abs(x1-x2) for x1, x2 in zip(p1, p2)])
s207214119.py(53):     return [dist(p1, p2) for p1, p2 in zip(poly, poly[1:])]
s207214119.py(36):     poly_2_turn = calc_turn(poly2)
 --- modulename: s207214119, funcname: calc_turn
s207214119.py(85):     return [turn(p1, p2, p3) for p1, p2, p3 in zip(poly, poly[1:], poly[2:])]
 --- modulename: s207214119, funcname: <listcomp>
s207214119.py(85):     return [turn(p1, p2, p3) for p1, p2, p3 in zip(poly, poly[1:], poly[2:])]
 --- modulename: s207214119, funcname: turn
s207214119.py(60):     if p1[0] == p2[0]:
s207214119.py(72):         if p1[0] < p2[0]:
s207214119.py(73):             if p3[1] > p2[1]:
s207214119.py(74):                 return 0
s207214119.py(85):     return [turn(p1, p2, p3) for p1, p2, p3 in zip(poly, poly[1:], poly[2:])]
 --- modulename: s207214119, funcname: turn
s207214119.py(60):     if p1[0] == p2[0]:
s207214119.py(61):         if p1[1] < p2[1]:
s207214119.py(62):             if p3[0] > p2[0]:
s207214119.py(65):                 return 0
s207214119.py(85):     return [turn(p1, p2, p3) for p1, p2, p3 in zip(poly, poly[1:], poly[2:])]
 --- modulename: s207214119, funcname: turn
s207214119.py(60):     if p1[0] == p2[0]:
s207214119.py(72):         if p1[0] < p2[0]:
s207214119.py(78):             if p3[1] > p2[1]:
s207214119.py(79):                 return 1
s207214119.py(85):     return [turn(p1, p2, p3) for p1, p2, p3 in zip(poly, poly[1:], poly[2:])]
s207214119.py(37):     poly_2_len = calc_dist(poly2)
 --- modulename: s207214119, funcname: calc_dist
s207214119.py(53):     return [dist(p1, p2) for p1, p2 in zip(poly, poly[1:])]
 --- modulename: s207214119, funcname: <listcomp>
s207214119.py(53):     return [dist(p1, p2) for p1, p2 in zip(poly, poly[1:])]
 --- modulename: s207214119, funcname: dist
s207214119.py(49):     return sum([abs(x1-x2) for x1, x2 in zip(p1, p2)])
 --- modulename: s207214119, funcname: <listcomp>
s207214119.py(49):     return sum([abs(x1-x2) for x1, x2 in zip(p1, p2)])
s207214119.py(49):     return sum([abs(x1-x2) for x1, x2 in zip(p1, p2)])
s207214119.py(49):     return sum([abs(x1-x2) for x1, x2 in zip(p1, p2)])
s207214119.py(53):     return [dist(p1, p2) for p1, p2 in zip(poly, poly[1:])]
 --- modulename: s207214119, funcname: dist
s207214119.py(49):     return sum([abs(x1-x2) for x1, x2 in zip(p1, p2)])
 --- modulename: s207214119, funcname: <listcomp>
s207214119.py(49):     return sum([abs(x1-x2) for x1, x2 in zip(p1, p2)])
s207214119.py(49):     return sum([abs(x1-x2) for x1, x2 in zip(p1, p2)])
s207214119.py(49):     return sum([abs(x1-x2) for x1, x2 in zip(p1, p2)])
s207214119.py(53):     return [dist(p1, p2) for p1, p2 in zip(poly, poly[1:])]
 --- modulename: s207214119, funcname: dist
s207214119.py(49):     return sum([abs(x1-x2) for x1, x2 in zip(p1, p2)])
 --- modulename: s207214119, funcname: <listcomp>
s207214119.py(49):     return sum([abs(x1-x2) for x1, x2 in zip(p1, p2)])
s207214119.py(49):     return sum([abs(x1-x2) for x1, x2 in zip(p1, p2)])
s207214119.py(49):     return sum([abs(x1-x2) for x1, x2 in zip(p1, p2)])
s207214119.py(53):     return [dist(p1, p2) for p1, p2 in zip(poly, poly[1:])]
 --- modulename: s207214119, funcname: dist
s207214119.py(49):     return sum([abs(x1-x2) for x1, x2 in zip(p1, p2)])
 --- modulename: s207214119, funcname: <listcomp>
s207214119.py(49):     return sum([abs(x1-x2) for x1, x2 in zip(p1, p2)])
s207214119.py(49):     return sum([abs(x1-x2) for x1, x2 in zip(p1, p2)])
s207214119.py(49):     return sum([abs(x1-x2) for x1, x2 in zip(p1, p2)])
s207214119.py(53):     return [dist(p1, p2) for p1, p2 in zip(poly, poly[1:])]
s207214119.py(38):     if all(a == b for a, b in zip(poly_2_turn, poly_1_turn)) and all(a == b for a, b in zip(poly_2_len, poly_1_len)):
 --- modulename: s207214119, funcname: <genexpr>
s207214119.py(38):     if all(a == b for a, b in zip(poly_2_turn, poly_1_turn)) and all(a == b for a, b in zip(poly_2_len, poly_1_len)):
 --- modulename: s207214119, funcname: <genexpr>
s207214119.py(38):     if all(a == b for a, b in zip(poly_2_turn, poly_1_turn)) and all(a == b for a, b in zip(poly_2_len, poly_1_len)):
 --- modulename: s207214119, funcname: <genexpr>
s207214119.py(38):     if all(a == b for a, b in zip(poly_2_turn, poly_1_turn)) and all(a == b for a, b in zip(poly_2_len, poly_1_len)):
 --- modulename: s207214119, funcname: <genexpr>
s207214119.py(38):     if all(a == b for a, b in zip(poly_2_turn, poly_1_turn)) and all(a == b for a, b in zip(poly_2_len, poly_1_len)):
 --- modulename: s207214119, funcname: <genexpr>
s207214119.py(38):     if all(a == b for a, b in zip(poly_2_turn, poly_1_turn)) and all(a == b for a, b in zip(poly_2_len, poly_1_len)):
 --- modulename: s207214119, funcname: <genexpr>
s207214119.py(38):     if all(a == b for a, b in zip(poly_2_turn, poly_1_turn)) and all(a == b for a, b in zip(poly_2_len, poly_1_len)):
 --- modulename: s207214119, funcname: <genexpr>
s207214119.py(38):     if all(a == b for a, b in zip(poly_2_turn, poly_1_turn)) and all(a == b for a, b in zip(poly_2_len, poly_1_len)):
 --- modulename: s207214119, funcname: <genexpr>
s207214119.py(38):     if all(a == b for a, b in zip(poly_2_turn, poly_1_turn)) and all(a == b for a, b in zip(poly_2_len, poly_1_len)):
 --- modulename: s207214119, funcname: <genexpr>
s207214119.py(41):     poly_2_rev_turn = calc_turn(list(reversed(poly2)))
 --- modulename: s207214119, funcname: calc_turn
s207214119.py(85):     return [turn(p1, p2, p3) for p1, p2, p3 in zip(poly, poly[1:], poly[2:])]
 --- modulename: s207214119, funcname: <listcomp>
s207214119.py(85):     return [turn(p1, p2, p3) for p1, p2, p3 in zip(poly, poly[1:], poly[2:])]
 --- modulename: s207214119, funcname: turn
s207214119.py(60):     if p1[0] == p2[0]:
s207214119.py(61):         if p1[1] < p2[1]:
s207214119.py(67):             if p3[0] > p2[0]:
s207214119.py(68):                 return 0
s207214119.py(85):     return [turn(p1, p2, p3) for p1, p2, p3 in zip(poly, poly[1:], poly[2:])]
 --- modulename: s207214119, funcname: turn
s207214119.py(60):     if p1[0] == p2[0]:
s207214119.py(72):         if p1[0] < p2[0]:
s207214119.py(73):             if p3[1] > p2[1]:
s207214119.py(76):                 return 1
s207214119.py(85):     return [turn(p1, p2, p3) for p1, p2, p3 in zip(poly, poly[1:], poly[2:])]
 --- modulename: s207214119, funcname: turn
s207214119.py(60):     if p1[0] == p2[0]:
s207214119.py(61):         if p1[1] < p2[1]:
s207214119.py(67):             if p3[0] > p2[0]:
s207214119.py(70):                 return 1
s207214119.py(85):     return [turn(p1, p2, p3) for p1, p2, p3 in zip(poly, poly[1:], poly[2:])]
s207214119.py(42):     poly_2_rev_len = calc_dist(list(reversed(poly2)))
 --- modulename: s207214119, funcname: calc_dist
s207214119.py(53):     return [dist(p1, p2) for p1, p2 in zip(poly, poly[1:])]
 --- modulename: s207214119, funcname: <listcomp>
s207214119.py(53):     return [dist(p1, p2) for p1, p2 in zip(poly, poly[1:])]
 --- modulename: s207214119, funcname: dist
s207214119.py(49):     return sum([abs(x1-x2) for x1, x2 in zip(p1, p2)])
 --- modulename: s207214119, funcname: <listcomp>
s207214119.py(49):     return sum([abs(x1-x2) for x1, x2 in zip(p1, p2)])
s207214119.py(49):     return sum([abs(x1-x2) for x1, x2 in zip(p1, p2)])
s207214119.py(49):     return sum([abs(x1-x2) for x1, x2 in zip(p1, p2)])
s207214119.py(53):     return [dist(p1, p2) for p1, p2 in zip(poly, poly[1:])]
 --- modulename: s207214119, funcname: dist
s207214119.py(49):     return sum([abs(x1-x2) for x1, x2 in zip(p1, p2)])
 --- modulename: s207214119, funcname: <listcomp>
s207214119.py(49):     return sum([abs(x1-x2) for x1, x2 in zip(p1, p2)])
s207214119.py(49):     return sum([abs(x1-x2) for x1, x2 in zip(p1, p2)])
s207214119.py(49):     return sum([abs(x1-x2) for x1, x2 in zip(p1, p2)])
s207214119.py(53):     return [dist(p1, p2) for p1, p2 in zip(poly, poly[1:])]
 --- modulename: s207214119, funcname: dist
s207214119.py(49):     return sum([abs(x1-x2) for x1, x2 in zip(p1, p2)])
 --- modulename: s207214119, funcname: <listcomp>
s207214119.py(49):     return sum([abs(x1-x2) for x1, x2 in zip(p1, p2)])
s207214119.py(49):     return sum([abs(x1-x2) for x1, x2 in zip(p1, p2)])
s207214119.py(49):     return sum([abs(x1-x2) for x1, x2 in zip(p1, p2)])
s207214119.py(53):     return [dist(p1, p2) for p1, p2 in zip(poly, poly[1:])]
 --- modulename: s207214119, funcname: dist
s207214119.py(49):     return sum([abs(x1-x2) for x1, x2 in zip(p1, p2)])
 --- modulename: s207214119, funcname: <listcomp>
s207214119.py(49):     return sum([abs(x1-x2) for x1, x2 in zip(p1, p2)])
s207214119.py(49):     return sum([abs(x1-x2) for x1, x2 in zip(p1, p2)])
s207214119.py(49):     return sum([abs(x1-x2) for x1, x2 in zip(p1, p2)])
s207214119.py(53):     return [dist(p1, p2) for p1, p2 in zip(poly, poly[1:])]
s207214119.py(43):     if all(a == b for a, b in zip(poly_2_rev_turn, poly_1_turn)) and all(a == b for a, b in zip(poly_2_rev_len, poly_1_len)):
 --- modulename: s207214119, funcname: <genexpr>
s207214119.py(43):     if all(a == b for a, b in zip(poly_2_rev_turn, poly_1_turn)) and all(a == b for a, b in zip(poly_2_rev_len, poly_1_len)):
 --- modulename: s207214119, funcname: <genexpr>
s207214119.py(43):     if all(a == b for a, b in zip(poly_2_rev_turn, poly_1_turn)) and all(a == b for a, b in zip(poly_2_rev_len, poly_1_len)):
 --- modulename: s207214119, funcname: <genexpr>
s207214119.py(45):     return False
s207214119.py(21):     for i, poly in enumerate(serach_Polys):
s207214119.py(22):         if is_same(true_Poly, poly):
 --- modulename: s207214119, funcname: is_same
s207214119.py(30):     if len(poly1) != len(poly2):
s207214119.py(33):     poly_1_turn = calc_turn(poly1)
 --- modulename: s207214119, funcname: calc_turn
s207214119.py(85):     return [turn(p1, p2, p3) for p1, p2, p3 in zip(poly, poly[1:], poly[2:])]
 --- modulename: s207214119, funcname: <listcomp>
s207214119.py(85):     return [turn(p1, p2, p3) for p1, p2, p3 in zip(poly, poly[1:], poly[2:])]
 --- modulename: s207214119, funcname: turn
s207214119.py(60):     if p1[0] == p2[0]:
s207214119.py(61):         if p1[1] < p2[1]:
s207214119.py(67):             if p3[0] > p2[0]:
s207214119.py(68):                 return 0
s207214119.py(85):     return [turn(p1, p2, p3) for p1, p2, p3 in zip(poly, poly[1:], poly[2:])]
 --- modulename: s207214119, funcname: turn
s207214119.py(60):     if p1[0] == p2[0]:
s207214119.py(72):         if p1[0] < p2[0]:
s207214119.py(73):             if p3[1] > p2[1]:
s207214119.py(74):                 return 0
s207214119.py(85):     return [turn(p1, p2, p3) for p1, p2, p3 in zip(poly, poly[1:], poly[2:])]
 --- modulename: s207214119, funcname: turn
s207214119.py(60):     if p1[0] == p2[0]:
s207214119.py(61):         if p1[1] < p2[1]:
s207214119.py(62):             if p3[0] > p2[0]:
s207214119.py(63):                 return 1
s207214119.py(85):     return [turn(p1, p2, p3) for p1, p2, p3 in zip(poly, poly[1:], poly[2:])]
s207214119.py(34):     poly_1_len = calc_dist(poly1)
 --- modulename: s207214119, funcname: calc_dist
s207214119.py(53):     return [dist(p1, p2) for p1, p2 in zip(poly, poly[1:])]
 --- modulename: s207214119, funcname: <listcomp>
s207214119.py(53):     return [dist(p1, p2) for p1, p2 in zip(poly, poly[1:])]
 --- modulename: s207214119, funcname: dist
s207214119.py(49):     return sum([abs(x1-x2) for x1, x2 in zip(p1, p2)])
 --- modulename: s207214119, funcname: <listcomp>
s207214119.py(49):     return sum([abs(x1-x2) for x1, x2 in zip(p1, p2)])
s207214119.py(49):     return sum([abs(x1-x2) for x1, x2 in zip(p1, p2)])
s207214119.py(49):     return sum([abs(x1-x2) for x1, x2 in zip(p1, p2)])
s207214119.py(53):     return [dist(p1, p2) for p1, p2 in zip(poly, poly[1:])]
 --- modulename: s207214119, funcname: dist
s207214119.py(49):     return sum([abs(x1-x2) for x1, x2 in zip(p1, p2)])
 --- modulename: s207214119, funcname: <listcomp>
s207214119.py(49):     return sum([abs(x1-x2) for x1, x2 in zip(p1, p2)])
s207214119.py(49):     return sum([abs(x1-x2) for x1, x2 in zip(p1, p2)])
s207214119.py(49):     return sum([abs(x1-x2) for x1, x2 in zip(p1, p2)])
s207214119.py(53):     return [dist(p1, p2) for p1, p2 in zip(poly, poly[1:])]
 --- modulename: s207214119, funcname: dist
s207214119.py(49):     return sum([abs(x1-x2) for x1, x2 in zip(p1, p2)])
 --- modulename: s207214119, funcname: <listcomp>
s207214119.py(49):     return sum([abs(x1-x2) for x1, x2 in zip(p1, p2)])
s207214119.py(49):     return sum([abs(x1-x2) for x1, x2 in zip(p1, p2)])
s207214119.py(49):     return sum([abs(x1-x2) for x1, x2 in zip(p1, p2)])
s207214119.py(53):     return [dist(p1, p2) for p1, p2 in zip(poly, poly[1:])]
 --- modulename: s207214119, funcname: dist
s207214119.py(49):     return sum([abs(x1-x2) for x1, x2 in zip(p1, p2)])
 --- modulename: s207214119, funcname: <listcomp>
s207214119.py(49):     return sum([abs(x1-x2) for x1, x2 in zip(p1, p2)])
s207214119.py(49):     return sum([abs(x1-x2) for x1, x2 in zip(p1, p2)])
s207214119.py(49):     return sum([abs(x1-x2) for x1, x2 in zip(p1, p2)])
s207214119.py(53):     return [dist(p1, p2) for p1, p2 in zip(poly, poly[1:])]
s207214119.py(36):     poly_2_turn = calc_turn(poly2)
 --- modulename: s207214119, funcname: calc_turn
s207214119.py(85):     return [turn(p1, p2, p3) for p1, p2, p3 in zip(poly, poly[1:], poly[2:])]
 --- modulename: s207214119, funcname: <listcomp>
s207214119.py(85):     return [turn(p1, p2, p3) for p1, p2, p3 in zip(poly, poly[1:], poly[2:])]
 --- modulename: s207214119, funcname: turn
s207214119.py(60):     if p1[0] == p2[0]:
s207214119.py(61):         if p1[1] < p2[1]:
s207214119.py(67):             if p3[0] > p2[0]:
s207214119.py(68):                 return 0
s207214119.py(85):     return [turn(p1, p2, p3) for p1, p2, p3 in zip(poly, poly[1:], poly[2:])]
 --- modulename: s207214119, funcname: turn
s207214119.py(60):     if p1[0] == p2[0]:
s207214119.py(72):         if p1[0] < p2[0]:
s207214119.py(73):             if p3[1] > p2[1]:
s207214119.py(74):                 return 0
s207214119.py(85):     return [turn(p1, p2, p3) for p1, p2, p3 in zip(poly, poly[1:], poly[2:])]
 --- modulename: s207214119, funcname: turn
s207214119.py(60):     if p1[0] == p2[0]:
s207214119.py(61):         if p1[1] < p2[1]:
s207214119.py(62):             if p3[0] > p2[0]:
s207214119.py(63):                 return 1
s207214119.py(85):     return [turn(p1, p2, p3) for p1, p2, p3 in zip(poly, poly[1:], poly[2:])]
s207214119.py(37):     poly_2_len = calc_dist(poly2)
 --- modulename: s207214119, funcname: calc_dist
s207214119.py(53):     return [dist(p1, p2) for p1, p2 in zip(poly, poly[1:])]
 --- modulename: s207214119, funcname: <listcomp>
s207214119.py(53):     return [dist(p1, p2) for p1, p2 in zip(poly, poly[1:])]
 --- modulename: s207214119, funcname: dist
s207214119.py(49):     return sum([abs(x1-x2) for x1, x2 in zip(p1, p2)])
 --- modulename: s207214119, funcname: <listcomp>
s207214119.py(49):     return sum([abs(x1-x2) for x1, x2 in zip(p1, p2)])
s207214119.py(49):     return sum([abs(x1-x2) for x1, x2 in zip(p1, p2)])
s207214119.py(49):     return sum([abs(x1-x2) for x1, x2 in zip(p1, p2)])
s207214119.py(53):     return [dist(p1, p2) for p1, p2 in zip(poly, poly[1:])]
 --- modulename: s207214119, funcname: dist
s207214119.py(49):     return sum([abs(x1-x2) for x1, x2 in zip(p1, p2)])
 --- modulename: s207214119, funcname: <listcomp>
s207214119.py(49):     return sum([abs(x1-x2) for x1, x2 in zip(p1, p2)])
s207214119.py(49):     return sum([abs(x1-x2) for x1, x2 in zip(p1, p2)])
s207214119.py(49):     return sum([abs(x1-x2) for x1, x2 in zip(p1, p2)])
s207214119.py(53):     return [dist(p1, p2) for p1, p2 in zip(poly, poly[1:])]
 --- modulename: s207214119, funcname: dist
s207214119.py(49):     return sum([abs(x1-x2) for x1, x2 in zip(p1, p2)])
 --- modulename: s207214119, funcname: <listcomp>
s207214119.py(49):     return sum([abs(x1-x2) for x1, x2 in zip(p1, p2)])
s207214119.py(49):     return sum([abs(x1-x2) for x1, x2 in zip(p1, p2)])
s207214119.py(49):     return sum([abs(x1-x2) for x1, x2 in zip(p1, p2)])
s207214119.py(53):     return [dist(p1, p2) for p1, p2 in zip(poly, poly[1:])]
 --- modulename: s207214119, funcname: dist
s207214119.py(49):     return sum([abs(x1-x2) for x1, x2 in zip(p1, p2)])
 --- modulename: s207214119, funcname: <listcomp>
s207214119.py(49):     return sum([abs(x1-x2) for x1, x2 in zip(p1, p2)])
s207214119.py(49):     return sum([abs(x1-x2) for x1, x2 in zip(p1, p2)])
s207214119.py(49):     return sum([abs(x1-x2) for x1, x2 in zip(p1, p2)])
s207214119.py(53):     return [dist(p1, p2) for p1, p2 in zip(poly, poly[1:])]
s207214119.py(38):     if all(a == b for a, b in zip(poly_2_turn, poly_1_turn)) and all(a == b for a, b in zip(poly_2_len, poly_1_len)):
 --- modulename: s207214119, funcname: <genexpr>
s207214119.py(38):     if all(a == b for a, b in zip(poly_2_turn, poly_1_turn)) and all(a == b for a, b in zip(poly_2_len, poly_1_len)):
 --- modulename: s207214119, funcname: <genexpr>
s207214119.py(38):     if all(a == b for a, b in zip(poly_2_turn, poly_1_turn)) and all(a == b for a, b in zip(poly_2_len, poly_1_len)):
 --- modulename: s207214119, funcname: <genexpr>
s207214119.py(38):     if all(a == b for a, b in zip(poly_2_turn, poly_1_turn)) and all(a == b for a, b in zip(poly_2_len, poly_1_len)):
 --- modulename: s207214119, funcname: <genexpr>
s207214119.py(38):     if all(a == b for a, b in zip(poly_2_turn, poly_1_turn)) and all(a == b for a, b in zip(poly_2_len, poly_1_len)):
 --- modulename: s207214119, funcname: <genexpr>
s207214119.py(38):     if all(a == b for a, b in zip(poly_2_turn, poly_1_turn)) and all(a == b for a, b in zip(poly_2_len, poly_1_len)):
 --- modulename: s207214119, funcname: <genexpr>
s207214119.py(38):     if all(a == b for a, b in zip(poly_2_turn, poly_1_turn)) and all(a == b for a, b in zip(poly_2_len, poly_1_len)):
 --- modulename: s207214119, funcname: <genexpr>
s207214119.py(38):     if all(a == b for a, b in zip(poly_2_turn, poly_1_turn)) and all(a == b for a, b in zip(poly_2_len, poly_1_len)):
 --- modulename: s207214119, funcname: <genexpr>
s207214119.py(38):     if all(a == b for a, b in zip(poly_2_turn, poly_1_turn)) and all(a == b for a, b in zip(poly_2_len, poly_1_len)):
 --- modulename: s207214119, funcname: <genexpr>
s207214119.py(41):     poly_2_rev_turn = calc_turn(list(reversed(poly2)))
 --- modulename: s207214119, funcname: calc_turn
s207214119.py(85):     return [turn(p1, p2, p3) for p1, p2, p3 in zip(poly, poly[1:], poly[2:])]
 --- modulename: s207214119, funcname: <listcomp>
s207214119.py(85):     return [turn(p1, p2, p3) for p1, p2, p3 in zip(poly, poly[1:], poly[2:])]
 --- modulename: s207214119, funcname: turn
s207214119.py(60):     if p1[0] == p2[0]:
s207214119.py(72):         if p1[0] < p2[0]:
s207214119.py(78):             if p3[1] > p2[1]:
s207214119.py(81):                 return 0
s207214119.py(85):     return [turn(p1, p2, p3) for p1, p2, p3 in zip(poly, poly[1:], poly[2:])]
 --- modulename: s207214119, funcname: turn
s207214119.py(60):     if p1[0] == p2[0]:
s207214119.py(61):         if p1[1] < p2[1]:
s207214119.py(67):             if p3[0] > p2[0]:
s207214119.py(70):                 return 1
s207214119.py(85):     return [turn(p1, p2, p3) for p1, p2, p3 in zip(poly, poly[1:], poly[2:])]
 --- modulename: s207214119, funcname: turn
s207214119.py(60):     if p1[0] == p2[0]:
s207214119.py(72):         if p1[0] < p2[0]:
s207214119.py(78):             if p3[1] > p2[1]:
s207214119.py(79):                 return 1
s207214119.py(85):     return [turn(p1, p2, p3) for p1, p2, p3 in zip(poly, poly[1:], poly[2:])]
s207214119.py(42):     poly_2_rev_len = calc_dist(list(reversed(poly2)))
 --- modulename: s207214119, funcname: calc_dist
s207214119.py(53):     return [dist(p1, p2) for p1, p2 in zip(poly, poly[1:])]
 --- modulename: s207214119, funcname: <listcomp>
s207214119.py(53):     return [dist(p1, p2) for p1, p2 in zip(poly, poly[1:])]
 --- modulename: s207214119, funcname: dist
s207214119.py(49):     return sum([abs(x1-x2) for x1, x2 in zip(p1, p2)])
 --- modulename: s207214119, funcname: <listcomp>
s207214119.py(49):     return sum([abs(x1-x2) for x1, x2 in zip(p1, p2)])
s207214119.py(49):     return sum([abs(x1-x2) for x1, x2 in zip(p1, p2)])
s207214119.py(49):     return sum([abs(x1-x2) for x1, x2 in zip(p1, p2)])
s207214119.py(53):     return [dist(p1, p2) for p1, p2 in zip(poly, poly[1:])]
 --- modulename: s207214119, funcname: dist
s207214119.py(49):     return sum([abs(x1-x2) for x1, x2 in zip(p1, p2)])
 --- modulename: s207214119, funcname: <listcomp>
s207214119.py(49):     return sum([abs(x1-x2) for x1, x2 in zip(p1, p2)])
s207214119.py(49):     return sum([abs(x1-x2) for x1, x2 in zip(p1, p2)])
s207214119.py(49):     return sum([abs(x1-x2) for x1, x2 in zip(p1, p2)])
s207214119.py(53):     return [dist(p1, p2) for p1, p2 in zip(poly, poly[1:])]
 --- modulename: s207214119, funcname: dist
s207214119.py(49):     return sum([abs(x1-x2) for x1, x2 in zip(p1, p2)])
 --- modulename: s207214119, funcname: <listcomp>
s207214119.py(49):     return sum([abs(x1-x2) for x1, x2 in zip(p1, p2)])
s207214119.py(49):     return sum([abs(x1-x2) for x1, x2 in zip(p1, p2)])
s207214119.py(49):     return sum([abs(x1-x2) for x1, x2 in zip(p1, p2)])
s207214119.py(53):     return [dist(p1, p2) for p1, p2 in zip(poly, poly[1:])]
 --- modulename: s207214119, funcname: dist
s207214119.py(49):     return sum([abs(x1-x2) for x1, x2 in zip(p1, p2)])
 --- modulename: s207214119, funcname: <listcomp>
s207214119.py(49):     return sum([abs(x1-x2) for x1, x2 in zip(p1, p2)])
s207214119.py(49):     return sum([abs(x1-x2) for x1, x2 in zip(p1, p2)])
s207214119.py(49):     return sum([abs(x1-x2) for x1, x2 in zip(p1, p2)])
s207214119.py(53):     return [dist(p1, p2) for p1, p2 in zip(poly, poly[1:])]
s207214119.py(43):     if all(a == b for a, b in zip(poly_2_rev_turn, poly_1_turn)) and all(a == b for a, b in zip(poly_2_rev_len, poly_1_len)):
 --- modulename: s207214119, funcname: <genexpr>
s207214119.py(43):     if all(a == b for a, b in zip(poly_2_rev_turn, poly_1_turn)) and all(a == b for a, b in zip(poly_2_rev_len, poly_1_len)):
 --- modulename: s207214119, funcname: <genexpr>
s207214119.py(43):     if all(a == b for a, b in zip(poly_2_rev_turn, poly_1_turn)) and all(a == b for a, b in zip(poly_2_rev_len, poly_1_len)):
 --- modulename: s207214119, funcname: <genexpr>
s207214119.py(45):     return False
s207214119.py(21):     for i, poly in enumerate(serach_Polys):
s207214119.py(22):         if is_same(true_Poly, poly):
 --- modulename: s207214119, funcname: is_same
s207214119.py(30):     if len(poly1) != len(poly2):
s207214119.py(33):     poly_1_turn = calc_turn(poly1)
 --- modulename: s207214119, funcname: calc_turn
s207214119.py(85):     return [turn(p1, p2, p3) for p1, p2, p3 in zip(poly, poly[1:], poly[2:])]
 --- modulename: s207214119, funcname: <listcomp>
s207214119.py(85):     return [turn(p1, p2, p3) for p1, p2, p3 in zip(poly, poly[1:], poly[2:])]
 --- modulename: s207214119, funcname: turn
s207214119.py(60):     if p1[0] == p2[0]:
s207214119.py(61):         if p1[1] < p2[1]:
s207214119.py(67):             if p3[0] > p2[0]:
s207214119.py(68):                 return 0
s207214119.py(85):     return [turn(p1, p2, p3) for p1, p2, p3 in zip(poly, poly[1:], poly[2:])]
 --- modulename: s207214119, funcname: turn
s207214119.py(60):     if p1[0] == p2[0]:
s207214119.py(72):         if p1[0] < p2[0]:
s207214119.py(73):             if p3[1] > p2[1]:
s207214119.py(74):                 return 0
s207214119.py(85):     return [turn(p1, p2, p3) for p1, p2, p3 in zip(poly, poly[1:], poly[2:])]
 --- modulename: s207214119, funcname: turn
s207214119.py(60):     if p1[0] == p2[0]:
s207214119.py(61):         if p1[1] < p2[1]:
s207214119.py(62):             if p3[0] > p2[0]:
s207214119.py(63):                 return 1
s207214119.py(85):     return [turn(p1, p2, p3) for p1, p2, p3 in zip(poly, poly[1:], poly[2:])]
s207214119.py(34):     poly_1_len = calc_dist(poly1)
 --- modulename: s207214119, funcname: calc_dist
s207214119.py(53):     return [dist(p1, p2) for p1, p2 in zip(poly, poly[1:])]
 --- modulename: s207214119, funcname: <listcomp>
s207214119.py(53):     return [dist(p1, p2) for p1, p2 in zip(poly, poly[1:])]
 --- modulename: s207214119, funcname: dist
s207214119.py(49):     return sum([abs(x1-x2) for x1, x2 in zip(p1, p2)])
 --- modulename: s207214119, funcname: <listcomp>
s207214119.py(49):     return sum([abs(x1-x2) for x1, x2 in zip(p1, p2)])
s207214119.py(49):     return sum([abs(x1-x2) for x1, x2 in zip(p1, p2)])
s207214119.py(49):     return sum([abs(x1-x2) for x1, x2 in zip(p1, p2)])
s207214119.py(53):     return [dist(p1, p2) for p1, p2 in zip(poly, poly[1:])]
 --- modulename: s207214119, funcname: dist
s207214119.py(49):     return sum([abs(x1-x2) for x1, x2 in zip(p1, p2)])
 --- modulename: s207214119, funcname: <listcomp>
s207214119.py(49):     return sum([abs(x1-x2) for x1, x2 in zip(p1, p2)])
s207214119.py(49):     return sum([abs(x1-x2) for x1, x2 in zip(p1, p2)])
s207214119.py(49):     return sum([abs(x1-x2) for x1, x2 in zip(p1, p2)])
s207214119.py(53):     return [dist(p1, p2) for p1, p2 in zip(poly, poly[1:])]
 --- modulename: s207214119, funcname: dist
s207214119.py(49):     return sum([abs(x1-x2) for x1, x2 in zip(p1, p2)])
 --- modulename: s207214119, funcname: <listcomp>
s207214119.py(49):     return sum([abs(x1-x2) for x1, x2 in zip(p1, p2)])
s207214119.py(49):     return sum([abs(x1-x2) for x1, x2 in zip(p1, p2)])
s207214119.py(49):     return sum([abs(x1-x2) for x1, x2 in zip(p1, p2)])
s207214119.py(53):     return [dist(p1, p2) for p1, p2 in zip(poly, poly[1:])]
 --- modulename: s207214119, funcname: dist
s207214119.py(49):     return sum([abs(x1-x2) for x1, x2 in zip(p1, p2)])
 --- modulename: s207214119, funcname: <listcomp>
s207214119.py(49):     return sum([abs(x1-x2) for x1, x2 in zip(p1, p2)])
s207214119.py(49):     return sum([abs(x1-x2) for x1, x2 in zip(p1, p2)])
s207214119.py(49):     return sum([abs(x1-x2) for x1, x2 in zip(p1, p2)])
s207214119.py(53):     return [dist(p1, p2) for p1, p2 in zip(poly, poly[1:])]
s207214119.py(36):     poly_2_turn = calc_turn(poly2)
 --- modulename: s207214119, funcname: calc_turn
s207214119.py(85):     return [turn(p1, p2, p3) for p1, p2, p3 in zip(poly, poly[1:], poly[2:])]
 --- modulename: s207214119, funcname: <listcomp>
s207214119.py(85):     return [turn(p1, p2, p3) for p1, p2, p3 in zip(poly, poly[1:], poly[2:])]
 --- modulename: s207214119, funcname: turn
s207214119.py(60):     if p1[0] == p2[0]:
s207214119.py(61):         if p1[1] < p2[1]:
s207214119.py(67):             if p3[0] > p2[0]:
s207214119.py(68):                 return 0
s207214119.py(85):     return [turn(p1, p2, p3) for p1, p2, p3 in zip(poly, poly[1:], poly[2:])]
 --- modulename: s207214119, funcname: turn
s207214119.py(60):     if p1[0] == p2[0]:
s207214119.py(72):         if p1[0] < p2[0]:
s207214119.py(73):             if p3[1] > p2[1]:
s207214119.py(74):                 return 0
s207214119.py(85):     return [turn(p1, p2, p3) for p1, p2, p3 in zip(poly, poly[1:], poly[2:])]
 --- modulename: s207214119, funcname: turn
s207214119.py(60):     if p1[0] == p2[0]:
s207214119.py(61):         if p1[1] < p2[1]:
s207214119.py(62):             if p3[0] > p2[0]:
s207214119.py(63):                 return 1
s207214119.py(85):     return [turn(p1, p2, p3) for p1, p2, p3 in zip(poly, poly[1:], poly[2:])]
s207214119.py(37):     poly_2_len = calc_dist(poly2)
 --- modulename: s207214119, funcname: calc_dist
s207214119.py(53):     return [dist(p1, p2) for p1, p2 in zip(poly, poly[1:])]
 --- modulename: s207214119, funcname: <listcomp>
s207214119.py(53):     return [dist(p1, p2) for p1, p2 in zip(poly, poly[1:])]
 --- modulename: s207214119, funcname: dist
s207214119.py(49):     return sum([abs(x1-x2) for x1, x2 in zip(p1, p2)])
 --- modulename: s207214119, funcname: <listcomp>
s207214119.py(49):     return sum([abs(x1-x2) for x1, x2 in zip(p1, p2)])
s207214119.py(49):     return sum([abs(x1-x2) for x1, x2 in zip(p1, p2)])
s207214119.py(49):     return sum([abs(x1-x2) for x1, x2 in zip(p1, p2)])
s207214119.py(53):     return [dist(p1, p2) for p1, p2 in zip(poly, poly[1:])]
 --- modulename: s207214119, funcname: dist
s207214119.py(49):     return sum([abs(x1-x2) for x1, x2 in zip(p1, p2)])
 --- modulename: s207214119, funcname: <listcomp>
s207214119.py(49):     return sum([abs(x1-x2) for x1, x2 in zip(p1, p2)])
s207214119.py(49):     return sum([abs(x1-x2) for x1, x2 in zip(p1, p2)])
s207214119.py(49):     return sum([abs(x1-x2) for x1, x2 in zip(p1, p2)])
s207214119.py(53):     return [dist(p1, p2) for p1, p2 in zip(poly, poly[1:])]
 --- modulename: s207214119, funcname: dist
s207214119.py(49):     return sum([abs(x1-x2) for x1, x2 in zip(p1, p2)])
 --- modulename: s207214119, funcname: <listcomp>
s207214119.py(49):     return sum([abs(x1-x2) for x1, x2 in zip(p1, p2)])
s207214119.py(49):     return sum([abs(x1-x2) for x1, x2 in zip(p1, p2)])
s207214119.py(49):     return sum([abs(x1-x2) for x1, x2 in zip(p1, p2)])
s207214119.py(53):     return [dist(p1, p2) for p1, p2 in zip(poly, poly[1:])]
 --- modulename: s207214119, funcname: dist
s207214119.py(49):     return sum([abs(x1-x2) for x1, x2 in zip(p1, p2)])
 --- modulename: s207214119, funcname: <listcomp>
s207214119.py(49):     return sum([abs(x1-x2) for x1, x2 in zip(p1, p2)])
s207214119.py(49):     return sum([abs(x1-x2) for x1, x2 in zip(p1, p2)])
s207214119.py(49):     return sum([abs(x1-x2) for x1, x2 in zip(p1, p2)])
s207214119.py(53):     return [dist(p1, p2) for p1, p2 in zip(poly, poly[1:])]
s207214119.py(38):     if all(a == b for a, b in zip(poly_2_turn, poly_1_turn)) and all(a == b for a, b in zip(poly_2_len, poly_1_len)):
 --- modulename: s207214119, funcname: <genexpr>
s207214119.py(38):     if all(a == b for a, b in zip(poly_2_turn, poly_1_turn)) and all(a == b for a, b in zip(poly_2_len, poly_1_len)):
 --- modulename: s207214119, funcname: <genexpr>
s207214119.py(38):     if all(a == b for a, b in zip(poly_2_turn, poly_1_turn)) and all(a == b for a, b in zip(poly_2_len, poly_1_len)):
 --- modulename: s207214119, funcname: <genexpr>
s207214119.py(38):     if all(a == b for a, b in zip(poly_2_turn, poly_1_turn)) and all(a == b for a, b in zip(poly_2_len, poly_1_len)):
 --- modulename: s207214119, funcname: <genexpr>
s207214119.py(38):     if all(a == b for a, b in zip(poly_2_turn, poly_1_turn)) and all(a == b for a, b in zip(poly_2_len, poly_1_len)):
 --- modulename: s207214119, funcname: <genexpr>
s207214119.py(38):     if all(a == b for a, b in zip(poly_2_turn, poly_1_turn)) and all(a == b for a, b in zip(poly_2_len, poly_1_len)):
 --- modulename: s207214119, funcname: <genexpr>
s207214119.py(38):     if all(a == b for a, b in zip(poly_2_turn, poly_1_turn)) and all(a == b for a, b in zip(poly_2_len, poly_1_len)):
 --- modulename: s207214119, funcname: <genexpr>
s207214119.py(38):     if all(a == b for a, b in zip(poly_2_turn, poly_1_turn)) and all(a == b for a, b in zip(poly_2_len, poly_1_len)):
 --- modulename: s207214119, funcname: <genexpr>
s207214119.py(38):     if all(a == b for a, b in zip(poly_2_turn, poly_1_turn)) and all(a == b for a, b in zip(poly_2_len, poly_1_len)):
 --- modulename: s207214119, funcname: <genexpr>
s207214119.py(41):     poly_2_rev_turn = calc_turn(list(reversed(poly2)))
 --- modulename: s207214119, funcname: calc_turn
s207214119.py(85):     return [turn(p1, p2, p3) for p1, p2, p3 in zip(poly, poly[1:], poly[2:])]
 --- modulename: s207214119, funcname: <listcomp>
s207214119.py(85):     return [turn(p1, p2, p3) for p1, p2, p3 in zip(poly, poly[1:], poly[2:])]
 --- modulename: s207214119, funcname: turn
s207214119.py(60):     if p1[0] == p2[0]:
s207214119.py(72):         if p1[0] < p2[0]:
s207214119.py(78):             if p3[1] > p2[1]:
s207214119.py(81):                 return 0
s207214119.py(85):     return [turn(p1, p2, p3) for p1, p2, p3 in zip(poly, poly[1:], poly[2:])]
 --- modulename: s207214119, funcname: turn
s207214119.py(60):     if p1[0] == p2[0]:
s207214119.py(61):         if p1[1] < p2[1]:
s207214119.py(67):             if p3[0] > p2[0]:
s207214119.py(70):                 return 1
s207214119.py(85):     return [turn(p1, p2, p3) for p1, p2, p3 in zip(poly, poly[1:], poly[2:])]
 --- modulename: s207214119, funcname: turn
s207214119.py(60):     if p1[0] == p2[0]:
s207214119.py(72):         if p1[0] < p2[0]:
s207214119.py(78):             if p3[1] > p2[1]:
s207214119.py(79):                 return 1
s207214119.py(85):     return [turn(p1, p2, p3) for p1, p2, p3 in zip(poly, poly[1:], poly[2:])]
s207214119.py(42):     poly_2_rev_len = calc_dist(list(reversed(poly2)))
 --- modulename: s207214119, funcname: calc_dist
s207214119.py(53):     return [dist(p1, p2) for p1, p2 in zip(poly, poly[1:])]
 --- modulename: s207214119, funcname: <listcomp>
s207214119.py(53):     return [dist(p1, p2) for p1, p2 in zip(poly, poly[1:])]
 --- modulename: s207214119, funcname: dist
s207214119.py(49):     return sum([abs(x1-x2) for x1, x2 in zip(p1, p2)])
 --- modulename: s207214119, funcname: <listcomp>
s207214119.py(49):     return sum([abs(x1-x2) for x1, x2 in zip(p1, p2)])
s207214119.py(49):     return sum([abs(x1-x2) for x1, x2 in zip(p1, p2)])
s207214119.py(49):     return sum([abs(x1-x2) for x1, x2 in zip(p1, p2)])
s207214119.py(53):     return [dist(p1, p2) for p1, p2 in zip(poly, poly[1:])]
 --- modulename: s207214119, funcname: dist
s207214119.py(49):     return sum([abs(x1-x2) for x1, x2 in zip(p1, p2)])
 --- modulename: s207214119, funcname: <listcomp>
s207214119.py(49):     return sum([abs(x1-x2) for x1, x2 in zip(p1, p2)])
s207214119.py(49):     return sum([abs(x1-x2) for x1, x2 in zip(p1, p2)])
s207214119.py(49):     return sum([abs(x1-x2) for x1, x2 in zip(p1, p2)])
s207214119.py(53):     return [dist(p1, p2) for p1, p2 in zip(poly, poly[1:])]
 --- modulename: s207214119, funcname: dist
s207214119.py(49):     return sum([abs(x1-x2) for x1, x2 in zip(p1, p2)])
 --- modulename: s207214119, funcname: <listcomp>
s207214119.py(49):     return sum([abs(x1-x2) for x1, x2 in zip(p1, p2)])
s207214119.py(49):     return sum([abs(x1-x2) for x1, x2 in zip(p1, p2)])
s207214119.py(49):     return sum([abs(x1-x2) for x1, x2 in zip(p1, p2)])
s207214119.py(53):     return [dist(p1, p2) for p1, p2 in zip(poly, poly[1:])]
 --- modulename: s207214119, funcname: dist
s207214119.py(49):     return sum([abs(x1-x2) for x1, x2 in zip(p1, p2)])
 --- modulename: s207214119, funcname: <listcomp>
s207214119.py(49):     return sum([abs(x1-x2) for x1, x2 in zip(p1, p2)])
s207214119.py(49):     return sum([abs(x1-x2) for x1, x2 in zip(p1, p2)])
s207214119.py(49):     return sum([abs(x1-x2) for x1, x2 in zip(p1, p2)])
s207214119.py(53):     return [dist(p1, p2) for p1, p2 in zip(poly, poly[1:])]
s207214119.py(43):     if all(a == b for a, b in zip(poly_2_rev_turn, poly_1_turn)) and all(a == b for a, b in zip(poly_2_rev_len, poly_1_len)):
 --- modulename: s207214119, funcname: <genexpr>
s207214119.py(43):     if all(a == b for a, b in zip(poly_2_rev_turn, poly_1_turn)) and all(a == b for a, b in zip(poly_2_rev_len, poly_1_len)):
 --- modulename: s207214119, funcname: <genexpr>
s207214119.py(43):     if all(a == b for a, b in zip(poly_2_rev_turn, poly_1_turn)) and all(a == b for a, b in zip(poly_2_rev_len, poly_1_len)):
 --- modulename: s207214119, funcname: <genexpr>
s207214119.py(45):     return False
s207214119.py(21):     for i, poly in enumerate(serach_Polys):
s207214119.py(24):     if ans:
s207214119.py(26):     print("+"*5)
+++++
s207214119.py(89):     solve()
 --- modulename: s207214119, funcname: solve
s207214119.py(8):     N = int(input())
s207214119.py(9):     if N == 0:
s207214119.py(10):         exit()
 --- modulename: _sitebuiltins, funcname: __call__
_sitebuiltins.py(22):         try:
_sitebuiltins.py(23):             sys.stdin.close()
_sitebuiltins.py(26):         raise SystemExit(code)
