 --- modulename: s183797955, funcname: <module>
s183797955.py(3): import sys
s183797955.py(5): def input(): return sys.stdin.readline().strip()
s183797955.py(6): def list2d(a, b, c): return [[c] * b for i in range(a)]
s183797955.py(7): def list3d(a, b, c, d): return [[[d] * c for j in range(b)] for i in range(a)]
s183797955.py(8): def list4d(a, b, c, d, e): return [[[[e] * d for j in range(c)] for j in range(b)] for i in range(a)]
s183797955.py(9): def ceil(x, y=1): return int(-(-x // y))
s183797955.py(10): def INT(): return int(input())
s183797955.py(11): def MAP(): return map(int, input().split())
s183797955.py(12): def LIST(N=None): return list(MAP()) if N is None else [INT() for i in range(N)]
s183797955.py(13): def Yes(): print('Yes')
s183797955.py(14): def No(): print('No')
s183797955.py(15): def YES(): print('YES')
s183797955.py(16): def NO(): print('NO')
s183797955.py(17): sys.setrecursionlimit(10 ** 9)
s183797955.py(18): INF = 10 ** 18
s183797955.py(19): MOD = 10 ** 9 + 7
s183797955.py(21): def build_grid(H, W, intv, _type, space=True, padding=False):
s183797955.py(40): def bfs(grid, src):
s183797955.py(62): H, W = MAP()
 --- modulename: s183797955, funcname: MAP
s183797955.py(11): def MAP(): return map(int, input().split())
 --- modulename: s183797955, funcname: input
s183797955.py(5): def input(): return sys.stdin.readline().strip()
 --- modulename: codecs, funcname: getstate
codecs.py(333):         return (self.buffer, 0)
 --- modulename: codecs, funcname: decode
codecs.py(321):         data = self.buffer + input
codecs.py(322):         (result, consumed) = self._buffer_decode(data, self.errors, final)
codecs.py(324):         self.buffer = data[consumed:]
codecs.py(325):         return result
s183797955.py(63): grid = build_grid(H, W, '#', str, space=0, padding=1)
 --- modulename: s183797955, funcname: build_grid
s183797955.py(23):     if space:
s183797955.py(26):         _input = lambda: input()
s183797955.py(27):     _list = lambda: list(map(_type, _input()))
s183797955.py(29):     if padding:
s183797955.py(30):         offset = 1
s183797955.py(33):     grid = list2d(H+offset*2, W+offset*2, intv)
 --- modulename: s183797955, funcname: list2d
s183797955.py(6): def list2d(a, b, c): return [[c] * b for i in range(a)]
 --- modulename: s183797955, funcname: <listcomp>
s183797955.py(6): def list2d(a, b, c): return [[c] * b for i in range(a)]
s183797955.py(6): def list2d(a, b, c): return [[c] * b for i in range(a)]
s183797955.py(6): def list2d(a, b, c): return [[c] * b for i in range(a)]
s183797955.py(6): def list2d(a, b, c): return [[c] * b for i in range(a)]
s183797955.py(6): def list2d(a, b, c): return [[c] * b for i in range(a)]
s183797955.py(6): def list2d(a, b, c): return [[c] * b for i in range(a)]
s183797955.py(34):     for i in range(offset, H+offset):
s183797955.py(35):         row = _list()
 --- modulename: s183797955, funcname: <lambda>
s183797955.py(27):     _list = lambda: list(map(_type, _input()))
 --- modulename: s183797955, funcname: <lambda>
s183797955.py(26):         _input = lambda: input()
 --- modulename: s183797955, funcname: input
s183797955.py(5): def input(): return sys.stdin.readline().strip()
s183797955.py(36):         for j in range(offset, W+offset):
s183797955.py(37):             grid[i][j] = row[j-offset]
s183797955.py(36):         for j in range(offset, W+offset):
s183797955.py(37):             grid[i][j] = row[j-offset]
s183797955.py(36):         for j in range(offset, W+offset):
s183797955.py(37):             grid[i][j] = row[j-offset]
s183797955.py(36):         for j in range(offset, W+offset):
s183797955.py(34):     for i in range(offset, H+offset):
s183797955.py(35):         row = _list()
 --- modulename: s183797955, funcname: <lambda>
s183797955.py(27):     _list = lambda: list(map(_type, _input()))
 --- modulename: s183797955, funcname: <lambda>
s183797955.py(26):         _input = lambda: input()
 --- modulename: s183797955, funcname: input
s183797955.py(5): def input(): return sys.stdin.readline().strip()
s183797955.py(36):         for j in range(offset, W+offset):
s183797955.py(37):             grid[i][j] = row[j-offset]
s183797955.py(36):         for j in range(offset, W+offset):
s183797955.py(37):             grid[i][j] = row[j-offset]
s183797955.py(36):         for j in range(offset, W+offset):
s183797955.py(37):             grid[i][j] = row[j-offset]
s183797955.py(36):         for j in range(offset, W+offset):
s183797955.py(34):     for i in range(offset, H+offset):
s183797955.py(35):         row = _list()
 --- modulename: s183797955, funcname: <lambda>
s183797955.py(27):     _list = lambda: list(map(_type, _input()))
 --- modulename: s183797955, funcname: <lambda>
s183797955.py(26):         _input = lambda: input()
 --- modulename: s183797955, funcname: input
s183797955.py(5): def input(): return sys.stdin.readline().strip()
s183797955.py(36):         for j in range(offset, W+offset):
s183797955.py(37):             grid[i][j] = row[j-offset]
s183797955.py(36):         for j in range(offset, W+offset):
s183797955.py(37):             grid[i][j] = row[j-offset]
s183797955.py(36):         for j in range(offset, W+offset):
s183797955.py(37):             grid[i][j] = row[j-offset]
s183797955.py(36):         for j in range(offset, W+offset):
s183797955.py(34):     for i in range(offset, H+offset):
s183797955.py(38):     return grid
s183797955.py(65): ans = 0
s183797955.py(66): for i in range(1, H+1):
s183797955.py(67):     for j in range(1, W+1):
s183797955.py(68):         if grid[i][j] != '#':
s183797955.py(70):             res = bfs(grid, (i, j))
 --- modulename: s183797955, funcname: bfs
s183797955.py(42):     from collections import deque
 --- modulename: _bootstrap, funcname: _handle_fromlist
<frozen importlib._bootstrap>(1043): <frozen importlib._bootstrap>(1044): <frozen importlib._bootstrap>(1051): <frozen importlib._bootstrap>(1055): <frozen importlib._bootstrap>(1043): <frozen importlib._bootstrap>(1067): s183797955.py(44):     H, W = len(grid), len(grid[0])
s183797955.py(45):     h, w = src
s183797955.py(46):     directions = ((1, 0), (-1, 0), (0, 1), (0, -1))
s183797955.py(47):     que = deque([(h, w, 0)])
s183797955.py(48):     dist = list2d(H+2, W+2, -1)
 --- modulename: s183797955, funcname: list2d
s183797955.py(6): def list2d(a, b, c): return [[c] * b for i in range(a)]
 --- modulename: s183797955, funcname: <listcomp>
s183797955.py(6): def list2d(a, b, c): return [[c] * b for i in range(a)]
s183797955.py(6): def list2d(a, b, c): return [[c] * b for i in range(a)]
s183797955.py(6): def list2d(a, b, c): return [[c] * b for i in range(a)]
s183797955.py(6): def list2d(a, b, c): return [[c] * b for i in range(a)]
s183797955.py(6): def list2d(a, b, c): return [[c] * b for i in range(a)]
s183797955.py(6): def list2d(a, b, c): return [[c] * b for i in range(a)]
s183797955.py(6): def list2d(a, b, c): return [[c] * b for i in range(a)]
s183797955.py(6): def list2d(a, b, c): return [[c] * b for i in range(a)]
s183797955.py(49):     while que:
s183797955.py(50):         h, w, c = que.popleft()
s183797955.py(51):         if dist[h][w] != -1:
s183797955.py(53):         dist[h][w] = c
s183797955.py(54):         for dh, dw in directions:
s183797955.py(55):             h2 = h + dh
s183797955.py(56):             w2 = w + dw
s183797955.py(57):             if grid[h2][w2] == '#':
s183797955.py(59):             que.append((h2, w2, c+1))
s183797955.py(54):         for dh, dw in directions:
s183797955.py(55):             h2 = h + dh
s183797955.py(56):             w2 = w + dw
s183797955.py(57):             if grid[h2][w2] == '#':
s183797955.py(58):                 continue
s183797955.py(54):         for dh, dw in directions:
s183797955.py(55):             h2 = h + dh
s183797955.py(56):             w2 = w + dw
s183797955.py(57):             if grid[h2][w2] == '#':
s183797955.py(59):             que.append((h2, w2, c+1))
s183797955.py(54):         for dh, dw in directions:
s183797955.py(55):             h2 = h + dh
s183797955.py(56):             w2 = w + dw
s183797955.py(57):             if grid[h2][w2] == '#':
s183797955.py(58):                 continue
s183797955.py(54):         for dh, dw in directions:
s183797955.py(49):     while que:
s183797955.py(50):         h, w, c = que.popleft()
s183797955.py(51):         if dist[h][w] != -1:
s183797955.py(53):         dist[h][w] = c
s183797955.py(54):         for dh, dw in directions:
s183797955.py(55):             h2 = h + dh
s183797955.py(56):             w2 = w + dw
s183797955.py(57):             if grid[h2][w2] == '#':
s183797955.py(59):             que.append((h2, w2, c+1))
s183797955.py(54):         for dh, dw in directions:
s183797955.py(55):             h2 = h + dh
s183797955.py(56):             w2 = w + dw
s183797955.py(57):             if grid[h2][w2] == '#':
s183797955.py(59):             que.append((h2, w2, c+1))
s183797955.py(54):         for dh, dw in directions:
s183797955.py(55):             h2 = h + dh
s183797955.py(56):             w2 = w + dw
s183797955.py(57):             if grid[h2][w2] == '#':
s183797955.py(59):             que.append((h2, w2, c+1))
s183797955.py(54):         for dh, dw in directions:
s183797955.py(55):             h2 = h + dh
s183797955.py(56):             w2 = w + dw
s183797955.py(57):             if grid[h2][w2] == '#':
s183797955.py(58):                 continue
s183797955.py(54):         for dh, dw in directions:
s183797955.py(49):     while que:
s183797955.py(50):         h, w, c = que.popleft()
s183797955.py(51):         if dist[h][w] != -1:
s183797955.py(53):         dist[h][w] = c
s183797955.py(54):         for dh, dw in directions:
s183797955.py(55):             h2 = h + dh
s183797955.py(56):             w2 = w + dw
s183797955.py(57):             if grid[h2][w2] == '#':
s183797955.py(59):             que.append((h2, w2, c+1))
s183797955.py(54):         for dh, dw in directions:
s183797955.py(55):             h2 = h + dh
s183797955.py(56):             w2 = w + dw
s183797955.py(57):             if grid[h2][w2] == '#':
s183797955.py(58):                 continue
s183797955.py(54):         for dh, dw in directions:
s183797955.py(55):             h2 = h + dh
s183797955.py(56):             w2 = w + dw
s183797955.py(57):             if grid[h2][w2] == '#':
s183797955.py(59):             que.append((h2, w2, c+1))
s183797955.py(54):         for dh, dw in directions:
s183797955.py(55):             h2 = h + dh
s183797955.py(56):             w2 = w + dw
s183797955.py(57):             if grid[h2][w2] == '#':
s183797955.py(59):             que.append((h2, w2, c+1))
s183797955.py(54):         for dh, dw in directions:
s183797955.py(49):     while que:
s183797955.py(50):         h, w, c = que.popleft()
s183797955.py(51):         if dist[h][w] != -1:
s183797955.py(53):         dist[h][w] = c
s183797955.py(54):         for dh, dw in directions:
s183797955.py(55):             h2 = h + dh
s183797955.py(56):             w2 = w + dw
s183797955.py(57):             if grid[h2][w2] == '#':
s183797955.py(58):                 continue
s183797955.py(54):         for dh, dw in directions:
s183797955.py(55):             h2 = h + dh
s183797955.py(56):             w2 = w + dw
s183797955.py(57):             if grid[h2][w2] == '#':
s183797955.py(59):             que.append((h2, w2, c+1))
s183797955.py(54):         for dh, dw in directions:
s183797955.py(55):             h2 = h + dh
s183797955.py(56):             w2 = w + dw
s183797955.py(57):             if grid[h2][w2] == '#':
s183797955.py(59):             que.append((h2, w2, c+1))
s183797955.py(54):         for dh, dw in directions:
s183797955.py(55):             h2 = h + dh
s183797955.py(56):             w2 = w + dw
s183797955.py(57):             if grid[h2][w2] == '#':
s183797955.py(58):                 continue
s183797955.py(54):         for dh, dw in directions:
s183797955.py(49):     while que:
s183797955.py(50):         h, w, c = que.popleft()
s183797955.py(51):         if dist[h][w] != -1:
s183797955.py(52):             continue
s183797955.py(49):     while que:
s183797955.py(50):         h, w, c = que.popleft()
s183797955.py(51):         if dist[h][w] != -1:
s183797955.py(53):         dist[h][w] = c
s183797955.py(54):         for dh, dw in directions:
s183797955.py(55):             h2 = h + dh
s183797955.py(56):             w2 = w + dw
s183797955.py(57):             if grid[h2][w2] == '#':
s183797955.py(59):             que.append((h2, w2, c+1))
s183797955.py(54):         for dh, dw in directions:
s183797955.py(55):             h2 = h + dh
s183797955.py(56):             w2 = w + dw
s183797955.py(57):             if grid[h2][w2] == '#':
s183797955.py(59):             que.append((h2, w2, c+1))
s183797955.py(54):         for dh, dw in directions:
s183797955.py(55):             h2 = h + dh
s183797955.py(56):             w2 = w + dw
s183797955.py(57):             if grid[h2][w2] == '#':
s183797955.py(59):             que.append((h2, w2, c+1))
s183797955.py(54):         for dh, dw in directions:
s183797955.py(55):             h2 = h + dh
s183797955.py(56):             w2 = w + dw
s183797955.py(57):             if grid[h2][w2] == '#':
s183797955.py(59):             que.append((h2, w2, c+1))
s183797955.py(54):         for dh, dw in directions:
s183797955.py(49):     while que:
s183797955.py(50):         h, w, c = que.popleft()
s183797955.py(51):         if dist[h][w] != -1:
s183797955.py(52):             continue
s183797955.py(49):     while que:
s183797955.py(50):         h, w, c = que.popleft()
s183797955.py(51):         if dist[h][w] != -1:
s183797955.py(53):         dist[h][w] = c
s183797955.py(54):         for dh, dw in directions:
s183797955.py(55):             h2 = h + dh
s183797955.py(56):             w2 = w + dw
s183797955.py(57):             if grid[h2][w2] == '#':
s183797955.py(59):             que.append((h2, w2, c+1))
s183797955.py(54):         for dh, dw in directions:
s183797955.py(55):             h2 = h + dh
s183797955.py(56):             w2 = w + dw
s183797955.py(57):             if grid[h2][w2] == '#':
s183797955.py(58):                 continue
s183797955.py(54):         for dh, dw in directions:
s183797955.py(55):             h2 = h + dh
s183797955.py(56):             w2 = w + dw
s183797955.py(57):             if grid[h2][w2] == '#':
s183797955.py(58):                 continue
s183797955.py(54):         for dh, dw in directions:
s183797955.py(55):             h2 = h + dh
s183797955.py(56):             w2 = w + dw
s183797955.py(57):             if grid[h2][w2] == '#':
s183797955.py(59):             que.append((h2, w2, c+1))
s183797955.py(54):         for dh, dw in directions:
s183797955.py(49):     while que:
s183797955.py(50):         h, w, c = que.popleft()
s183797955.py(51):         if dist[h][w] != -1:
s183797955.py(52):             continue
s183797955.py(49):     while que:
s183797955.py(50):         h, w, c = que.popleft()
s183797955.py(51):         if dist[h][w] != -1:
s183797955.py(52):             continue
s183797955.py(49):     while que:
s183797955.py(50):         h, w, c = que.popleft()
s183797955.py(51):         if dist[h][w] != -1:
s183797955.py(53):         dist[h][w] = c
s183797955.py(54):         for dh, dw in directions:
s183797955.py(55):             h2 = h + dh
s183797955.py(56):             w2 = w + dw
s183797955.py(57):             if grid[h2][w2] == '#':
s183797955.py(58):                 continue
s183797955.py(54):         for dh, dw in directions:
s183797955.py(55):             h2 = h + dh
s183797955.py(56):             w2 = w + dw
s183797955.py(57):             if grid[h2][w2] == '#':
s183797955.py(59):             que.append((h2, w2, c+1))
s183797955.py(54):         for dh, dw in directions:
s183797955.py(55):             h2 = h + dh
s183797955.py(56):             w2 = w + dw
s183797955.py(57):             if grid[h2][w2] == '#':
s183797955.py(59):             que.append((h2, w2, c+1))
s183797955.py(54):         for dh, dw in directions:
s183797955.py(55):             h2 = h + dh
s183797955.py(56):             w2 = w + dw
s183797955.py(57):             if grid[h2][w2] == '#':
s183797955.py(59):             que.append((h2, w2, c+1))
s183797955.py(54):         for dh, dw in directions:
s183797955.py(49):     while que:
s183797955.py(50):         h, w, c = que.popleft()
s183797955.py(51):         if dist[h][w] != -1:
s183797955.py(52):             continue
s183797955.py(49):     while que:
s183797955.py(50):         h, w, c = que.popleft()
s183797955.py(51):         if dist[h][w] != -1:
s183797955.py(52):             continue
s183797955.py(49):     while que:
s183797955.py(50):         h, w, c = que.popleft()
s183797955.py(51):         if dist[h][w] != -1:
s183797955.py(53):         dist[h][w] = c
s183797955.py(54):         for dh, dw in directions:
s183797955.py(55):             h2 = h + dh
s183797955.py(56):             w2 = w + dw
s183797955.py(57):             if grid[h2][w2] == '#':
s183797955.py(59):             que.append((h2, w2, c+1))
s183797955.py(54):         for dh, dw in directions:
s183797955.py(55):             h2 = h + dh
s183797955.py(56):             w2 = w + dw
s183797955.py(57):             if grid[h2][w2] == '#':
s183797955.py(59):             que.append((h2, w2, c+1))
s183797955.py(54):         for dh, dw in directions:
s183797955.py(55):             h2 = h + dh
s183797955.py(56):             w2 = w + dw
s183797955.py(57):             if grid[h2][w2] == '#':
s183797955.py(58):                 continue
s183797955.py(54):         for dh, dw in directions:
s183797955.py(55):             h2 = h + dh
s183797955.py(56):             w2 = w + dw
s183797955.py(57):             if grid[h2][w2] == '#':
s183797955.py(59):             que.append((h2, w2, c+1))
s183797955.py(54):         for dh, dw in directions:
s183797955.py(49):     while que:
s183797955.py(50):         h, w, c = que.popleft()
s183797955.py(51):         if dist[h][w] != -1:
s183797955.py(52):             continue
s183797955.py(49):     while que:
s183797955.py(50):         h, w, c = que.popleft()
s183797955.py(51):         if dist[h][w] != -1:
s183797955.py(52):             continue
s183797955.py(49):     while que:
s183797955.py(50):         h, w, c = que.popleft()
s183797955.py(51):         if dist[h][w] != -1:
s183797955.py(52):             continue
s183797955.py(49):     while que:
s183797955.py(50):         h, w, c = que.popleft()
s183797955.py(51):         if dist[h][w] != -1:
s183797955.py(52):             continue
s183797955.py(49):     while que:
s183797955.py(50):         h, w, c = que.popleft()
s183797955.py(51):         if dist[h][w] != -1:
s183797955.py(53):         dist[h][w] = c
s183797955.py(54):         for dh, dw in directions:
s183797955.py(55):             h2 = h + dh
s183797955.py(56):             w2 = w + dw
s183797955.py(57):             if grid[h2][w2] == '#':
s183797955.py(58):                 continue
s183797955.py(54):         for dh, dw in directions:
s183797955.py(55):             h2 = h + dh
s183797955.py(56):             w2 = w + dw
s183797955.py(57):             if grid[h2][w2] == '#':
s183797955.py(59):             que.append((h2, w2, c+1))
s183797955.py(54):         for dh, dw in directions:
s183797955.py(55):             h2 = h + dh
s183797955.py(56):             w2 = w + dw
s183797955.py(57):             if grid[h2][w2] == '#':
s183797955.py(58):                 continue
s183797955.py(54):         for dh, dw in directions:
s183797955.py(55):             h2 = h + dh
s183797955.py(56):             w2 = w + dw
s183797955.py(57):             if grid[h2][w2] == '#':
s183797955.py(59):             que.append((h2, w2, c+1))
s183797955.py(54):         for dh, dw in directions:
s183797955.py(49):     while que:
s183797955.py(50):         h, w, c = que.popleft()
s183797955.py(51):         if dist[h][w] != -1:
s183797955.py(52):             continue
s183797955.py(49):     while que:
s183797955.py(50):         h, w, c = que.popleft()
s183797955.py(51):         if dist[h][w] != -1:
s183797955.py(52):             continue
s183797955.py(49):     while que:
s183797955.py(50):         h, w, c = que.popleft()
s183797955.py(51):         if dist[h][w] != -1:
s183797955.py(52):             continue
s183797955.py(49):     while que:
s183797955.py(50):         h, w, c = que.popleft()
s183797955.py(51):         if dist[h][w] != -1:
s183797955.py(52):             continue
s183797955.py(49):     while que:
s183797955.py(50):         h, w, c = que.popleft()
s183797955.py(51):         if dist[h][w] != -1:
s183797955.py(52):             continue
s183797955.py(49):     while que:
s183797955.py(50):         h, w, c = que.popleft()
s183797955.py(51):         if dist[h][w] != -1:
s183797955.py(52):             continue
s183797955.py(49):     while que:
s183797955.py(60):     return dist
s183797955.py(71):             for k in range(1, H+1):
s183797955.py(72):                 for l in range(1, W+1):
s183797955.py(74):                     ans = max(ans, res[k][l])
s183797955.py(72):                 for l in range(1, W+1):
s183797955.py(74):                     ans = max(ans, res[k][l])
s183797955.py(72):                 for l in range(1, W+1):
s183797955.py(74):                     ans = max(ans, res[k][l])
s183797955.py(72):                 for l in range(1, W+1):
s183797955.py(71):             for k in range(1, H+1):
s183797955.py(72):                 for l in range(1, W+1):
s183797955.py(74):                     ans = max(ans, res[k][l])
s183797955.py(72):                 for l in range(1, W+1):
s183797955.py(74):                     ans = max(ans, res[k][l])
s183797955.py(72):                 for l in range(1, W+1):
s183797955.py(74):                     ans = max(ans, res[k][l])
s183797955.py(72):                 for l in range(1, W+1):
s183797955.py(71):             for k in range(1, H+1):
s183797955.py(72):                 for l in range(1, W+1):
s183797955.py(74):                     ans = max(ans, res[k][l])
s183797955.py(72):                 for l in range(1, W+1):
s183797955.py(74):                     ans = max(ans, res[k][l])
s183797955.py(72):                 for l in range(1, W+1):
s183797955.py(74):                     ans = max(ans, res[k][l])
s183797955.py(72):                 for l in range(1, W+1):
s183797955.py(71):             for k in range(1, H+1):
s183797955.py(67):     for j in range(1, W+1):
s183797955.py(68):         if grid[i][j] != '#':
s183797955.py(70):             res = bfs(grid, (i, j))
 --- modulename: s183797955, funcname: bfs
s183797955.py(42):     from collections import deque
 --- modulename: _bootstrap, funcname: _handle_fromlist
<frozen importlib._bootstrap>(1043): <frozen importlib._bootstrap>(1044): <frozen importlib._bootstrap>(1051): <frozen importlib._bootstrap>(1055): <frozen importlib._bootstrap>(1043): <frozen importlib._bootstrap>(1067): s183797955.py(44):     H, W = len(grid), len(grid[0])
s183797955.py(45):     h, w = src
s183797955.py(46):     directions = ((1, 0), (-1, 0), (0, 1), (0, -1))
s183797955.py(47):     que = deque([(h, w, 0)])
s183797955.py(48):     dist = list2d(H+2, W+2, -1)
 --- modulename: s183797955, funcname: list2d
s183797955.py(6): def list2d(a, b, c): return [[c] * b for i in range(a)]
 --- modulename: s183797955, funcname: <listcomp>
s183797955.py(6): def list2d(a, b, c): return [[c] * b for i in range(a)]
s183797955.py(6): def list2d(a, b, c): return [[c] * b for i in range(a)]
s183797955.py(6): def list2d(a, b, c): return [[c] * b for i in range(a)]
s183797955.py(6): def list2d(a, b, c): return [[c] * b for i in range(a)]
s183797955.py(6): def list2d(a, b, c): return [[c] * b for i in range(a)]
s183797955.py(6): def list2d(a, b, c): return [[c] * b for i in range(a)]
s183797955.py(6): def list2d(a, b, c): return [[c] * b for i in range(a)]
s183797955.py(6): def list2d(a, b, c): return [[c] * b for i in range(a)]
s183797955.py(49):     while que:
s183797955.py(50):         h, w, c = que.popleft()
s183797955.py(51):         if dist[h][w] != -1:
s183797955.py(53):         dist[h][w] = c
s183797955.py(54):         for dh, dw in directions:
s183797955.py(55):             h2 = h + dh
s183797955.py(56):             w2 = w + dw
s183797955.py(57):             if grid[h2][w2] == '#':
s183797955.py(59):             que.append((h2, w2, c+1))
s183797955.py(54):         for dh, dw in directions:
s183797955.py(55):             h2 = h + dh
s183797955.py(56):             w2 = w + dw
s183797955.py(57):             if grid[h2][w2] == '#':
s183797955.py(58):                 continue
s183797955.py(54):         for dh, dw in directions:
s183797955.py(55):             h2 = h + dh
s183797955.py(56):             w2 = w + dw
s183797955.py(57):             if grid[h2][w2] == '#':
s183797955.py(59):             que.append((h2, w2, c+1))
s183797955.py(54):         for dh, dw in directions:
s183797955.py(55):             h2 = h + dh
s183797955.py(56):             w2 = w + dw
s183797955.py(57):             if grid[h2][w2] == '#':
s183797955.py(59):             que.append((h2, w2, c+1))
s183797955.py(54):         for dh, dw in directions:
s183797955.py(49):     while que:
s183797955.py(50):         h, w, c = que.popleft()
s183797955.py(51):         if dist[h][w] != -1:
s183797955.py(53):         dist[h][w] = c
s183797955.py(54):         for dh, dw in directions:
s183797955.py(55):             h2 = h + dh
s183797955.py(56):             w2 = w + dw
s183797955.py(57):             if grid[h2][w2] == '#':
s183797955.py(59):             que.append((h2, w2, c+1))
s183797955.py(54):         for dh, dw in directions:
s183797955.py(55):             h2 = h + dh
s183797955.py(56):             w2 = w + dw
s183797955.py(57):             if grid[h2][w2] == '#':
s183797955.py(59):             que.append((h2, w2, c+1))
s183797955.py(54):         for dh, dw in directions:
s183797955.py(55):             h2 = h + dh
s183797955.py(56):             w2 = w + dw
s183797955.py(57):             if grid[h2][w2] == '#':
s183797955.py(59):             que.append((h2, w2, c+1))
s183797955.py(54):         for dh, dw in directions:
s183797955.py(55):             h2 = h + dh
s183797955.py(56):             w2 = w + dw
s183797955.py(57):             if grid[h2][w2] == '#':
s183797955.py(59):             que.append((h2, w2, c+1))
s183797955.py(54):         for dh, dw in directions:
s183797955.py(49):     while que:
s183797955.py(50):         h, w, c = que.popleft()
s183797955.py(51):         if dist[h][w] != -1:
s183797955.py(53):         dist[h][w] = c
s183797955.py(54):         for dh, dw in directions:
s183797955.py(55):             h2 = h + dh
s183797955.py(56):             w2 = w + dw
s183797955.py(57):             if grid[h2][w2] == '#':
s183797955.py(59):             que.append((h2, w2, c+1))
s183797955.py(54):         for dh, dw in directions:
s183797955.py(55):             h2 = h + dh
s183797955.py(56):             w2 = w + dw
s183797955.py(57):             if grid[h2][w2] == '#':
s183797955.py(58):                 continue
s183797955.py(54):         for dh, dw in directions:
s183797955.py(55):             h2 = h + dh
s183797955.py(56):             w2 = w + dw
s183797955.py(57):             if grid[h2][w2] == '#':
s183797955.py(58):                 continue
s183797955.py(54):         for dh, dw in directions:
s183797955.py(55):             h2 = h + dh
s183797955.py(56):             w2 = w + dw
s183797955.py(57):             if grid[h2][w2] == '#':
s183797955.py(59):             que.append((h2, w2, c+1))
s183797955.py(54):         for dh, dw in directions:
s183797955.py(49):     while que:
s183797955.py(50):         h, w, c = que.popleft()
s183797955.py(51):         if dist[h][w] != -1:
s183797955.py(53):         dist[h][w] = c
s183797955.py(54):         for dh, dw in directions:
s183797955.py(55):             h2 = h + dh
s183797955.py(56):             w2 = w + dw
s183797955.py(57):             if grid[h2][w2] == '#':
s183797955.py(59):             que.append((h2, w2, c+1))
s183797955.py(54):         for dh, dw in directions:
s183797955.py(55):             h2 = h + dh
s183797955.py(56):             w2 = w + dw
s183797955.py(57):             if grid[h2][w2] == '#':
s183797955.py(58):                 continue
s183797955.py(54):         for dh, dw in directions:
s183797955.py(55):             h2 = h + dh
s183797955.py(56):             w2 = w + dw
s183797955.py(57):             if grid[h2][w2] == '#':
s183797955.py(59):             que.append((h2, w2, c+1))
s183797955.py(54):         for dh, dw in directions:
s183797955.py(55):             h2 = h + dh
s183797955.py(56):             w2 = w + dw
s183797955.py(57):             if grid[h2][w2] == '#':
s183797955.py(58):                 continue
s183797955.py(54):         for dh, dw in directions:
s183797955.py(49):     while que:
s183797955.py(50):         h, w, c = que.popleft()
s183797955.py(51):         if dist[h][w] != -1:
s183797955.py(53):         dist[h][w] = c
s183797955.py(54):         for dh, dw in directions:
s183797955.py(55):             h2 = h + dh
s183797955.py(56):             w2 = w + dw
s183797955.py(57):             if grid[h2][w2] == '#':
s183797955.py(58):                 continue
s183797955.py(54):         for dh, dw in directions:
s183797955.py(55):             h2 = h + dh
s183797955.py(56):             w2 = w + dw
s183797955.py(57):             if grid[h2][w2] == '#':
s183797955.py(59):             que.append((h2, w2, c+1))
s183797955.py(54):         for dh, dw in directions:
s183797955.py(55):             h2 = h + dh
s183797955.py(56):             w2 = w + dw
s183797955.py(57):             if grid[h2][w2] == '#':
s183797955.py(59):             que.append((h2, w2, c+1))
s183797955.py(54):         for dh, dw in directions:
s183797955.py(55):             h2 = h + dh
s183797955.py(56):             w2 = w + dw
s183797955.py(57):             if grid[h2][w2] == '#':
s183797955.py(59):             que.append((h2, w2, c+1))
s183797955.py(54):         for dh, dw in directions:
s183797955.py(49):     while que:
s183797955.py(50):         h, w, c = que.popleft()
s183797955.py(51):         if dist[h][w] != -1:
s183797955.py(52):             continue
s183797955.py(49):     while que:
s183797955.py(50):         h, w, c = que.popleft()
s183797955.py(51):         if dist[h][w] != -1:
s183797955.py(53):         dist[h][w] = c
s183797955.py(54):         for dh, dw in directions:
s183797955.py(55):             h2 = h + dh
s183797955.py(56):             w2 = w + dw
s183797955.py(57):             if grid[h2][w2] == '#':
s183797955.py(59):             que.append((h2, w2, c+1))
s183797955.py(54):         for dh, dw in directions:
s183797955.py(55):             h2 = h + dh
s183797955.py(56):             w2 = w + dw
s183797955.py(57):             if grid[h2][w2] == '#':
s183797955.py(59):             que.append((h2, w2, c+1))
s183797955.py(54):         for dh, dw in directions:
s183797955.py(55):             h2 = h + dh
s183797955.py(56):             w2 = w + dw
s183797955.py(57):             if grid[h2][w2] == '#':
s183797955.py(58):                 continue
s183797955.py(54):         for dh, dw in directions:
s183797955.py(55):             h2 = h + dh
s183797955.py(56):             w2 = w + dw
s183797955.py(57):             if grid[h2][w2] == '#':
s183797955.py(59):             que.append((h2, w2, c+1))
s183797955.py(54):         for dh, dw in directions:
s183797955.py(49):     while que:
s183797955.py(50):         h, w, c = que.popleft()
s183797955.py(51):         if dist[h][w] != -1:
s183797955.py(53):         dist[h][w] = c
s183797955.py(54):         for dh, dw in directions:
s183797955.py(55):             h2 = h + dh
s183797955.py(56):             w2 = w + dw
s183797955.py(57):             if grid[h2][w2] == '#':
s183797955.py(59):             que.append((h2, w2, c+1))
s183797955.py(54):         for dh, dw in directions:
s183797955.py(55):             h2 = h + dh
s183797955.py(56):             w2 = w + dw
s183797955.py(57):             if grid[h2][w2] == '#':
s183797955.py(59):             que.append((h2, w2, c+1))
s183797955.py(54):         for dh, dw in directions:
s183797955.py(55):             h2 = h + dh
s183797955.py(56):             w2 = w + dw
s183797955.py(57):             if grid[h2][w2] == '#':
s183797955.py(59):             que.append((h2, w2, c+1))
s183797955.py(54):         for dh, dw in directions:
s183797955.py(55):             h2 = h + dh
s183797955.py(56):             w2 = w + dw
s183797955.py(57):             if grid[h2][w2] == '#':
s183797955.py(58):                 continue
s183797955.py(54):         for dh, dw in directions:
s183797955.py(49):     while que:
s183797955.py(50):         h, w, c = que.popleft()
s183797955.py(51):         if dist[h][w] != -1:
s183797955.py(52):             continue
s183797955.py(49):     while que:
s183797955.py(50):         h, w, c = que.popleft()
s183797955.py(51):         if dist[h][w] != -1:
s183797955.py(52):             continue
s183797955.py(49):     while que:
s183797955.py(50):         h, w, c = que.popleft()
s183797955.py(51):         if dist[h][w] != -1:
s183797955.py(52):             continue
s183797955.py(49):     while que:
s183797955.py(50):         h, w, c = que.popleft()
s183797955.py(51):         if dist[h][w] != -1:
s183797955.py(52):             continue
s183797955.py(49):     while que:
s183797955.py(50):         h, w, c = que.popleft()
s183797955.py(51):         if dist[h][w] != -1:
s183797955.py(52):             continue
s183797955.py(49):     while que:
s183797955.py(50):         h, w, c = que.popleft()
s183797955.py(51):         if dist[h][w] != -1:
s183797955.py(53):         dist[h][w] = c
s183797955.py(54):         for dh, dw in directions:
s183797955.py(55):             h2 = h + dh
s183797955.py(56):             w2 = w + dw
s183797955.py(57):             if grid[h2][w2] == '#':
s183797955.py(58):                 continue
s183797955.py(54):         for dh, dw in directions:
s183797955.py(55):             h2 = h + dh
s183797955.py(56):             w2 = w + dw
s183797955.py(57):             if grid[h2][w2] == '#':
s183797955.py(59):             que.append((h2, w2, c+1))
s183797955.py(54):         for dh, dw in directions:
s183797955.py(55):             h2 = h + dh
s183797955.py(56):             w2 = w + dw
s183797955.py(57):             if grid[h2][w2] == '#':
s183797955.py(58):                 continue
s183797955.py(54):         for dh, dw in directions:
s183797955.py(55):             h2 = h + dh
s183797955.py(56):             w2 = w + dw
s183797955.py(57):             if grid[h2][w2] == '#':
s183797955.py(59):             que.append((h2, w2, c+1))
s183797955.py(54):         for dh, dw in directions:
s183797955.py(49):     while que:
s183797955.py(50):         h, w, c = que.popleft()
s183797955.py(51):         if dist[h][w] != -1:
s183797955.py(53):         dist[h][w] = c
s183797955.py(54):         for dh, dw in directions:
s183797955.py(55):             h2 = h + dh
s183797955.py(56):             w2 = w + dw
s183797955.py(57):             if grid[h2][w2] == '#':
s183797955.py(58):                 continue
s183797955.py(54):         for dh, dw in directions:
s183797955.py(55):             h2 = h + dh
s183797955.py(56):             w2 = w + dw
s183797955.py(57):             if grid[h2][w2] == '#':
s183797955.py(59):             que.append((h2, w2, c+1))
s183797955.py(54):         for dh, dw in directions:
s183797955.py(55):             h2 = h + dh
s183797955.py(56):             w2 = w + dw
s183797955.py(57):             if grid[h2][w2] == '#':
s183797955.py(59):             que.append((h2, w2, c+1))
s183797955.py(54):         for dh, dw in directions:
s183797955.py(55):             h2 = h + dh
s183797955.py(56):             w2 = w + dw
s183797955.py(57):             if grid[h2][w2] == '#':
s183797955.py(58):                 continue
s183797955.py(54):         for dh, dw in directions:
s183797955.py(49):     while que:
s183797955.py(50):         h, w, c = que.popleft()
s183797955.py(51):         if dist[h][w] != -1:
s183797955.py(52):             continue
s183797955.py(49):     while que:
s183797955.py(50):         h, w, c = que.popleft()
s183797955.py(51):         if dist[h][w] != -1:
s183797955.py(52):             continue
s183797955.py(49):     while que:
s183797955.py(50):         h, w, c = que.popleft()
s183797955.py(51):         if dist[h][w] != -1:
s183797955.py(52):             continue
s183797955.py(49):     while que:
s183797955.py(50):         h, w, c = que.popleft()
s183797955.py(51):         if dist[h][w] != -1:
s183797955.py(52):             continue
s183797955.py(49):     while que:
s183797955.py(50):         h, w, c = que.popleft()
s183797955.py(51):         if dist[h][w] != -1:
s183797955.py(52):             continue
s183797955.py(49):     while que:
s183797955.py(50):         h, w, c = que.popleft()
s183797955.py(51):         if dist[h][w] != -1:
s183797955.py(52):             continue
s183797955.py(49):     while que:
s183797955.py(50):         h, w, c = que.popleft()
s183797955.py(51):         if dist[h][w] != -1:
s183797955.py(52):             continue
s183797955.py(49):     while que:
s183797955.py(50):         h, w, c = que.popleft()
s183797955.py(51):         if dist[h][w] != -1:
s183797955.py(52):             continue
s183797955.py(49):     while que:
s183797955.py(50):         h, w, c = que.popleft()
s183797955.py(51):         if dist[h][w] != -1:
s183797955.py(52):             continue
s183797955.py(49):     while que:
s183797955.py(50):         h, w, c = que.popleft()
s183797955.py(51):         if dist[h][w] != -1:
s183797955.py(52):             continue
s183797955.py(49):     while que:
s183797955.py(60):     return dist
s183797955.py(71):             for k in range(1, H+1):
s183797955.py(72):                 for l in range(1, W+1):
s183797955.py(74):                     ans = max(ans, res[k][l])
s183797955.py(72):                 for l in range(1, W+1):
s183797955.py(74):                     ans = max(ans, res[k][l])
s183797955.py(72):                 for l in range(1, W+1):
s183797955.py(74):                     ans = max(ans, res[k][l])
s183797955.py(72):                 for l in range(1, W+1):
s183797955.py(71):             for k in range(1, H+1):
s183797955.py(72):                 for l in range(1, W+1):
s183797955.py(74):                     ans = max(ans, res[k][l])
s183797955.py(72):                 for l in range(1, W+1):
s183797955.py(74):                     ans = max(ans, res[k][l])
s183797955.py(72):                 for l in range(1, W+1):
s183797955.py(74):                     ans = max(ans, res[k][l])
s183797955.py(72):                 for l in range(1, W+1):
s183797955.py(71):             for k in range(1, H+1):
s183797955.py(72):                 for l in range(1, W+1):
s183797955.py(74):                     ans = max(ans, res[k][l])
s183797955.py(72):                 for l in range(1, W+1):
s183797955.py(74):                     ans = max(ans, res[k][l])
s183797955.py(72):                 for l in range(1, W+1):
s183797955.py(74):                     ans = max(ans, res[k][l])
s183797955.py(72):                 for l in range(1, W+1):
s183797955.py(71):             for k in range(1, H+1):
s183797955.py(67):     for j in range(1, W+1):
s183797955.py(68):         if grid[i][j] != '#':
s183797955.py(70):             res = bfs(grid, (i, j))
 --- modulename: s183797955, funcname: bfs
s183797955.py(42):     from collections import deque
 --- modulename: _bootstrap, funcname: _handle_fromlist
<frozen importlib._bootstrap>(1043): <frozen importlib._bootstrap>(1044): <frozen importlib._bootstrap>(1051): <frozen importlib._bootstrap>(1055): <frozen importlib._bootstrap>(1043): <frozen importlib._bootstrap>(1067): s183797955.py(44):     H, W = len(grid), len(grid[0])
s183797955.py(45):     h, w = src
s183797955.py(46):     directions = ((1, 0), (-1, 0), (0, 1), (0, -1))
s183797955.py(47):     que = deque([(h, w, 0)])
s183797955.py(48):     dist = list2d(H+2, W+2, -1)
 --- modulename: s183797955, funcname: list2d
s183797955.py(6): def list2d(a, b, c): return [[c] * b for i in range(a)]
 --- modulename: s183797955, funcname: <listcomp>
s183797955.py(6): def list2d(a, b, c): return [[c] * b for i in range(a)]
s183797955.py(6): def list2d(a, b, c): return [[c] * b for i in range(a)]
s183797955.py(6): def list2d(a, b, c): return [[c] * b for i in range(a)]
s183797955.py(6): def list2d(a, b, c): return [[c] * b for i in range(a)]
s183797955.py(6): def list2d(a, b, c): return [[c] * b for i in range(a)]
s183797955.py(6): def list2d(a, b, c): return [[c] * b for i in range(a)]
s183797955.py(6): def list2d(a, b, c): return [[c] * b for i in range(a)]
s183797955.py(6): def list2d(a, b, c): return [[c] * b for i in range(a)]
s183797955.py(49):     while que:
s183797955.py(50):         h, w, c = que.popleft()
s183797955.py(51):         if dist[h][w] != -1:
s183797955.py(53):         dist[h][w] = c
s183797955.py(54):         for dh, dw in directions:
s183797955.py(55):             h2 = h + dh
s183797955.py(56):             w2 = w + dw
s183797955.py(57):             if grid[h2][w2] == '#':
s183797955.py(59):             que.append((h2, w2, c+1))
s183797955.py(54):         for dh, dw in directions:
s183797955.py(55):             h2 = h + dh
s183797955.py(56):             w2 = w + dw
s183797955.py(57):             if grid[h2][w2] == '#':
s183797955.py(58):                 continue
s183797955.py(54):         for dh, dw in directions:
s183797955.py(55):             h2 = h + dh
s183797955.py(56):             w2 = w + dw
s183797955.py(57):             if grid[h2][w2] == '#':
s183797955.py(58):                 continue
s183797955.py(54):         for dh, dw in directions:
s183797955.py(55):             h2 = h + dh
s183797955.py(56):             w2 = w + dw
s183797955.py(57):             if grid[h2][w2] == '#':
s183797955.py(59):             que.append((h2, w2, c+1))
s183797955.py(54):         for dh, dw in directions:
s183797955.py(49):     while que:
s183797955.py(50):         h, w, c = que.popleft()
s183797955.py(51):         if dist[h][w] != -1:
s183797955.py(53):         dist[h][w] = c
s183797955.py(54):         for dh, dw in directions:
s183797955.py(55):             h2 = h + dh
s183797955.py(56):             w2 = w + dw
s183797955.py(57):             if grid[h2][w2] == '#':
s183797955.py(59):             que.append((h2, w2, c+1))
s183797955.py(54):         for dh, dw in directions:
s183797955.py(55):             h2 = h + dh
s183797955.py(56):             w2 = w + dw
s183797955.py(57):             if grid[h2][w2] == '#':
s183797955.py(59):             que.append((h2, w2, c+1))
s183797955.py(54):         for dh, dw in directions:
s183797955.py(55):             h2 = h + dh
s183797955.py(56):             w2 = w + dw
s183797955.py(57):             if grid[h2][w2] == '#':
s183797955.py(58):                 continue
s183797955.py(54):         for dh, dw in directions:
s183797955.py(55):             h2 = h + dh
s183797955.py(56):             w2 = w + dw
s183797955.py(57):             if grid[h2][w2] == '#':
s183797955.py(59):             que.append((h2, w2, c+1))
s183797955.py(54):         for dh, dw in directions:
s183797955.py(49):     while que:
s183797955.py(50):         h, w, c = que.popleft()
s183797955.py(51):         if dist[h][w] != -1:
s183797955.py(53):         dist[h][w] = c
s183797955.py(54):         for dh, dw in directions:
s183797955.py(55):             h2 = h + dh
s183797955.py(56):             w2 = w + dw
s183797955.py(57):             if grid[h2][w2] == '#':
s183797955.py(59):             que.append((h2, w2, c+1))
s183797955.py(54):         for dh, dw in directions:
s183797955.py(55):             h2 = h + dh
s183797955.py(56):             w2 = w + dw
s183797955.py(57):             if grid[h2][w2] == '#':
s183797955.py(58):                 continue
s183797955.py(54):         for dh, dw in directions:
s183797955.py(55):             h2 = h + dh
s183797955.py(56):             w2 = w + dw
s183797955.py(57):             if grid[h2][w2] == '#':
s183797955.py(59):             que.append((h2, w2, c+1))
s183797955.py(54):         for dh, dw in directions:
s183797955.py(55):             h2 = h + dh
s183797955.py(56):             w2 = w + dw
s183797955.py(57):             if grid[h2][w2] == '#':
s183797955.py(59):             que.append((h2, w2, c+1))
s183797955.py(54):         for dh, dw in directions:
s183797955.py(49):     while que:
s183797955.py(50):         h, w, c = que.popleft()
s183797955.py(51):         if dist[h][w] != -1:
s183797955.py(53):         dist[h][w] = c
s183797955.py(54):         for dh, dw in directions:
s183797955.py(55):             h2 = h + dh
s183797955.py(56):             w2 = w + dw
s183797955.py(57):             if grid[h2][w2] == '#':
s183797955.py(58):                 continue
s183797955.py(54):         for dh, dw in directions:
s183797955.py(55):             h2 = h + dh
s183797955.py(56):             w2 = w + dw
s183797955.py(57):             if grid[h2][w2] == '#':
s183797955.py(59):             que.append((h2, w2, c+1))
s183797955.py(54):         for dh, dw in directions:
s183797955.py(55):             h2 = h + dh
s183797955.py(56):             w2 = w + dw
s183797955.py(57):             if grid[h2][w2] == '#':
s183797955.py(58):                 continue
s183797955.py(54):         for dh, dw in directions:
s183797955.py(55):             h2 = h + dh
s183797955.py(56):             w2 = w + dw
s183797955.py(57):             if grid[h2][w2] == '#':
s183797955.py(59):             que.append((h2, w2, c+1))
s183797955.py(54):         for dh, dw in directions:
s183797955.py(49):     while que:
s183797955.py(50):         h, w, c = que.popleft()
s183797955.py(51):         if dist[h][w] != -1:
s183797955.py(52):             continue
s183797955.py(49):     while que:
s183797955.py(50):         h, w, c = que.popleft()
s183797955.py(51):         if dist[h][w] != -1:
s183797955.py(53):         dist[h][w] = c
s183797955.py(54):         for dh, dw in directions:
s183797955.py(55):             h2 = h + dh
s183797955.py(56):             w2 = w + dw
s183797955.py(57):             if grid[h2][w2] == '#':
s183797955.py(59):             que.append((h2, w2, c+1))
s183797955.py(54):         for dh, dw in directions:
s183797955.py(55):             h2 = h + dh
s183797955.py(56):             w2 = w + dw
s183797955.py(57):             if grid[h2][w2] == '#':
s183797955.py(59):             que.append((h2, w2, c+1))
s183797955.py(54):         for dh, dw in directions:
s183797955.py(55):             h2 = h + dh
s183797955.py(56):             w2 = w + dw
s183797955.py(57):             if grid[h2][w2] == '#':
s183797955.py(59):             que.append((h2, w2, c+1))
s183797955.py(54):         for dh, dw in directions:
s183797955.py(55):             h2 = h + dh
s183797955.py(56):             w2 = w + dw
s183797955.py(57):             if grid[h2][w2] == '#':
s183797955.py(59):             que.append((h2, w2, c+1))
s183797955.py(54):         for dh, dw in directions:
s183797955.py(49):     while que:
s183797955.py(50):         h, w, c = que.popleft()
s183797955.py(51):         if dist[h][w] != -1:
s183797955.py(52):             continue
s183797955.py(49):     while que:
s183797955.py(50):         h, w, c = que.popleft()
s183797955.py(51):         if dist[h][w] != -1:
s183797955.py(52):             continue
s183797955.py(49):     while que:
s183797955.py(50):         h, w, c = que.popleft()
s183797955.py(51):         if dist[h][w] != -1:
s183797955.py(53):         dist[h][w] = c
s183797955.py(54):         for dh, dw in directions:
s183797955.py(55):             h2 = h + dh
s183797955.py(56):             w2 = w + dw
s183797955.py(57):             if grid[h2][w2] == '#':
s183797955.py(59):             que.append((h2, w2, c+1))
s183797955.py(54):         for dh, dw in directions:
s183797955.py(55):             h2 = h + dh
s183797955.py(56):             w2 = w + dw
s183797955.py(57):             if grid[h2][w2] == '#':
s183797955.py(58):                 continue
s183797955.py(54):         for dh, dw in directions:
s183797955.py(55):             h2 = h + dh
s183797955.py(56):             w2 = w + dw
s183797955.py(57):             if grid[h2][w2] == '#':
s183797955.py(59):             que.append((h2, w2, c+1))
s183797955.py(54):         for dh, dw in directions:
s183797955.py(55):             h2 = h + dh
s183797955.py(56):             w2 = w + dw
s183797955.py(57):             if grid[h2][w2] == '#':
s183797955.py(58):                 continue
s183797955.py(54):         for dh, dw in directions:
s183797955.py(49):     while que:
s183797955.py(50):         h, w, c = que.popleft()
s183797955.py(51):         if dist[h][w] != -1:
s183797955.py(52):             continue
s183797955.py(49):     while que:
s183797955.py(50):         h, w, c = que.popleft()
s183797955.py(51):         if dist[h][w] != -1:
s183797955.py(53):         dist[h][w] = c
s183797955.py(54):         for dh, dw in directions:
s183797955.py(55):             h2 = h + dh
s183797955.py(56):             w2 = w + dw
s183797955.py(57):             if grid[h2][w2] == '#':
s183797955.py(58):                 continue
s183797955.py(54):         for dh, dw in directions:
s183797955.py(55):             h2 = h + dh
s183797955.py(56):             w2 = w + dw
s183797955.py(57):             if grid[h2][w2] == '#':
s183797955.py(59):             que.append((h2, w2, c+1))
s183797955.py(54):         for dh, dw in directions:
s183797955.py(55):             h2 = h + dh
s183797955.py(56):             w2 = w + dw
s183797955.py(57):             if grid[h2][w2] == '#':
s183797955.py(59):             que.append((h2, w2, c+1))
s183797955.py(54):         for dh, dw in directions:
s183797955.py(55):             h2 = h + dh
s183797955.py(56):             w2 = w + dw
s183797955.py(57):             if grid[h2][w2] == '#':
s183797955.py(59):             que.append((h2, w2, c+1))
s183797955.py(54):         for dh, dw in directions:
s183797955.py(49):     while que:
s183797955.py(50):         h, w, c = que.popleft()
s183797955.py(51):         if dist[h][w] != -1:
s183797955.py(52):             continue
s183797955.py(49):     while que:
s183797955.py(50):         h, w, c = que.popleft()
s183797955.py(51):         if dist[h][w] != -1:
s183797955.py(52):             continue
s183797955.py(49):     while que:
s183797955.py(50):         h, w, c = que.popleft()
s183797955.py(51):         if dist[h][w] != -1:
s183797955.py(52):             continue
s183797955.py(49):     while que:
s183797955.py(50):         h, w, c = que.popleft()
s183797955.py(51):         if dist[h][w] != -1:
s183797955.py(53):         dist[h][w] = c
s183797955.py(54):         for dh, dw in directions:
s183797955.py(55):             h2 = h + dh
s183797955.py(56):             w2 = w + dw
s183797955.py(57):             if grid[h2][w2] == '#':
s183797955.py(59):             que.append((h2, w2, c+1))
s183797955.py(54):         for dh, dw in directions:
s183797955.py(55):             h2 = h + dh
s183797955.py(56):             w2 = w + dw
s183797955.py(57):             if grid[h2][w2] == '#':
s183797955.py(59):             que.append((h2, w2, c+1))
s183797955.py(54):         for dh, dw in directions:
s183797955.py(55):             h2 = h + dh
s183797955.py(56):             w2 = w + dw
s183797955.py(57):             if grid[h2][w2] == '#':
s183797955.py(59):             que.append((h2, w2, c+1))
s183797955.py(54):         for dh, dw in directions:
s183797955.py(55):             h2 = h + dh
s183797955.py(56):             w2 = w + dw
s183797955.py(57):             if grid[h2][w2] == '#':
s183797955.py(58):                 continue
s183797955.py(54):         for dh, dw in directions:
s183797955.py(49):     while que:
s183797955.py(50):         h, w, c = que.popleft()
s183797955.py(51):         if dist[h][w] != -1:
s183797955.py(52):             continue
s183797955.py(49):     while que:
s183797955.py(50):         h, w, c = que.popleft()
s183797955.py(51):         if dist[h][w] != -1:
s183797955.py(52):             continue
s183797955.py(49):     while que:
s183797955.py(50):         h, w, c = que.popleft()
s183797955.py(51):         if dist[h][w] != -1:
s183797955.py(52):             continue
s183797955.py(49):     while que:
s183797955.py(50):         h, w, c = que.popleft()
s183797955.py(51):         if dist[h][w] != -1:
s183797955.py(52):             continue
s183797955.py(49):     while que:
s183797955.py(50):         h, w, c = que.popleft()
s183797955.py(51):         if dist[h][w] != -1:
s183797955.py(53):         dist[h][w] = c
s183797955.py(54):         for dh, dw in directions:
s183797955.py(55):             h2 = h + dh
s183797955.py(56):             w2 = w + dw
s183797955.py(57):             if grid[h2][w2] == '#':
s183797955.py(58):                 continue
s183797955.py(54):         for dh, dw in directions:
s183797955.py(55):             h2 = h + dh
s183797955.py(56):             w2 = w + dw
s183797955.py(57):             if grid[h2][w2] == '#':
s183797955.py(59):             que.append((h2, w2, c+1))
s183797955.py(54):         for dh, dw in directions:
s183797955.py(55):             h2 = h + dh
s183797955.py(56):             w2 = w + dw
s183797955.py(57):             if grid[h2][w2] == '#':
s183797955.py(59):             que.append((h2, w2, c+1))
s183797955.py(54):         for dh, dw in directions:
s183797955.py(55):             h2 = h + dh
s183797955.py(56):             w2 = w + dw
s183797955.py(57):             if grid[h2][w2] == '#':
s183797955.py(58):                 continue
s183797955.py(54):         for dh, dw in directions:
s183797955.py(49):     while que:
s183797955.py(50):         h, w, c = que.popleft()
s183797955.py(51):         if dist[h][w] != -1:
s183797955.py(52):             continue
s183797955.py(49):     while que:
s183797955.py(50):         h, w, c = que.popleft()
s183797955.py(51):         if dist[h][w] != -1:
s183797955.py(52):             continue
s183797955.py(49):     while que:
s183797955.py(50):         h, w, c = que.popleft()
s183797955.py(51):         if dist[h][w] != -1:
s183797955.py(52):             continue
s183797955.py(49):     while que:
s183797955.py(50):         h, w, c = que.popleft()
s183797955.py(51):         if dist[h][w] != -1:
s183797955.py(52):             continue
s183797955.py(49):     while que:
s183797955.py(50):         h, w, c = que.popleft()
s183797955.py(51):         if dist[h][w] != -1:
s183797955.py(52):             continue
s183797955.py(49):     while que:
s183797955.py(60):     return dist
s183797955.py(71):             for k in range(1, H+1):
s183797955.py(72):                 for l in range(1, W+1):
s183797955.py(74):                     ans = max(ans, res[k][l])
s183797955.py(72):                 for l in range(1, W+1):
s183797955.py(74):                     ans = max(ans, res[k][l])
s183797955.py(72):                 for l in range(1, W+1):
s183797955.py(74):                     ans = max(ans, res[k][l])
s183797955.py(72):                 for l in range(1, W+1):
s183797955.py(71):             for k in range(1, H+1):
s183797955.py(72):                 for l in range(1, W+1):
s183797955.py(74):                     ans = max(ans, res[k][l])
s183797955.py(72):                 for l in range(1, W+1):
s183797955.py(74):                     ans = max(ans, res[k][l])
s183797955.py(72):                 for l in range(1, W+1):
s183797955.py(74):                     ans = max(ans, res[k][l])
s183797955.py(72):                 for l in range(1, W+1):
s183797955.py(71):             for k in range(1, H+1):
s183797955.py(72):                 for l in range(1, W+1):
s183797955.py(74):                     ans = max(ans, res[k][l])
s183797955.py(72):                 for l in range(1, W+1):
s183797955.py(74):                     ans = max(ans, res[k][l])
s183797955.py(72):                 for l in range(1, W+1):
s183797955.py(74):                     ans = max(ans, res[k][l])
s183797955.py(72):                 for l in range(1, W+1):
s183797955.py(71):             for k in range(1, H+1):
s183797955.py(67):     for j in range(1, W+1):
s183797955.py(66): for i in range(1, H+1):
s183797955.py(67):     for j in range(1, W+1):
s183797955.py(68):         if grid[i][j] != '#':
s183797955.py(70):             res = bfs(grid, (i, j))
 --- modulename: s183797955, funcname: bfs
s183797955.py(42):     from collections import deque
 --- modulename: _bootstrap, funcname: _handle_fromlist
<frozen importlib._bootstrap>(1043): <frozen importlib._bootstrap>(1044): <frozen importlib._bootstrap>(1051): <frozen importlib._bootstrap>(1055): <frozen importlib._bootstrap>(1043): <frozen importlib._bootstrap>(1067): s183797955.py(44):     H, W = len(grid), len(grid[0])
s183797955.py(45):     h, w = src
s183797955.py(46):     directions = ((1, 0), (-1, 0), (0, 1), (0, -1))
s183797955.py(47):     que = deque([(h, w, 0)])
s183797955.py(48):     dist = list2d(H+2, W+2, -1)
 --- modulename: s183797955, funcname: list2d
s183797955.py(6): def list2d(a, b, c): return [[c] * b for i in range(a)]
 --- modulename: s183797955, funcname: <listcomp>
s183797955.py(6): def list2d(a, b, c): return [[c] * b for i in range(a)]
s183797955.py(6): def list2d(a, b, c): return [[c] * b for i in range(a)]
s183797955.py(6): def list2d(a, b, c): return [[c] * b for i in range(a)]
s183797955.py(6): def list2d(a, b, c): return [[c] * b for i in range(a)]
s183797955.py(6): def list2d(a, b, c): return [[c] * b for i in range(a)]
s183797955.py(6): def list2d(a, b, c): return [[c] * b for i in range(a)]
s183797955.py(6): def list2d(a, b, c): return [[c] * b for i in range(a)]
s183797955.py(6): def list2d(a, b, c): return [[c] * b for i in range(a)]
s183797955.py(49):     while que:
s183797955.py(50):         h, w, c = que.popleft()
s183797955.py(51):         if dist[h][w] != -1:
s183797955.py(53):         dist[h][w] = c
s183797955.py(54):         for dh, dw in directions:
s183797955.py(55):             h2 = h + dh
s183797955.py(56):             w2 = w + dw
s183797955.py(57):             if grid[h2][w2] == '#':
s183797955.py(59):             que.append((h2, w2, c+1))
s183797955.py(54):         for dh, dw in directions:
s183797955.py(55):             h2 = h + dh
s183797955.py(56):             w2 = w + dw
s183797955.py(57):             if grid[h2][w2] == '#':
s183797955.py(59):             que.append((h2, w2, c+1))
s183797955.py(54):         for dh, dw in directions:
s183797955.py(55):             h2 = h + dh
s183797955.py(56):             w2 = w + dw
s183797955.py(57):             if grid[h2][w2] == '#':
s183797955.py(59):             que.append((h2, w2, c+1))
s183797955.py(54):         for dh, dw in directions:
s183797955.py(55):             h2 = h + dh
s183797955.py(56):             w2 = w + dw
s183797955.py(57):             if grid[h2][w2] == '#':
s183797955.py(58):                 continue
s183797955.py(54):         for dh, dw in directions:
s183797955.py(49):     while que:
s183797955.py(50):         h, w, c = que.popleft()
s183797955.py(51):         if dist[h][w] != -1:
s183797955.py(53):         dist[h][w] = c
s183797955.py(54):         for dh, dw in directions:
s183797955.py(55):             h2 = h + dh
s183797955.py(56):             w2 = w + dw
s183797955.py(57):             if grid[h2][w2] == '#':
s183797955.py(58):                 continue
s183797955.py(54):         for dh, dw in directions:
s183797955.py(55):             h2 = h + dh
s183797955.py(56):             w2 = w + dw
s183797955.py(57):             if grid[h2][w2] == '#':
s183797955.py(59):             que.append((h2, w2, c+1))
s183797955.py(54):         for dh, dw in directions:
s183797955.py(55):             h2 = h + dh
s183797955.py(56):             w2 = w + dw
s183797955.py(57):             if grid[h2][w2] == '#':
s183797955.py(59):             que.append((h2, w2, c+1))
s183797955.py(54):         for dh, dw in directions:
s183797955.py(55):             h2 = h + dh
s183797955.py(56):             w2 = w + dw
s183797955.py(57):             if grid[h2][w2] == '#':
s183797955.py(58):                 continue
s183797955.py(54):         for dh, dw in directions:
s183797955.py(49):     while que:
s183797955.py(50):         h, w, c = que.popleft()
s183797955.py(51):         if dist[h][w] != -1:
s183797955.py(53):         dist[h][w] = c
s183797955.py(54):         for dh, dw in directions:
s183797955.py(55):             h2 = h + dh
s183797955.py(56):             w2 = w + dw
s183797955.py(57):             if grid[h2][w2] == '#':
s183797955.py(59):             que.append((h2, w2, c+1))
s183797955.py(54):         for dh, dw in directions:
s183797955.py(55):             h2 = h + dh
s183797955.py(56):             w2 = w + dw
s183797955.py(57):             if grid[h2][w2] == '#':
s183797955.py(58):                 continue
s183797955.py(54):         for dh, dw in directions:
s183797955.py(55):             h2 = h + dh
s183797955.py(56):             w2 = w + dw
s183797955.py(57):             if grid[h2][w2] == '#':
s183797955.py(59):             que.append((h2, w2, c+1))
s183797955.py(54):         for dh, dw in directions:
s183797955.py(55):             h2 = h + dh
s183797955.py(56):             w2 = w + dw
s183797955.py(57):             if grid[h2][w2] == '#':
s183797955.py(58):                 continue
s183797955.py(54):         for dh, dw in directions:
s183797955.py(49):     while que:
s183797955.py(50):         h, w, c = que.popleft()
s183797955.py(51):         if dist[h][w] != -1:
s183797955.py(53):         dist[h][w] = c
s183797955.py(54):         for dh, dw in directions:
s183797955.py(55):             h2 = h + dh
s183797955.py(56):             w2 = w + dw
s183797955.py(57):             if grid[h2][w2] == '#':
s183797955.py(59):             que.append((h2, w2, c+1))
s183797955.py(54):         for dh, dw in directions:
s183797955.py(55):             h2 = h + dh
s183797955.py(56):             w2 = w + dw
s183797955.py(57):             if grid[h2][w2] == '#':
s183797955.py(59):             que.append((h2, w2, c+1))
s183797955.py(54):         for dh, dw in directions:
s183797955.py(55):             h2 = h + dh
s183797955.py(56):             w2 = w + dw
s183797955.py(57):             if grid[h2][w2] == '#':
s183797955.py(59):             que.append((h2, w2, c+1))
s183797955.py(54):         for dh, dw in directions:
s183797955.py(55):             h2 = h + dh
s183797955.py(56):             w2 = w + dw
s183797955.py(57):             if grid[h2][w2] == '#':
s183797955.py(59):             que.append((h2, w2, c+1))
s183797955.py(54):         for dh, dw in directions:
s183797955.py(49):     while que:
s183797955.py(50):         h, w, c = que.popleft()
s183797955.py(51):         if dist[h][w] != -1:
s183797955.py(52):             continue
s183797955.py(49):     while que:
s183797955.py(50):         h, w, c = que.popleft()
s183797955.py(51):         if dist[h][w] != -1:
s183797955.py(53):         dist[h][w] = c
s183797955.py(54):         for dh, dw in directions:
s183797955.py(55):             h2 = h + dh
s183797955.py(56):             w2 = w + dw
s183797955.py(57):             if grid[h2][w2] == '#':
s183797955.py(58):                 continue
s183797955.py(54):         for dh, dw in directions:
s183797955.py(55):             h2 = h + dh
s183797955.py(56):             w2 = w + dw
s183797955.py(57):             if grid[h2][w2] == '#':
s183797955.py(59):             que.append((h2, w2, c+1))
s183797955.py(54):         for dh, dw in directions:
s183797955.py(55):             h2 = h + dh
s183797955.py(56):             w2 = w + dw
s183797955.py(57):             if grid[h2][w2] == '#':
s183797955.py(59):             que.append((h2, w2, c+1))
s183797955.py(54):         for dh, dw in directions:
s183797955.py(55):             h2 = h + dh
s183797955.py(56):             w2 = w + dw
s183797955.py(57):             if grid[h2][w2] == '#':
s183797955.py(59):             que.append((h2, w2, c+1))
s183797955.py(54):         for dh, dw in directions:
s183797955.py(49):     while que:
s183797955.py(50):         h, w, c = que.popleft()
s183797955.py(51):         if dist[h][w] != -1:
s183797955.py(52):             continue
s183797955.py(49):     while que:
s183797955.py(50):         h, w, c = que.popleft()
s183797955.py(51):         if dist[h][w] != -1:
s183797955.py(53):         dist[h][w] = c
s183797955.py(54):         for dh, dw in directions:
s183797955.py(55):             h2 = h + dh
s183797955.py(56):             w2 = w + dw
s183797955.py(57):             if grid[h2][w2] == '#':
s183797955.py(59):             que.append((h2, w2, c+1))
s183797955.py(54):         for dh, dw in directions:
s183797955.py(55):             h2 = h + dh
s183797955.py(56):             w2 = w + dw
s183797955.py(57):             if grid[h2][w2] == '#':
s183797955.py(58):                 continue
s183797955.py(54):         for dh, dw in directions:
s183797955.py(55):             h2 = h + dh
s183797955.py(56):             w2 = w + dw
s183797955.py(57):             if grid[h2][w2] == '#':
s183797955.py(59):             que.append((h2, w2, c+1))
s183797955.py(54):         for dh, dw in directions:
s183797955.py(55):             h2 = h + dh
s183797955.py(56):             w2 = w + dw
s183797955.py(57):             if grid[h2][w2] == '#':
s183797955.py(59):             que.append((h2, w2, c+1))
s183797955.py(54):         for dh, dw in directions:
s183797955.py(49):     while que:
s183797955.py(50):         h, w, c = que.popleft()
s183797955.py(51):         if dist[h][w] != -1:
s183797955.py(52):             continue
s183797955.py(49):     while que:
s183797955.py(50):         h, w, c = que.popleft()
s183797955.py(51):         if dist[h][w] != -1:
s183797955.py(52):             continue
s183797955.py(49):     while que:
s183797955.py(50):         h, w, c = que.popleft()
s183797955.py(51):         if dist[h][w] != -1:
s183797955.py(53):         dist[h][w] = c
s183797955.py(54):         for dh, dw in directions:
s183797955.py(55):             h2 = h + dh
s183797955.py(56):             w2 = w + dw
s183797955.py(57):             if grid[h2][w2] == '#':
s183797955.py(59):             que.append((h2, w2, c+1))
s183797955.py(54):         for dh, dw in directions:
s183797955.py(55):             h2 = h + dh
s183797955.py(56):             w2 = w + dw
s183797955.py(57):             if grid[h2][w2] == '#':
s183797955.py(59):             que.append((h2, w2, c+1))
s183797955.py(54):         for dh, dw in directions:
s183797955.py(55):             h2 = h + dh
s183797955.py(56):             w2 = w + dw
s183797955.py(57):             if grid[h2][w2] == '#':
s183797955.py(58):                 continue
s183797955.py(54):         for dh, dw in directions:
s183797955.py(55):             h2 = h + dh
s183797955.py(56):             w2 = w + dw
s183797955.py(57):             if grid[h2][w2] == '#':
s183797955.py(59):             que.append((h2, w2, c+1))
s183797955.py(54):         for dh, dw in directions:
s183797955.py(49):     while que:
s183797955.py(50):         h, w, c = que.popleft()
s183797955.py(51):         if dist[h][w] != -1:
s183797955.py(52):             continue
s183797955.py(49):     while que:
s183797955.py(50):         h, w, c = que.popleft()
s183797955.py(51):         if dist[h][w] != -1:
s183797955.py(52):             continue
s183797955.py(49):     while que:
s183797955.py(50):         h, w, c = que.popleft()
s183797955.py(51):         if dist[h][w] != -1:
s183797955.py(53):         dist[h][w] = c
s183797955.py(54):         for dh, dw in directions:
s183797955.py(55):             h2 = h + dh
s183797955.py(56):             w2 = w + dw
s183797955.py(57):             if grid[h2][w2] == '#':
s183797955.py(58):                 continue
s183797955.py(54):         for dh, dw in directions:
s183797955.py(55):             h2 = h + dh
s183797955.py(56):             w2 = w + dw
s183797955.py(57):             if grid[h2][w2] == '#':
s183797955.py(59):             que.append((h2, w2, c+1))
s183797955.py(54):         for dh, dw in directions:
s183797955.py(55):             h2 = h + dh
s183797955.py(56):             w2 = w + dw
s183797955.py(57):             if grid[h2][w2] == '#':
s183797955.py(58):                 continue
s183797955.py(54):         for dh, dw in directions:
s183797955.py(55):             h2 = h + dh
s183797955.py(56):             w2 = w + dw
s183797955.py(57):             if grid[h2][w2] == '#':
s183797955.py(59):             que.append((h2, w2, c+1))
s183797955.py(54):         for dh, dw in directions:
s183797955.py(49):     while que:
s183797955.py(50):         h, w, c = que.popleft()
s183797955.py(51):         if dist[h][w] != -1:
s183797955.py(52):             continue
s183797955.py(49):     while que:
s183797955.py(50):         h, w, c = que.popleft()
s183797955.py(51):         if dist[h][w] != -1:
s183797955.py(52):             continue
s183797955.py(49):     while que:
s183797955.py(50):         h, w, c = que.popleft()
s183797955.py(51):         if dist[h][w] != -1:
s183797955.py(53):         dist[h][w] = c
s183797955.py(54):         for dh, dw in directions:
s183797955.py(55):             h2 = h + dh
s183797955.py(56):             w2 = w + dw
s183797955.py(57):             if grid[h2][w2] == '#':
s183797955.py(59):             que.append((h2, w2, c+1))
s183797955.py(54):         for dh, dw in directions:
s183797955.py(55):             h2 = h + dh
s183797955.py(56):             w2 = w + dw
s183797955.py(57):             if grid[h2][w2] == '#':
s183797955.py(58):                 continue
s183797955.py(54):         for dh, dw in directions:
s183797955.py(55):             h2 = h + dh
s183797955.py(56):             w2 = w + dw
s183797955.py(57):             if grid[h2][w2] == '#':
s183797955.py(58):                 continue
s183797955.py(54):         for dh, dw in directions:
s183797955.py(55):             h2 = h + dh
s183797955.py(56):             w2 = w + dw
s183797955.py(57):             if grid[h2][w2] == '#':
s183797955.py(59):             que.append((h2, w2, c+1))
s183797955.py(54):         for dh, dw in directions:
s183797955.py(49):     while que:
s183797955.py(50):         h, w, c = que.popleft()
s183797955.py(51):         if dist[h][w] != -1:
s183797955.py(52):             continue
s183797955.py(49):     while que:
s183797955.py(50):         h, w, c = que.popleft()
s183797955.py(51):         if dist[h][w] != -1:
s183797955.py(52):             continue
s183797955.py(49):     while que:
s183797955.py(50):         h, w, c = que.popleft()
s183797955.py(51):         if dist[h][w] != -1:
s183797955.py(52):             continue
s183797955.py(49):     while que:
s183797955.py(50):         h, w, c = que.popleft()
s183797955.py(51):         if dist[h][w] != -1:
s183797955.py(52):             continue
s183797955.py(49):     while que:
s183797955.py(50):         h, w, c = que.popleft()
s183797955.py(51):         if dist[h][w] != -1:
s183797955.py(52):             continue
s183797955.py(49):     while que:
s183797955.py(50):         h, w, c = que.popleft()
s183797955.py(51):         if dist[h][w] != -1:
s183797955.py(52):             continue
s183797955.py(49):     while que:
s183797955.py(50):         h, w, c = que.popleft()
s183797955.py(51):         if dist[h][w] != -1:
s183797955.py(52):             continue
s183797955.py(49):     while que:
s183797955.py(50):         h, w, c = que.popleft()
s183797955.py(51):         if dist[h][w] != -1:
s183797955.py(52):             continue
s183797955.py(49):     while que:
s183797955.py(60):     return dist
s183797955.py(71):             for k in range(1, H+1):
s183797955.py(72):                 for l in range(1, W+1):
s183797955.py(74):                     ans = max(ans, res[k][l])
s183797955.py(72):                 for l in range(1, W+1):
s183797955.py(74):                     ans = max(ans, res[k][l])
s183797955.py(72):                 for l in range(1, W+1):
s183797955.py(74):                     ans = max(ans, res[k][l])
s183797955.py(72):                 for l in range(1, W+1):
s183797955.py(71):             for k in range(1, H+1):
s183797955.py(72):                 for l in range(1, W+1):
s183797955.py(74):                     ans = max(ans, res[k][l])
s183797955.py(72):                 for l in range(1, W+1):
s183797955.py(74):                     ans = max(ans, res[k][l])
s183797955.py(72):                 for l in range(1, W+1):
s183797955.py(74):                     ans = max(ans, res[k][l])
s183797955.py(72):                 for l in range(1, W+1):
s183797955.py(71):             for k in range(1, H+1):
s183797955.py(72):                 for l in range(1, W+1):
s183797955.py(74):                     ans = max(ans, res[k][l])
s183797955.py(72):                 for l in range(1, W+1):
s183797955.py(74):                     ans = max(ans, res[k][l])
s183797955.py(72):                 for l in range(1, W+1):
s183797955.py(74):                     ans = max(ans, res[k][l])
s183797955.py(72):                 for l in range(1, W+1):
s183797955.py(71):             for k in range(1, H+1):
s183797955.py(67):     for j in range(1, W+1):
s183797955.py(68):         if grid[i][j] != '#':
s183797955.py(70):             res = bfs(grid, (i, j))
 --- modulename: s183797955, funcname: bfs
s183797955.py(42):     from collections import deque
 --- modulename: _bootstrap, funcname: _handle_fromlist
<frozen importlib._bootstrap>(1043): <frozen importlib._bootstrap>(1044): <frozen importlib._bootstrap>(1051): <frozen importlib._bootstrap>(1055): <frozen importlib._bootstrap>(1043): <frozen importlib._bootstrap>(1067): s183797955.py(44):     H, W = len(grid), len(grid[0])
s183797955.py(45):     h, w = src
s183797955.py(46):     directions = ((1, 0), (-1, 0), (0, 1), (0, -1))
s183797955.py(47):     que = deque([(h, w, 0)])
s183797955.py(48):     dist = list2d(H+2, W+2, -1)
 --- modulename: s183797955, funcname: list2d
s183797955.py(6): def list2d(a, b, c): return [[c] * b for i in range(a)]
 --- modulename: s183797955, funcname: <listcomp>
s183797955.py(6): def list2d(a, b, c): return [[c] * b for i in range(a)]
s183797955.py(6): def list2d(a, b, c): return [[c] * b for i in range(a)]
s183797955.py(6): def list2d(a, b, c): return [[c] * b for i in range(a)]
s183797955.py(6): def list2d(a, b, c): return [[c] * b for i in range(a)]
s183797955.py(6): def list2d(a, b, c): return [[c] * b for i in range(a)]
s183797955.py(6): def list2d(a, b, c): return [[c] * b for i in range(a)]
s183797955.py(6): def list2d(a, b, c): return [[c] * b for i in range(a)]
s183797955.py(6): def list2d(a, b, c): return [[c] * b for i in range(a)]
s183797955.py(49):     while que:
s183797955.py(50):         h, w, c = que.popleft()
s183797955.py(51):         if dist[h][w] != -1:
s183797955.py(53):         dist[h][w] = c
s183797955.py(54):         for dh, dw in directions:
s183797955.py(55):             h2 = h + dh
s183797955.py(56):             w2 = w + dw
s183797955.py(57):             if grid[h2][w2] == '#':
s183797955.py(59):             que.append((h2, w2, c+1))
s183797955.py(54):         for dh, dw in directions:
s183797955.py(55):             h2 = h + dh
s183797955.py(56):             w2 = w + dw
s183797955.py(57):             if grid[h2][w2] == '#':
s183797955.py(59):             que.append((h2, w2, c+1))
s183797955.py(54):         for dh, dw in directions:
s183797955.py(55):             h2 = h + dh
s183797955.py(56):             w2 = w + dw
s183797955.py(57):             if grid[h2][w2] == '#':
s183797955.py(59):             que.append((h2, w2, c+1))
s183797955.py(54):         for dh, dw in directions:
s183797955.py(55):             h2 = h + dh
s183797955.py(56):             w2 = w + dw
s183797955.py(57):             if grid[h2][w2] == '#':
s183797955.py(59):             que.append((h2, w2, c+1))
s183797955.py(54):         for dh, dw in directions:
s183797955.py(49):     while que:
s183797955.py(50):         h, w, c = que.popleft()
s183797955.py(51):         if dist[h][w] != -1:
s183797955.py(53):         dist[h][w] = c
s183797955.py(54):         for dh, dw in directions:
s183797955.py(55):             h2 = h + dh
s183797955.py(56):             w2 = w + dw
s183797955.py(57):             if grid[h2][w2] == '#':
s183797955.py(58):                 continue
s183797955.py(54):         for dh, dw in directions:
s183797955.py(55):             h2 = h + dh
s183797955.py(56):             w2 = w + dw
s183797955.py(57):             if grid[h2][w2] == '#':
s183797955.py(59):             que.append((h2, w2, c+1))
s183797955.py(54):         for dh, dw in directions:
s183797955.py(55):             h2 = h + dh
s183797955.py(56):             w2 = w + dw
s183797955.py(57):             if grid[h2][w2] == '#':
s183797955.py(59):             que.append((h2, w2, c+1))
s183797955.py(54):         for dh, dw in directions:
s183797955.py(55):             h2 = h + dh
s183797955.py(56):             w2 = w + dw
s183797955.py(57):             if grid[h2][w2] == '#':
s183797955.py(59):             que.append((h2, w2, c+1))
s183797955.py(54):         for dh, dw in directions:
s183797955.py(49):     while que:
s183797955.py(50):         h, w, c = que.popleft()
s183797955.py(51):         if dist[h][w] != -1:
s183797955.py(53):         dist[h][w] = c
s183797955.py(54):         for dh, dw in directions:
s183797955.py(55):             h2 = h + dh
s183797955.py(56):             w2 = w + dw
s183797955.py(57):             if grid[h2][w2] == '#':
s183797955.py(59):             que.append((h2, w2, c+1))
s183797955.py(54):         for dh, dw in directions:
s183797955.py(55):             h2 = h + dh
s183797955.py(56):             w2 = w + dw
s183797955.py(57):             if grid[h2][w2] == '#':
s183797955.py(58):                 continue
s183797955.py(54):         for dh, dw in directions:
s183797955.py(55):             h2 = h + dh
s183797955.py(56):             w2 = w + dw
s183797955.py(57):             if grid[h2][w2] == '#':
s183797955.py(59):             que.append((h2, w2, c+1))
s183797955.py(54):         for dh, dw in directions:
s183797955.py(55):             h2 = h + dh
s183797955.py(56):             w2 = w + dw
s183797955.py(57):             if grid[h2][w2] == '#':
s183797955.py(59):             que.append((h2, w2, c+1))
s183797955.py(54):         for dh, dw in directions:
s183797955.py(49):     while que:
s183797955.py(50):         h, w, c = que.popleft()
s183797955.py(51):         if dist[h][w] != -1:
s183797955.py(53):         dist[h][w] = c
s183797955.py(54):         for dh, dw in directions:
s183797955.py(55):             h2 = h + dh
s183797955.py(56):             w2 = w + dw
s183797955.py(57):             if grid[h2][w2] == '#':
s183797955.py(59):             que.append((h2, w2, c+1))
s183797955.py(54):         for dh, dw in directions:
s183797955.py(55):             h2 = h + dh
s183797955.py(56):             w2 = w + dw
s183797955.py(57):             if grid[h2][w2] == '#':
s183797955.py(59):             que.append((h2, w2, c+1))
s183797955.py(54):         for dh, dw in directions:
s183797955.py(55):             h2 = h + dh
s183797955.py(56):             w2 = w + dw
s183797955.py(57):             if grid[h2][w2] == '#':
s183797955.py(58):                 continue
s183797955.py(54):         for dh, dw in directions:
s183797955.py(55):             h2 = h + dh
s183797955.py(56):             w2 = w + dw
s183797955.py(57):             if grid[h2][w2] == '#':
s183797955.py(59):             que.append((h2, w2, c+1))
s183797955.py(54):         for dh, dw in directions:
s183797955.py(49):     while que:
s183797955.py(50):         h, w, c = que.popleft()
s183797955.py(51):         if dist[h][w] != -1:
s183797955.py(53):         dist[h][w] = c
s183797955.py(54):         for dh, dw in directions:
s183797955.py(55):             h2 = h + dh
s183797955.py(56):             w2 = w + dw
s183797955.py(57):             if grid[h2][w2] == '#':
s183797955.py(59):             que.append((h2, w2, c+1))
s183797955.py(54):         for dh, dw in directions:
s183797955.py(55):             h2 = h + dh
s183797955.py(56):             w2 = w + dw
s183797955.py(57):             if grid[h2][w2] == '#':
s183797955.py(59):             que.append((h2, w2, c+1))
s183797955.py(54):         for dh, dw in directions:
s183797955.py(55):             h2 = h + dh
s183797955.py(56):             w2 = w + dw
s183797955.py(57):             if grid[h2][w2] == '#':
s183797955.py(59):             que.append((h2, w2, c+1))
s183797955.py(54):         for dh, dw in directions:
s183797955.py(55):             h2 = h + dh
s183797955.py(56):             w2 = w + dw
s183797955.py(57):             if grid[h2][w2] == '#':
s183797955.py(58):                 continue
s183797955.py(54):         for dh, dw in directions:
s183797955.py(49):     while que:
s183797955.py(50):         h, w, c = que.popleft()
s183797955.py(51):         if dist[h][w] != -1:
s183797955.py(52):             continue
s183797955.py(49):     while que:
s183797955.py(50):         h, w, c = que.popleft()
s183797955.py(51):         if dist[h][w] != -1:
s183797955.py(53):         dist[h][w] = c
s183797955.py(54):         for dh, dw in directions:
s183797955.py(55):             h2 = h + dh
s183797955.py(56):             w2 = w + dw
s183797955.py(57):             if grid[h2][w2] == '#':
s183797955.py(58):                 continue
s183797955.py(54):         for dh, dw in directions:
s183797955.py(55):             h2 = h + dh
s183797955.py(56):             w2 = w + dw
s183797955.py(57):             if grid[h2][w2] == '#':
s183797955.py(59):             que.append((h2, w2, c+1))
s183797955.py(54):         for dh, dw in directions:
s183797955.py(55):             h2 = h + dh
s183797955.py(56):             w2 = w + dw
s183797955.py(57):             if grid[h2][w2] == '#':
s183797955.py(58):                 continue
s183797955.py(54):         for dh, dw in directions:
s183797955.py(55):             h2 = h + dh
s183797955.py(56):             w2 = w + dw
s183797955.py(57):             if grid[h2][w2] == '#':
s183797955.py(59):             que.append((h2, w2, c+1))
s183797955.py(54):         for dh, dw in directions:
s183797955.py(49):     while que:
s183797955.py(50):         h, w, c = que.popleft()
s183797955.py(51):         if dist[h][w] != -1:
s183797955.py(53):         dist[h][w] = c
s183797955.py(54):         for dh, dw in directions:
s183797955.py(55):             h2 = h + dh
s183797955.py(56):             w2 = w + dw
s183797955.py(57):             if grid[h2][w2] == '#':
s183797955.py(58):                 continue
s183797955.py(54):         for dh, dw in directions:
s183797955.py(55):             h2 = h + dh
s183797955.py(56):             w2 = w + dw
s183797955.py(57):             if grid[h2][w2] == '#':
s183797955.py(59):             que.append((h2, w2, c+1))
s183797955.py(54):         for dh, dw in directions:
s183797955.py(55):             h2 = h + dh
s183797955.py(56):             w2 = w + dw
s183797955.py(57):             if grid[h2][w2] == '#':
s183797955.py(59):             que.append((h2, w2, c+1))
s183797955.py(54):         for dh, dw in directions:
s183797955.py(55):             h2 = h + dh
s183797955.py(56):             w2 = w + dw
s183797955.py(57):             if grid[h2][w2] == '#':
s183797955.py(58):                 continue
s183797955.py(54):         for dh, dw in directions:
s183797955.py(49):     while que:
s183797955.py(50):         h, w, c = que.popleft()
s183797955.py(51):         if dist[h][w] != -1:
s183797955.py(52):             continue
s183797955.py(49):     while que:
s183797955.py(50):         h, w, c = que.popleft()
s183797955.py(51):         if dist[h][w] != -1:
s183797955.py(53):         dist[h][w] = c
s183797955.py(54):         for dh, dw in directions:
s183797955.py(55):             h2 = h + dh
s183797955.py(56):             w2 = w + dw
s183797955.py(57):             if grid[h2][w2] == '#':
s183797955.py(59):             que.append((h2, w2, c+1))
s183797955.py(54):         for dh, dw in directions:
s183797955.py(55):             h2 = h + dh
s183797955.py(56):             w2 = w + dw
s183797955.py(57):             if grid[h2][w2] == '#':
s183797955.py(58):                 continue
s183797955.py(54):         for dh, dw in directions:
s183797955.py(55):             h2 = h + dh
s183797955.py(56):             w2 = w + dw
s183797955.py(57):             if grid[h2][w2] == '#':
s183797955.py(58):                 continue
s183797955.py(54):         for dh, dw in directions:
s183797955.py(55):             h2 = h + dh
s183797955.py(56):             w2 = w + dw
s183797955.py(57):             if grid[h2][w2] == '#':
s183797955.py(59):             que.append((h2, w2, c+1))
s183797955.py(54):         for dh, dw in directions:
s183797955.py(49):     while que:
s183797955.py(50):         h, w, c = que.popleft()
s183797955.py(51):         if dist[h][w] != -1:
s183797955.py(53):         dist[h][w] = c
s183797955.py(54):         for dh, dw in directions:
s183797955.py(55):             h2 = h + dh
s183797955.py(56):             w2 = w + dw
s183797955.py(57):             if grid[h2][w2] == '#':
s183797955.py(59):             que.append((h2, w2, c+1))
s183797955.py(54):         for dh, dw in directions:
s183797955.py(55):             h2 = h + dh
s183797955.py(56):             w2 = w + dw
s183797955.py(57):             if grid[h2][w2] == '#':
s183797955.py(58):                 continue
s183797955.py(54):         for dh, dw in directions:
s183797955.py(55):             h2 = h + dh
s183797955.py(56):             w2 = w + dw
s183797955.py(57):             if grid[h2][w2] == '#':
s183797955.py(59):             que.append((h2, w2, c+1))
s183797955.py(54):         for dh, dw in directions:
s183797955.py(55):             h2 = h + dh
s183797955.py(56):             w2 = w + dw
s183797955.py(57):             if grid[h2][w2] == '#':
s183797955.py(58):                 continue
s183797955.py(54):         for dh, dw in directions:
s183797955.py(49):     while que:
s183797955.py(50):         h, w, c = que.popleft()
s183797955.py(51):         if dist[h][w] != -1:
s183797955.py(52):             continue
s183797955.py(49):     while que:
s183797955.py(50):         h, w, c = que.popleft()
s183797955.py(51):         if dist[h][w] != -1:
s183797955.py(52):             continue
s183797955.py(49):     while que:
s183797955.py(50):         h, w, c = que.popleft()
s183797955.py(51):         if dist[h][w] != -1:
s183797955.py(52):             continue
s183797955.py(49):     while que:
s183797955.py(50):         h, w, c = que.popleft()
s183797955.py(51):         if dist[h][w] != -1:
s183797955.py(52):             continue
s183797955.py(49):     while que:
s183797955.py(50):         h, w, c = que.popleft()
s183797955.py(51):         if dist[h][w] != -1:
s183797955.py(52):             continue
s183797955.py(49):     while que:
s183797955.py(50):         h, w, c = que.popleft()
s183797955.py(51):         if dist[h][w] != -1:
s183797955.py(52):             continue
s183797955.py(49):     while que:
s183797955.py(50):         h, w, c = que.popleft()
s183797955.py(51):         if dist[h][w] != -1:
s183797955.py(52):             continue
s183797955.py(49):     while que:
s183797955.py(50):         h, w, c = que.popleft()
s183797955.py(51):         if dist[h][w] != -1:
s183797955.py(52):             continue
s183797955.py(49):     while que:
s183797955.py(50):         h, w, c = que.popleft()
s183797955.py(51):         if dist[h][w] != -1:
s183797955.py(52):             continue
s183797955.py(49):     while que:
s183797955.py(50):         h, w, c = que.popleft()
s183797955.py(51):         if dist[h][w] != -1:
s183797955.py(52):             continue
s183797955.py(49):     while que:
s183797955.py(50):         h, w, c = que.popleft()
s183797955.py(51):         if dist[h][w] != -1:
s183797955.py(52):             continue
s183797955.py(49):     while que:
s183797955.py(50):         h, w, c = que.popleft()
s183797955.py(51):         if dist[h][w] != -1:
s183797955.py(52):             continue
s183797955.py(49):     while que:
s183797955.py(50):         h, w, c = que.popleft()
s183797955.py(51):         if dist[h][w] != -1:
s183797955.py(52):             continue
s183797955.py(49):     while que:
s183797955.py(50):         h, w, c = que.popleft()
s183797955.py(51):         if dist[h][w] != -1:
s183797955.py(52):             continue
s183797955.py(49):     while que:
s183797955.py(60):     return dist
s183797955.py(71):             for k in range(1, H+1):
s183797955.py(72):                 for l in range(1, W+1):
s183797955.py(74):                     ans = max(ans, res[k][l])
s183797955.py(72):                 for l in range(1, W+1):
s183797955.py(74):                     ans = max(ans, res[k][l])
s183797955.py(72):                 for l in range(1, W+1):
s183797955.py(74):                     ans = max(ans, res[k][l])
s183797955.py(72):                 for l in range(1, W+1):
s183797955.py(71):             for k in range(1, H+1):
s183797955.py(72):                 for l in range(1, W+1):
s183797955.py(74):                     ans = max(ans, res[k][l])
s183797955.py(72):                 for l in range(1, W+1):
s183797955.py(74):                     ans = max(ans, res[k][l])
s183797955.py(72):                 for l in range(1, W+1):
s183797955.py(74):                     ans = max(ans, res[k][l])
s183797955.py(72):                 for l in range(1, W+1):
s183797955.py(71):             for k in range(1, H+1):
s183797955.py(72):                 for l in range(1, W+1):
s183797955.py(74):                     ans = max(ans, res[k][l])
s183797955.py(72):                 for l in range(1, W+1):
s183797955.py(74):                     ans = max(ans, res[k][l])
s183797955.py(72):                 for l in range(1, W+1):
s183797955.py(74):                     ans = max(ans, res[k][l])
s183797955.py(72):                 for l in range(1, W+1):
s183797955.py(71):             for k in range(1, H+1):
s183797955.py(67):     for j in range(1, W+1):
s183797955.py(68):         if grid[i][j] != '#':
s183797955.py(70):             res = bfs(grid, (i, j))
 --- modulename: s183797955, funcname: bfs
s183797955.py(42):     from collections import deque
 --- modulename: _bootstrap, funcname: _handle_fromlist
<frozen importlib._bootstrap>(1043): <frozen importlib._bootstrap>(1044): <frozen importlib._bootstrap>(1051): <frozen importlib._bootstrap>(1055): <frozen importlib._bootstrap>(1043): <frozen importlib._bootstrap>(1067): s183797955.py(44):     H, W = len(grid), len(grid[0])
s183797955.py(45):     h, w = src
s183797955.py(46):     directions = ((1, 0), (-1, 0), (0, 1), (0, -1))
s183797955.py(47):     que = deque([(h, w, 0)])
s183797955.py(48):     dist = list2d(H+2, W+2, -1)
 --- modulename: s183797955, funcname: list2d
s183797955.py(6): def list2d(a, b, c): return [[c] * b for i in range(a)]
 --- modulename: s183797955, funcname: <listcomp>
s183797955.py(6): def list2d(a, b, c): return [[c] * b for i in range(a)]
s183797955.py(6): def list2d(a, b, c): return [[c] * b for i in range(a)]
s183797955.py(6): def list2d(a, b, c): return [[c] * b for i in range(a)]
s183797955.py(6): def list2d(a, b, c): return [[c] * b for i in range(a)]
s183797955.py(6): def list2d(a, b, c): return [[c] * b for i in range(a)]
s183797955.py(6): def list2d(a, b, c): return [[c] * b for i in range(a)]
s183797955.py(6): def list2d(a, b, c): return [[c] * b for i in range(a)]
s183797955.py(6): def list2d(a, b, c): return [[c] * b for i in range(a)]
s183797955.py(49):     while que:
s183797955.py(50):         h, w, c = que.popleft()
s183797955.py(51):         if dist[h][w] != -1:
s183797955.py(53):         dist[h][w] = c
s183797955.py(54):         for dh, dw in directions:
s183797955.py(55):             h2 = h + dh
s183797955.py(56):             w2 = w + dw
s183797955.py(57):             if grid[h2][w2] == '#':
s183797955.py(59):             que.append((h2, w2, c+1))
s183797955.py(54):         for dh, dw in directions:
s183797955.py(55):             h2 = h + dh
s183797955.py(56):             w2 = w + dw
s183797955.py(57):             if grid[h2][w2] == '#':
s183797955.py(59):             que.append((h2, w2, c+1))
s183797955.py(54):         for dh, dw in directions:
s183797955.py(55):             h2 = h + dh
s183797955.py(56):             w2 = w + dw
s183797955.py(57):             if grid[h2][w2] == '#':
s183797955.py(58):                 continue
s183797955.py(54):         for dh, dw in directions:
s183797955.py(55):             h2 = h + dh
s183797955.py(56):             w2 = w + dw
s183797955.py(57):             if grid[h2][w2] == '#':
s183797955.py(59):             que.append((h2, w2, c+1))
s183797955.py(54):         for dh, dw in directions:
s183797955.py(49):     while que:
s183797955.py(50):         h, w, c = que.popleft()
s183797955.py(51):         if dist[h][w] != -1:
s183797955.py(53):         dist[h][w] = c
s183797955.py(54):         for dh, dw in directions:
s183797955.py(55):             h2 = h + dh
s183797955.py(56):             w2 = w + dw
s183797955.py(57):             if grid[h2][w2] == '#':
s183797955.py(58):                 continue
s183797955.py(54):         for dh, dw in directions:
s183797955.py(55):             h2 = h + dh
s183797955.py(56):             w2 = w + dw
s183797955.py(57):             if grid[h2][w2] == '#':
s183797955.py(59):             que.append((h2, w2, c+1))
s183797955.py(54):         for dh, dw in directions:
s183797955.py(55):             h2 = h + dh
s183797955.py(56):             w2 = w + dw
s183797955.py(57):             if grid[h2][w2] == '#':
s183797955.py(58):                 continue
s183797955.py(54):         for dh, dw in directions:
s183797955.py(55):             h2 = h + dh
s183797955.py(56):             w2 = w + dw
s183797955.py(57):             if grid[h2][w2] == '#':
s183797955.py(59):             que.append((h2, w2, c+1))
s183797955.py(54):         for dh, dw in directions:
s183797955.py(49):     while que:
s183797955.py(50):         h, w, c = que.popleft()
s183797955.py(51):         if dist[h][w] != -1:
s183797955.py(53):         dist[h][w] = c
s183797955.py(54):         for dh, dw in directions:
s183797955.py(55):             h2 = h + dh
s183797955.py(56):             w2 = w + dw
s183797955.py(57):             if grid[h2][w2] == '#':
s183797955.py(59):             que.append((h2, w2, c+1))
s183797955.py(54):         for dh, dw in directions:
s183797955.py(55):             h2 = h + dh
s183797955.py(56):             w2 = w + dw
s183797955.py(57):             if grid[h2][w2] == '#':
s183797955.py(58):                 continue
s183797955.py(54):         for dh, dw in directions:
s183797955.py(55):             h2 = h + dh
s183797955.py(56):             w2 = w + dw
s183797955.py(57):             if grid[h2][w2] == '#':
s183797955.py(58):                 continue
s183797955.py(54):         for dh, dw in directions:
s183797955.py(55):             h2 = h + dh
s183797955.py(56):             w2 = w + dw
s183797955.py(57):             if grid[h2][w2] == '#':
s183797955.py(59):             que.append((h2, w2, c+1))
s183797955.py(54):         for dh, dw in directions:
s183797955.py(49):     while que:
s183797955.py(50):         h, w, c = que.popleft()
s183797955.py(51):         if dist[h][w] != -1:
s183797955.py(53):         dist[h][w] = c
s183797955.py(54):         for dh, dw in directions:
s183797955.py(55):             h2 = h + dh
s183797955.py(56):             w2 = w + dw
s183797955.py(57):             if grid[h2][w2] == '#':
s183797955.py(59):             que.append((h2, w2, c+1))
s183797955.py(54):         for dh, dw in directions:
s183797955.py(55):             h2 = h + dh
s183797955.py(56):             w2 = w + dw
s183797955.py(57):             if grid[h2][w2] == '#':
s183797955.py(59):             que.append((h2, w2, c+1))
s183797955.py(54):         for dh, dw in directions:
s183797955.py(55):             h2 = h + dh
s183797955.py(56):             w2 = w + dw
s183797955.py(57):             if grid[h2][w2] == '#':
s183797955.py(59):             que.append((h2, w2, c+1))
s183797955.py(54):         for dh, dw in directions:
s183797955.py(55):             h2 = h + dh
s183797955.py(56):             w2 = w + dw
s183797955.py(57):             if grid[h2][w2] == '#':
s183797955.py(59):             que.append((h2, w2, c+1))
s183797955.py(54):         for dh, dw in directions:
s183797955.py(49):     while que:
s183797955.py(50):         h, w, c = que.popleft()
s183797955.py(51):         if dist[h][w] != -1:
s183797955.py(52):             continue
s183797955.py(49):     while que:
s183797955.py(50):         h, w, c = que.popleft()
s183797955.py(51):         if dist[h][w] != -1:
s183797955.py(53):         dist[h][w] = c
s183797955.py(54):         for dh, dw in directions:
s183797955.py(55):             h2 = h + dh
s183797955.py(56):             w2 = w + dw
s183797955.py(57):             if grid[h2][w2] == '#':
s183797955.py(58):                 continue
s183797955.py(54):         for dh, dw in directions:
s183797955.py(55):             h2 = h + dh
s183797955.py(56):             w2 = w + dw
s183797955.py(57):             if grid[h2][w2] == '#':
s183797955.py(59):             que.append((h2, w2, c+1))
s183797955.py(54):         for dh, dw in directions:
s183797955.py(55):             h2 = h + dh
s183797955.py(56):             w2 = w + dw
s183797955.py(57):             if grid[h2][w2] == '#':
s183797955.py(59):             que.append((h2, w2, c+1))
s183797955.py(54):         for dh, dw in directions:
s183797955.py(55):             h2 = h + dh
s183797955.py(56):             w2 = w + dw
s183797955.py(57):             if grid[h2][w2] == '#':
s183797955.py(59):             que.append((h2, w2, c+1))
s183797955.py(54):         for dh, dw in directions:
s183797955.py(49):     while que:
s183797955.py(50):         h, w, c = que.popleft()
s183797955.py(51):         if dist[h][w] != -1:
s183797955.py(52):             continue
s183797955.py(49):     while que:
s183797955.py(50):         h, w, c = que.popleft()
s183797955.py(51):         if dist[h][w] != -1:
s183797955.py(53):         dist[h][w] = c
s183797955.py(54):         for dh, dw in directions:
s183797955.py(55):             h2 = h + dh
s183797955.py(56):             w2 = w + dw
s183797955.py(57):             if grid[h2][w2] == '#':
s183797955.py(59):             que.append((h2, w2, c+1))
s183797955.py(54):         for dh, dw in directions:
s183797955.py(55):             h2 = h + dh
s183797955.py(56):             w2 = w + dw
s183797955.py(57):             if grid[h2][w2] == '#':
s183797955.py(58):                 continue
s183797955.py(54):         for dh, dw in directions:
s183797955.py(55):             h2 = h + dh
s183797955.py(56):             w2 = w + dw
s183797955.py(57):             if grid[h2][w2] == '#':
s183797955.py(59):             que.append((h2, w2, c+1))
s183797955.py(54):         for dh, dw in directions:
s183797955.py(55):             h2 = h + dh
s183797955.py(56):             w2 = w + dw
s183797955.py(57):             if grid[h2][w2] == '#':
s183797955.py(59):             que.append((h2, w2, c+1))
s183797955.py(54):         for dh, dw in directions:
s183797955.py(49):     while que:
s183797955.py(50):         h, w, c = que.popleft()
s183797955.py(51):         if dist[h][w] != -1:
s183797955.py(52):             continue
s183797955.py(49):     while que:
s183797955.py(50):         h, w, c = que.popleft()
s183797955.py(51):         if dist[h][w] != -1:
s183797955.py(52):             continue
s183797955.py(49):     while que:
s183797955.py(50):         h, w, c = que.popleft()
s183797955.py(51):         if dist[h][w] != -1:
s183797955.py(52):             continue
s183797955.py(49):     while que:
s183797955.py(50):         h, w, c = que.popleft()
s183797955.py(51):         if dist[h][w] != -1:
s183797955.py(53):         dist[h][w] = c
s183797955.py(54):         for dh, dw in directions:
s183797955.py(55):             h2 = h + dh
s183797955.py(56):             w2 = w + dw
s183797955.py(57):             if grid[h2][w2] == '#':
s183797955.py(59):             que.append((h2, w2, c+1))
s183797955.py(54):         for dh, dw in directions:
s183797955.py(55):             h2 = h + dh
s183797955.py(56):             w2 = w + dw
s183797955.py(57):             if grid[h2][w2] == '#':
s183797955.py(59):             que.append((h2, w2, c+1))
s183797955.py(54):         for dh, dw in directions:
s183797955.py(55):             h2 = h + dh
s183797955.py(56):             w2 = w + dw
s183797955.py(57):             if grid[h2][w2] == '#':
s183797955.py(59):             que.append((h2, w2, c+1))
s183797955.py(54):         for dh, dw in directions:
s183797955.py(55):             h2 = h + dh
s183797955.py(56):             w2 = w + dw
s183797955.py(57):             if grid[h2][w2] == '#':
s183797955.py(58):                 continue
s183797955.py(54):         for dh, dw in directions:
s183797955.py(49):     while que:
s183797955.py(50):         h, w, c = que.popleft()
s183797955.py(51):         if dist[h][w] != -1:
s183797955.py(52):             continue
s183797955.py(49):     while que:
s183797955.py(50):         h, w, c = que.popleft()
s183797955.py(51):         if dist[h][w] != -1:
s183797955.py(52):             continue
s183797955.py(49):     while que:
s183797955.py(50):         h, w, c = que.popleft()
s183797955.py(51):         if dist[h][w] != -1:
s183797955.py(53):         dist[h][w] = c
s183797955.py(54):         for dh, dw in directions:
s183797955.py(55):             h2 = h + dh
s183797955.py(56):             w2 = w + dw
s183797955.py(57):             if grid[h2][w2] == '#':
s183797955.py(58):                 continue
s183797955.py(54):         for dh, dw in directions:
s183797955.py(55):             h2 = h + dh
s183797955.py(56):             w2 = w + dw
s183797955.py(57):             if grid[h2][w2] == '#':
s183797955.py(59):             que.append((h2, w2, c+1))
s183797955.py(54):         for dh, dw in directions:
s183797955.py(55):             h2 = h + dh
s183797955.py(56):             w2 = w + dw
s183797955.py(57):             if grid[h2][w2] == '#':
s183797955.py(59):             que.append((h2, w2, c+1))
s183797955.py(54):         for dh, dw in directions:
s183797955.py(55):             h2 = h + dh
s183797955.py(56):             w2 = w + dw
s183797955.py(57):             if grid[h2][w2] == '#':
s183797955.py(58):                 continue
s183797955.py(54):         for dh, dw in directions:
s183797955.py(49):     while que:
s183797955.py(50):         h, w, c = que.popleft()
s183797955.py(51):         if dist[h][w] != -1:
s183797955.py(52):             continue
s183797955.py(49):     while que:
s183797955.py(50):         h, w, c = que.popleft()
s183797955.py(51):         if dist[h][w] != -1:
s183797955.py(52):             continue
s183797955.py(49):     while que:
s183797955.py(50):         h, w, c = que.popleft()
s183797955.py(51):         if dist[h][w] != -1:
s183797955.py(53):         dist[h][w] = c
s183797955.py(54):         for dh, dw in directions:
s183797955.py(55):             h2 = h + dh
s183797955.py(56):             w2 = w + dw
s183797955.py(57):             if grid[h2][w2] == '#':
s183797955.py(59):             que.append((h2, w2, c+1))
s183797955.py(54):         for dh, dw in directions:
s183797955.py(55):             h2 = h + dh
s183797955.py(56):             w2 = w + dw
s183797955.py(57):             if grid[h2][w2] == '#':
s183797955.py(58):                 continue
s183797955.py(54):         for dh, dw in directions:
s183797955.py(55):             h2 = h + dh
s183797955.py(56):             w2 = w + dw
s183797955.py(57):             if grid[h2][w2] == '#':
s183797955.py(59):             que.append((h2, w2, c+1))
s183797955.py(54):         for dh, dw in directions:
s183797955.py(55):             h2 = h + dh
s183797955.py(56):             w2 = w + dw
s183797955.py(57):             if grid[h2][w2] == '#':
s183797955.py(58):                 continue
s183797955.py(54):         for dh, dw in directions:
s183797955.py(49):     while que:
s183797955.py(50):         h, w, c = que.popleft()
s183797955.py(51):         if dist[h][w] != -1:
s183797955.py(52):             continue
s183797955.py(49):     while que:
s183797955.py(50):         h, w, c = que.popleft()
s183797955.py(51):         if dist[h][w] != -1:
s183797955.py(52):             continue
s183797955.py(49):     while que:
s183797955.py(50):         h, w, c = que.popleft()
s183797955.py(51):         if dist[h][w] != -1:
s183797955.py(52):             continue
s183797955.py(49):     while que:
s183797955.py(50):         h, w, c = que.popleft()
s183797955.py(51):         if dist[h][w] != -1:
s183797955.py(52):             continue
s183797955.py(49):     while que:
s183797955.py(50):         h, w, c = que.popleft()
s183797955.py(51):         if dist[h][w] != -1:
s183797955.py(52):             continue
s183797955.py(49):     while que:
s183797955.py(50):         h, w, c = que.popleft()
s183797955.py(51):         if dist[h][w] != -1:
s183797955.py(52):             continue
s183797955.py(49):     while que:
s183797955.py(50):         h, w, c = que.popleft()
s183797955.py(51):         if dist[h][w] != -1:
s183797955.py(52):             continue
s183797955.py(49):     while que:
s183797955.py(60):     return dist
s183797955.py(71):             for k in range(1, H+1):
s183797955.py(72):                 for l in range(1, W+1):
s183797955.py(74):                     ans = max(ans, res[k][l])
s183797955.py(72):                 for l in range(1, W+1):
s183797955.py(74):                     ans = max(ans, res[k][l])
s183797955.py(72):                 for l in range(1, W+1):
s183797955.py(74):                     ans = max(ans, res[k][l])
s183797955.py(72):                 for l in range(1, W+1):
s183797955.py(71):             for k in range(1, H+1):
s183797955.py(72):                 for l in range(1, W+1):
s183797955.py(74):                     ans = max(ans, res[k][l])
s183797955.py(72):                 for l in range(1, W+1):
s183797955.py(74):                     ans = max(ans, res[k][l])
s183797955.py(72):                 for l in range(1, W+1):
s183797955.py(74):                     ans = max(ans, res[k][l])
s183797955.py(72):                 for l in range(1, W+1):
s183797955.py(71):             for k in range(1, H+1):
s183797955.py(72):                 for l in range(1, W+1):
s183797955.py(74):                     ans = max(ans, res[k][l])
s183797955.py(72):                 for l in range(1, W+1):
s183797955.py(74):                     ans = max(ans, res[k][l])
s183797955.py(72):                 for l in range(1, W+1):
s183797955.py(74):                     ans = max(ans, res[k][l])
s183797955.py(72):                 for l in range(1, W+1):
s183797955.py(71):             for k in range(1, H+1):
s183797955.py(67):     for j in range(1, W+1):
s183797955.py(66): for i in range(1, H+1):
s183797955.py(67):     for j in range(1, W+1):
s183797955.py(68):         if grid[i][j] != '#':
s183797955.py(70):             res = bfs(grid, (i, j))
 --- modulename: s183797955, funcname: bfs
s183797955.py(42):     from collections import deque
 --- modulename: _bootstrap, funcname: _handle_fromlist
<frozen importlib._bootstrap>(1043): <frozen importlib._bootstrap>(1044): <frozen importlib._bootstrap>(1051): <frozen importlib._bootstrap>(1055): <frozen importlib._bootstrap>(1043): <frozen importlib._bootstrap>(1067): s183797955.py(44):     H, W = len(grid), len(grid[0])
s183797955.py(45):     h, w = src
s183797955.py(46):     directions = ((1, 0), (-1, 0), (0, 1), (0, -1))
s183797955.py(47):     que = deque([(h, w, 0)])
s183797955.py(48):     dist = list2d(H+2, W+2, -1)
 --- modulename: s183797955, funcname: list2d
s183797955.py(6): def list2d(a, b, c): return [[c] * b for i in range(a)]
 --- modulename: s183797955, funcname: <listcomp>
s183797955.py(6): def list2d(a, b, c): return [[c] * b for i in range(a)]
s183797955.py(6): def list2d(a, b, c): return [[c] * b for i in range(a)]
s183797955.py(6): def list2d(a, b, c): return [[c] * b for i in range(a)]
s183797955.py(6): def list2d(a, b, c): return [[c] * b for i in range(a)]
s183797955.py(6): def list2d(a, b, c): return [[c] * b for i in range(a)]
s183797955.py(6): def list2d(a, b, c): return [[c] * b for i in range(a)]
s183797955.py(6): def list2d(a, b, c): return [[c] * b for i in range(a)]
s183797955.py(6): def list2d(a, b, c): return [[c] * b for i in range(a)]
s183797955.py(49):     while que:
s183797955.py(50):         h, w, c = que.popleft()
s183797955.py(51):         if dist[h][w] != -1:
s183797955.py(53):         dist[h][w] = c
s183797955.py(54):         for dh, dw in directions:
s183797955.py(55):             h2 = h + dh
s183797955.py(56):             w2 = w + dw
s183797955.py(57):             if grid[h2][w2] == '#':
s183797955.py(58):                 continue
s183797955.py(54):         for dh, dw in directions:
s183797955.py(55):             h2 = h + dh
s183797955.py(56):             w2 = w + dw
s183797955.py(57):             if grid[h2][w2] == '#':
s183797955.py(59):             que.append((h2, w2, c+1))
s183797955.py(54):         for dh, dw in directions:
s183797955.py(55):             h2 = h + dh
s183797955.py(56):             w2 = w + dw
s183797955.py(57):             if grid[h2][w2] == '#':
s183797955.py(59):             que.append((h2, w2, c+1))
s183797955.py(54):         for dh, dw in directions:
s183797955.py(55):             h2 = h + dh
s183797955.py(56):             w2 = w + dw
s183797955.py(57):             if grid[h2][w2] == '#':
s183797955.py(58):                 continue
s183797955.py(54):         for dh, dw in directions:
s183797955.py(49):     while que:
s183797955.py(50):         h, w, c = que.popleft()
s183797955.py(51):         if dist[h][w] != -1:
s183797955.py(53):         dist[h][w] = c
s183797955.py(54):         for dh, dw in directions:
s183797955.py(55):             h2 = h + dh
s183797955.py(56):             w2 = w + dw
s183797955.py(57):             if grid[h2][w2] == '#':
s183797955.py(59):             que.append((h2, w2, c+1))
s183797955.py(54):         for dh, dw in directions:
s183797955.py(55):             h2 = h + dh
s183797955.py(56):             w2 = w + dw
s183797955.py(57):             if grid[h2][w2] == '#':
s183797955.py(59):             que.append((h2, w2, c+1))
s183797955.py(54):         for dh, dw in directions:
s183797955.py(55):             h2 = h + dh
s183797955.py(56):             w2 = w + dw
s183797955.py(57):             if grid[h2][w2] == '#':
s183797955.py(59):             que.append((h2, w2, c+1))
s183797955.py(54):         for dh, dw in directions:
s183797955.py(55):             h2 = h + dh
s183797955.py(56):             w2 = w + dw
s183797955.py(57):             if grid[h2][w2] == '#':
s183797955.py(58):                 continue
s183797955.py(54):         for dh, dw in directions:
s183797955.py(49):     while que:
s183797955.py(50):         h, w, c = que.popleft()
s183797955.py(51):         if dist[h][w] != -1:
s183797955.py(53):         dist[h][w] = c
s183797955.py(54):         for dh, dw in directions:
s183797955.py(55):             h2 = h + dh
s183797955.py(56):             w2 = w + dw
s183797955.py(57):             if grid[h2][w2] == '#':
s183797955.py(58):                 continue
s183797955.py(54):         for dh, dw in directions:
s183797955.py(55):             h2 = h + dh
s183797955.py(56):             w2 = w + dw
s183797955.py(57):             if grid[h2][w2] == '#':
s183797955.py(59):             que.append((h2, w2, c+1))
s183797955.py(54):         for dh, dw in directions:
s183797955.py(55):             h2 = h + dh
s183797955.py(56):             w2 = w + dw
s183797955.py(57):             if grid[h2][w2] == '#':
s183797955.py(59):             que.append((h2, w2, c+1))
s183797955.py(54):         for dh, dw in directions:
s183797955.py(55):             h2 = h + dh
s183797955.py(56):             w2 = w + dw
s183797955.py(57):             if grid[h2][w2] == '#':
s183797955.py(59):             que.append((h2, w2, c+1))
s183797955.py(54):         for dh, dw in directions:
s183797955.py(49):     while que:
s183797955.py(50):         h, w, c = que.popleft()
s183797955.py(51):         if dist[h][w] != -1:
s183797955.py(52):             continue
s183797955.py(49):     while que:
s183797955.py(50):         h, w, c = que.popleft()
s183797955.py(51):         if dist[h][w] != -1:
s183797955.py(53):         dist[h][w] = c
s183797955.py(54):         for dh, dw in directions:
s183797955.py(55):             h2 = h + dh
s183797955.py(56):             w2 = w + dw
s183797955.py(57):             if grid[h2][w2] == '#':
s183797955.py(59):             que.append((h2, w2, c+1))
s183797955.py(54):         for dh, dw in directions:
s183797955.py(55):             h2 = h + dh
s183797955.py(56):             w2 = w + dw
s183797955.py(57):             if grid[h2][w2] == '#':
s183797955.py(58):                 continue
s183797955.py(54):         for dh, dw in directions:
s183797955.py(55):             h2 = h + dh
s183797955.py(56):             w2 = w + dw
s183797955.py(57):             if grid[h2][w2] == '#':
s183797955.py(59):             que.append((h2, w2, c+1))
s183797955.py(54):         for dh, dw in directions:
s183797955.py(55):             h2 = h + dh
s183797955.py(56):             w2 = w + dw
s183797955.py(57):             if grid[h2][w2] == '#':
s183797955.py(58):                 continue
s183797955.py(54):         for dh, dw in directions:
s183797955.py(49):     while que:
s183797955.py(50):         h, w, c = que.popleft()
s183797955.py(51):         if dist[h][w] != -1:
s183797955.py(53):         dist[h][w] = c
s183797955.py(54):         for dh, dw in directions:
s183797955.py(55):             h2 = h + dh
s183797955.py(56):             w2 = w + dw
s183797955.py(57):             if grid[h2][w2] == '#':
s183797955.py(59):             que.append((h2, w2, c+1))
s183797955.py(54):         for dh, dw in directions:
s183797955.py(55):             h2 = h + dh
s183797955.py(56):             w2 = w + dw
s183797955.py(57):             if grid[h2][w2] == '#':
s183797955.py(59):             que.append((h2, w2, c+1))
s183797955.py(54):         for dh, dw in directions:
s183797955.py(55):             h2 = h + dh
s183797955.py(56):             w2 = w + dw
s183797955.py(57):             if grid[h2][w2] == '#':
s183797955.py(59):             que.append((h2, w2, c+1))
s183797955.py(54):         for dh, dw in directions:
s183797955.py(55):             h2 = h + dh
s183797955.py(56):             w2 = w + dw
s183797955.py(57):             if grid[h2][w2] == '#':
s183797955.py(59):             que.append((h2, w2, c+1))
s183797955.py(54):         for dh, dw in directions:
s183797955.py(49):     while que:
s183797955.py(50):         h, w, c = que.popleft()
s183797955.py(51):         if dist[h][w] != -1:
s183797955.py(52):             continue
s183797955.py(49):     while que:
s183797955.py(50):         h, w, c = que.popleft()
s183797955.py(51):         if dist[h][w] != -1:
s183797955.py(53):         dist[h][w] = c
s183797955.py(54):         for dh, dw in directions:
s183797955.py(55):             h2 = h + dh
s183797955.py(56):             w2 = w + dw
s183797955.py(57):             if grid[h2][w2] == '#':
s183797955.py(58):                 continue
s183797955.py(54):         for dh, dw in directions:
s183797955.py(55):             h2 = h + dh
s183797955.py(56):             w2 = w + dw
s183797955.py(57):             if grid[h2][w2] == '#':
s183797955.py(59):             que.append((h2, w2, c+1))
s183797955.py(54):         for dh, dw in directions:
s183797955.py(55):             h2 = h + dh
s183797955.py(56):             w2 = w + dw
s183797955.py(57):             if grid[h2][w2] == '#':
s183797955.py(58):                 continue
s183797955.py(54):         for dh, dw in directions:
s183797955.py(55):             h2 = h + dh
s183797955.py(56):             w2 = w + dw
s183797955.py(57):             if grid[h2][w2] == '#':
s183797955.py(59):             que.append((h2, w2, c+1))
s183797955.py(54):         for dh, dw in directions:
s183797955.py(49):     while que:
s183797955.py(50):         h, w, c = que.popleft()
s183797955.py(51):         if dist[h][w] != -1:
s183797955.py(52):             continue
s183797955.py(49):     while que:
s183797955.py(50):         h, w, c = que.popleft()
s183797955.py(51):         if dist[h][w] != -1:
s183797955.py(52):             continue
s183797955.py(49):     while que:
s183797955.py(50):         h, w, c = que.popleft()
s183797955.py(51):         if dist[h][w] != -1:
s183797955.py(53):         dist[h][w] = c
s183797955.py(54):         for dh, dw in directions:
s183797955.py(55):             h2 = h + dh
s183797955.py(56):             w2 = w + dw
s183797955.py(57):             if grid[h2][w2] == '#':
s183797955.py(59):             que.append((h2, w2, c+1))
s183797955.py(54):         for dh, dw in directions:
s183797955.py(55):             h2 = h + dh
s183797955.py(56):             w2 = w + dw
s183797955.py(57):             if grid[h2][w2] == '#':
s183797955.py(58):                 continue
s183797955.py(54):         for dh, dw in directions:
s183797955.py(55):             h2 = h + dh
s183797955.py(56):             w2 = w + dw
s183797955.py(57):             if grid[h2][w2] == '#':
s183797955.py(59):             que.append((h2, w2, c+1))
s183797955.py(54):         for dh, dw in directions:
s183797955.py(55):             h2 = h + dh
s183797955.py(56):             w2 = w + dw
s183797955.py(57):             if grid[h2][w2] == '#':
s183797955.py(59):             que.append((h2, w2, c+1))
s183797955.py(54):         for dh, dw in directions:
s183797955.py(49):     while que:
s183797955.py(50):         h, w, c = que.popleft()
s183797955.py(51):         if dist[h][w] != -1:
s183797955.py(52):             continue
s183797955.py(49):     while que:
s183797955.py(50):         h, w, c = que.popleft()
s183797955.py(51):         if dist[h][w] != -1:
s183797955.py(52):             continue
s183797955.py(49):     while que:
s183797955.py(50):         h, w, c = que.popleft()
s183797955.py(51):         if dist[h][w] != -1:
s183797955.py(53):         dist[h][w] = c
s183797955.py(54):         for dh, dw in directions:
s183797955.py(55):             h2 = h + dh
s183797955.py(56):             w2 = w + dw
s183797955.py(57):             if grid[h2][w2] == '#':
s183797955.py(59):             que.append((h2, w2, c+1))
s183797955.py(54):         for dh, dw in directions:
s183797955.py(55):             h2 = h + dh
s183797955.py(56):             w2 = w + dw
s183797955.py(57):             if grid[h2][w2] == '#':
s183797955.py(59):             que.append((h2, w2, c+1))
s183797955.py(54):         for dh, dw in directions:
s183797955.py(55):             h2 = h + dh
s183797955.py(56):             w2 = w + dw
s183797955.py(57):             if grid[h2][w2] == '#':
s183797955.py(58):                 continue
s183797955.py(54):         for dh, dw in directions:
s183797955.py(55):             h2 = h + dh
s183797955.py(56):             w2 = w + dw
s183797955.py(57):             if grid[h2][w2] == '#':
s183797955.py(59):             que.append((h2, w2, c+1))
s183797955.py(54):         for dh, dw in directions:
s183797955.py(49):     while que:
s183797955.py(50):         h, w, c = que.popleft()
s183797955.py(51):         if dist[h][w] != -1:
s183797955.py(52):             continue
s183797955.py(49):     while que:
s183797955.py(50):         h, w, c = que.popleft()
s183797955.py(51):         if dist[h][w] != -1:
s183797955.py(52):             continue
s183797955.py(49):     while que:
s183797955.py(50):         h, w, c = que.popleft()
s183797955.py(51):         if dist[h][w] != -1:
s183797955.py(52):             continue
s183797955.py(49):     while que:
s183797955.py(50):         h, w, c = que.popleft()
s183797955.py(51):         if dist[h][w] != -1:
s183797955.py(52):             continue
s183797955.py(49):     while que:
s183797955.py(50):         h, w, c = que.popleft()
s183797955.py(51):         if dist[h][w] != -1:
s183797955.py(53):         dist[h][w] = c
s183797955.py(54):         for dh, dw in directions:
s183797955.py(55):             h2 = h + dh
s183797955.py(56):             w2 = w + dw
s183797955.py(57):             if grid[h2][w2] == '#':
s183797955.py(59):             que.append((h2, w2, c+1))
s183797955.py(54):         for dh, dw in directions:
s183797955.py(55):             h2 = h + dh
s183797955.py(56):             w2 = w + dw
s183797955.py(57):             if grid[h2][w2] == '#':
s183797955.py(58):                 continue
s183797955.py(54):         for dh, dw in directions:
s183797955.py(55):             h2 = h + dh
s183797955.py(56):             w2 = w + dw
s183797955.py(57):             if grid[h2][w2] == '#':
s183797955.py(58):                 continue
s183797955.py(54):         for dh, dw in directions:
s183797955.py(55):             h2 = h + dh
s183797955.py(56):             w2 = w + dw
s183797955.py(57):             if grid[h2][w2] == '#':
s183797955.py(59):             que.append((h2, w2, c+1))
s183797955.py(54):         for dh, dw in directions:
s183797955.py(49):     while que:
s183797955.py(50):         h, w, c = que.popleft()
s183797955.py(51):         if dist[h][w] != -1:
s183797955.py(52):             continue
s183797955.py(49):     while que:
s183797955.py(50):         h, w, c = que.popleft()
s183797955.py(51):         if dist[h][w] != -1:
s183797955.py(52):             continue
s183797955.py(49):     while que:
s183797955.py(50):         h, w, c = que.popleft()
s183797955.py(51):         if dist[h][w] != -1:
s183797955.py(52):             continue
s183797955.py(49):     while que:
s183797955.py(50):         h, w, c = que.popleft()
s183797955.py(51):         if dist[h][w] != -1:
s183797955.py(52):             continue
s183797955.py(49):     while que:
s183797955.py(50):         h, w, c = que.popleft()
s183797955.py(51):         if dist[h][w] != -1:
s183797955.py(52):             continue
s183797955.py(49):     while que:
s183797955.py(50):         h, w, c = que.popleft()
s183797955.py(51):         if dist[h][w] != -1:
s183797955.py(52):             continue
s183797955.py(49):     while que:
s183797955.py(60):     return dist
s183797955.py(71):             for k in range(1, H+1):
s183797955.py(72):                 for l in range(1, W+1):
s183797955.py(74):                     ans = max(ans, res[k][l])
s183797955.py(72):                 for l in range(1, W+1):
s183797955.py(74):                     ans = max(ans, res[k][l])
s183797955.py(72):                 for l in range(1, W+1):
s183797955.py(74):                     ans = max(ans, res[k][l])
s183797955.py(72):                 for l in range(1, W+1):
s183797955.py(71):             for k in range(1, H+1):
s183797955.py(72):                 for l in range(1, W+1):
s183797955.py(74):                     ans = max(ans, res[k][l])
s183797955.py(72):                 for l in range(1, W+1):
s183797955.py(74):                     ans = max(ans, res[k][l])
s183797955.py(72):                 for l in range(1, W+1):
s183797955.py(74):                     ans = max(ans, res[k][l])
s183797955.py(72):                 for l in range(1, W+1):
s183797955.py(71):             for k in range(1, H+1):
s183797955.py(72):                 for l in range(1, W+1):
s183797955.py(74):                     ans = max(ans, res[k][l])
s183797955.py(72):                 for l in range(1, W+1):
s183797955.py(74):                     ans = max(ans, res[k][l])
s183797955.py(72):                 for l in range(1, W+1):
s183797955.py(74):                     ans = max(ans, res[k][l])
s183797955.py(72):                 for l in range(1, W+1):
s183797955.py(71):             for k in range(1, H+1):
s183797955.py(67):     for j in range(1, W+1):
s183797955.py(68):         if grid[i][j] != '#':
s183797955.py(70):             res = bfs(grid, (i, j))
 --- modulename: s183797955, funcname: bfs
s183797955.py(42):     from collections import deque
 --- modulename: _bootstrap, funcname: _handle_fromlist
<frozen importlib._bootstrap>(1043): <frozen importlib._bootstrap>(1044): <frozen importlib._bootstrap>(1051): <frozen importlib._bootstrap>(1055): <frozen importlib._bootstrap>(1043): <frozen importlib._bootstrap>(1067): s183797955.py(44):     H, W = len(grid), len(grid[0])
s183797955.py(45):     h, w = src
s183797955.py(46):     directions = ((1, 0), (-1, 0), (0, 1), (0, -1))
s183797955.py(47):     que = deque([(h, w, 0)])
s183797955.py(48):     dist = list2d(H+2, W+2, -1)
 --- modulename: s183797955, funcname: list2d
s183797955.py(6): def list2d(a, b, c): return [[c] * b for i in range(a)]
 --- modulename: s183797955, funcname: <listcomp>
s183797955.py(6): def list2d(a, b, c): return [[c] * b for i in range(a)]
s183797955.py(6): def list2d(a, b, c): return [[c] * b for i in range(a)]
s183797955.py(6): def list2d(a, b, c): return [[c] * b for i in range(a)]
s183797955.py(6): def list2d(a, b, c): return [[c] * b for i in range(a)]
s183797955.py(6): def list2d(a, b, c): return [[c] * b for i in range(a)]
s183797955.py(6): def list2d(a, b, c): return [[c] * b for i in range(a)]
s183797955.py(6): def list2d(a, b, c): return [[c] * b for i in range(a)]
s183797955.py(6): def list2d(a, b, c): return [[c] * b for i in range(a)]
s183797955.py(49):     while que:
s183797955.py(50):         h, w, c = que.popleft()
s183797955.py(51):         if dist[h][w] != -1:
s183797955.py(53):         dist[h][w] = c
s183797955.py(54):         for dh, dw in directions:
s183797955.py(55):             h2 = h + dh
s183797955.py(56):             w2 = w + dw
s183797955.py(57):             if grid[h2][w2] == '#':
s183797955.py(58):                 continue
s183797955.py(54):         for dh, dw in directions:
s183797955.py(55):             h2 = h + dh
s183797955.py(56):             w2 = w + dw
s183797955.py(57):             if grid[h2][w2] == '#':
s183797955.py(59):             que.append((h2, w2, c+1))
s183797955.py(54):         for dh, dw in directions:
s183797955.py(55):             h2 = h + dh
s183797955.py(56):             w2 = w + dw
s183797955.py(57):             if grid[h2][w2] == '#':
s183797955.py(59):             que.append((h2, w2, c+1))
s183797955.py(54):         for dh, dw in directions:
s183797955.py(55):             h2 = h + dh
s183797955.py(56):             w2 = w + dw
s183797955.py(57):             if grid[h2][w2] == '#':
s183797955.py(59):             que.append((h2, w2, c+1))
s183797955.py(54):         for dh, dw in directions:
s183797955.py(49):     while que:
s183797955.py(50):         h, w, c = que.popleft()
s183797955.py(51):         if dist[h][w] != -1:
s183797955.py(53):         dist[h][w] = c
s183797955.py(54):         for dh, dw in directions:
s183797955.py(55):             h2 = h + dh
s183797955.py(56):             w2 = w + dw
s183797955.py(57):             if grid[h2][w2] == '#':
s183797955.py(59):             que.append((h2, w2, c+1))
s183797955.py(54):         for dh, dw in directions:
s183797955.py(55):             h2 = h + dh
s183797955.py(56):             w2 = w + dw
s183797955.py(57):             if grid[h2][w2] == '#':
s183797955.py(59):             que.append((h2, w2, c+1))
s183797955.py(54):         for dh, dw in directions:
s183797955.py(55):             h2 = h + dh
s183797955.py(56):             w2 = w + dw
s183797955.py(57):             if grid[h2][w2] == '#':
s183797955.py(59):             que.append((h2, w2, c+1))
s183797955.py(54):         for dh, dw in directions:
s183797955.py(55):             h2 = h + dh
s183797955.py(56):             w2 = w + dw
s183797955.py(57):             if grid[h2][w2] == '#':
s183797955.py(59):             que.append((h2, w2, c+1))
s183797955.py(54):         for dh, dw in directions:
s183797955.py(49):     while que:
s183797955.py(50):         h, w, c = que.popleft()
s183797955.py(51):         if dist[h][w] != -1:
s183797955.py(53):         dist[h][w] = c
s183797955.py(54):         for dh, dw in directions:
s183797955.py(55):             h2 = h + dh
s183797955.py(56):             w2 = w + dw
s183797955.py(57):             if grid[h2][w2] == '#':
s183797955.py(58):                 continue
s183797955.py(54):         for dh, dw in directions:
s183797955.py(55):             h2 = h + dh
s183797955.py(56):             w2 = w + dw
s183797955.py(57):             if grid[h2][w2] == '#':
s183797955.py(59):             que.append((h2, w2, c+1))
s183797955.py(54):         for dh, dw in directions:
s183797955.py(55):             h2 = h + dh
s183797955.py(56):             w2 = w + dw
s183797955.py(57):             if grid[h2][w2] == '#':
s183797955.py(58):                 continue
s183797955.py(54):         for dh, dw in directions:
s183797955.py(55):             h2 = h + dh
s183797955.py(56):             w2 = w + dw
s183797955.py(57):             if grid[h2][w2] == '#':
s183797955.py(59):             que.append((h2, w2, c+1))
s183797955.py(54):         for dh, dw in directions:
s183797955.py(49):     while que:
s183797955.py(50):         h, w, c = que.popleft()
s183797955.py(51):         if dist[h][w] != -1:
s183797955.py(53):         dist[h][w] = c
s183797955.py(54):         for dh, dw in directions:
s183797955.py(55):             h2 = h + dh
s183797955.py(56):             w2 = w + dw
s183797955.py(57):             if grid[h2][w2] == '#':
s183797955.py(58):                 continue
s183797955.py(54):         for dh, dw in directions:
s183797955.py(55):             h2 = h + dh
s183797955.py(56):             w2 = w + dw
s183797955.py(57):             if grid[h2][w2] == '#':
s183797955.py(59):             que.append((h2, w2, c+1))
s183797955.py(54):         for dh, dw in directions:
s183797955.py(55):             h2 = h + dh
s183797955.py(56):             w2 = w + dw
s183797955.py(57):             if grid[h2][w2] == '#':
s183797955.py(59):             que.append((h2, w2, c+1))
s183797955.py(54):         for dh, dw in directions:
s183797955.py(55):             h2 = h + dh
s183797955.py(56):             w2 = w + dw
s183797955.py(57):             if grid[h2][w2] == '#':
s183797955.py(58):                 continue
s183797955.py(54):         for dh, dw in directions:
s183797955.py(49):     while que:
s183797955.py(50):         h, w, c = que.popleft()
s183797955.py(51):         if dist[h][w] != -1:
s183797955.py(52):             continue
s183797955.py(49):     while que:
s183797955.py(50):         h, w, c = que.popleft()
s183797955.py(51):         if dist[h][w] != -1:
s183797955.py(53):         dist[h][w] = c
s183797955.py(54):         for dh, dw in directions:
s183797955.py(55):             h2 = h + dh
s183797955.py(56):             w2 = w + dw
s183797955.py(57):             if grid[h2][w2] == '#':
s183797955.py(59):             que.append((h2, w2, c+1))
s183797955.py(54):         for dh, dw in directions:
s183797955.py(55):             h2 = h + dh
s183797955.py(56):             w2 = w + dw
s183797955.py(57):             if grid[h2][w2] == '#':
s183797955.py(58):                 continue
s183797955.py(54):         for dh, dw in directions:
s183797955.py(55):             h2 = h + dh
s183797955.py(56):             w2 = w + dw
s183797955.py(57):             if grid[h2][w2] == '#':
s183797955.py(59):             que.append((h2, w2, c+1))
s183797955.py(54):         for dh, dw in directions:
s183797955.py(55):             h2 = h + dh
s183797955.py(56):             w2 = w + dw
s183797955.py(57):             if grid[h2][w2] == '#':
s183797955.py(59):             que.append((h2, w2, c+1))
s183797955.py(54):         for dh, dw in directions:
s183797955.py(49):     while que:
s183797955.py(50):         h, w, c = que.popleft()
s183797955.py(51):         if dist[h][w] != -1:
s183797955.py(53):         dist[h][w] = c
s183797955.py(54):         for dh, dw in directions:
s183797955.py(55):             h2 = h + dh
s183797955.py(56):             w2 = w + dw
s183797955.py(57):             if grid[h2][w2] == '#':
s183797955.py(59):             que.append((h2, w2, c+1))
s183797955.py(54):         for dh, dw in directions:
s183797955.py(55):             h2 = h + dh
s183797955.py(56):             w2 = w + dw
s183797955.py(57):             if grid[h2][w2] == '#':
s183797955.py(59):             que.append((h2, w2, c+1))
s183797955.py(54):         for dh, dw in directions:
s183797955.py(55):             h2 = h + dh
s183797955.py(56):             w2 = w + dw
s183797955.py(57):             if grid[h2][w2] == '#':
s183797955.py(58):                 continue
s183797955.py(54):         for dh, dw in directions:
s183797955.py(55):             h2 = h + dh
s183797955.py(56):             w2 = w + dw
s183797955.py(57):             if grid[h2][w2] == '#':
s183797955.py(59):             que.append((h2, w2, c+1))
s183797955.py(54):         for dh, dw in directions:
s183797955.py(49):     while que:
s183797955.py(50):         h, w, c = que.popleft()
s183797955.py(51):         if dist[h][w] != -1:
s183797955.py(53):         dist[h][w] = c
s183797955.py(54):         for dh, dw in directions:
s183797955.py(55):             h2 = h + dh
s183797955.py(56):             w2 = w + dw
s183797955.py(57):             if grid[h2][w2] == '#':
s183797955.py(59):             que.append((h2, w2, c+1))
s183797955.py(54):         for dh, dw in directions:
s183797955.py(55):             h2 = h + dh
s183797955.py(56):             w2 = w + dw
s183797955.py(57):             if grid[h2][w2] == '#':
s183797955.py(59):             que.append((h2, w2, c+1))
s183797955.py(54):         for dh, dw in directions:
s183797955.py(55):             h2 = h + dh
s183797955.py(56):             w2 = w + dw
s183797955.py(57):             if grid[h2][w2] == '#':
s183797955.py(59):             que.append((h2, w2, c+1))
s183797955.py(54):         for dh, dw in directions:
s183797955.py(55):             h2 = h + dh
s183797955.py(56):             w2 = w + dw
s183797955.py(57):             if grid[h2][w2] == '#':
s183797955.py(58):                 continue
s183797955.py(54):         for dh, dw in directions:
s183797955.py(49):     while que:
s183797955.py(50):         h, w, c = que.popleft()
s183797955.py(51):         if dist[h][w] != -1:
s183797955.py(52):             continue
s183797955.py(49):     while que:
s183797955.py(50):         h, w, c = que.popleft()
s183797955.py(51):         if dist[h][w] != -1:
s183797955.py(52):             continue
s183797955.py(49):     while que:
s183797955.py(50):         h, w, c = que.popleft()
s183797955.py(51):         if dist[h][w] != -1:
s183797955.py(52):             continue
s183797955.py(49):     while que:
s183797955.py(50):         h, w, c = que.popleft()
s183797955.py(51):         if dist[h][w] != -1:
s183797955.py(52):             continue
s183797955.py(49):     while que:
s183797955.py(50):         h, w, c = que.popleft()
s183797955.py(51):         if dist[h][w] != -1:
s183797955.py(52):             continue
s183797955.py(49):     while que:
s183797955.py(50):         h, w, c = que.popleft()
s183797955.py(51):         if dist[h][w] != -1:
s183797955.py(53):         dist[h][w] = c
s183797955.py(54):         for dh, dw in directions:
s183797955.py(55):             h2 = h + dh
s183797955.py(56):             w2 = w + dw
s183797955.py(57):             if grid[h2][w2] == '#':
s183797955.py(59):             que.append((h2, w2, c+1))
s183797955.py(54):         for dh, dw in directions:
s183797955.py(55):             h2 = h + dh
s183797955.py(56):             w2 = w + dw
s183797955.py(57):             if grid[h2][w2] == '#':
s183797955.py(58):                 continue
s183797955.py(54):         for dh, dw in directions:
s183797955.py(55):             h2 = h + dh
s183797955.py(56):             w2 = w + dw
s183797955.py(57):             if grid[h2][w2] == '#':
s183797955.py(58):                 continue
s183797955.py(54):         for dh, dw in directions:
s183797955.py(55):             h2 = h + dh
s183797955.py(56):             w2 = w + dw
s183797955.py(57):             if grid[h2][w2] == '#':
s183797955.py(59):             que.append((h2, w2, c+1))
s183797955.py(54):         for dh, dw in directions:
s183797955.py(49):     while que:
s183797955.py(50):         h, w, c = que.popleft()
s183797955.py(51):         if dist[h][w] != -1:
s183797955.py(53):         dist[h][w] = c
s183797955.py(54):         for dh, dw in directions:
s183797955.py(55):             h2 = h + dh
s183797955.py(56):             w2 = w + dw
s183797955.py(57):             if grid[h2][w2] == '#':
s183797955.py(59):             que.append((h2, w2, c+1))
s183797955.py(54):         for dh, dw in directions:
s183797955.py(55):             h2 = h + dh
s183797955.py(56):             w2 = w + dw
s183797955.py(57):             if grid[h2][w2] == '#':
s183797955.py(58):                 continue
s183797955.py(54):         for dh, dw in directions:
s183797955.py(55):             h2 = h + dh
s183797955.py(56):             w2 = w + dw
s183797955.py(57):             if grid[h2][w2] == '#':
s183797955.py(59):             que.append((h2, w2, c+1))
s183797955.py(54):         for dh, dw in directions:
s183797955.py(55):             h2 = h + dh
s183797955.py(56):             w2 = w + dw
s183797955.py(57):             if grid[h2][w2] == '#':
s183797955.py(58):                 continue
s183797955.py(54):         for dh, dw in directions:
s183797955.py(49):     while que:
s183797955.py(50):         h, w, c = que.popleft()
s183797955.py(51):         if dist[h][w] != -1:
s183797955.py(52):             continue
s183797955.py(49):     while que:
s183797955.py(50):         h, w, c = que.popleft()
s183797955.py(51):         if dist[h][w] != -1:
s183797955.py(52):             continue
s183797955.py(49):     while que:
s183797955.py(50):         h, w, c = que.popleft()
s183797955.py(51):         if dist[h][w] != -1:
s183797955.py(52):             continue
s183797955.py(49):     while que:
s183797955.py(50):         h, w, c = que.popleft()
s183797955.py(51):         if dist[h][w] != -1:
s183797955.py(52):             continue
s183797955.py(49):     while que:
s183797955.py(50):         h, w, c = que.popleft()
s183797955.py(51):         if dist[h][w] != -1:
s183797955.py(52):             continue
s183797955.py(49):     while que:
s183797955.py(50):         h, w, c = que.popleft()
s183797955.py(51):         if dist[h][w] != -1:
s183797955.py(52):             continue
s183797955.py(49):     while que:
s183797955.py(50):         h, w, c = que.popleft()
s183797955.py(51):         if dist[h][w] != -1:
s183797955.py(52):             continue
s183797955.py(49):     while que:
s183797955.py(50):         h, w, c = que.popleft()
s183797955.py(51):         if dist[h][w] != -1:
s183797955.py(52):             continue
s183797955.py(49):     while que:
s183797955.py(50):         h, w, c = que.popleft()
s183797955.py(51):         if dist[h][w] != -1:
s183797955.py(52):             continue
s183797955.py(49):     while que:
s183797955.py(50):         h, w, c = que.popleft()
s183797955.py(51):         if dist[h][w] != -1:
s183797955.py(52):             continue
s183797955.py(49):     while que:
s183797955.py(60):     return dist
s183797955.py(71):             for k in range(1, H+1):
s183797955.py(72):                 for l in range(1, W+1):
s183797955.py(74):                     ans = max(ans, res[k][l])
s183797955.py(72):                 for l in range(1, W+1):
s183797955.py(74):                     ans = max(ans, res[k][l])
s183797955.py(72):                 for l in range(1, W+1):
s183797955.py(74):                     ans = max(ans, res[k][l])
s183797955.py(72):                 for l in range(1, W+1):
s183797955.py(71):             for k in range(1, H+1):
s183797955.py(72):                 for l in range(1, W+1):
s183797955.py(74):                     ans = max(ans, res[k][l])
s183797955.py(72):                 for l in range(1, W+1):
s183797955.py(74):                     ans = max(ans, res[k][l])
s183797955.py(72):                 for l in range(1, W+1):
s183797955.py(74):                     ans = max(ans, res[k][l])
s183797955.py(72):                 for l in range(1, W+1):
s183797955.py(71):             for k in range(1, H+1):
s183797955.py(72):                 for l in range(1, W+1):
s183797955.py(74):                     ans = max(ans, res[k][l])
s183797955.py(72):                 for l in range(1, W+1):
s183797955.py(74):                     ans = max(ans, res[k][l])
s183797955.py(72):                 for l in range(1, W+1):
s183797955.py(74):                     ans = max(ans, res[k][l])
s183797955.py(72):                 for l in range(1, W+1):
s183797955.py(71):             for k in range(1, H+1):
s183797955.py(67):     for j in range(1, W+1):
s183797955.py(68):         if grid[i][j] != '#':
s183797955.py(70):             res = bfs(grid, (i, j))
 --- modulename: s183797955, funcname: bfs
s183797955.py(42):     from collections import deque
 --- modulename: _bootstrap, funcname: _handle_fromlist
<frozen importlib._bootstrap>(1043): <frozen importlib._bootstrap>(1044): <frozen importlib._bootstrap>(1051): <frozen importlib._bootstrap>(1055): <frozen importlib._bootstrap>(1043): <frozen importlib._bootstrap>(1067): s183797955.py(44):     H, W = len(grid), len(grid[0])
s183797955.py(45):     h, w = src
s183797955.py(46):     directions = ((1, 0), (-1, 0), (0, 1), (0, -1))
s183797955.py(47):     que = deque([(h, w, 0)])
s183797955.py(48):     dist = list2d(H+2, W+2, -1)
 --- modulename: s183797955, funcname: list2d
s183797955.py(6): def list2d(a, b, c): return [[c] * b for i in range(a)]
 --- modulename: s183797955, funcname: <listcomp>
s183797955.py(6): def list2d(a, b, c): return [[c] * b for i in range(a)]
s183797955.py(6): def list2d(a, b, c): return [[c] * b for i in range(a)]
s183797955.py(6): def list2d(a, b, c): return [[c] * b for i in range(a)]
s183797955.py(6): def list2d(a, b, c): return [[c] * b for i in range(a)]
s183797955.py(6): def list2d(a, b, c): return [[c] * b for i in range(a)]
s183797955.py(6): def list2d(a, b, c): return [[c] * b for i in range(a)]
s183797955.py(6): def list2d(a, b, c): return [[c] * b for i in range(a)]
s183797955.py(6): def list2d(a, b, c): return [[c] * b for i in range(a)]
s183797955.py(49):     while que:
s183797955.py(50):         h, w, c = que.popleft()
s183797955.py(51):         if dist[h][w] != -1:
s183797955.py(53):         dist[h][w] = c
s183797955.py(54):         for dh, dw in directions:
s183797955.py(55):             h2 = h + dh
s183797955.py(56):             w2 = w + dw
s183797955.py(57):             if grid[h2][w2] == '#':
s183797955.py(58):                 continue
s183797955.py(54):         for dh, dw in directions:
s183797955.py(55):             h2 = h + dh
s183797955.py(56):             w2 = w + dw
s183797955.py(57):             if grid[h2][w2] == '#':
s183797955.py(59):             que.append((h2, w2, c+1))
s183797955.py(54):         for dh, dw in directions:
s183797955.py(55):             h2 = h + dh
s183797955.py(56):             w2 = w + dw
s183797955.py(57):             if grid[h2][w2] == '#':
s183797955.py(58):                 continue
s183797955.py(54):         for dh, dw in directions:
s183797955.py(55):             h2 = h + dh
s183797955.py(56):             w2 = w + dw
s183797955.py(57):             if grid[h2][w2] == '#':
s183797955.py(59):             que.append((h2, w2, c+1))
s183797955.py(54):         for dh, dw in directions:
s183797955.py(49):     while que:
s183797955.py(50):         h, w, c = que.popleft()
s183797955.py(51):         if dist[h][w] != -1:
s183797955.py(53):         dist[h][w] = c
s183797955.py(54):         for dh, dw in directions:
s183797955.py(55):             h2 = h + dh
s183797955.py(56):             w2 = w + dw
s183797955.py(57):             if grid[h2][w2] == '#':
s183797955.py(59):             que.append((h2, w2, c+1))
s183797955.py(54):         for dh, dw in directions:
s183797955.py(55):             h2 = h + dh
s183797955.py(56):             w2 = w + dw
s183797955.py(57):             if grid[h2][w2] == '#':
s183797955.py(59):             que.append((h2, w2, c+1))
s183797955.py(54):         for dh, dw in directions:
s183797955.py(55):             h2 = h + dh
s183797955.py(56):             w2 = w + dw
s183797955.py(57):             if grid[h2][w2] == '#':
s183797955.py(58):                 continue
s183797955.py(54):         for dh, dw in directions:
s183797955.py(55):             h2 = h + dh
s183797955.py(56):             w2 = w + dw
s183797955.py(57):             if grid[h2][w2] == '#':
s183797955.py(59):             que.append((h2, w2, c+1))
s183797955.py(54):         for dh, dw in directions:
s183797955.py(49):     while que:
s183797955.py(50):         h, w, c = que.popleft()
s183797955.py(51):         if dist[h][w] != -1:
s183797955.py(53):         dist[h][w] = c
s183797955.py(54):         for dh, dw in directions:
s183797955.py(55):             h2 = h + dh
s183797955.py(56):             w2 = w + dw
s183797955.py(57):             if grid[h2][w2] == '#':
s183797955.py(58):                 continue
s183797955.py(54):         for dh, dw in directions:
s183797955.py(55):             h2 = h + dh
s183797955.py(56):             w2 = w + dw
s183797955.py(57):             if grid[h2][w2] == '#':
s183797955.py(59):             que.append((h2, w2, c+1))
s183797955.py(54):         for dh, dw in directions:
s183797955.py(55):             h2 = h + dh
s183797955.py(56):             w2 = w + dw
s183797955.py(57):             if grid[h2][w2] == '#':
s183797955.py(59):             que.append((h2, w2, c+1))
s183797955.py(54):         for dh, dw in directions:
s183797955.py(55):             h2 = h + dh
s183797955.py(56):             w2 = w + dw
s183797955.py(57):             if grid[h2][w2] == '#':
s183797955.py(59):             que.append((h2, w2, c+1))
s183797955.py(54):         for dh, dw in directions:
s183797955.py(49):     while que:
s183797955.py(50):         h, w, c = que.popleft()
s183797955.py(51):         if dist[h][w] != -1:
s183797955.py(52):             continue
s183797955.py(49):     while que:
s183797955.py(50):         h, w, c = que.popleft()
s183797955.py(51):         if dist[h][w] != -1:
s183797955.py(53):         dist[h][w] = c
s183797955.py(54):         for dh, dw in directions:
s183797955.py(55):             h2 = h + dh
s183797955.py(56):             w2 = w + dw
s183797955.py(57):             if grid[h2][w2] == '#':
s183797955.py(59):             que.append((h2, w2, c+1))
s183797955.py(54):         for dh, dw in directions:
s183797955.py(55):             h2 = h + dh
s183797955.py(56):             w2 = w + dw
s183797955.py(57):             if grid[h2][w2] == '#':
s183797955.py(58):                 continue
s183797955.py(54):         for dh, dw in directions:
s183797955.py(55):             h2 = h + dh
s183797955.py(56):             w2 = w + dw
s183797955.py(57):             if grid[h2][w2] == '#':
s183797955.py(58):                 continue
s183797955.py(54):         for dh, dw in directions:
s183797955.py(55):             h2 = h + dh
s183797955.py(56):             w2 = w + dw
s183797955.py(57):             if grid[h2][w2] == '#':
s183797955.py(59):             que.append((h2, w2, c+1))
s183797955.py(54):         for dh, dw in directions:
s183797955.py(49):     while que:
s183797955.py(50):         h, w, c = que.popleft()
s183797955.py(51):         if dist[h][w] != -1:
s183797955.py(53):         dist[h][w] = c
s183797955.py(54):         for dh, dw in directions:
s183797955.py(55):             h2 = h + dh
s183797955.py(56):             w2 = w + dw
s183797955.py(57):             if grid[h2][w2] == '#':
s183797955.py(59):             que.append((h2, w2, c+1))
s183797955.py(54):         for dh, dw in directions:
s183797955.py(55):             h2 = h + dh
s183797955.py(56):             w2 = w + dw
s183797955.py(57):             if grid[h2][w2] == '#':
s183797955.py(59):             que.append((h2, w2, c+1))
s183797955.py(54):         for dh, dw in directions:
s183797955.py(55):             h2 = h + dh
s183797955.py(56):             w2 = w + dw
s183797955.py(57):             if grid[h2][w2] == '#':
s183797955.py(59):             que.append((h2, w2, c+1))
s183797955.py(54):         for dh, dw in directions:
s183797955.py(55):             h2 = h + dh
s183797955.py(56):             w2 = w + dw
s183797955.py(57):             if grid[h2][w2] == '#':
s183797955.py(59):             que.append((h2, w2, c+1))
s183797955.py(54):         for dh, dw in directions:
s183797955.py(49):     while que:
s183797955.py(50):         h, w, c = que.popleft()
s183797955.py(51):         if dist[h][w] != -1:
s183797955.py(52):             continue
s183797955.py(49):     while que:
s183797955.py(50):         h, w, c = que.popleft()
s183797955.py(51):         if dist[h][w] != -1:
s183797955.py(52):             continue
s183797955.py(49):     while que:
s183797955.py(50):         h, w, c = que.popleft()
s183797955.py(51):         if dist[h][w] != -1:
s183797955.py(53):         dist[h][w] = c
s183797955.py(54):         for dh, dw in directions:
s183797955.py(55):             h2 = h + dh
s183797955.py(56):             w2 = w + dw
s183797955.py(57):             if grid[h2][w2] == '#':
s183797955.py(58):                 continue
s183797955.py(54):         for dh, dw in directions:
s183797955.py(55):             h2 = h + dh
s183797955.py(56):             w2 = w + dw
s183797955.py(57):             if grid[h2][w2] == '#':
s183797955.py(59):             que.append((h2, w2, c+1))
s183797955.py(54):         for dh, dw in directions:
s183797955.py(55):             h2 = h + dh
s183797955.py(56):             w2 = w + dw
s183797955.py(57):             if grid[h2][w2] == '#':
s183797955.py(59):             que.append((h2, w2, c+1))
s183797955.py(54):         for dh, dw in directions:
s183797955.py(55):             h2 = h + dh
s183797955.py(56):             w2 = w + dw
s183797955.py(57):             if grid[h2][w2] == '#':
s183797955.py(58):                 continue
s183797955.py(54):         for dh, dw in directions:
s183797955.py(49):     while que:
s183797955.py(50):         h, w, c = que.popleft()
s183797955.py(51):         if dist[h][w] != -1:
s183797955.py(52):             continue
s183797955.py(49):     while que:
s183797955.py(50):         h, w, c = que.popleft()
s183797955.py(51):         if dist[h][w] != -1:
s183797955.py(53):         dist[h][w] = c
s183797955.py(54):         for dh, dw in directions:
s183797955.py(55):             h2 = h + dh
s183797955.py(56):             w2 = w + dw
s183797955.py(57):             if grid[h2][w2] == '#':
s183797955.py(59):             que.append((h2, w2, c+1))
s183797955.py(54):         for dh, dw in directions:
s183797955.py(55):             h2 = h + dh
s183797955.py(56):             w2 = w + dw
s183797955.py(57):             if grid[h2][w2] == '#':
s183797955.py(58):                 continue
s183797955.py(54):         for dh, dw in directions:
s183797955.py(55):             h2 = h + dh
s183797955.py(56):             w2 = w + dw
s183797955.py(57):             if grid[h2][w2] == '#':
s183797955.py(59):             que.append((h2, w2, c+1))
s183797955.py(54):         for dh, dw in directions:
s183797955.py(55):             h2 = h + dh
s183797955.py(56):             w2 = w + dw
s183797955.py(57):             if grid[h2][w2] == '#':
s183797955.py(59):             que.append((h2, w2, c+1))
s183797955.py(54):         for dh, dw in directions:
s183797955.py(49):     while que:
s183797955.py(50):         h, w, c = que.popleft()
s183797955.py(51):         if dist[h][w] != -1:
s183797955.py(52):             continue
s183797955.py(49):     while que:
s183797955.py(50):         h, w, c = que.popleft()
s183797955.py(51):         if dist[h][w] != -1:
s183797955.py(52):             continue
s183797955.py(49):     while que:
s183797955.py(50):         h, w, c = que.popleft()
s183797955.py(51):         if dist[h][w] != -1:
s183797955.py(52):             continue
s183797955.py(49):     while que:
s183797955.py(50):         h, w, c = que.popleft()
s183797955.py(51):         if dist[h][w] != -1:
s183797955.py(53):         dist[h][w] = c
s183797955.py(54):         for dh, dw in directions:
s183797955.py(55):             h2 = h + dh
s183797955.py(56):             w2 = w + dw
s183797955.py(57):             if grid[h2][w2] == '#':
s183797955.py(59):             que.append((h2, w2, c+1))
s183797955.py(54):         for dh, dw in directions:
s183797955.py(55):             h2 = h + dh
s183797955.py(56):             w2 = w + dw
s183797955.py(57):             if grid[h2][w2] == '#':
s183797955.py(59):             que.append((h2, w2, c+1))
s183797955.py(54):         for dh, dw in directions:
s183797955.py(55):             h2 = h + dh
s183797955.py(56):             w2 = w + dw
s183797955.py(57):             if grid[h2][w2] == '#':
s183797955.py(59):             que.append((h2, w2, c+1))
s183797955.py(54):         for dh, dw in directions:
s183797955.py(55):             h2 = h + dh
s183797955.py(56):             w2 = w + dw
s183797955.py(57):             if grid[h2][w2] == '#':
s183797955.py(58):                 continue
s183797955.py(54):         for dh, dw in directions:
s183797955.py(49):     while que:
s183797955.py(50):         h, w, c = que.popleft()
s183797955.py(51):         if dist[h][w] != -1:
s183797955.py(52):             continue
s183797955.py(49):     while que:
s183797955.py(50):         h, w, c = que.popleft()
s183797955.py(51):         if dist[h][w] != -1:
s183797955.py(52):             continue
s183797955.py(49):     while que:
s183797955.py(50):         h, w, c = que.popleft()
s183797955.py(51):         if dist[h][w] != -1:
s183797955.py(52):             continue
s183797955.py(49):     while que:
s183797955.py(50):         h, w, c = que.popleft()
s183797955.py(51):         if dist[h][w] != -1:
s183797955.py(52):             continue
s183797955.py(49):     while que:
s183797955.py(50):         h, w, c = que.popleft()
s183797955.py(51):         if dist[h][w] != -1:
s183797955.py(53):         dist[h][w] = c
s183797955.py(54):         for dh, dw in directions:
s183797955.py(55):             h2 = h + dh
s183797955.py(56):             w2 = w + dw
s183797955.py(57):             if grid[h2][w2] == '#':
s183797955.py(59):             que.append((h2, w2, c+1))
s183797955.py(54):         for dh, dw in directions:
s183797955.py(55):             h2 = h + dh
s183797955.py(56):             w2 = w + dw
s183797955.py(57):             if grid[h2][w2] == '#':
s183797955.py(58):                 continue
s183797955.py(54):         for dh, dw in directions:
s183797955.py(55):             h2 = h + dh
s183797955.py(56):             w2 = w + dw
s183797955.py(57):             if grid[h2][w2] == '#':
s183797955.py(59):             que.append((h2, w2, c+1))
s183797955.py(54):         for dh, dw in directions:
s183797955.py(55):             h2 = h + dh
s183797955.py(56):             w2 = w + dw
s183797955.py(57):             if grid[h2][w2] == '#':
s183797955.py(58):                 continue
s183797955.py(54):         for dh, dw in directions:
s183797955.py(49):     while que:
s183797955.py(50):         h, w, c = que.popleft()
s183797955.py(51):         if dist[h][w] != -1:
s183797955.py(52):             continue
s183797955.py(49):     while que:
s183797955.py(50):         h, w, c = que.popleft()
s183797955.py(51):         if dist[h][w] != -1:
s183797955.py(52):             continue
s183797955.py(49):     while que:
s183797955.py(50):         h, w, c = que.popleft()
s183797955.py(51):         if dist[h][w] != -1:
s183797955.py(52):             continue
s183797955.py(49):     while que:
s183797955.py(50):         h, w, c = que.popleft()
s183797955.py(51):         if dist[h][w] != -1:
s183797955.py(52):             continue
s183797955.py(49):     while que:
s183797955.py(50):         h, w, c = que.popleft()
s183797955.py(51):         if dist[h][w] != -1:
s183797955.py(52):             continue
s183797955.py(49):     while que:
s183797955.py(60):     return dist
s183797955.py(71):             for k in range(1, H+1):
s183797955.py(72):                 for l in range(1, W+1):
s183797955.py(74):                     ans = max(ans, res[k][l])
s183797955.py(72):                 for l in range(1, W+1):
s183797955.py(74):                     ans = max(ans, res[k][l])
s183797955.py(72):                 for l in range(1, W+1):
s183797955.py(74):                     ans = max(ans, res[k][l])
s183797955.py(72):                 for l in range(1, W+1):
s183797955.py(71):             for k in range(1, H+1):
s183797955.py(72):                 for l in range(1, W+1):
s183797955.py(74):                     ans = max(ans, res[k][l])
s183797955.py(72):                 for l in range(1, W+1):
s183797955.py(74):                     ans = max(ans, res[k][l])
s183797955.py(72):                 for l in range(1, W+1):
s183797955.py(74):                     ans = max(ans, res[k][l])
s183797955.py(72):                 for l in range(1, W+1):
s183797955.py(71):             for k in range(1, H+1):
s183797955.py(72):                 for l in range(1, W+1):
s183797955.py(74):                     ans = max(ans, res[k][l])
s183797955.py(72):                 for l in range(1, W+1):
s183797955.py(74):                     ans = max(ans, res[k][l])
s183797955.py(72):                 for l in range(1, W+1):
s183797955.py(74):                     ans = max(ans, res[k][l])
s183797955.py(72):                 for l in range(1, W+1):
s183797955.py(71):             for k in range(1, H+1):
s183797955.py(67):     for j in range(1, W+1):
s183797955.py(66): for i in range(1, H+1):
s183797955.py(75): print(ans)
4
